"Time","Return","Price","RelativeConditionalScale","CascadeActivity","FineScaleDissipation"
1,0.03812435249851279,103.88604097341559,1,0,0
2,-0.0028950207740524704,103.58572364886042,1,0,0
3,-0.006331616664261147,102.93193052273,1,0,0
4,-0.03431855347647162,99.45938278152381,1,0,0
5,-0.005604045143825086,98.9035667740688,1,0,0
6,-0.0269125691819622,96.27731578290184,1,0,0
7,-0.01361075743458697,94.97578608642144,1,0,0
8,-0.015455510719248085,93.51917215792655,1,0,0
9,0.0013951046896079878,93.64973224489115,1,0,0
10,-0.011727395263207853,92.55787962585403,1,0,0
11,-0.0012974889283277793,92.43786467768007,1,0,0
12,-0.00005264847598052359,92.43299809309214,1,0,0
13,0.020823149470229525,94.37792368985802,1,0,0
14,0.012682701465916772,95.58251329962573,1,0,0
15,-0.0045428521762752114,95.14928087157746,1,0,0
16,-0.0032177095297367957,94.84361016727253,1,0,0
17,-0.010239518732231131,93.87741238642705,1,0,0
18,0.01548987092628941,95.34288205371041,1,0,0
19,0.016603922277471546,96.9391634500618,1,0,0
20,0.004750621275843243,97.4007803177038,1,0,0
21,-0.006589143928820109,96.76110233694958,1,0,0
22,0.013938293904080981,98.11923002366568,1,0,0
23,-0.019262498673950048,96.24729543467579,1,0,0
24,0.0166494029995108,97.86316978876164,1,0,0
25,-0.024498570591071148,95.49479141111321,2.404234124980788,0.13199625461634984,0
26,-0.015271498288171991,94.04752198126967,2.4566182796638882,0.1415675325621977,0
27,0.0025769188008533976,94.2901873390131,2.5149555298892277,0.15302122869521445,0
28,0.009347807162109924,95.17572630297143,2.6333008112871146,0.1792604573972096,0.005662175667513883
29,-0.035017505934221684,91.90058799466668,2.7950722889549957,0.22346638796258253,0.019428017085346815
30,0.03656665520017245,95.32328197287947,2.92761869744508,0.2696268611993581,0.03601709332381977
31,0.012450160295399913,96.51749073276612,3.4139223192304256,0.6178163062089456,0.05030952828297348
32,-0.0683582952384591,90.14017401874854,3.446548506927874,0.6630793856966897,0.05984599913084387
33,-0.11749388146112244,80.14777084169559,3.471946938692956,0.7021870868169074,0.06435026776874399
34,0.09359645109384025,88.01159062317207,3.5384203579550455,0.8249130139413156,0.10286611099820257
35,-0.008727746391093553,87.24679012790921,3.6001172704300837,0.975329919809204,0.15848476456369076
36,-0.012414843847767197,86.17033071604601,3.63671058300919,1.0886818303913972,0.20771513571471964
37,0.06206609771320494,91.6880472846043,3.6502234052869156,1.1365354823673284,0.23846055163936244
38,0.04731460090866643,96.13049831395176,3.6458405276062584,1.1206140455836975,0.24913493684221344
39,0.03298819257101885,99.35455524113951,3.6271220951924064,1.056829351372271,0.24358827668121202
40,-0.05571341343262369,93.97054714740379,3.5960024468863763,0.9638681324474203,0.22720894165382224
41,-0.002195063026673451,93.76450209743204,3.553411476866854,0.8576389712008722,0.20489958190413146
42,-0.005320241418675676,93.26697696022826,3.499769541833265,0.7495853664112702,0.18035699299782434
43,-0.004843092266291085,92.8163684355143,3.4353252604622067,0.646918949072064,0.15603190580323897
44,0.05029775685218919,97.60422340684214,3.3603864055419694,0.5535497742684825,0.13335959267403802
45,0.015364787809050982,99.11547186392777,3.2754761220176896,0.4710975423655906,0.11304717453327347
46,0.04704572725163538,103.88985798996252,3.1814270062660097,0.3997371687615625,0.09532639876029543
47,-0.0762739272145204,96.26043211837693,3.079416212085738,0.3388202528740497,0.08014518409994363
48,0.0489502454700555,101.08963498935088,2.9709441737165836,0.28729405976470673,0.06729998005410748
49,0.00946173686677761,102.05065781856804,2.8577643317702695,0.2439642339285577,0.05652090035207975
50,-0.04611296031500964,97.4516516948582,2.741777701295358,0.20764745265068152,0.0475228368736153
51,-0.035776528177846816,94.02679988398633,2.6249109026811883,0.1772515220122266,0.04003371266381995
52,-0.07384914210414893,87.33320142402299,2.5089972698065726,0.15181031254156163,0.033808220108056786
53,0.00700849193298497,87.94742533919437,2.3956774913638963,0.13049223119269346,0.028632839437514337
54,-0.002333594764994639,87.74243096775163,2.2863301545434997,0.11259433880633268,0.024325948931033157
55,0.05106592449106843,92.33945605068082,2.1820355737762416,0.09752959601895594,0.020735420363528972
56,-0.0044023312641785954,91.93384065813981,2.0835702914261165,0.08481163853114586,0.01773513559637757
57,-0.00858930343346491,91.14757457786139,1.9914257510806808,0.07403951471652852,0.015221240966196748
58,-0.00004952974116295047,91.14306017388449,1.905843077921573,0.06488361032342316,0.013108570806914223
59,0.0001464648891410948,91.15641040973541,1.8268562021653512,0.0570732734982316,0.011327440781542119
60,-0.010605451485636783,90.1947638827881,1.7543369966385784,0.05038625534036821,0.009820879698923982
61,0.007138353990959638,90.84090949983394,1.6880379674552202,0.04463987455913555,0.008542297405400807
62,0.00821351154566662,91.59010490957085,1.6276298361097412,0.039683720883625186,0.007453551634808813
63,0.005273533014344704,92.07438416058524,1.5727328118364445,0.035393681500908526,0.006523362893055357
64,-0.010394874477107078,91.12223977886735,1.5229413897180821,0.031667078095009134,0.0057260240503602235
65,0.010555970885943268,92.08921820804316,1.477843152565646,0.02841872144381475,0.0050403546577441685
66,-0.04847224205780795,87.7319048201727,1.4370323856778102,0.025577716037199466,0.004448855836354124
67,0.009259824759863648,88.54805977888878,1.4001194267759511,0.023084873449385382,0.003937028114147958
68,-0.012833583965468045,87.41893169608932,1.366736650854213,0.020890617585201634,0.003492820879804194
69,0.029940655488796833,90.07588885139646,1.3365418938875782,0.01895328631874713,0.003106187765847515
70,-0.05602461127983844,85.16818198535461,2.327203453664999,0.11901059844122917,0.0027687271176235666
71,-0.023828036795310117,83.1627787067529,2.3616172724297377,0.12466109867219756,0.0024733907533926094
72,-0.00042239732960961844,83.12765838899065,2.404166263487105,0.1319842629616972,0.0022142475440775303
73,0.010879224722661155,84.0369601458082,2.508737545931635,0.15175774812296744,0.006738776225842909
74,0.012340129154916713,85.08041201192628,2.6498783233784566,0.18330329243068724,0.01668944411979541
75,0.051391415524318494,89.56711642973661,2.7701171197705046,0.21588849819263303,0.028539020186530487
76,-0.036747838063037684,86.33546038767001,2.8469186168296643,0.2402586639312042,0.03883631343316158
77,0.00844536468969144,87.06768242527723,2.882050669505086,0.25252271522966596,0.04583493653449377
78,-0.06485540909355894,81.60009009044938,2.8834562337578213,0.25302943207906003,0.049267401807709325
79,0.03889027297492238,84.83605582048598,2.8585982852061576,0.24425207984839753,0.04967968697294479
80,0.01946874313553665,86.50388983604103,2.8133229263767854,0.22921015750817547,0.047897822434194104
81,0.01969651642267332,88.22460554610177,2.7521680405601576,0.21062548053506097,0.04472462932633396
82,-0.007306261676845568,87.5823625463402,2.678820437816154,0.19060472390003652,0.04081126016143156
83,-0.031217008540717198,84.89053715037055,2.596436980294927,0.17061260782900756,0.036629723211548816
84,-0.02403692753470479,82.87435791134557,2.5078166287026846,0.1515715150402505,0.03249246532219904
85,-0.011965631581449915,81.88862310790702,2.4154664016565843,0.13399524028424642,0.028587595362271838
86,-0.007616856706597416,81.26725862601752,2.3216066172940204,0.11811354515381267,0.02501429492742096
87,-0.01870545761635029,79.76124659808053,2.2281512653808746,0.10397201872129987,0.021812307128935074
88,0.03290894636418929,82.42977355970987,2.136687823457205,0.09150542548105585,0.01898415035538973
89,0.025641742314674875,84.57074842922977,2.04847000867632,0.08058830866072161,0.01651076780936919
90,0.019821351806740304,86.26377862972606,1.9644281584573258,0.07106810028329139,0.01436198504758758
91,-0.0032516099395219107,85.98373800788599,1.8851958676032627,0.06278566327086219,0.012503164295309026
92,0.0037410490463078592,86.30600983044408,1.811148239110012,0.0555872435221606,0.01089921725106717
93,-0.014850217449841644,85.03381637152438,1.742446134789049,0.049330792028721315,0.009516859330890972
94,-0.009518708284976939,84.22824436404572,1.6790813611766886,0.04388874408288032,0.008325737422229014
95,0.027329555562787287,86.56190860132838,1.620919022464975,0.039148668855419434,0.007298864605570489
96,0.010972614460264506,87.51694911494762,1.5677347280856408,0.03501271435981948,0.0064126490022437446
97,-0.009953963539277216,86.65012989497001,1.5192456096256155,0.031396433982361305,0.005646701144539132
98,0.014176112424847327,87.88723986537796,1.4751350354937185,0.02822735327471033,0.004983534571045159
99,-0.010099176429328052,87.00411803172862,1.4350715026686802,0.025443487203718366,0.004408228415283804
100,-0.01662678048728878,85.56947942067157,1.3987224920516774,0.022991923631755708,0.003908091248493422
101,0.01366310481894044,86.74664776171394,1.3657641778979595,0.020827530407248655,0.0034723469645210124
102,-0.015087188383664867,85.44770805826403,1.3358878576887945,0.01891180849827519,0.0030918522589024736
103,0.014415327637433221,86.68838566841406,1.3088038754131486,0.017211893584709793,0.0027588486639907608
104,0.026445911907643876,89.01152241821944,1.2842436892061064,0.01569969780110797,0.002466748431277908
105,-0.03724252872321666,85.75747875135838,1.2619606088236524,0.014351178237310122,0.002209951673879026
106,0.026893065907501606,88.09505164722113,1.2417296132686928,0.013145717027862967,0.0019836913739310407
107,-0.0038505782668899436,87.75648700907004,1.2233465601399978,0.012065597938894673,0.0017839026662781101
108,0.008813962078027733,88.53338811660184,1.2066270174429692,0.011095565400676879,0.0016071129500290374
109,-0.0005322893071122762,88.48627528072673,1.1914048846479146,0.010222453403928255,0.0014503496834727095
110,-0.014144235594935304,87.2435142275668,1.177530920518178,0.009434873271531337,0.001311063085738997
111,0.015214747584000366,88.58105161983505,1.1648712581178278,0.008722950867217435,0.0011870613443967016
112,0.004476406830150222,88.9784652733028,1.1533059599947255,0.008078105225233903,0.0010764562823510357
113,0.0029989042069214953,89.24570367804199,1.1427276466590781,0.0074928618456090255,0.0009776177562199591
114,0.011776954937124369,90.30295971715921,1.1330402173386505,0.006960694991777216,0.0008891353372324424
115,0.019552816327639028,92.08601194209311,1.1241576721428261,0.006475894259231047,0.0008097860650201411
116,-0.002633018732100365,91.8438666740936,1.1160030380774901,0.006033451470775527,0.000738507267430971
117,-0.008091305499751608,91.10372827153816,1.1085073969548354,0.005628964613668448,0.0006743736097382262
118,0.026628746853278686,93.56229539272103,1.101609010483899,0.005258556084294709,0.0006165776786860451
119,-0.0002949838620677489,93.53470009576591,1.0952525362237684,0.00491880296368027,0.0005644135248693404
120,0.03184597475377529,96.56134117253409,1.08938832727583,0.004606677426956486,0.0005172626847834583
121,0.030664692705843197,99.56823210291671,2.805392682220102,0.22669282056324289,0.00047458228482538526
122,0.028975618822008616,102.49548796395133,3.337493044824555,0.5292381521199745,0.00043589489644509127
123,-0.015419623720564492,100.92716862764868,3.382248984954608,0.5784488232964439,0.0004007798669536242
124,0.034479602931270205,104.46778610639248,3.4551144796419058,0.6758615492374689,0.015028783166292492
125,-0.00785632016115979,103.65026927407656,3.573572068601491,0.9052779657847093,0.08443922235096951
126,0.07258248770361699,111.45321701356096,3.6586260897961616,1.168202670295745,0.17748490024695568
127,0.05204372609302305,117.40724887521088,3.70274743487139,1.3638641437973864,0.257099229308545
128,-0.02249243165676124,114.79595165508015,3.7194831739239502,1.454181846396629,0.30649663488468815
129,-0.10922717787265056,102.91763838864016,3.718136582463254,1.4465179303246525,0.3249405650936793
130,0.0101178207336221,103.96422627019057,3.7034304609563047,1.3673507078678715,0.3191833263950736
131,0.03524919867763321,107.69423565299907,3.677523688160327,1.2454513354262375,0.2976510464143249
132,0.05971175044496865,114.32071762285183,3.6412620905267374,1.104397676177403,0.2676686198598555
133,-0.07999385758604433,105.53197138736832,3.59485115919706,0.9607029187302433,0.23459935044382316
134,0.04629085494001965,110.53197087245043,3.5382406126565336,0.8245335175292928,0.20191412391739974
135,-0.06059997757377941,104.03265400727263,3.4713707893542916,0.7012582939757255,0.1715961214288241
136,-0.0460503712388715,99.35054547891382,3.394345138934815,0.5929974213507851,0.1445888240913013
137,0.05384945929874537,104.84718601168531,3.3075510210949104,0.499867374649821,0.12117201607746163
138,0.019319486420755802,106.89247313117134,3.2117321104617496,0.42087191546467806,0.10123849204277369
139,0.01871568592385323,108.91187740847693,3.1080097110923104,0.35448979724998975,0.0844809749483844
140,-0.008665649409850372,107.97216276165338,2.9978522017456517,0.29903556220335936,0.07050986798385639
141,0.03303719682948753,111.59883809110494,2.882998135307149,0.2528641439410125,0.058922389599765194
142,0.008171307938875577,112.5144824740628,2.765345814867337,0.21447452689082144,0.04933969508602419
143,0.0361578873552464,116.65721331655544,2.6468274088702297,0.18255181412172466,0.0414240616862838
144,-0.0226171384313062,114.04837441763375,2.529286912064264,0.15597402286778528,0.034884347560200334
145,-0.020997978339130568,111.6785568840056,2.4143782455040146,0.13380034439111202,0.02947502562716554
146,0.02037466227670036,113.9773083845661,2.30349378848877,0.11525101820826503,0.024992061438291
147,-0.017998703784648833,111.94421597212293,2.1977266931135464,0.09968466118904287,0.021267557175373507
148,0.0028897339452617883,112.26817282211135,2.0978643460798083,0.08657618691525813,0.01816422753505961
149,0.02636430579559191,115.26740791422984,2.0044064419111427,0.07549681931773555,0.01557024948778476
150,-0.01979741673724399,113.00785149354594,1.917599541503718,0.06609676379198869,0.013394720358829987
151,-0.021694166718772192,110.5826418888033,1.8374802708778362,0.05809058707763533,0.011563786891388038
152,-0.05351455880377566,104.8204171472989,1.763920740902806,0.051245102636337345,0.01001741861891968
153,0.024747948466069328,107.44687307829288,1.6966716404312108,0.045369452266999136,0.008706757873944098
154,-0.043139629824247114,102.910213210559,1.635400268237727,0.04030705026115648,0.007591964886815389
155,0.0065853731378709545,103.59015173143652,1.5797222482689777,0.03592907350330044,0.006640476877255974
156,-0.01631732257960607,101.91355380422387,1.5292267283785708,0.03212921645566061,0.005825607321960758
157,0.021750750279640636,104.15453320579473,1.483495521742054,0.028819471170388376,0.005125421475563065
158,-0.006746077690425955,103.45426332623033,1.4421169937685079,0.025926732733167986,0.004521834478267372
159,-0.0014288953787221642,103.30654357062626,1.4046956189506397,0.023390066801355816,0.003999887898633597
160,-0.024561895085593907,100.80004724572711,1.3708581144510905,0.021158507067810625,0.0035471688795012226
161,0.009369477929991944,101.74892938725425,1.3402569636725263,0.01918927650294823,0.003153343072717064
162,-0.00030097830981117506,101.71830977461296,1.3125720171665762,0.01744634753916402,0.0028097783321893908
163,0.016022676898184894,103.36123627866263,1.2875107271031252,0.015899273592116576,0.0025092408283900105
164,-0.025996047493220483,100.70887746337618,1.264807450145471,0.014522238123211174,0.002245649016479319
165,-0.004403186363663761,100.26641235048304,1.2442221488538983,0.013293278452343068,0.0020138738955491555
166,-0.006378777686539837,99.62887072654729,1.2255387355932321,0.012193650267529858,0.0018095763818053708
167,0.01738954772723256,101.37652313141939,1.2085632345114647,0.011207305701314904,0.0016290745064480349
168,-0.07547810561628433,94.00645324260385,2.5866453251761685,0.16839141866926682,0.0014692346410987035
169,-0.03901055583498309,90.40981871424485,2.634640252223236,0.1795834674581127,0.0013273821323650007
170,0.046557817535506536,94.71862865333966,2.6905793794043635,0.19366344390949145,0.0012012276586650286
171,-0.01612832631692411,93.2032289813707,2.8186520149575602,0.23092078345893471,0.010042150592543138
172,-0.00992439252537504,92.28281836497932,2.9768732893513805,0.28982822002048864,0.028929050398461515
173,-0.04374172134371578,88.33321988046268,3.096527774505298,0.34807839942572627,0.05032996055721045
174,0.07172399814871655,94.90157017885203,3.1649468525896407,0.3888878556958032,0.06786753398240732
175,0.0008179957892790002,94.97923102244539,3.1916494690305255,0.4066891871281436,0.07884547680383458
176,0.030942525087997576,97.96406933186863,3.187101665494343,0.4035747594730352,0.0832947855221426
177,0.05952185364523837,103.97210329554368,3.158731053982681,0.3849062296075004,0.08254844475707986
178,-0.004215501898310763,103.53473121583767,3.1114853984306112,0.35646325812222146,0.07825804133109142
179,0.039297289982929445,107.6843662761201,3.048835513667126,0.3231042910726545,0.07189858232076017
180,0.01416145987319723,109.22018314573317,2.973493511068881,0.28838008317762914,0.06459586065308047
181,-0.018641501580293377,107.20301486628783,2.8878385335092993,0.2546175070423217,0.05712108042466179
182,0.059417877148892934,113.76583411367203,2.7941337638657835,0.22317571925939023,0.049953078532367814
183,0.017594566516365012,115.78520755513264,2.694604666740888,0.19472315668274112,0.04335551177877936
184,0.003883179269397353,116.23569637114961,2.5914300257964262,0.16947294649272684,0.03744594341536226
185,-0.031406088378049576,112.64191648912276,2.486685531222333,0.1473605349610339,0.03224956647331733
186,0.00587105254130135,113.30518824564308,2.3822710713767563,0.12816773999520997,0.027737588489440787
187,-0.028047800620109666,110.17138056211225,3.405546958509762,0.6069983978413036,0.02385299847435048
188,-0.023957159576523623,107.56335242795491,3.4284750694706174,0.6373672275034121,0.020526941651084648
189,-0.026499420196664403,104.7504210849821,3.4611035740825886,0.6850398673250154,0.01768854216008261
190,0.020512323590968787,106.92128422584048,3.5608149892888252,0.8746251329737145,0.07058832453746088
191,-0.0025967047381417457,106.64400138712061,3.650298029578097,1.136810021279236,0.16058232665265204
192,0.04246312262220466,111.2699599432471,3.701001446737791,1.3550240045990072,0.24611017022696083
193,0.01510847088518784,112.96384266112702,3.7226644453074598,1.472583157427754,0.30407169216726776
194,0.012723814487482511,114.41035671187315,3.725062550100401,1.4867359199859105,0.3300195341471663
195,0.09707082858091504,126.073167659987,3.7135458464507387,1.4209320127648755,0.3293776053810922
196,0.05540156762531149,133.25492217355065,3.6906470823195603,1.3046492833303343,0.3105742316386158
197,0.009262820658501236,134.49497293708737,3.6574047974918367,1.1635035070704969,0.28146406681255676
198,0.047193799943672794,140.99446331738957,3.614106109122059,1.0161236693232234,0.2480299037105218
199,0.09481967748186428,155.0178543804139,3.560708772820707,0.8743773882976638,0.214266908040622
200,0.007691589814497128,156.21478538045653,3.4971070580618906,0.7448226599994344,0.18253855660938548
201,-0.08232878321572892,143.86899181815295,3.423317035742247,0.6303247674902163,0.15403590778426549
202,-0.04410187609301055,137.66197589937497,3.339609597116801,0.5314151114785206,0.12918420701782143
203,0.01023095377697438,139.0776185507073,3.2465970308100287,0.4472899210681661,0.10795101909773944
204,0.02084537776039916,142.00717178862968,3.1452704661767035,0.3764823341099516,0.09005869856846872
205,0.004954713653374756,142.71252262429402,3.0369856583380526,0.3172827605281564,0.07512063081654473
206,0.02853061766802685,146.8428391160572,2.9234000234648256,0.2679825467284855,0.06272274815598006
207,-0.02320835694587068,143.47410073892692,2.8063712757029253,0.22700165121696791,0.0524684343189732
208,-0.085060336449607,131.77477296034135,2.6878342876136485,0.19294448921517235,0.0440003040406607
209,0.006979145329689301,132.69766500441608,2.569675523930293,0.16461392678990214,0.03700817346497608
210,0.0025891973807503623,133.04169063401272,2.4536227516763285,0.141002729436052,0.031229312515083114
211,0.0028666531397820855,133.4236221852811,2.341162531980309,0.12127431630610985,0.026444779528605893
212,-0.034791439346224806,128.86144486361434,2.2334911431966695,0.10473973609977744,0.022474100743661626
213,0.023822189866113265,131.96806297794535,2.1314981101998107,0.0908346507201667,0.019169569548679308
214,0.028972719013280728,135.8474636113364,2.0357768479457663,0.0790982058374471,0.016410830397108254
215,-0.0268165884670473,132.2529103233384,3.1523886982662623,0.3809037280172551,0.014100050281273781
216,0.04446590731854441,138.26636197610185,3.1802915581231166,0.3989756808770159,0.012157775702073704
217,-0.06833646654913841,129.1333404597524,3.2194073870167528,0.4264850864783389,0.010519464299250854
218,0.014431649681437918,131.01045997785565,3.3362382703064126,0.527954120988165,0.03778577978871732
219,-0.01848183517177923,128.61138420124948,3.45432663761347,0.6746691721067388,0.08733894381543993
220,0.00007279024746292759,128.62074619645892,3.5281832097573953,0.80376003844334,0.13708571965306215
221,-0.08598781251768169,118.0230931206972,3.563108038279241,0.8800029284759852,0.17302891383558125
222,0.012846431624884334,119.54904927658238,3.5706308903846837,0.898049312171449,0.19135475294058296
223,-0.028177126156835198,116.22751602211645,3.558286346897658,0.868759544423088,0.1942360308546145
224,-0.012838668817727165,114.74484754696701,3.5302037416019187,0.8078620347774106,0.18602324621914332
225,0.013667793283598505,116.32392306045197,3.48855852546148,0.729866069536188,0.1710784295418851
226,0.008661520678720565,117.33584117397224,3.434538645394295,0.6458103526169074,0.15288581193018005
227,-0.027412171745079778,114.1630955394254,3.368919791935769,0.5630630849291337,0.13387639101046872
228,-0.023107854394101297,111.55527792633457,3.292412089954644,0.48596338152690466,0.11556592843202192
229,0.03586252269872391,115.62853367775392,3.205869208805847,0.4166572874265769,0.09878464354719316
230,-0.04346424858186522,110.71048031080656,3.1104016577694513,0.35584626638544026,0.0838970095600342
231,-0.010879714366808586,109.51251050901385,3.007413381969441,0.30336093780194984,0.07097618202838424
232,-0.019672614508228835,107.37916613865048,2.8985744102324027,0.258561417294609,0.05992879148464754
233,-0.06677659152395157,100.44291818925892,2.7857440693443754,0.22059732519241398,0.05057788867118156
234,0.013261440585577674,101.78380739098563,2.670863289321382,0.18856562412623695,0.04271465710105491
235,-0.014067647154606577,100.3619730824251,2.5558367995686706,0.16159913219336855,0.03612852443452162
236,0.0065794039665884475,101.02447208060276,2.442424634479228,0.13891057855781092,0.03062316831918081
237,0.023568815103435,103.43377992186807,2.3321574490887365,0.11980964105642489,0.026023772061172012
238,0.04771733387024422,108.4890161584426,2.226283253807522,0.10370454497088426,0.022179140035441653
239,0.008063762047147118,109.36738247838242,2.125746331442535,0.09009556846504468,0.018960996510276374
240,-0.024478943260163248,106.72268627364117,2.0311938817110033,0.07856491343651212,0.016261901798142308
241,0.03727767399913361,110.77614209545898,1.943003049865804,0.06876551638574016,0.013992631747769393
242,0.03216224999507816,114.3968652688847,1.8613203054852092,0.06041018959227225,0.012079492577852824
243,0.0238039471770142,117.15263113627405,1.7861060150765198,0.053261765497571265,0.010461813392389654
244,-0.011565093857976988,115.80555450969895,1.717178741898267,0.047124500397457705,0.009089722936236177
245,-0.0001407943123432781,115.78925089404136,1.6542556803417956,0.04183676423250126,0.007922240518259242
246,-0.01538144775694864,114.0218718498722,1.596987291688532,0.03726492724884621,0.006925670556676623
247,0.02069683300051114,116.4063539870102,1.544985472877292,0.0332983043596906,0.0060722711246289866
248,0.012472191195990922,117.86728787577451,1.4978454351208785,0.029845004907496343,0.005339159967006557
249,0.0002528704190967334,117.89709679499565,1.455161955124227,0.02682854156715771,0.0047074211041602705
250,0.0025413857620225013,118.19709984845085,1.4165408798939754,0.024185067028090652,0.004161378009367974
251,0.016954484620563974,120.21815532377973,1.3816068068650185,0.021861125051741582,0.0036880035432914787
252,-0.004655345929043877,119.65979890334314,1.3500077978469058,0.019811820440218342,0.0032764413123469523
253,0.000044539614493922646,119.66512862334763,1.3214178711616287,0.01799932888193831,0.0029176173622308746
254,0.012574458915133957,121.17935319210682,1.2955378858601874,0.01639168197152876,0.00260392488957281
255,0.0162481459139513,123.16437580236061,1.2720953053139037,0.014961774829080707,0.0023289678824055
256,0.009950688537247409,124.39606405486792,1.250843215053006,0.013686553805870468,0.002087352296351342
257,0.003240712287403133,124.79984983153201,1.2315588753869036,0.012546350001533712,0.0018745155896848621
258,0.007038708778385743,125.68137840203414,1.2140420133064653,0.011524331001873655,0.0016865872424446933
259,-0.0019603599705931497,125.4352389985091,1.1981129987513102,0.010606048637740511,0.0015202743392353521
260,-0.0042654194553319105,124.90134454106756,1.183611005050326,0.009779064897262539,0.0013727674636390208
261,-0.013874817195706785,123.1803282208739,1.1703922195950018,0.009032641596565048,0.0012416630877375395
262,-0.000008261270558084774,123.17931059905855,1.1583281461580393,0.008357482195418438,0.0011248993882355426
263,0.018972732815475592,125.5386697191627,1.1473040226355256,0.007745516371408897,0.0010207030183142277
264,-0.008217394676632675,124.51129587225213,1.1372173656526612,0.007189719750620054,0.0009275448419275704
265,0.016578520080131297,126.5927146400111,1.1279766450646183,0.006683962624017257,0.0008441030191849644
266,-0.011828087754875436,125.10418548305093,1.1195000858451942,0.006222882628357468,0.0007692321372755726
267,-0.0019774582381465312,124.8570416197098,1.1117145913790352,0.00580177729556725,0.0007019373266373034
268,-0.00014889125991363985,124.83845288135868,1.1045547801533266,0.005416513120503626,0.0006413524991151241
269,-0.02752792276366802,121.4487789845167,1.097962126834831,0.005063448399864603,0.0005867220034904067
270,-0.002251222750618937,121.17567825086387,1.0918841983918557,0.0047393675833530295,0.0005373851217630807
271,0.020864290294958288,123.73048218524286,1.0862739760431463,0.004441425274740791,0.000492762933088739
272,0.008490726482942215,124.7855165327925,1.0810892542197694,0.004167098343294537,0.0004523471561968468
273,-0.0031927254653936706,124.3877459604531,1.0762921082947003,0.003914144869489775,0.0004156906493211303
274,0.013188938682577568,126.03915453982299,1.0718484234874472,0.003680568864523358,0.00038239930224178077
275,0.0023715644025319163,126.33841923454001,1.0677274780332742,0.0034645898799942516,0.00035212510042639496
276,0.024192218039910365,129.43209639245492,1.0639015743829023,0.0032646167695896487,0.00032456017842143897
277,0.005380222406014506,130.13034654373638,1.0603457128466403,0.003079224984568331,0.000299431710154581
278,0.01711495557585641,132.37668984350384,1.0570373027036881,0.0029071368840023707,0.00027649750891523223
279,0.010663961361281359,133.79590351963415,1.0539559063561108,0.0027472046229308545,0.0002555422304936112
280,-0.02379516736908854,130.64978722940228,1.051083012615236,0.002598395249871312,0.00023637409008847728
281,0.01009427091777068,131.97528026494825,1.0484018356662748,0.0024597777020165953,0.0002188220177944866
282,0.005820951823635776,132.7457422488332,1.045897136666848,0.0023305114339381,0.00020273318928081704
283,-0.009583721202112394,131.47962083253194,1.043555065299859,0.002209836455364761,0.00018797087810195335
284,0.012687437330938366,133.1583873855143,1.0413630189244016,0.002097064586952014,0.00017441258428758943
285,0.005142283556310361,133.8448891519563,1.0393095172538773,0.0019915717709919163,0.0001619484007250768
286,0.006450909065672545,134.711101284737,1.0373840907420149,0.0018927912976430068,0.0001504795846062196
287,0.026448861505287885,138.32159276862183,1.0355771810786256,0.0018002078272139278,0.00013991730604986704
288,0.007595344361235783,139.37619285377968,1.03388005239109,0.0017133521059255466,0.0001301815500879919
289,-0.008270729109014741,138.2282040147973,1.032284711917861,0.0016317962869034882,0.00012120015164341472
290,0.02023576701742279,141.05385089110098,1.0307838390695094,0.0015551497803310368,0.00011290794603718733
291,0.0051248391164316984,141.7785846694806,1.02937072192358,0.0014830555670648261,0.0001052460200296942
292,-0.0011421309319870072,141.6167473997047,1.0280392003140282,0.0014151869188680534,0.00009816105049360413
293,0.018126668757239804,144.2071944283768,1.0267836147762917,0.001351244475985714,0.00009160471959845763
294,0.004818106637788489,144.90367658436546,1.0255987606968868,0.0012909536392718393,0.00008553319690540617
295,-0.005992101537505293,144.03799525653122,1.0244798470933791,0.001234062239645704,0.00007990668006763777
296,0.013143695129684942,145.94368320904957,1.0234224595180281,0.0011803384524413665,0.00007468898694171804
297,0.027418937735864065,150.0006689249268,1.0224225266375546,0.0011295689283392766,0.00006984719286619609
298,-0.010367409610245584,148.45358403684855,1.0214762900933743,0.0010815571161282257,0.00006535130768046172
299,-0.01978336460127797,145.54553302008543,1.0205802772922028,0.0010361217556232108,0.00006117398775920711
300,-0.009196844863405692,144.21310976887196,1.0197312768169624,0.0009930955217297692,0.00005729027894295096
301,-0.016202927532167167,141.89526385616648,1.0189263161831177,0.0009523238029570465,0.000053677386767250443
302,0.006063176573749734,142.75821335986066,1.018162641696526,0.0009136635996904083,0.0000503144708445502
303,0.011581195653538844,144.42113488324514,1.0174377001961608,0.0008769825292823349,0.00004718246064332636
304,-0.009115111457546302,143.11070158785955,1.016749122489098,0.0008421579265438519,0.00004426389024794147
305,-0.008877304858180645,141.84588664162618,1.0160947083063518,0.0008090760295486762,0.00004154274997678542
306,-0.03481696090788388,136.99222905353756,3.050765218346122,0.3240660674232274,0.000039004352992090766
307,-0.021637199959568917,134.05993847894507,3.102217039958852,0.35123473047358267,0.00003663521525759928
308,0.026769706948446007,137.697150085182,3.1605842300805267,0.3860871407540619,0.00003442294739456122
309,-0.015979379184059277,135.51432167965388,3.29287116244601,0.48637625295636705,0.025594834062132196
310,-0.020931035523517813,132.70734553651627,3.429847444736055,0.6392624453672373,0.07614772064188652
311,0.056898100945792826,140.47708722272958,3.5152890650377007,0.7783883806644487,0.12854125591383636
312,0.04426185232733705,146.83452134148837,3.556478349358776,0.8646066135653341,0.16740769992898677
313,0.06422688658966554,156.5746877451413,3.5675860398854216,0.8906694545216836,0.18821076772501052
314,0.056987895021016366,165.75669644878369,3.5575287449884248,0.8670152182840163,0.19290675041058003
315,-0.044728515560874496,158.50601047664392,3.5310843975246398,0.8096609659062171,0.185887672053563
316,0.045892249718636785,165.94970546212758,3.4907356694186698,0.7336275642676968,0.17164987765932088
317,-0.006979042332079702,164.7955675160515,3.4378177187298222,0.6504521220115358,0.1538211960359342
318,-0.06294427154306775,154.74234592396985,3.3731736551293423,0.5679021808549782,0.1349525096141827
319,0.017268779484420505,157.4377636768171,3.2975385610509615,0.490604558555201,0.11664825034052506
320,0.028476006647775696,161.98540451098518,3.211767867285442,0.420897812108046,0.09979927416170947
321,0.059552139365059244,171.92500682911685,3.1169621037672894,0.3596044030724246,0.08480903176458104
322,-0.016679386869472308,169.0811856538719,3.014511264881399,0.30662622408955664,0.07177429826958609
323,-0.06337174813810906,158.69866889146957,2.9060730207506293,0.2613620091066594,0.060615066573345734
324,0.027183751621526763,163.07186472722435,2.793499670546235,0.22297959147987517,0.05116122758608026
325,0.007705575802865926,164.33328107034885,2.6787324152133936,0.1905820328761627,0.04320684943204044
326,0.019204592084655657,167.5197340298174,2.56368386233075,0.16330149971734464,0.036541971564532115
327,-0.034185064291439374,161.8898385769713,2.4501284949459454,0.1403466503723516,0.030969670644554338
328,0.04366869635191744,169.11598672303452,2.3396160874165064,0.12102165745500224,0.026313958439004696
329,-0.05533587817564945,160.01201614396595,2.2334162091019403,0.10472893067315997,0.022422269538938222
330,0.0006775485633900871,160.12046879244866,2.1324950340528135,0.09096321466634646,0.019164963801828024
331,0.05738936133788834,169.5784791013056,2.037520301410559,0.07930173510760066,0.01643334409843786
332,-0.03191485449765824,164.2518579001694,1.9488872116812848,0.06939310337432114,0.01413707794002194
333,0.031800155783366583,169.55902978320833,1.8667572147929605,0.06094645350286548,0.012201521406912929
334,-0.05228097300590483,160.92206049936024,1.7911024380307914,0.05372153410266331,0.010565203665623302
335,-0.014770474654646018,158.56263311020132,1.7217501576129144,0.04752004000075021,0.009177587958618673
336,-0.015694840971557062,156.09344524061768,1.6584235945415415,0.04217822615183649,0.007997144232631632
337,-0.02505114315883521,152.23169853679443,1.6007769979781268,0.037560722625940145,0.0069897256366117395
338,0.009742487334208148,153.72206206729624,1.5484242739800878,0.033555415084226936,0.006127220601020018
339,-0.03158250827814327,148.94299841330263,1.500961290576563,0.03006923954524147,0.005386444486336387
340,0.003844075585298417,149.51664842771382,1.4579824982402925,0.027024744986408722,0.004748233992830155
341,-0.028362721232333063,145.33552373213783,2.730547513414564,0.20448353109331924,0.004196710175356904
342,-0.0006465897207197437,145.24158165070222,3.2364050659554415,0.43931768655990183,0.0037186800095629405
343,0.046730094392871464,152.18981593303315,3.2808563966577156,0.4757442851588816,0.0033031509145055645
344,-0.04829001940200366,145.01519229623455,3.3577453804709987,0.550656696451648,0.014803405198983254
345,0.04808236057025885,152.15821565480496,3.48426608938283,0.7225429736848068,0.06662907869910195
346,-0.0348696557215594,146.9439492191912,3.5799383514301555,0.9212713277493534,0.13685430751121666
347,-0.02098478512903813,143.89249109319317,3.631664259406545,1.0717114724597963,0.19795230190519247
348,-0.014189684592969652,141.8651199250017,3.6521499646899587,1.143660929483337,0.23679217233920383
349,-0.022838396458655267,138.6618658967507,3.6514717500501006,1.1411435445037448,0.25227117297050716
350,0.03853981749520136,144.11018312096317,3.635121233945387,1.0832863456697994,0.2491448071280561
351,0.03281795279453423,148.9180448931086,3.60580936017333,0.9915796179175371,0.23364495197607374
352,-0.004109401397216445,148.3073365536341,3.5647891610895233,0.8839816010247974,0.2113117752781974
353,-0.022868083994517632,144.95431661544916,3.5126113606358116,0.7732878316307021,0.18627312254841727
354,-0.05692779275141372,136.93287499320718,3.4495639230406496,0.6675336225885362,0.16124893749852218
355,0.0838236353091431,148.90588729818612,3.3759465312565218,0.5710920578745727,0.13783078954879152
356,-0.014264675467744459,146.7968711182553,3.2922486182716844,0.48581649095634194,0.11680894467903365
357,0.058672900016528126,155.66755911566887,3.1992570756814,0.4119781159888884,0.09845361469088337
358,-0.0016835196560413223,155.40571019583666,3.0981017276084692,0.3489476238897228,0.08272542635989827
359,0.04193819184211789,162.06174008239705,2.9902424929090765,0.29565155182300595,0.0694197030554322
360,-0.02996884882207545,157.27699110928532,2.8774054756127123,0.25085711289711665,0.05825876970138737
361,-0.03314564478050933,152.14939205575897,2.7614812894878447,0.2133372642500611,0.04894717895681083
362,0.03995355947492709,158.35137244681053,2.644403942898198,0.1819572948316756,0.04120218601846485
363,-0.09303344329450657,144.28391592632593,2.5280301211783085,0.15571277746540846,0.03476858387092125
364,0.05594127186609163,152.5853739667173,2.4140360397506404,0.1337391083774987,0.029424176556246982
365,0.024256463394610274,156.33180945156232,2.30384322302495,0.11530566402153954,0.02497999579235361
366,-0.006985781347304728,155.2435153313172,2.198577559797126,0.09980259485905019,0.02127782794015004
367,-0.012109573805282438,153.37491930980298,2.0990597507309223,0.0867249576482099,0.018186585947419398
368,-0.01775424197616563,150.67589434740773,2.0058210421183253,0.07565677880686017,0.015598396605473954
369,-0.0342452656149877,145.60331004683516,1.9191362606315399,0.06625635138251507,0.013424861721137764
370,-0.029652649294572973,141.3491711130483,1.8390662435485359,0.05824331086342918,0.011593706154588735
371,0.015276132958942484,143.52501678568007,1.76550308087592,0.05138761264275962,0.010045885507400553
372,-0.03926176675015956,137.99915835427478,1.698213430357965,0.045500315248595026,0.008733150977137293
373,-0.025867936847500092,134.47518036467875,1.6368769991485608,0.04042597437283793,0.007616032261049897
374,0.028906845604676185,138.41916305984205,1.5811188053414629,0.03603642088487299,0.0066621848864482315
375,0.011434552081588042,140.01100786077797,1.5305349312373486,0.032225699683809145,0.005845045878075586
376,0.01095765527409676,141.55363658107984,2.5447486517064757,0.15922493253669545,0.0051427452492515315
377,0.0243586718928429,145.04403330165997,2.5759230434096607,0.16599415882511917,0.004537226981895913
378,0.05996926836350526,154.00832241753687,2.617178511855152,0.17542161360517086,0.00401354005112327
379,0.07784699481393412,166.47641328602182,2.7302694164735173,0.2044058919571691,0.011038828698476461
380,-0.013369250186686454,164.265560121142,2.8739429834823498,0.24962452469026167,0.025662238029447337
381,0.02982084802126854,169.23786918406068,2.9872963251307105,0.294355057818944,0.04225670841440943
382,0.025908521408044817,173.6798664596309,3.0543102177907526,0.3258431448299514,0.05598610976153596
383,-0.02257576693236166,169.80283837890747,3.0808995620599053,0.3396091672076107,0.06470978594639645
384,0.00808130151535478,171.1806259741952,3.0760383593647105,0.33703320593546826,0.068363185230015
385,0.03686567727078093,177.60908233711945,3.046849768705021,0.3221186495318962,0.06791618613915745
386,0.014283525636727506,180.16417061201588,2.998450575170561,0.2993038374782492,0.06462269986048615
387,0.0013396028324267576,180.4056807730008,2.934634831377331,0.27239038148935474,0.059627699959849824
388,-0.01009110022419695,178.5943435308568,2.8584586542906183,0.24420385577042691,0.053820715626691475
389,-0.045452168934184224,170.65855873774433,2.772603872808632,0.21662980274324978,0.047821831356703086
390,0.041890991989616905,177.95946859419408,2.67956155014507,0.190795892492709,0.04202398708864026
391,-0.006625273992280803,176.7843354432511,2.581692722898959,0.16727962428549376,0.03664996291640236
392,-0.02209624211959571,172.92090678191724,2.4812151986774564,0.14628950698488963,0.0318050441011794
393,-0.002101800563678644,172.55784319984676,2.380154985844579,0.12780435539669688,0.027518833966371028
394,-0.07748003875342577,159.69287900585473,2.2802910205785656,0.11167218138931531,0.023775641182925453
395,0.043421500541991266,166.77973086577077,2.1831119844854867,0.09767624430202831,0.020535210540430976
396,0.01605769242746477,169.47944607562394,2.08979469618589,0.08557677235084851,0.017746127151893477
397,0.0056165748923553095,170.4340182809602,2.0012058796285825,0.0751357433032576,0.015354026514613229
398,-0.026611117320924665,165.95839342929312,1.9179238753275227,0.06613042610091291,0.013306302364806163
399,-0.009234645369640663,164.43288114346512,1.8402742223100401,0.05835978560265157,0.011554551990047606
400,-0.07261289736782656,152.91612557356515,1.7683725469444338,0.051646560398715104,0.010055620239572478
401,0.008432437183470266,154.2110331371828,1.7021690942706322,0.04583686461783527,0.008771816810408777
402,0.02274464038688387,157.75869989367138,1.6414907755958699,0.04079849056502676,0.007670677015548547
403,-0.0038824214555046384,157.14740155914788,1.586078219365153,0.03641863361523366,0.006724496595934319
404,0.03066761439204886,162.04139750109962,1.5356166758430452,0.03260146284423561,0.005909778837219384
405,-0.005552283961581092,161.1441907269456,1.4897606157308252,0.029265771551509594,0.005206672978207724
406,-0.027702574749204716,156.7413483432021,1.4481524842058224,0.02634282503747191,0.004598445882653927
407,-0.023238038347106423,153.14098162670857,1.4104363945068896,0.023774453365593234,0.00407100652486957
408,-0.022043323927757496,149.80217970308445,1.3762676561351233,0.02151139713326459,0.0036124897584728097
409,-0.0014727173163576618,149.58172581198411,1.3453190110791855,0.019511893096780263,0.0032128985960038713
410,-0.005727470657312128,148.72744962272893,1.317284358232201,0.017740476476093656,0.0028638005458025695
411,-0.05520801467560052,140.73904332936266,1.291880623230551,0.016166973236169106,0.0025580719775776914
412,-0.01599725013738206,138.50551840949407,1.2688483041697334,0.014765655707454424,0.002289684110193293
413,-0.03004788145712798,134.40562602102014,1.247951107136417,0.013514536811794271,0.002053524477523128
414,-0.009121262130232495,133.1852512145495,1.2289749855287586,0.01239478086626642,0.0018452482981148681
415,-0.005719646566665192,132.4256530370764,1.2117268152791614,0.011390211857972557,0.0016611548593690568
416,-0.010708852156867224,131.01509251912205,1.1960328733304295,0.010486902902635063,0.001498084720584875
417,-0.010202923880575858,129.68515168268132,1.1817372368454522,0.009672833166310013,0.0013533341869735962
418,-0.029085184541468762,125.96756059546756,1.16870018308658,0.008937600783859627,0.0012245840843778334
419,0.003917739191217426,126.46203662603386,1.1567966422006926,0.008272182243168294,0.0011098403649190578
420,-0.013211955101922803,124.80221476619593,1.145914735098213,0.0076687303402917534,0.001007384499274794
421,-0.010001104553340731,123.56027550180976,1.1359544143898541,0.00712040417964703,0.0009157319683710735
422,0.008727945179995693,124.64342276186578,1.1268262164732543,0.006621225830494927,0.0008335974643222402
423,-0.01908982192672696,122.28656954464113,1.1184501261925321,0.006165959191052669,0.000759865656065774
424,-0.01568868780380279,120.38302483569615,1.1107545511457508,0.005750007386340504,0.000693566577411795
425,0.002403725363591636,120.67274062493938,1.103675400024175,0.005369325663206423,0.0006338548613779706
426,-0.005482704546024702,120.01293804544213,1.0971552578395758,0.0050203472697924155,0.000579992180961691
427,0.00947660722258877,121.15565953033386,1.0911426501696104,0.0046999202371469685,0.0005313323682123799
428,-0.010134651274411424,119.93399022384067,1.085591388363966,0.004405253334530801,0.00048730877503840107
429,-0.005775030271397092,119.24336391307467,1.0804599878173213,0.004133869761070786,0.00044742351428374305
430,-0.007093089685868072,118.40055263998693,1.0757111517961682,0.003883567376184736,0.00041123828125654705
431,-0.003991460752678545,117.92890339194369,1.0713113138122607,0.003652384468955951,0.00037836650655443185
432,0.0010928104609592552,118.05784777427225,1.067230232102267,0.0034385702300009893,0.0003484666327261436
433,0.009526672282155885,119.18792057007728,1.0634406303584456,0.0032405592245623137,0.00032123634167722755
434,0.0032668368082569713,119.57792474924821,1.0599178794310893,0.003056949277635911,0.0002964075881051924
435,0.0013140641776906979,119.73516110330819,1.0566397152728668,0.002886482275042875,0.00027374231772378044
436,-0.02066681564126766,117.28601183343618,1.053585988908088,0.0027280274618414653,0.0002530287684905688
437,-0.011202732913610606,115.97942033105205,1.050738444681392,0.0025805668841014815,0.00023407826920688267
438,-0.01586137241862624,114.15433995517905,1.0480805234687791,0.0024431826740720338,0.0002167224633002273
439,0.0021857582318358347,114.40412663062985,1.0455971879198274,0.0023150459240046627,0.00020081089680537405
440,0.008026871013262072,115.32612924608185,1.0432747671452702,0.0021954069318518483,0.0001862089189214527
441,-0.013259242625263427,113.80708505997003,1.041100818571496,0.002083586633981892,0.0001727958513583887
442,0.004398008266964284,114.30871183168904,1.039064004956084,0.0019789690669506353,0.00016046338925850237
443,-0.01508112233483984,112.59774226378904,1.037153984799372,0.0018809947230849994,0.00014911420200285465
444,-0.015754285835587738,110.83774539666857,1.0353613145994405,0.0017891546838529507,0.0001386607068635445
445,-0.010668269613509439,109.66158340711915,1.033677361584839,0.0017029854312896973,0.00012902399238806794
446,-0.017946087518415258,107.71114078754476,1.0320942257236698,0.0016220642515931347,0.00012013287172002128
447,-0.0011368618640229106,107.58875767877883,1.0306046699519125,0.0015460051567847443,0.00011192304887106508
448,-0.007566330837233988,106.77777748504289,1.0292020576904553,0.001474455260381311,0.0001043363833443112
449,-0.0003954821585433547,106.73555712836783,1.0278802968313359,0.0014070915516093707,0.00009732024053732275
450,0.0013338590603838387,106.87802231142358,1.0266337894710618,0.00134361802004489,0.00009082691708039805
451,0.01443549587664631,108.4320491497719,1.0254573867542685,0.00128376308886479,0.00008481313173995433
452,0.010258604807788046,109.55013588999468,1.0243463482658715,0.0012272773203132904,0.00007923957377702691
453,-0.008694071298371402,108.60182750149026,1.0232963054755717,0.0011739313616480204,0.00007407050173009436
454,0.0025911551261708224,108.88359657957598,1.0223032287962486,0.0011235141038504254,0.0000692733865172185
455,0.014191676273748198,110.43985416610924,1.0213633978684098,0.0010758310288567106,0.00006481859354800233
456,0.01490343666108403,112.09811372747944,1.020473374727366,0.0010307027240690882,0.00006067909922058448
457,0.0068509018888988195,112.86872357876378,1.0196299795489085,0.0009879635455099073,0.00005683023776919718
458,-0.018121004244455455,110.84184892539155,1.018830268703692,0.0009474604132404113,0.00005324947493755
459,-0.016679630783889874,109.00838110033955,1.0180715148808048,0.0009090517246299365,0.00004991620539414921
460,0.01676063263556965,110.8508276840413,1.0173511890677258,0.0008726063727715147,0.000046811571187524134
461,0.013346789419250618,112.34024771587461,1.0166669441973877,0.0008380028588311828,0.000043918298870597604
462,-0.015148337166533254,110.65130440446411,1.0160166002938549,0.0008051284884208183,0.000041220553211239556
463,0.009798956756212623,111.74090149016595,1.0153981309664677,0.0007738786432235491,0.00003870380565644717
464,0.0030604702244358697,112.08340503564196,1.0148096511185312,0.0007441561200986905,0.0000363547159357735
465,-0.006262425983967483,111.38368426913152,1.0142494057509823,0.0007158705307684826,0.00003416102537999279
466,0.01650471289022187,113.23729457397475,1.0137157597541802,0.0006889377559577757,0.00003211146069731867
467,-0.0059481490499331165,112.56574149672461,1.0132071885922416,0.0006632794485341246,0.000030195647095013398
468,-0.003328442669758723,112.19169571985907,1.0127222697943379,0.0006388225807914136,0.00002840402976171312
469,0.007688559177350608,113.05761277321888,1.91849427421313,0.06618965272357673,0.000026727802837626593
470,-0.03236279529621354,109.45732431834372,1.9570082377266456,0.07026520532772934,0.00002515884509799026
471,-0.016440649072116793,107.67248700533695,1.9989262514219086,0.07487926810281617,0.000023689661661545086
472,0.019655083754202687,109.80973383308226,2.0739479360465776,0.08363854405697016,0.0015759987662873917
473,0.015121144881686416,111.48280018854315,2.1911726462772765,0.09877996182104443,0.005945605543402795
474,0.012294456211266866,112.86188074548521,2.310529890040397,0.11635570368910524,0.01196128824634398
475,0.0383007535945378,117.26842412873371,2.401038271727951,0.13143262721259857,0.01786151694038121
476,-0.017689046671565456,115.21229658293244,2.4541752495943085,0.1411067376052172,0.022467739221953723
477,0.04224082042346364,120.18320707665566,2.4730198130679177,0.14469930510631784,0.025346374019849825
478,0.03329812002638763,124.25245510606796,2.4638562657325753,0.14294133742933995,0.026574777926240335
479,0.0019042737166913052,124.48929121938455,2.4329073227312303,0.1371559586279792,0.026475400449066232
480,-0.03511049190027158,120.19425264240671,2.385521263402321,0.12872773409721158,0.025432706916550047
481,-0.016718295185790173,118.20151366058602,2.3261522581965144,0.11884165671792106,0.023796418798277867
482,0.028343918734856203,121.59973977870025,2.258505546509107,0.108398755791589,0.021844070004834393
483,-0.0166492167248645,119.59195971901798,2.1856672368305903,0.0980250641640329,0.01977647105808337
484,0.03552189321172385,123.91644477755403,2.1101905563691448,0.08811924610527053,0.017728012538416396
485,-0.042955525428838084,118.70625316133679,2.0341515320981465,0.0789087929957715,0.01578149792667811
486,-0.029322062741015745,115.27607664773149,1.95919161259656,0.07050085778633225,0.013982477545905942
487,0.011053007636619858,116.55729159885772,1.8865590904782024,0.06292291540898592,0.012351122785035
488,0.002724398340374002,116.87527304803363,1.8171544676227467,0.05615292897519976,0.010891247950438212
489,-0.030021712772019583,113.41862405226425,1.7515800036235059,0.05014054345950063,0.009596774164092154
490,-0.006871551600821723,112.64193371462041,1.6901910907872153,0.04482131106393832,0.008456152194004312
491,-0.0020463509149052607,112.41166447669504,1.6331463585803334,0.040125824480674144,0.007455265710073638
492,0.0007330553687033985,112.49409866156391,1.5804538146019254,0.035985290429975385,0.00657925616788814
493,-0.01816970536624554,110.4685713754618,1.5320112352771245,0.032334703638948456,0.00581361049498653
494,-0.00795539429437676,109.59323676554575,1.4876399848784603,0.029114457040994773,0.005144761032496763
495,0.008404601299249853,110.51820577876812,1.447112230961314,0.026270968687923064,0.004560373054547225
496,0.017879156059007546,112.51194813219568,1.4101720588358546,0.02375671674841917,0.004049439345161286
497,-0.0014488844954469616,112.34904935424854,1.3765512809631884,0.021529939477992026,0.0036022611237946423
498,0.022624642614180096,114.9198788321184,1.3459808437125207,0.019554164269663128,0.003210366622294429
499,-0.0021241523989073436,114.67603057293482,2.8981394492384545,0.2584001371035425,0.0028663996190872306
500,0.00026019920094439786,114.70587306678556,2.944661605787045,0.27640351423544923,0.002563997621797969
501,-0.024276206300503148,111.95477781449982,2.999831085437884,0.2999240012843376,0.0022976711825545824
502,0.05459366854908396,118.23671670926466,3.1333026418905714,0.3692123822571792,0.019872120735590686
503,-0.0907046016861275,107.984110047279,3.2790147181874865,0.47414588945384156,0.054417276392759874
504,0.002423133825955054,108.24608727175239,3.376379115195408,0.5715922541481349,0.0910068432266315
505,-0.03880047354503529,104.1265251198097,3.4261152650347855,0.6341295866273152,0.11897071234361455
506,0.00475721052503359,104.62305703805896,3.4412757210523526,0.6554062029442704,0.13472347621928218
507,0.0907385282676989,114.56043337776143,3.431517722852006,0.6415814055938474,0.13922853795200898
508,0.10083383145110834,126.7144738063603,3.402573180237292,0.6032303289944962,0.13531141469041552
509,0.008329574015810857,127.77435946476712,3.3577637111686496,0.5506766945836175,0.12601983244305662
510,-0.033599566128669836,123.55251959135263,3.2991532844062315,0.49208048634251356,0.11389132733755723
511,-0.03997689399476292,118.71069890237384,3.2282495331420993,0.4330900262776994,0.10075940328375099
512,-0.01827881802932741,116.56051888066024,3.1464117817962483,0.37718628303815815,0.08781233319610342
513,0.022593976065256545,119.22406115171896,3.055075507752162,0.326228527984829,0.07573787329531373
514,-0.03607489080755473,114.99972059519635,2.955852824063232,0.28097372704789225,0.0648731754729488
515,0.07085026492545529,123.44305587203422,2.8505435754812503,0.2414893948140786,0.05532875497597443
516,-0.06321059223510202,115.8816453387872,2.7410831080162366,0.2074501246789243,0.04707989649999399
517,-0.012341952896099802,114.46022909954317,2.6294513188868835,0.17833565578606395,0.04002909389300098
518,-0.011813285475099007,113.1160330557047,2.5175669679891555,0.15355502763561463,0.03404613591933223
519,0.007342768387301334,113.94967476073612,2.4071883024955434,0.13251927123905421,0.028992315768993738
520,0.026254911930971493,116.98103333287182,2.2998353143607164,0.11468024174422506,0.024734011946876255
521,0.009715629174147707,118.1231167187222,2.196741658225055,0.09954827024788121,0.021149497086565983
522,0.04191257139655328,123.17917638463253,2.0988372455645656,0.08669725222111832,0.018131636925805026
523,-0.022124917873229833,120.48377494291066,2.006757271813645,0.0757627702018276,0.015588232974845755
524,-0.02514249480677476,117.49227670826104,1.9208705554990808,0.06643674047818575,0.013441118184699072
525,-0.01165464225956454,116.13089487384472,1.8413193951171454,0.05846066758654192,0.011624679913279742
526,0.017323536436124214,118.16021945107603,1.7680640277861475,0.0516186869167425,0.010084201727183046
527,-0.006103021869680904,117.44128112731201,1.7009264421809283,0.045731014551302705,0.0087742378440482
528,0.0049336604123164955,118.02212819968527,1.6396301341298,0.04064808719463044,0.0076571259777219606
529,0.009141397095411669,119.10596166811672,1.5838340070815577,0.0362454820235481,0.006701681115123971
530,0.014660854306788464,120.86501996022369,1.5331598397554136,0.032419601906992876,0.005882077527540876
531,0.006257970527689905,121.62376130729437,1.4872135503610406,0.02908406027287222,0.00517690810691327
532,0.01436427908868191,123.38340672154023,1.4456009436298565,0.02616667954750177,0.0045684019145690495
533,0.023635512340419083,126.33437318036948,1.407938825219789,0.02360701374579129,0.004041778278930608
534,-0.014516672460401104,124.51366574476542,1.3738623966836636,0.021354311149473452,0.003584716235855487
535,0.01877937568703863,126.874048541325,1.3430297747914253,0.01936584224035651,0.003186920009525944
536,-0.014546487016030176,125.04183528269269,1.315124362760176,0.01760552844921367,0.002839763693104891
537,0.011577854069006617,126.49796456454055,1.2898556708759314,0.016042817411662393,0.002536000823333911
538,0.014845523551886935,128.38990172880753,1.266959059173394,0.014651759612462246,0.002269526909147659
539,0.009123259927922994,129.5665956549506,1.2461947647618314,0.01341024929494726,0.0020351850667346067
540,-0.01753597534131197,127.3143246291796,1.2273464844747077,0.01229939928673179,0.0018286067040010965
541,0.0032444844083600673,127.72806479421472,1.2102197097259184,0.011303025033483835,0.0016460806972290283
542,-0.00405578423957729,127.21107642738397,1.1946399529642258,0.010407217774233007,0.001484445741171879
543,0.005052139827121263,127.85539078570686,1.1804509614209038,0.009599990581038524,0.0013410015665613305
544,0.004564811775807587,128.44036070217157,1.1675129813431107,0.008870984063108375,0.0012134355417245247
545,-0.043959386917853546,122.91650338988876,1.1557011122128613,0.008211221026106545,0.0010997618405155958
546,-0.012799981323605086,121.35320090759296,1.1449037735287908,0.00761290138938083,0.0009982708956639012
547,-0.004000302778056592,120.86872104002713,1.135021294906442,0.007069230287805895,0.0009074872891718046
548,-0.009246614026476113,119.75624586931734,1.1259646322097847,0.006574273595664006,0.0008261345796740629
549,-0.005488089563365955,119.10081304831411,1.1176542071382174,0.00612283616852591,0.0007531058471713294
550,-0.023033221023619127,116.38888975673038,1.110018864381548,0.00571035895488661,0.000687438961635283
551,0.013278543550956442,117.94467109382255,1.1029949385386397,0.00533283182218631,0.000628295764424717
552,-0.012284676231837566,116.50462237247385,1.0965254220442762,0.004986719503786958,0.000574944498897497
553,-0.009324632870604335,115.4233088020497,1.0905592250506315,0.00466889853010709,0.0005267449459749803
554,0.024186061747294686,118.2489772294558,1.0850505183394745,0.004376603378955893,0.00048313581724657194
555,-0.00513230136064561,117.64364255145703,1.0799581507390554,0.004107380383570149,0.0004436240369127166
556,0.013755968978639822,119.27312672069479,1.07524513307362,0.00385904818508918,0.0004077756079859348
557,0.003519357074755664,119.69363096130857,1.0708781813066612,0.003629663719736294,0.00037520781052400253
558,-0.020498359268263416,117.26508356579203,1.066827312199525,0.003417492898260155,0.00034558252251533844
559,0.0014629407729303328,117.43676098411036,1.0630654854609443,0.003220985273015646,0.0003186004891833499
560,0.026712931306777536,120.61611701444542,1.0595682869892666,0.003038752101894968,0.0002939963953755565
561,0.017542233826060506,122.75066073653828,1.0563136483951563,0.002869547312562108,0.0002715346195216055
562,-0.01942808687892081,120.38886708928216,1.0532815985320447,0.002712250948657076,0.00025100556732144015
563,0.016612427786633303,122.40552284589033,1.050454043252264,0.0025658547447026197,0.00023222249961905487
564,0.003951514213493871,122.89016691757358,1.0478145700489716,0.002429449530704005,0.00021501878244152526
565,-0.01322883072705129,121.27517945140599,1.0453482746396685,0.002302214212783644,0.00019924549843406897
566,-0.009933448425463334,120.07646226548344,1.0430416068992787,0.002183406114186707,0.00018476936830317425
567,-0.00786318700572281,119.13598102344689,1.0408822338628771,0.0020723524928975066,0.00017147093871962187
568,0.002609968379510071,119.44732829330498,1.0388589177938716,0.0019684430789559415,0.00015924299969930934
569,-0.010162555874643014,118.2395854170535,1.0369614075563938,0.001871123497209256,0.0001479891999910658
570,0.015716046720783184,120.11252330516213,1.0351803417443055,0.0017798894603763206,0.00013762283363647434
571,0.02838900025934814,123.57126051612177,1.0335071622068719,0.001694281633516385,0.00012806577477435932
572,-0.00827201777331537,122.55329298027347,1.0319340367757444,0.0016138810847579968,0.00011924754106323049
573,-0.001698476142377252,122.34531580810732,1.0304537901422024,0.0015383052488511743,0.00011110446888855466
574,0.011957830914523213,123.81708243873221,1.0290598419600432,0.001467204340084141,0.00010357898589083924
575,-0.013436500833265311,122.16454115588121,1.0277461513602744,0.001400258159627215,0.00009661896836358275
576,-0.008990379044376013,121.07115795437474,1.0265071671608086,0.001337173249657647,0.00009017717278395182
577,-0.008441562392341494,120.05342987174313,1.0253377831393768,0.0012776803528696558,0.00008421073220080957
578,0.0051222676906525115,120.66995332780824,1.0242332978123876,0.0012215321413422348,0.00007868070945380736
579,-0.00017064083329219678,120.64936386317073,1.0231893782277903,0.00116850118335634,0.00007355170026652637
580,-0.0055170826092863934,119.98556415862093,1.0222020273372905,0.0011183781207345133,0.00006879148017361941
581,-0.015506308634660612,118.1393816986407,1.021267554563567,0.0010709700327139128,0.00006437069002961592
582,-0.01033059112694924,116.9252143814662,1.0203825492222938,0.0010260989653373379,0.000060262555524878865
583,0.02865642478815786,120.32434383404369,1.0195438564975836,0.000983600607923244,0.000056442636718442076
584,-0.0347291413637104,116.21731231379498,2.2049706323369547,0.10069227730009592,0.00005288860410185221
585,-0.01767834626076088,114.18083622694,2.2525085104674787,0.10751198371809029,0.00004958003814429751
586,0.004175954382666522,114.6586471543542,2.305255238221596,0.11552670947794295,0.000046498249647049094
587,-0.05805750028080344,108.19140514534533,2.408717111322871,0.13279069875130478,0.0035633413776881354
588,0.011869694113366558,109.48325579883577,2.5582691915845808,0.16212484145676753,0.012484798044853309
589,-0.0067900811516263815,108.74237377827984,2.691738734119855,0.19396799151372746,0.023746995214433558
590,0.0321166133886797,112.29149842317874,2.7804741859689788,0.21899587923651231,0.033921889561950656
591,-0.016784570648089418,110.42246319046197,2.824654058131588,0.2328660005280222,0.041137704896406245
592,-0.0031779777774698296,110.07210007428341,2.832599336252916,0.23547176986828564,0.0449864439475742
593,-0.024380814127548698,107.42090315800256,2.812493882263901,0.22894541617848235,0.04590351804899245
594,-0.0035184491415844216,107.04361230206422,2.7707919138417694,0.21608935872398205,0.04464127713423316
595,0.06426800332646002,114.14896961571986,2.7124701087993195,0.19950644880201918,0.041959438813531286
596,0.04052654533677885,118.87005143479792,2.641515854685027,0.1812515656159275,0.038487658026651134
597,0.034205906520419445,123.00645063825792,2.561285075672826,0.16277912836724479,0.03469022968727884
598,0.014536679639330218,124.80761576732276,2.4747021724152014,0.14502434990846558,0.030879917454948107
599,-0.015261283787533645,122.91735193841185,2.384346063817633,0.12852499221665387,0.027249332091661322
600,-0.05424064118451916,116.4278249715881,2.292470533679208,0.11353864391553575,0.02390395128483156
601,-0.05788745073431082,109.87947707316475,2.2009966149120834,0.10013849541923384,0.020890221176091493
602,0.03222388138809937,113.47788629481052,2.1115021706353234,0.08828462654436191,0.018217031025961235
603,0.03274626679859065,117.25537521542769,2.0252224146611995,0.07787376327385051,0.015871019855941856
604,0.030304391562140928,120.86311713551738,1.9430661258359594,0.06877222484018097,0.01382692016375016
605,0.0034620154103721084,121.28227225167159,1.8656462906988485,0.06083665656679879,0.01205422200108957
606,0.0014516810566981464,121.45846328446326,1.7933207597235024,0.0539263304727582,0.010521255438318375
607,-0.016850132674309286,119.42901829002832,1.726237628190444,0.047909863220170636,0.0091975376565352
608,-0.039219970471731334,114.83567979595159,1.6643806361334834,0.04266838037129668,0.008054996777764079
609,0.009999994786391351,115.98979696039954,1.607611152964032,0.03809651305536058,0.007068495951667138
610,-0.00971412551644125,114.86851248060329,1.5557047064816474,0.034102142320236485,0.006215940676673591
611,0.0034256833706426855,115.26269041252863,1.5083812085884243,0.030605476869542188,0.0054781527181465605
612,0.0080267642737587,116.19159993954875,1.4653288939699494,0.02753782687206948,0.004838625888869865
613,-0.03101462078636899,112.64327099277351,1.4262225226733647,0.024840289793588474,0.004283233728928471
614,-0.02452170349570427,109.91465794876424,1.3907366643597174,0.022462470097743232,0.0037999298338066358
615,0.006256017724667276,110.60444139611548,1.3585549599717406,0.020361295874316468,0.0033784630751817727
616,0.0075829675154262,111.4463392902873,1.3293762176504635,0.01849995981242375,0.003010118576772503
617,-0.017612173114036803,109.50071073563772,1.3029180993757086,0.01684699114841076,0.0026874885309212974
618,-0.02606754273874598,106.68317888939806,1.2789190307833074,0.015375453759297653,0.002404273082845895
619,-0.0017635010725017938,106.4952087804676,1.2571388419740805,0.014062259835226992,0.002155109459862739
620,0.010590509969196938,107.62904068233371,1.2373585341738527,0.012887586234586124,0.0019354265666666618
621,0.004245543979827964,108.08695586977798,1.2193794710462886,0.011834380245090644,0.0017413219507974175
622,0.030201658300682027,111.4011564401767,1.2030222152792005,0.010887942141778571,0.0015694580816601126
623,0.013334337635170666,112.89656505732671,1.1881251694761386,0.010035573104142591,0.0014169751090279531
624,0.01658108482301834,114.78411817233352,1.174543133103232,0.009266278410485954,0.001281417569962365
625,-0.01738676014500946,112.80564371238259,1.1621458517196148,0.008570517189081129,0.001160672837442136
626,0.029453983404238878,116.17763478091197,1.1508166085430405,0.00793999127935665,0.001052919417540821
627,0.0015999860262759567,116.36366615724245,1.1404508894638627,0.007367466899573352,0.0009565834888060671
628,-0.004524892327908272,115.83832255496989,1.1309551391759145,0.006846623817079307,0.0008703023311732595
629,-0.015368653817874384,114.07165390932366,1.1222456167473738,0.006371927576175062,0.0007928935112558706
630,0.014431338586491467,115.72979640041568,1.1142473526219685,0.0059385210679321,0.0007233288780060549
631,-0.007892414244439058,114.82000385919685,2.328014681006468,0.1191411191761432,0.0006607125806804584
632,0.01754928238835334,116.852797393718,2.3746297747104546,0.12685999964705674,0.0006042624533969253
633,-0.010019916757277626,115.68778848422697,2.4277924828253448,0.13622175831386127,0.0005532942209366494
634,-0.046607356421511446,110.41960808743087,2.5412202709906033,0.15847700379383414,0.005450574732313553
635,0.027464738973206657,113.4942831049041,2.6951771239369386,0.19487439502727705,0.016786713287296536
636,0.014042819187591645,115.09930594827047,2.824783786893212,0.23290826401244505,0.030461634658968978
637,0.02901032177624635,118.48727934304098,2.9066215515231866,0.26156838295733315,0.04237630461807341
638,-0.045685113806826286,113.19596199268331,2.944288966711656,0.2762530046677008,0.05047446326971738
639,-0.016832619148294568,111.30652418098342,2.9470778628988223,0.2773820296331736,0.05445401432439304
640,0.023441805457353984,113.94657292637343,2.923062635487377,0.2678515992001554,0.05496240134263698
641,-0.004626973794574304,113.42056297503215,2.878278135798361,0.2511689656421894,0.05296454900136453
642,0.027524240942402578,116.58573757104536,2.817261437616427,0.23047292471221614,0.049389904552947
643,0.0014696220700579994,116.75720050603016,2.743633413071685,0.20817571454220457,0.04498648755127912
644,0.023133981070555143,119.48974482052955,2.6604823709638246,0.1859418273007642,0.040292356940474984
645,0.004700391837337016,120.05271549660714,2.5705663050684535,0.16480998495809895,0.035660652399605176
646,-0.0356772499701974,115.84506967678226,2.4763907018644304,0.14535130860034917,0.03130168407745135
647,-0.007417267759736994,114.98899457029337,2.380214039598469,0.12781448351882796,0.027324444321461153
648,0.019506691371714607,117.25406963525523,2.2840210765098004,0.11224098317287404,0.023770781624074956
649,-0.0025459292191676234,116.95592875713069,2.1894917068060415,0.0985489857691537,0.020640911441324614
650,0.028487297979024294,120.33559740967118,2.0979818208581062,0.08659079862371245,0.017911240601707686
651,-0.03435204354824572,116.27201942952526,2.010523071747397,0.07619010736417231,0.015546178904895245
652,-0.001394178183929383,116.1100284650085,1.9278414730545472,0.06716485208462322,0.013505585262493056
653,-0.007833883904343973,115.20398951745709,1.8503906092449547,0.05934035826943358,0.011749206349557496
654,0.003234073016163237,115.57717075372749,1.7783936146904034,0.05255613369480358,0.010239129240133734
655,0.012369400862138037,117.01566945174915,1.711888258969442,0.04666871679847308,0.00894097301673986
656,-0.026945660393649054,113.9047066641122,1.6507706589136195,0.041552179316771784,0.007824312630777075
657,0.017602968451757746,115.9275191412587,1.5948346522878545,0.03709732386093599,0.00686265924725564
658,-0.01988031576760141,113.64560123463929,1.5438052787256555,0.03321023007757588,0.006033203538461737
659,0.01561596263543985,115.43421581923594,1.4973659103283112,0.02981054516005327,0.005316449125919737
660,0.032285597046096466,119.2218931032864,1.4551793092421133,0.026829747429467445,0.004695811520313014
661,0.01345381829701769,120.83672123463367,1.4169033059621885,0.024209506379946944,0.004157224868094582
662,-0.011275727266623195,119.48185224384524,1.382201969358797,0.02190019807974914,0.00368877831415634
663,-0.03785619620338905,115.04326782602446,1.3507531586030654,0.01985959668549317,0.003280391456241405
664,0.02144243286673926,117.53671259905694,1.3222532751605685,0.018051741348683314,0.0029235312347798805
665,-0.011879022810894372,116.14875144146609,1.296419918013858,0.016445966590127658,0.002610968710981877
666,-0.02162039603360223,113.66452122565475,1.2729930183778126,0.015016079178613985,0.002336572265344816
667,-0.004210615077519182,113.18692986111557,1.251734909287213,0.013739663077148244,0.002095132989312
668,-0.0022225121811909076,112.93564987060198,1.2324296793381955,0.012597494502828835,0.0018822179392663616
669,-0.01801018841068428,110.91986436407782,1.214882071585978,0.011573050609117766,0.0016940471649726323
670,0.01920594339750481,113.07077400870519,1.1989161179010792,0.010652097167045191,0.0015273908292115837
671,0.004905637923953545,113.62682105338934,1.1843736440989783,0.009822342569313183,0.0013794831948819597
672,-0.00005480652261215324,113.62059373310231,1.1711127393995298,0.009073147335140289,0.0012479507114595107
673,-0.0326169226661001,109.97442624193168,1.159006252707574,0.008395279971618005,0.0011307518545092044
674,-0.005888979616403034,109.32869231062125,1.1479403555330399,0.007780711519482762,0.0010261267470531867
675,-0.018086330418500357,107.36911168571754,1.1378131951310335,0.0072224423767481595,0.0009325549167361032
676,0.005886104844516396,108.00296115634197,1.1285336500477188,0.006714356066710727,0.0008487198197830105
677,0.0057172018625704125,108.62220436951918,1.1200201924491426,0.0062510955181596314,0.0007734789960837843
678,0.011189661041306108,109.84447566552049,1.1121998564174465,0.005827958177790657,0.0007058389146827023
679,0.004081323896573356,110.2937026457935,1.1050073080867964,0.005440806899795685,0.0006449337309234121
680,-0.008925620381892003,109.31364325101804,1.0983840115106585,0.005085994075419324,0.0005900073105785218
681,0.011380772754951597,110.56482317649736,1.0922774830977164,0.0047602968935988865,0.0005403979870225108
682,-0.003721270459314982,110.15414616021195,1.0866406270306308,0.004460861977816586,0.00049552560883064
683,0.02009162667137881,112.38970494494619,1.0814311440773052,0.0041851579368457886,0.0004548805104631411
684,0.0009655186378804708,112.49827170295647,1.0766110064668994,0.003930934608926791,0.0004180141007444592
685,-0.00551194058508202,111.87989371038533,1.0721459919261023,0.0036961879790019248,0.00038453081502011943
686,-0.005038016946654707,111.31765837466007,1.0680052704814864,0.003479129914363153,0.0003540812191110102
687,-0.018304624252719857,109.29856620316552,1.064161038181099,0.003278162001502356,0.00032635608808557164
688,-0.014243977739077446,107.75275524353005,1.060588192439707,0.0030918528811038795,0.00030108131174708884
689,-0.000049484961363547535,107.74742323452826,1.0572640442461751,0.002918918573082077,0.0002780135026614098
690,0.004026330117952336,108.1821244679062,1.054168062975548,0.002758205362706257,0.0002569362024100573
691,0.01119432525931747,109.3999540290983,1.0512816500155555,0.0026086748849288785,0.00023765659826490446
692,0.017609412856328964,111.34348498311428,1.0485879378443814,0.0024693910993011784,0.000220002676232428
693,-0.008155284235158815,110.43913982348211,1.0460716115831414,0.0023395088941797273,0.00020382074789024283
694,0.0007510039098913873,110.52211120130944,1.0437187503937828,0.0022182640978225406,0.0001889732980311838
695,-0.01797875485550485,108.5528170316824,1.0415166864031837,0.0021049647066984385,0.00017533710816456264
696,-0.009735720507553402,107.50110503889407,1.0394538791098369,0.001998983168921589,0.00016280161766635978
697,0.011593732343145546,108.75469694006613,1.037519803473588,0.0018997495840266303,0.00015126749003868757
698,0.012192569503624436,110.08881276401645,1.035704850104479,0.0018067457000226917,0.00014064535651392941
699,-0.015902927571701597,108.35192574757606,1.034000236156761,0.0017194996053896253,0.00013085471326902158
700,0.011547328607672555,109.61035279148534,1.032397925701324,0.0016375810278900307,0.00012182295192306017
701,-0.036066272880797286,105.72755578367781,1.0308905584967503,0.001560597164167367,0.00011348450587829477
702,-0.005182610431647258,105.18102849246579,1.0294713862082432,0.0014881889744174609,0.00010578009751474736
703,0.005703448304554298,105.78263704189735,1.0281342152369548,0.0014200278852363097,0.00009865607333204757
704,-0.006633161280844922,105.08328576879647,1.0268733554216185,0.001355812851293601,0.00009206381590671761
705,-0.003983107606329167,104.66556020915267,1.0256835739616028,0.0012952677329532655,0.00008595922304752034
706,-0.004133033477484455,104.23386666132554,1.0245600539870021,0.0012381389525225573,0.00008030224582603671
707,-0.012559760635871746,102.93290125492572,1.0234983572685412,0.001184193396596489,0.00007505647826819112
708,-0.00963642219612761,101.94576025315739,1.0224943906190087,0.0011332165360900147,0.00007018879244333586
709,-0.00033840929828196365,101.91126669676653,1.0215443755897144,0.0010850107391131665,0.00006566901350452642
710,-0.01492296164296212,100.40174009022707,1.0206448211109647,0.001039393754926338,0.00006146962993677239
711,-0.0177768265482538,98.63268643858845,1.0197924987655471,0.0009961973498832921,0.000057565534876180966
712,0.006471419696646852,99.27304974336451,1.018984420419418,0.0009552660785870088,0.000053933794886242243
713,-0.007923469057214078,98.48957083991698,1.018217817964773,0.0009164561754979475,0.000050553443030050866
714,0.00010491854239837569,98.49990476423166,1.0174901249579837,0.0008796345539880522,0.00004740529346919538
715,-0.0011546199334918706,98.38624044291691,1.016798959958971,0.0008446779013629563,0.00004447177516000122
716,-0.00039747517067722756,98.34714212602448,1.0161421113998204,0.0008114718597100997,0.000041736782513117124
717,-0.010467430898364785,97.32306926808117,1.0155175238292273,0.0007799102835981651,0.00003918554113932505
718,-0.007305942939764442,96.61462356045483,1.0149232853959482,0.0007498945666758729,0.000036804487028245934
719,0.014349878418928163,98.01102680837118,1.0143576164491108,0.0007213330301150255,0.00003458115770184457
720,0.02293236175879192,100.28462093488847,1.0138188591462458,0.0006941403666303526,0.000032504094055186415
721,-0.0028304835538185153,100.00116830787412,1.0133054679714248,0.0006682371345013816,0.00003056275174608821
722,0.03872895093125231,103.95008374483739,1.0128160010761103,0.0006435492966315642,0.00002874742112598082
723,-0.024679342748931844,101.4160616147498,1.0123491123644102,0.0006200078002177468,0.000027049154818912842
724,0.032709143677359845,104.7881424430549,1.0119035442524975,0.00059754819307798,0.000025459702156271024
725,-0.024995785733041696,102.20134469059072,1.0114781210391324,0.0005761102731054864,0.000023971449763289774
726,0.038662112669962424,106.2300417487451,1.0110717428306253,0.0005556377676882054,0.000022577367671330123
727,0.012459112712425,107.56185317870765,1.0106833799692712,0.0005360780402626624,0.000021270960398578117
728,-0.009390846246262397,106.55648437392057,1.0103120679193744,0.0005173818214631166,0.00002004622250241032
729,0.011952691178406385,107.83776323565516,1.0099569025695192,0.0004995029625865111,0.000018897598160212367
730,-0.012868877270537423,106.45890351285044,1.0096170359138001,0.0004823982093246203,0.000017819944382790346
731,0.015561056119618104,108.12847292662659,1.0092916720783587,0.00046602699392032693,0.000016808497506446636
732,0.014921866323342334,109.75404970230848,1.0089800636628137,0.0004503512440882003,0.00001585884264696309
733,-0.0036430687178243652,109.35493559865479,1.008681508369096,0.0004353352072030397,0.000014966885831721261
734,0.0053839583035444295,109.94528579659004,1.0083953458928014,0.00042094528840610807,0.000014128828555494145
735,0.015691705215329598,111.68412178271856,1.0081209550545227,0.0004071499014094025,0.000013341144531504567
736,-0.004749336272698783,111.15495392476984,1.0078577511507336,0.0003939193308952299,0.000012600558432545273
737,-0.006750389831221952,110.40714150645437,1.007605183505683,0.0003812256055131424,0.000011904026437629262
738,0.00512646178340134,110.97459276384771,1.0073627332074697,0.00036904238057027764,0.000011248718418079978
739,-0.025213714654004904,108.21149145303372,1.0071299110130043,0.00035734482959554525,0.000010632001613436202
740,0.005005373388251165,108.75448818968805,1.0069062554079442,0.00034610954403395514,0.000010051425662262017
741,0.007237780664681572,109.54448478384971,1.0066913308089411,0.0003353144403956253,0.000009504708866116231
742,-0.02020645014039886,107.3531932834328,1.0064847258966712,0.00032493867424546034,0.000008989725576722543
743,-0.0004804863561289459,107.30162392895096,1.006286052069131,0.00031496256047487643,0.000008504494606945478
744,0.0007788597166152173,107.38522939559518,1.0060949420056122,0.0003053674993469209,0.000008047168575652646
745,0.01890879274227044,109.4350734044205,1.0059110483325961,0.0002961359078512512,0.0000076160241050513295
746,0.009741813584869778,110.50637924758911,1.0057340423835714,0.00028725115594621577,0.000007209452796731835
747,0.006219288580636433,111.19579191611992,1.0055636130454608,0.0002786975073021641,0.000006825952919525055
748,0.015906922459714715,112.97871759187188,1.005399465684965,0.0002704600641935031,0.000006464121748469917
749,-0.003978681896345282,112.53010425019949,1.0052413211486977,0.0002625247162172741,0.000006122648499760947
750,0.00576230228510696,113.18040855264982,1.0050889148315,0.00025487809254345846,0.000005800307811572046
751,-0.012348997854234609,111.79133839495124,1.0049419958077856,0.0002475075174271213,0.000005495953725187352
752,0.015231962990609926,113.50717452575606,1.0048003260211973,0.00024040096873511628,0.00000520851412496493
753,-0.0006871701652162342,113.42920257495133,1.0046636795282402,0.00023354703926063445,0.0000049369855993595675
754,0.018618174579475615,115.5608291945769,1.0045318417919071,0.00022693490061757895,0.000004680428688577611
755,0.0004279294560954535,115.61029165982818,1.00440460902164,0.0002205542695237764,0.000004437963487465713
756,0.01987579711751788,117.93112617677392,1.0042817875562553,0.00021439537629754294,0.000004208765574978731
757,0.002954523988344023,118.28007174823132,1.0041631932867354,0.0002084489354062702,0.000003992062244058545
758,-0.001076849220894648,118.15277049954878,1.0040486511160351,0.00020270611791859848,0.000003787129008010893
759,-0.0021070988165750606,117.90407304372671,1.0039379944532658,0.00019715852572352668,0.000003593286361514452
760,0.00914856396005842,118.98767514089229,1.0038310647398365,0.00019179816739057714,0.000003409896776255714
761,-0.002438047031170979,118.69793094128369,1.0037277110053109,0.0001866174355549737,0.0000032363619128732066
762,0.0006168226249448554,118.7711690957757,1.0036277894509136,0.00018160908572080337,0.000003072120032431682
763,0.008084113986230084,119.7352202645028,1.0035311630587787,0.000176766216383374,0.000002916643592045823
764,-0.010952954536149289,118.43092184063349,1.0034377012251712,0.00017208225037954072,0.000002769437010547019
765,-0.017424199744351034,116.38523181455173,1.0033472794160547,0.0001675509173816994,0.0000026300345912477788
766,-0.0004945632485825173,116.32768618736758,1.0032597788434912,0.00016316623745750103,0.000002497998589917039
767,0.0050980665517221845,116.92224674026002,1.0031750861614745,0.00015892250562317626,0.0000023729174170455998
768,-0.011894837949663648,115.53971436271385,1.0030930931799054,0.0001548142773237183,0.0000022544039643628896
769,-0.0008359642560805341,115.44316765177108,1.0030136965955028,0.0001508363547780976,0.000002142094046371933
770,0.0019036974072106508,115.66314583021934,1.002936797738541,0.00014698377413221433,0.000002035644948405913
771,0.011661197928711052,117.0198114664085,1.0028623023343788,0.00014325179336646186,0.0000019347340733833156
772,-0.0012657637335082015,116.8717857355166,1.0027901202788192,0.00013963588090861522,0.000001839057680055115
773,0.0037130271205162435,117.30654047416209,1.0027201654264117,0.00013613170490629526,0.000001748329706101947
774,0.014163580743625889,118.9798431376869,1.002652355390868,0.00013273512311652051,0.0000016622806699563822
775,0.010931098681710707,120.28755790230316,1.0025866113568194,0.0001294421733728664,0.0000015806566456995375
776,-0.011850577849248265,118.8704939304279,1.002522857902202,0.00012624906459352767,0.000001503218305816088
777,0.012912609834090498,120.41537499708156,1.0024610228306041,0.00012315216829614483,0.000001429740026990807
778,0.0023745655560546107,120.70164895259181,1.0024010370129495,0.00012014801058762232,0.0000013600090544961761
779,-0.0033014876717449263,120.30381103646667,1.0023428342379463,0.0001172332645993574,0.0000012938247210572122
780,-0.008599085450416183,119.27374345223353,1.002286351070757,0.00011440474334032369,0.000001230997716389044
781,0.006680868779552228,120.0732634513713,1.0022315267193878,0.0001116593929423277,0.0000011713494038873012
782,0.003954180458922298,120.54899474718701,1.0021783029083313,0.00010899428627349297,0.0000011147111812131384
783,0.018356851648410864,122.78233055283569,1.0021266237590218,0.00010640661689763322,0.0000010609238817557088
784,-0.00025470070370751794,122.75106178909813,1.002076435676697,0.00010389369335866748,0.000001009837214176816
785,0.006567986877370711,123.5599426035796,1.0020276872432816,0.00010145293377061101,9.61309237446972e-7
786,-0.016068673670531518,121.5903648372699,1.001980329115942,0.00009908186069495919,9.152058689705985e-7
787,-0.009398623509256064,120.45293628000117,1.0019343139309702,0.00009677809628847051,8.714004235719719e-7
788,0.02450296716301592,123.44084747478932,1.0018895962126941,0.00009453935770546152,8.297731812739406e-7
789,-0.0163959471083677,121.43341967927165,1.0018461322871133,0.00009236345273975223,7.902109819495341e-7
790,0.0035614982013954985,121.86667564726294,1.0018038801999964,0.00009024827569235615,7.526068450633618e-7
791,0.006976678156288224,122.71987300219456,1.0017627996391758,0.00008819180345189663,7.16859612846075e-7
792,0.025508477832952334,125.89053765404061,1.0017228518608066,0.00008619209177555712,6.828736153619818e-7
793,0.009529357158301527,127.09592772480644,1.001683999619359,0.00008424727175914208,6.505583560379339e-7
794,-0.03046369539229463,123.28249661136901,1.0016462071011412,0.00008235554648554156,6.198282163215502e-7
795,-0.0017322833797711813,123.06912125811958,1.0016094398611461,0.00008051518784155912,5.906021782293484e-7
796,0.008519888723385235,124.12213589054774,1.0015736647630447,0.00007872453349368517,5.628035636310121e-7
797,0.0008868342496119374,124.23226047569987,1.0015388499221456,0.00007698198401397742,5.363597891953558e-7
798,-0.002716125462753862,123.89528790677709,1.001504964651162,0.00007528600014775102,5.112021359970935e-7
799,0.0017355729714279883,124.1105039272864,1.0014719794086306,0.00007363510021528626,4.872655328516659e-7
800,-0.0006935510780654431,124.02445679597793,1.0014398657498362,0.00007202785764023221,4.644883525086126e-7
801,-0.004822994216447735,123.4277277253039,1.001408596280111,0.00007046289859782618,4.4281221989262405e-7
802,-0.0146029476776037,121.63841548872273,1.0013781446103747,0.00006893889977645915,4.2218183163585134e-7
803,0.015745008579964647,123.56877023164209,1.0013484853148036,0.00006745458624650254,4.0254478619559717e-7
804,0.0025808461485691578,123.8880941020232,1.0013195938905062,0.00006600872943067131,3.8385142389847115e-7
805,-0.0006936883161679015,123.80218417943203,1.0012914467191072,0.00006460014517053462,3.6605467629571137e-7
806,0.00923873923733378,124.95126010931534,1.0012640210301338,0.00006322769188410049,3.4910992425493645e-7
807,0.04635114931457693,130.87921715654375,2.3707580360576817,0.1262020681760023,3.329748642513001e-7
808,0.007977521476090802,131.92748465102872,2.4225471148646958,0.13527000979899423,3.176093823560972e-7
809,-0.09273844787378464,120.24291220126376,2.480160209822154,0.14608383917053688,3.029754354535171e-7
810,-0.045610625323904475,114.88175014484028,2.596203847290761,0.17055936264786606,0.0052257974422340835
811,-0.052995193729581704,108.95207928824917,2.756671782223945,0.2119317840344012,0.018058726799752112
812,0.035921623760919716,112.93695806059459,2.8900889986508895,0.2554379129975462,0.033651408190037736
813,-0.03208010538499431,109.37142565060837,2.9729763066227095,0.2881593169678577,0.047193542535853436
814,0.017843512731615233,111.34051153656846,3.010599312972843,0.30482078787726613,0.056323805419014265
815,0.023530381172231624,113.99146284682679,3.0131699512597216,0.30600557114615656,0.060732649157396276
816,-0.015792781562982566,112.20536145140059,2.9890309005492806,0.29511746228890123,0.06119620463473963
817,-0.02662460670281069,109.25735671008272,2.9441831976675643,0.27621030372493777,0.05883827623724211
818,-0.0019653263738312046,109.04284121093664,2.883023555504291,0.2528733123402308,0.05472713030345934
819,0.012887082045849471,110.45717902182541,2.8090158596975288,0.22783878455821796,0.049713767692020586
820,-0.01928410147582053,108.3475184049179,2.725116124365771,0.20297332455172368,0.044404360356241304
821,0.036564653480163,112.38252768031667,2.6339938109067096,0.17942749717605236,0.03919240953695244
822,-0.010245069073471872,111.23703874752997,2.538116344937111,0.15782203388178745,0.03430886323441291
823,0.03120877213622302,114.76334985219688,2.4397527847201546,0.13841583281998562,0.029870464323250884
824,-0.004593514758791669,114.23739163412714,2.340939122731837,0.12123778648856895,0.025919035455938693
825,-0.009063766331171466,113.2066488722866,2.2434354282357085,0.10618187183863129,0.02245050846299981
826,0.041561774310020984,118.01086234204706,2.148693787314013,0.0930716198737932,0.019435019888274282
827,-0.04500335842212438,112.81770833782566,2.0578461245929534,0.08170151742260214,0.016830101360439536
828,-0.016771143677318655,110.94140420404736,1.9717132986134245,0.07186212614438156,0.014588904882518792
829,0.007594049917092891,111.78710585143924,1.890831885353709,0.0633542589019583,0.012665037750722077
830,0.010222887706868331,112.93575412930784,1.8154927317133487,0.055996110213422705,0.01101517868131308
831,0.019708219982544448,115.18359452484316,1.745785090808956,0.04962604193825011,0.009600299119119656
832,-0.01912496881169983,113.00164325322048,1.6816411467631478,0.0441028238021555,0.008386045629251552
833,0.01731788474032872,114.9756360417168,1.6228772634751356,0.039304486926854586,0.007342645659222488
834,-0.009953087196044375,113.83694963354276,1.5692298276677468,0.035126510569379786,0.006444565226857653
835,-0.012906935207297816,112.37710482770183,1.520384817332261,0.031479772807270566,0.005670057803047929
836,-0.02693132108643935,109.3910308731745,1.4760011169778506,0.028288509962090598,0.005000685727430354
837,-0.010261942236759742,108.27420662689606,1.4357281414248004,0.025488413404823603,0.004420858901934846
838,0.0007360780048505631,108.35393422815382,1.399218594109732,0.023024922041059208,0.003917413032835543
839,0.010378878462909202,109.48438278884882,1.3661372592030392,0.020851727779799895,0.0034792363389583784
840,-0.004665809013828781,108.9747394425866,1.3361666838959656,0.01892948867316649,0.0030969460528561072
841,0.004466346315873537,109.46254691626726,1.3090105041454552,0.017224733018550473,0.002762612007461201
842,-0.0005601225652236751,109.40125164172834,1.2843950416720098,0.01570893296537025,0.0024695227037292433
843,0.022977646218268574,111.94413778677449,1.2620696748041398,0.014357725198068678,0.0022119885989939424
844,0.03702726761489621,116.16681805395342,1.2418063728139852,0.013150257315003078,0.001985177386290286
845,-0.008953162089818452,115.13139975290623,1.2233986876515983,0.01206864053499914,0.001784976415656218
846,-0.024028965324080328,112.39788463488252,1.2066604192680557,0.011097491727835536,0.001607877941304247
847,-0.018755645709272586,110.30943605453628,1.1914241096345948,0.01022355014286386,0.0014508834511176233
848,-0.00663392476930776,109.5800734974442,1.1775394737763702,0.00943535642714087,0.0013114238869030735
849,0.004552133294193991,110.0800336777392,1.1648718410725865,0.008722983503590227,0.0011872930660372816
850,0.0024105783401590255,110.3457103111243,1.153300654304822,0.008077810598613747,0.0010765920563630589
851,0.004668242076691936,110.86203502569383,1.1427180553546503,0.0074923331746509555,0.000977682635160403
852,0.002465366070266058,111.1356877137472,1.1330275733186161,0.006960002758341835,0.0008891482836089826
853,0.018456162571828194,113.20587109066724,1.124142921733143,0.0064750916868211335,0.0008097614365550508
854,-0.015842224770302674,111.42656949677999,1.115986905502306,0.006032578651788708,0.0007384559304923579
855,0.048155858511199814,116.92370907464029,3.231882950250569,0.4358482117364733,0.0006743037772101175
856,-0.06639370560884242,109.4128079152392,3.277829251063702,0.473121333372773,0.0006164955427276639
857,-0.03093623835748664,106.0798082626644,3.3304477563601647,0.5220909447688498,0.0005643237363610597
858,0.03968349849694392,110.37406827669062,3.4535678195652335,0.6735239726217433,0.04072368787007603
859,-0.11433947472584306,98.44871401937509,3.5692674376656432,0.8947317880060495,0.11492854496189171
860,0.024893831470170616,100.93023889632096,3.6364203828740402,1.0876931456091516,0.18858612815179385
861,-0.004336182538719848,100.49353445613428,3.6667184369882597,1.2002097023715295,0.24084798835785176
862,0.019871563100219654,102.51047154346855,3.6730072198324555,1.2261771736043492,0.26668275263761376
863,0.09762398956064543,113.02272947940605,3.6624591935370017,1.183172142104629,0.26986931875317327
864,-0.0009191301917736849,112.91889460257998,3.6385966227941218,1.0951460843534155,0.2571432280772277
865,0.030569143469027445,116.4240300358719,3.603029765033835,0.9835862499573926,0.23502771718686336
866,0.0280659751773888,119.7378695184354,3.556424965006767,0.8644845054385558,0.2086115892532951
867,-0.06809051314909792,111.8562337632438,3.499041065827567,0.7482772225499579,0.18136831116555902
868,-0.006506710697101699,111.13078032776893,3.431052078319,0.6409335509486364,0.15540920114712675
869,0.006551791066909221,111.8612763972881,3.3527567793717887,0.5452564131351303,0.13184777693250235
870,0.01594937235017894,113.65969726440593,3.264715059103355,0.46200763808823053,0.11113372994535918
871,-0.001223041283536513,113.52077173552334,3.1678233668228915,0.3907505835413531,0.09331123557044971
872,-0.022677321161030953,110.97539498087502,3.063332131854347,0.33042643001182204,0.07819998749819398
873,-0.009236651457630819,109.95507336873003,2.952808588511518,0.27972086579698735,0.06551315745647587
874,-0.04203528585376732,105.42887686033886,2.8380539361326607,0.2372813153669558,0.05492932085153585
875,0.005823604836090489,106.04464423012317,2.7209901060836,0.20183465127237976,0.046133145964651186
876,-0.02343166921807131,103.5887266938675,2.603535384740458,0.17224232184813698,0.038836067024823846
877,0.03460854580640458,107.23654056277475,2.4874880459815287,0.14751830972603625,0.03278480007327307
878,-0.023565881647658923,104.7389613525812,2.3744330746556805,0.12682649848740196,0.027762905679607264
879,-0.005857708449339625,104.12722449097934,2.2656805414461907,0.10946776862853161,0.023588688559554167
880,-0.017054391617944146,102.36645512832452,2.1622372987159943,0.09486295193911304,0.020111423670957276
881,0.00036149555510343173,102.403466836226,2.064808139694298,0.08253508307383722,0.01720705336518196
882,-0.02211505446634647,100.16366652774366,1.9738192800369414,0.07209272626392597,0.014773971803637612
883,0.016672776154334587,101.84767243530614,1.8894559902516506,0.06321517008008551,0.012729194685111255
884,0.002759038503361078,102.12906208897559,1.8117068706475912,0.055639726215824886,0.011005028712072287
885,0.019924646145978248,104.18435501037251,1.7404088682816872,0.04915107369791992,0.009546254975993887
886,0.005401693609732602,104.74864967641628,1.6752890283472002,0.043572450720643134,0.008307790199470446
887,-0.006803817403104,104.03837801014333,1.6160007085093695,0.03875844535953319,0.0072527684387388635
888,-0.004883050789595207,103.53159166497605,1.5621533458241752,0.03458913288462509,0.006350980449931273
889,0.013452905849001525,104.93380318210046,1.513335802041086,0.03096532711146355,0.00557761070136391
890,-0.005706296509901426,104.33672496008093,1.4691338721390907,0.027804742434298757,0.004912218485723096
891,0.023051999458149106,106.76983132662014,1.429142811214113,0.025038894405689238,0.0043379172603429175
892,-0.02368196350426259,104.27101727357994,1.392975808493663,0.022610596198568544,0.003840713920854395
893,0.02239236885070416,106.63223026684535,1.360269292044236,0.020471934369580023,0.003408976581912008
894,0.02230248167350472,109.03711135473866,1.330685841202681,0.01858262955558259,0.00303300537109407
895,-0.011608510499497696,107.77867134178308,1.3039153543070465,0.01690870619321376,0.0027046857141168066
896,0.0034445277302064016,108.15055808334569,1.2796749900635431,0.015421410440405937,0.00241720767520545
897,0.02838523783064328,111.26442221010593,1.8989042204426203,0.06417395835938414,0.0021648382295202115
898,-0.011647448589446628,109.97599359160782,1.916959769900943,0.0660303932193382,0.001942736007011381
899,-0.0011329785602874863,109.85146370688797,1.940478143490164,0.06849731702415214,0.0017468001739383053
900,0.002303648313115585,110.10481454953018,2.000093367195735,0.07501050429989867,0.003083746529187258
901,-0.00249796002288456,109.83012035485326,2.090423381445221,0.08565433071785965,0.006293276790025416
902,-0.024341350010017377,107.18898179789244,2.1822931451294405,0.09756467127481064,0.010504430447749617
903,0.004761249507105866,107.70055217532865,2.252990111673789,0.10758297248743082,0.014585966629736536
904,0.03328802218558436,111.34602928609782,2.2944618271593393,0.11384633728279565,0.01777567467427655
905,0.009425437568346528,112.40047583737757,2.3076443463701004,0.11590155505127075,0.019780096861449742
906,-0.010906547071305164,111.18123569280942,2.2968693524959862,0.11421930734408875,0.02063907293766369
907,-0.004340133062288764,110.69973996944499,2.2671090423081113,0.10968165971583933,0.02056104287723265
908,0.00019292724689995395,110.72109902581555,2.222982710585253,0.10323332681147152,0.01980376172623689
909,0.0692154567381067,118.65615712762255,2.1685002692029682,0.09570028181449362,0.018607804971497086
910,-0.03580040086736846,114.48335873392728,2.107049512297895,0.08772412586779546,0.01716855344944403
911,-0.00662014363325213,113.7279656197877,2.0414433140392227,0.07976102924447694,0.01563068685550472
912,0.010682347258055678,114.94935930254663,1.9739728719096215,0.07210956297714788,0.014093529610284575
913,-0.015993674200457785,113.12552051958976,1.9064580621094942,0.06494673302481291,0.012620238399419986
914,0.014878362118839746,114.82122636073356,1.8402973338394615,0.05836201531389405,0.011247207375679203
915,0.006201824904949868,115.5355402372579,1.7765196385755662,0.05238541693784755,0.00999213999549178
916,0.03354264108467074,119.47663525737765,1.7158384653489132,0.047008833733267016,0.008860353975207727
917,0.013851128903030467,121.14303565456584,1.658706167668587,0.042201420336848164,0.007849411630065658
918,0.011853203106495161,122.58751258816693,1.6053660702261214,0.037920163664636936,0.006952365685482081
919,0.006344743618239175,123.36777158047532,1.5559000899210544,0.0341168596031186,0.0061599452250726645
920,-0.043637642440010095,118.10006393705962,1.5102703397731396,0.030742514815442518,0.005461970830645783
921,0.020715301476485082,120.57205801858996,1.4683540225695166,0.027749971367138592,0.004848230259071301
922,0.020042756432257402,123.01303464639263,1.4299716340648434,0.025095343679702325,0.004308988488567995
923,0.0034097104039252472,123.4331893663406,1.3949089917626791,0.02273868689312428,0.0038352572779168288
924,0.008052071188921445,124.43109440373179,1.3629338837097893,0.020644185680506938,0.003418911483811428
925,0.00919672345537641,125.58073111066199,1.3338082355196916,0.018780057756915908,0.0030527113765934193
926,0.0172149946956116,127.76131827660127,1.3072966782709285,0.017118299431160697,0.002730270231090058
927,0.009048995710348886,128.92267653584565,1.2831723148598129,0.015634354530946328,0.0024459926181319186
928,0.015176533642895416,130.8941984669709,1.2612203655343224,0.014306757045019713,0.002194999421492578
929,-0.005615309439442607,130.16124683977966,1.241240249709653,0.013116777368032703,0.001973049347555168
930,-0.018411630516527756,127.78669283926895,1.2230465453319617,0.012048088794413641,0.001776462607489107
931,-0.011269020195436059,126.35474549238866,1.2064691660952405,0.011086462529212924,0.001602049834545909
932,0.012658356873732205,127.96435496630556,1.1913530129989758,0.010219494326873165,0.0014470476622750756
933,0.008425576553226443,129.04708333527427,1.1775572895665822,0.009436362813152525,0.0013090613964764132
934,-0.0028046373876568537,128.68566012801662,1.1649546176594237,0.008727617837456233,0.0011860146370036182
935,-0.009208017609796535,127.5061590705924,1.1534300508474207,0.008084996342339832,0.0010761053933393647
936,0.009557395116455512,128.73062785799416,1.1428800523517009,0.007501262896013817,0.000977768090187559
937,-0.005189412343811577,128.06432191221216,1.1332114825076183,0.006970072000156127,0.0008896408111156729
938,0.015471466824171836,130.06107131170052,1.1243406246865764,0.006485849423996411,0.0008105371377611864
939,-0.019605688063535926,127.53596858986307,1.116192267182271,0.006043690041815362,0.0007394219828937705
940,-0.013342583543972908,125.84561121833184,1.108698850542728,0.005639269912948981,0.0006753908713441217
941,-0.013498461059170613,124.15830278947135,1.101799684311198,0.005268770610512663,0.0006176521836094091
942,-0.016772872111098604,122.09317889945359,1.0954402334409195,0.004928814060210426,0.0005655119371103432
943,0.01009239838141977,123.33163086384671,1.089571472257099,0.004616406385002191,0.0005183607365038886
944,-0.005447499229048736,122.66160852979512,1.0841493023734374,0.004328889461415143,0.00047566257566028833
945,0.022139329146759458,125.40753862089508,1.0791340301508643,0.004063899078273267,0.00043694521937616263
946,0.0015449248628329497,125.60143358330565,1.074489898909846,0.003819328749647192,0.0004017919326618587
947,0.031132560190077537,129.57323312256403,1.0701846710285476,0.003593298372828846,0.0003698343598608993
948,0.010884335525195344,130.99125477945753,1.0661892551730434,0.00338412704141286,0.0003407463854289615
949,0.015876181903429553,133.08749185860674,1.0624773741391427,0.0031903094254891054,0.00031423883346741677
950,-0.02011406004419808,130.43730442031566,1.0590252690870472,0.0030104952177908125,0.0002900548846166166
951,-0.005497095606637655,129.7222452621643,1.0558114362848718,0.002843471218489796,0.0002679661071779354
952,0.006395163003582582,130.55449852698746,1.052816392821502,0.0026881456940546387,0.0002477690148144251
953,-0.028558075241190882,126.87884789581558,1.0500224680879688,0.0025435346988327725,0.0002292820762883221
954,-0.011498986582950402,125.42822605097551,1.0474136181499343,0.0024087500932093997,0.0002123431137876259
955,0.005579144952594534,126.12996403398309,1.0449752604364113,0.002282989030561562,0.00019680703578235114
956,-0.021667628379343513,123.42642228685317,1.0426941264487013,0.002165524717811745,0.00018254385829806222
957,-0.002552869083558706,123.11173264094317,1.0405581304477556,0.0020556982820830977,0.00016943697522468128
958,-0.011681654499440561,121.68195128042122,1.0385562523079999,0.0019529115995221228,0.00015738164398270736
959,-0.0023634246971685883,121.39470472807137,1.0366784329321173,0.0018566209624227225,0.0001462836577076863
960,0.010310955840627339,122.65287549247033,1.0349154808058332,0.0017663314778960629,0.00013605817922253822
961,-0.0031155450439927772,122.2713395888638,1.0332589884360581,0.00168159210593809,0.00012662871556024714
962,-0.005020834369361773,121.65897402412021,1.0317012575616178,0.0016019912572332287,0.00011792621477236058
963,0.0033712484345686136,122.06980877374802,1.0302352321549955,0.0015271528817214503,0.00010988826929237737
964,0.0030993677164971095,122.44873491060534,1.028854438347734,0.0014567329881182913,0.00010245841228520873
965,0.009355293564371588,123.59965397094945,1.0275529305130042,0.001390416542442898,0.00009558549526148574
966,-0.03338802429695242,119.54103734139981,1.02632524282781,0.0013279147003711247,0.00008922313681651285
967,0.017518137523532724,121.65362393800692,1.0251663457157265,0.0012689623340526566,0.00008332923370850672
968,-0.01377145113195869,119.98976020624909,1.0240716066401787,0.0012133158190510984,0.00007786552665343186
969,0.0024352540848833508,120.28232184631456,1.0230367547791468,0.0011607510514009274,0.00007279721421293785
970,-0.0036608972301641696,119.84278566671564,1.022057849165829,0.0011110616685241902,0.00006809260901183938
971,0.0031377712768613534,120.21941549743963,1.0211312499270444,0.0010640574509968076,0.000063722831262731
972,0.008163944575753826,121.20489737869599,1.020253592292821,0.0010195628849707537,0.00005966153521501704
973,-0.0009927914259324317,121.08462590791846,1.0194217630873197,0.0009774158675048066,0.00005588466469853828
974,0.0031373533605160977,121.46510770675296,1.018632879443648,0.0009374665391847652,0.000052370234410541604
975,-0.0049157516077971974,120.86948058516703,1.0178842695136918,0.0008995762302679974,0.000049098134009542236
976,-0.009920811467028709,119.67628577297016,1.0171734549693292,0.0008636165082046015,0.00004604995243966404
977,-0.029831730197847295,116.15886138426619,1.0164981351136981,0.0008294683158004438,0.00004320882022197149
978,0.007620312580975831,117.04740942420239,1.015856172440896,0.0007970211905234725,0.00004055926772166175
979,0.004953968718904536,117.62869728122813,1.0152455794999427,0.0007661725565375904,0.000038087097637343045
980,-0.005160218565204759,117.02327090336746,1.0146645069342768,0.0007368270819982794,0.000035779270165758794
981,0.008706200088841756,118.04654687406872,1.0141112325817543,0.0007088960949785586,0.00003362379947630967
982,0.012528715335679725,119.53482207672285,1.013584151532247,0.0006822970521277199,0.000031609660288080046
983,0.01259196623462488,121.04951700002493,1.0130817670507228,0.0006569530548115735,0.00002972670348079961
984,-0.0319032635794378,117.24859563290464,1.012602682283257,0.0006327924080528315,0.000027965579792849694
985,0.0012327302314474953,117.39322064483368,1.0121455926719387,0.0006097482180933988,0.000026317670766283025
986,0.0036215440490237334,117.81913613479915,1.0117092790122055,0.0005877580248451334,0.000024775026192784777
987,0.026193305447993857,120.94598118643917,1.01129260109289,0.0005667634658892722,0.000023330307397216404
988,0.003189466511566725,121.33235017107626,1.0108944918652691,0.0005467099690335593,0.000021976735768284824
989,0.02297805194649304,124.15260915667615,1.010513952092777,0.0005275464707455584,0.00002070804601020535
990,-0.018332213353781567,121.89735212374262,1.0101500454378276,0.0005092251580554969,0.000019518443646051223
991,-0.008403909431026617,120.87723032610441,1.0098018939464803,0.0004917012317663886,0.00001840256635373663
992,0.019525802773097175,123.26064863907266,1.0094686738955037,0.00047493268902674735,0.000017355448760072172
993,0.007062209365867304,124.13422219523684,1.0091496119698298,0.0004588801235150961,0.000016372490357765418
994,0.030269867758288316,127.94919678402415,1.008843981741458,0.00044350654165844583,0.000015449426245226886
995,0.018323897656049245,130.31533702158112,1.0085511004236238,0.00042877719346141256,0.000014582300420117069
996,0.009894147937948175,131.61109588903417,1.0082703258765244,0.0004146594166607448,0.00001376744138519945
997,0.0011247816272880217,131.75921291567678,1.0080010538431095,0.0004011224930436497,0.00001300143984965429
998,0.007824648963879025,132.79422653288105,1.007742715395449,0.0003881375158790336,0.000012281128330915147
999,0.012462062635550468,134.4594711414793,1.0074947745739846,0.00037567726751007837,0.000011603562481626118
1000,0.0020444901555699063,134.73465341442144,1.0072567262035885,0.0003637161062457152,0.00001096600398375613
1001,-0.02543278551717077,131.35118377575577,1.00702809387182,0.0003522298617686461,0.000010365904867487635
1002,0.006309454849100391,132.18255814064517,1.0068084280560747,0.00034119573834959807,0.000009800893126431094
1003,0.009142396682924828,133.39656452983505,1.0065973043875271,0.00033059222522234045,0.000009268759513189881
1004,-0.0006804620102077768,133.30582411158522,1.0063943220408211,0.00032039901353242173,0.000008767445410475344
1005,-0.03583240014548503,128.61372312903399,1.0061991022394512,0.00031059691932527753,0.00000829503168299318
1006,-0.007851366565369697,127.6078834185372,1.0060112868676467,0.0003011678120869254,0.000007849728424316771
1007,0.0013516610226076613,127.7804826422751,1.0058305371803715,0.0002920945483934373,0.000007429865521043058
1008,-0.0019881676063594673,127.52668600468826,1.0056565326037679,0.00028336091026423635,0.0000070338839637907816
1009,0.015937954347110143,129.57548395922288,1.0054889696190363,0.0002749515478494337,0.000006660327841137734
1010,-0.00028471315377070924,129.53859736583175,1.0053275607233287,0.00026685192611327425,0.0000063078369584802
1011,-0.0019752427913926943,129.28297972174175,1.0051720334617755,0.0002590482752046356,0.0000059751400291034626
1012,-0.007777224776980661,128.2814166674176,1.005022129525259,0.00025152754423172363,0.000005661048389537959
1013,-0.0075518494160908955,127.31630350722062,1.0048776039089902,0.0002442773581818948,0.0000053644501955958164
1014,0.007224671404605874,128.2394526738242,1.0047382241273506,0.0002372859777491507,0.000005084305059385417
1015,-0.01308621345936742,126.57221651896701,2.575069123635737,0.16580479268452872,0.000004819639091130251
1016,-0.012510651675898436,124.99857974198646,2.629427745912932,0.17833000862091938,0.000004569540312810963
1017,-0.06332946285903329,117.32793910246227,2.690392059889714,0.19361428807624984,0.0000043331544135402325
1018,0.03731634297931843,121.78890452761487,2.8188237393371773,0.23097616332678442,0.008513607299178256
1019,-0.024499768589058876,118.84135907513874,2.9829462447027755,0.2924544894074863,0.02802711972884806
1020,-0.020651504124584892,116.41227471089127,3.1076672177779128,0.35429616502423,0.05055775956499363
1021,-0.014470915066717783,114.73981278346632,3.179162422184693,0.39822051543704107,0.06918958236101665
1022,-0.030061292687881925,111.34191418156415,3.2077596236722417,0.41800942421777065,0.08096113061967604
1023,0.03698413993708884,115.53689483601826,3.204555464139876,0.41572140446399497,0.08585345611799172
1024,0.02474266091915367,118.43124434445087,3.1772761523009563,0.3969636029860315,0.08525518988941312
1025,0.018562247223076107,120.65012437018179,3.130978175623687,0.3678235889794365,0.08090477186807957
1026,-0.026894942120200105,117.44849308856928,3.0691496059471217,0.3334289192710349,0.07435852516495814
1027,0.0031732578833295537,117.82177939877525,2.9944794576982177,0.29752939504337206,0.06680499482260722
1028,0.021154317484040414,120.34076853701269,2.9093103022803084,0.26258297473682596,0.05905835969035932
1029,-0.03058071743679024,116.71636241962342,2.815870664731717,0.23002605509139368,0.05162406966406561
1030,-0.01037641608121349,115.51152662878023,2.716362385398646,0.2005662305944127,0.044780470801758704
1031,-0.037911454474833774,111.21428859925072,2.61295636994056,0.17443103464648463,0.03865184641580347
1032,-0.03839620505094464,107.02502259055922,2.5077372625661707,0.1515554759303599,0.03326516757417649
1033,-0.03604742615727196,103.23575301063369,2.402628911140678,0.13171287382028662,0.02859059694678833
1034,0.018159443870162908,105.12758216748607,2.299324324422173,0.11460071515229177,0.024568644956978948
1035,-0.00015257509259043245,105.11154354048168,2.1992351317381194,0.09989381341848658,0.021127403527752792
1036,0.010326879281681127,106.20264188556914,2.10346711743899,0.08727508451756244,0.018192867428771905
1037,0.05488617158658161,112.19463287401122,2.012821491868228,0.07645172447193155,0.01569467278284085
1038,0.02545212746612117,115.08687570369295,1.9278170336738734,0.06716229083661793,0.013568927326445823
1039,-0.0119731601924839,113.71713850962578,1.848726203242289,0.05917839499473141,0.011759276483353828
1040,0.017831477836427852,115.76306992457383,1.7756182853171538,0.05230340729273675,0.010216956200475745
1041,0.037505045156657195,120.1872143765099,1.708403804925106,0.04636967497464931,0.008900308175031653
1042,0.005451130117047982,120.84415944024332,1.646876147734098,0.0412351530356891,0.007774047967512294
1043,-0.009763632049375926,119.67002277869896,1.5907479824662698,0.036779961882381154,0.006808456028466897
1044,0.01508681954344131,121.48915074026127,1.5396814452481857,0.03290314444480297,0.005978585568330422
1045,-0.013806019150122506,119.82339438918541,1.4933120104045225,0.02951974951322913,0.005263534549015423
1046,-0.002229681338542595,119.5565240312851,1.4512665636873927,0.026558283258934955,0.004645801443977466
1047,0.010553019770063643,120.82488715252838,1.4131764909038886,0.0239585241968205,0.004110728761726711
1048,0.003097843148963481,121.19976405654626,1.378686687328964,0.021669673298787818,0.003646030034927011
1049,0.005824264725196335,121.9077232365975,1.3474613599764553,0.019648801042915498,0.0032413920779175787
1050,-0.001714465131794183,121.69889576067709,1.319187395244048,0.01785955094424281,0.0028881429468289276
1051,0.021080942520872985,124.291656083558,1.2935759388336958,0.016271060938645873,0.0025789760529871305
1052,0.0036391998127303883,124.74480229980011,1.2703627076122852,0.014857067733848383,0.0023077215943507067
1053,-0.02401028808206001,121.78531490811177,1.2493074372935364,0.013595163669339933,0.0020691574805099854
1054,0.03522738745102927,126.15195447147921,1.2301927711188547,0.012466180067620108,0.0018588530099791201
1055,-0.006282251751315673,125.36192032958878,1.2128228142616493,0.011453675174508352,0.001673039596170311
1056,-0.013946909690150288,123.62564493065739,1.19702151525486,0.010543508431858728,0.0015085037751370789
1057,-0.016037760814821948,121.65878061429144,1.1826309870495975,0.009723485965635513,0.0013624985440547272
1058,-0.01620170869464252,119.70358203854191,1.1695098437602345,0.008983064826416354,0.0012326697738826164
1059,0.007508296039570898,120.60573454533487,1.157531602260773,0.008313105735110366,0.0011169950217524828
1060,0.013955871466890712,122.30069247233044,1.1465831783984084,0.007705665920697818,0.0010137325514401425
1061,-0.023301197989412915,119.48388476649554,1.1365634938794789,0.007153825146161503,0.0009213787678836609
1062,-0.00914033345454976,118.39673822708416,1.1273822004151604,0.006651539256296302,0.0008386325975792931
1063,0.00113417266005034,118.53109674909895,1.1189585213612885,0.006193516593389845,0.0007643656129372878
1064,-0.019981140586833028,116.18621496223152,1.1112202069857826,0.005775113453857256,0.0006975969158253498
1065,0.008985040979084858,117.23485685524957,1.1041025969993128,0.005392245434426116,0.0006374719724726519
1066,-0.009700816249649866,116.10308149876893,1.0975477826085829,0.005041312068330317,0.0005832447360755369
1067,0.022853433594356036,118.786986978359,1.0915038597442512,0.004719132603157173,0.0005342625109594576
1068,0.013488583491380164,120.40011008494461,1.0859242650217877,0.004422891141284808,0.0004899531080209671
1069,0.0054246381535189075,121.0550118122822,1.0807671862309771,0.004150089666539741,0.0004498139194786947
1070,-0.0003125488348101196,121.01718212151313,1.0759950395895113,0.0038985077292161656,0.0004134026050140355
1071,-0.005668778469944593,120.33310330255756,1.071574006548655,0.0036661677659967184,0.0003803291338616406
1072,0.013174448186776105,121.92891442112922,1.06747362354325,0.003451305199756234,0.0003502489704849637
1073,-0.004264516844736238,121.41005364332123,1.0636664186936642,0.0032523426033226758,0.00032285722689596183
1074,0.011629705788109781,122.8302591260029,1.0601275900674918,0.003067867326368371,0.0002978836338678281
1075,-0.0004885783471615593,122.77026157896232,1.056834720677857,0.0028966120800534944,0.000275088207391915
1076,-0.007197285476414995,121.88982114955408,1.0537675259240573,0.0027374380533695523,0.0002542575066732112
1077,0.0019820570632935884,122.13165331391107,1.0509076296647923,0.0025893202012017367,0.00023520139649557467
1078,0.027721400104528303,125.56467801962253,1.0482383655533152,0.0024513343992810716,0.00021775024052947468
1079,-0.017277832680008903,123.41382705022887,1.0457446006585498,0.00232264620733605,0.0002017524635981634
1080,0.011511787438387449,124.84274974114726,1.0434125787487643,0.002202501020436185,0.00018707243046771623
1081,-0.0033813130027724515,124.42133020534084,1.0412297809277677,0.0020902154210219125,0.00017358859671251216
1082,0.01598655413479267,126.42638277450078,1.0391848015910998,0.0019851695714827354,0.00016119189390046204
1083,-0.005751636149829358,125.70131139328511,1.0372672379146863,0.0018868005102385165,0.0001497843169627872
1084,-0.00462192560331299,125.12166984570896,1.0354675913042715,0.001794596233805844,0.00013927768634289548
1085,-0.0022327796869756537,124.84261237573442,1.0337771794237416,0.0017080904638772044,0.00012959256150715405
1086,0.005030146979435308,125.472171124356,1.0321880575871658,0.0016268580124890067,0.00012065728577009213
1087,0.007318707841839778,126.39383386330195,1.0306929484456688,0.0015505106703061664,0.00011240714523932588
1088,0.013032711540177986,128.0518691198528,1.0292851790285462,0.0014786935532389656,0.00010478362710527568
1089,-0.02449842450309052,124.95291481161074,1.0279586243105054,0.0014110818513093169,0.00009773376455718371
1090,-0.00483018423333777,124.3508244867727,1.0267076565755082,0.0013473779311294187,0.00009120955735786758
1091,-0.001729228546080153,124.1359793030903,1.0255270999341135,0.0012873087497392312,0.00008516745860320259
1092,0.01200029085712548,125.63462124563014,1.0244121894269969,0.001230623543031786,0.00007956791946864654
1093,-0.00655702412421935,124.81352691284033,1.0233585342137754,0.0011770917567127484,0.00007437498483774443
1094,0.00414792197854691,125.33231889484534,1.0223620844045824,0.0011265011918068018,0.00006955593364454272
1095,-0.012570031079834718,123.7667480024539,1.0214191011430196,0.001078656340234324,0.00006508095856675346
1096,0.02151561990252573,126.45852004186074,1.020526129594079,0.0010333768890184586,0.000060922880399110274
1097,-0.0010127010235890337,126.33052019290118,1.0196799745301448,0.0009904963743134667,0.000057056893033310994
1098,-0.013809046716550068,124.59800585452528,1.0188776782429432,0.00094986096872822,0.00005346033548628053
1099,0.001575891065286367,124.79451353538539,1.0181165005399089,0.0009113283874029204,0.00005011248786407937
1100,-0.010110318306860546,123.53915799600409,1.017393900610382,0.000874766900024532,0.00004699438853466548
1101,-0.013858836436655749,121.83885831366109,1.016707520570818,0.0008400544374724619,0.00004408867011740104
1102,-0.006050978383764028,121.10384004820334,1.0160551705191563,0.0008070777831011186,0.00004137941218790912
1103,0.015988533891625748,123.05567480801817,1.0154348149470136,0.0007757318398160403,0.000038852008849773616
1104,-0.0010418239567435848,122.927539216944,1.0148445603747345,0.0007459189651074537,0.00003649304954488019
1105,0.014736110251733197,124.7524258298088,1.0142826440888117,0.0007175483670884593,0.00003429021166638259
1106,-0.006216003776580657,123.97936942962116,1.013747423874019,0.0006905355553608173,0.000032232163706170716
1107,0.026337065149984348,127.288000730626,1.0132373686439562,0.0006648018412135841,0.000030308477815583695
1108,0.00656874823691781,128.12687572397857,1.0127510498838006,0.0006402738822606945,0.000028509550786756757
1109,0.0017246986282879676,128.34804664255216,1.0122871338280033,0.0006168832671534168,0.000026826532574823994
1110,0.014142160785058179,130.176060923648,1.0118443743036378,0.0005945661364714316,0.00002525126158028981
1111,-0.007062494702978453,129.2599320684635,1.0114216061771821,0.0005732628363098872,0.000023776205998013512
1112,-0.01899601386888198,126.8276832612508,1.0110177393488238,0.000552917601445892,0.000022394410615962265
1113,-0.010444730763200596,125.50989620181045,1.010631753243997,0.0005334782652923918,0.0000210994485145056
1114,-0.006030389488505957,124.75530018377567,1.010262691756875,0.0005148959941353043,0.00001988537717669853
1115,0.0017457624940891193,124.97328352598493,1.0099096586050174,0.0004971250434055845,0.00001874669857272495
1116,0.02019348961750595,127.52258322964985,1.0095718130583733,0.00048012253396540323,0.000017678322828311212
1117,0.005310236637752826,128.20155949004888,1.0092483660094225,0.0004638482465902185,0.000016675535128220343
1118,0.012333608389775574,129.79253840723888,1.0089385763544394,0.00044826443300911443,0.000015733965542551965
1119,0.018484856138530802,132.21404647164314,1.0086417476587395,0.00043333564202695804,0.00001484956149606816
1120,-0.0015000416633695979,132.01586856816937,1.0083572250813424,0.0004190285593959131,0.000014018562629635822
1121,0.027675107123182163,135.72044774015458,1.0080843925367997,0.00040531186023263024,0.000013237477828552412
1122,0.004775673348393951,136.3701544238819,1.007822670074016,0.00039215607289272577,0.00001250306421538161
1123,-0.021944688308424783,133.41015085463246,1.0075715114537571,0.0003795334533174834,0.00001181230792529733
1124,-0.01301365002934381,131.68524583953314,1.0073304019082232,0.0003674178689604116,0.000011162406500108108
1125,-0.005176503541444873,131.00533798903092,1.0070988560675844,0.00035578469148452274,0.000010550752753361655
1126,0.012963766896739707,132.7147167068923,1.0068764160397357,0.0003446106974960226,0.000009974919973433938
1127,0.0065295973328375325,133.58412572354604,1.006662649630767,0.00033387397664741723,0.000009432648344483412
1128,0.015380867298434233,135.65464782870313,1.0064571486947558,0.00032355384650366585,0.000008921832476771025
1129,0.009657059677517676,136.97101876441064,1.0062595276024968,0.0003136307736196594,0.000008440509948261375
1130,0.029872469978700234,141.12440855952383,1.0060694218196904,0.0003040863003266079,0.000007986850768763479
1131,-0.018875468967296565,138.4856018685708,1.0058864865859427,0.0002949029767694432,0.0000075591476862584735
1132,0.014270280743932598,140.47599826686186,1.0057103956866709,0.0002860642977775889,0.000007155807262600331
1133,0.013510689169389462,142.386804906227,1.005540840310684,0.00027755464418785053,0.000006775341652556169
1134,0.0013106079460026656,142.5735405260071,1.0053775279868324,0.00026935922827114027,0.0000064163610262564045
1135,0.010310349503538254,144.05112768948212,1.0052201815936632,0.00026146404294461866,0.000006077566580623805
1136,0.02029243592226116,147.0041365062167,1.0050685384365383,0.00025385581447791923,0.000005757744090308602
1137,-0.014796262006552426,144.845037474614,1.0049223493871275,0.0002465219584267075,0.000005455757953130703
1138,-0.008466048482084768,143.62394855730145,1.0047813780806072,0.0002394505385491583,0.000005170545689070384
1139,0.00873570411666193,144.88410102172566,1.0046454001662775,0.00023263022848123358,0.000004901112855500296
1140,0.009492377809836085,146.26594375800224,1.0045142026076674,0.00022605027596511452,0.000004646528344654268
1141,-0.009433620557287335,144.8926142635446,1.0043875830284987,0.00021970046944195775,0.000004405920032317644
1142,0.0036375219936949257,145.4206240761056,1.0042653491011855,0.00021357110683546465,0.0000041784707494316035
1143,-0.011333152546289792,143.78185371762015,1.0041473179748017,0.00020765296636672824,0.0000039634145507582974
1144,-0.0025259845450662033,143.41912129838175,1.0040333157396923,0.00020193727925356617,0.000003760033256980016
1145,-0.032092677498863194,138.88949044641694,1.0039231769261272,0.00019641570415919362,0.000003567653248626553
1146,0.0071307242956064635,139.88341259122862,1.003816744034597,0.00019108030326572532,0.000003385642492060706
1147,0.024929498623748537,143.41446676663742,1.0037138670955366,0.00018592351985772463,0.000003213407779420512
1148,-0.014161852716452377,141.39776602566818,1.0036144032564318,0.0001809381573099189,0.000003050392165934642
1149,0.0064737575682862316,142.316110245257,1.0035182163944196,0.00017611735938135169,0.0000028960725894088553
1150,-0.0022497736650791125,141.99629110354866,1.003425176752636,0.00017145459172571032,0.0000027499576579396725
1151,-0.008945596057040591,140.73171427149697,1.0033351605986967,0.0001669436245344153,0.0000026115855930581165
1152,0.020372013876579036,143.62810519481798,1.0032480499038134,0.00016257851623534215,0.000002480522316552135
1153,-0.020096072425018468,140.77055334342214,1.003163732041167,0.00015835359817581267,0.0000023563596701705412
1154,0.016667435441853656,143.13649981131564,1.0030820995022494,0.00015426346022379302,0.000002238713758282594
1155,-0.009547880232578467,141.7763532452554,1.0030030496299887,0.0001503029372261062,0.0000021272234043633715
1156,-0.01572043242747345,139.56499495976107,1.002926484367555,0.00014646709626694697,0.0000020215487129027666
1157,0.005845542156424144,140.38321716765313,1.0028523100218238,0.00014275122467411025,0.000001921369729001564
1158,-0.0026231219158204763,140.01545742428092,1.0027804370405455,0.00013915081872414173,0.0000018263851885272302
1159,0.00531045684351327,140.76098125237556,1.002710779802342,0.0001356615730011175,0.0000017363113522599202
1160,0.02015818753632046,143.6272599426343,1.0026432564187078,0.0001322793703669852,0.0000016508809179703411
1161,0.008333332991346129,144.8291546654431,1.0025777885472538,0.00012900027250437566,0.0000015698420048397162
1162,0.02083735924360682,147.87867340912464,1.002514301215486,0.00012582051099553984,0.000001492957205061925
1163,0.01941233121775755,150.7773875686928,1.0024527226544564,0.00012273647890360172,0.0000014200026978623724
1164,-0.0044091958490141345,150.1140440177872,1.0023929841416748,0.00011974472282466369,0.0000013507674215303757
1165,0.01751499797922365,152.76645184690707,1.0023350198527043,0.00011684193538146522,0.0000012850522993946456
1166,0.013865984664647411,154.89946310088848,1.0022787667209117,0.00011402494813130203,0.0000012226695159773418
1167,-0.006403995234248553,153.91065721084345,1.0022241643048706,0.00011129072486276683,0.0000011634418398435095
1168,0.0038683717756908416,154.50719392216854,1.0021711546629566,0.00010863635525759128,0.0000011072019899215639
1169,-0.008884538042006056,153.14054887462814,1.0021196822346974,0.00010605904889545945,0.0000010537920423087877
1170,0.007838164501516094,154.3456062379152,1.0020696937284765,0.00010355612958113887,0.0000010030628747952892
1171,0.004647865180585769,155.0646535299172,1.0020211380152104,0.00010112502997464315,9.548736465421204e-7
1172,-0.017944091684049625,152.30697518168407,1.0019739660276459,0.00009876328650640934,9.090913105357035e-7
1173,0.004898286627755723,153.05484855527982,1.0019281306649483,0.00009646853456065113,8.655901566126983e-7
1174,0.0034715445860855885,153.58710863390357,1.0018835867022708,0.00009423850391114479,8.242513830081312e-7
1175,0.006592445843563346,154.60296815013393,1.0018402907050143,0.00009207101439471978,7.849626945261186e-7
1176,0.009451160699515987,156.0710723630472,1.001798200947511,0.00008996397180867266,7.476179255678247e-7
1177,-0.029690985573446713,151.50528517679535,1.001757277335873,0.00008791536401920127,7.121166863763366e-7
1178,0.00008707224126829734,151.51847765588076,1.0017174813347716,0.00008592325726877514,6.783640309737128e-7
1179,-0.018910801890503176,148.68006466363158,1.0016787758979258,0.00008398579267111855,6.462701453723633e-7
1180,-0.008264035597144446,147.45643035931778,1.0016411254020854,0.00008210118288319278,6.157500547418167e-7
1181,-0.01601815362663131,145.11326727844929,1.0016044955843206,0.00008026770894422441,5.867233483034716e-7
1182,0.014008039002644712,147.16032373608147,1.0015688534824279,0.00007848371727244305,5.591139208107018e-7
1183,-0.006391333978224812,146.2227722525799,1.0015341673782816,0.00007674761681076555,5.328497295502075e-7
1184,0.02500968744450271,149.92587174709718,1.001500406743972,0.00007505787631320024,5.078625658732834e-7
1185,-0.012432035159638814,148.07352610870532,1.001467542190573,0.0000734130217642449,4.840878403331416e-7
1186,-0.00678508225774003,147.07223581376397,1.0014355454193995,0.0000718116339240187,4.6146438056700773e-7
1187,-0.004925712865859295,146.34958146464302,2.2450535230674316,0.10641807651396004,4.3993424111977033e-7
1188,0.006282900455133738,147.27197593868715,2.2941873932510424,0.11380388925465713,4.194425244598604e-7
1189,-0.020239194364804168,144.3212704668247,2.3485335947190285,0.12248510690923772,3.9993721248807385e-7
1190,-0.010040312122707938,142.87948994052172,2.454628720887752,0.14119215950390027,0.003814765758908134
1191,0.01342046307209642,144.80992354153187,2.607791198064733,0.1732273775129626,0.013587652264409248
1192,0.004128279960941906,145.40897512256515,2.7425325969394048,0.2078621592136136,0.025862853096254777
1193,0.011113518092822834,147.03399350855975,2.83073355514449,0.23485667828739232,0.03686661592741333
1194,-0.040154711162080296,141.24685400399497,2.8737953776844387,0.24957214797677374,0.04458624443569968
1195,-0.024089115099670193,137.88499692959442,2.880641889038346,0.25201611583749506,0.04861966004224675
1196,0.018426246963836893,140.44925218359774,2.8596019304042084,0.2445990544858606,0.049474108846730015
1197,-0.0036056665218599324,139.94375089916932,3.105386308024099,0.3530104100084822,0.04798692288736001
1198,0.016212296101040066,142.2310515247326,3.0901155047739435,0.3445682692265237,0.04499109753080039
1199,0.03643973556335016,147.50950202996876,3.076883370073723,0.33747903072219404,0.04117028979752418
1200,-0.006184931569271437,146.5999814148301,3.113645860697843,0.3576977474875826,0.0478560695457008
1201,0.028088298113410935,150.77610088077768,3.1687265258201522,0.39133809627930144,0.06117969517612045
1202,0.0007304137285505139,150.88627004443518,3.2103202770379884,0.4198512788350369,0.07463686587791732
1203,0.014731487323364035,153.12550233415217,3.227872593173795,0.43280537126599994,0.08408208604973999
1204,0.029547373639281425,157.71746490370052,3.2217447182612977,0.42821644203256026,0.08821813375121958
1205,0.043504161256891334,164.73026797976277,3.195022218142486,0.40902164027634336,0.08754773675560205
1206,0.01267289755072616,166.8311618786504,3.1507682143635596,0.37989067014579087,0.08331931430335196
1207,0.018129536477229258,169.88331699412365,3.0915512142740185,0.3453498833072742,0.07686863067121974
1208,-0.013470714455242932,167.61021188815263,3.0195811392405547,0.30898749811016907,0.06931401721494193
1209,0.07723041367126797,181.06779696201335,2.936914675157226,0.2732962204294873,0.06146997782302342
1210,0.04569589742979157,189.53381036361986,2.8455937942151923,0.2398107942810941,0.05386792574451114
1211,0.017102565458174394,192.80320256856538,2.747699661471077,0.20933871943899252,0.04681597916997349
1212,-0.03927000332613705,185.3785572111438,2.645337015572228,0.18218594231397423,0.04046324092820593
1213,-0.05316351342155686,175.78057356880848,2.5405731828538256,0.15834022967999814,0.034854321284934715
1214,0.042558852821095054,183.42306750759528,2.4353570045388935,0.13760554407964687,0.029970427220634498
1215,0.0615160661032925,195.06081759650706,2.9505233965129745,0.2787851663436947,0.02575801630428752
1216,-0.060537009422980355,183.60273702613122,2.9433876741048177,0.2758894099297499,0.02214757973233768
1217,0.013518371038326794,186.1015991669866,2.9505141599910854,0.2787813926066669,0.01906524422000127
1218,0.02328251335176236,190.48534643652576,3.032921719277061,0.3153191049473293,0.028906525051428544
1219,0.06724534570299161,203.73509900282184,3.3198246042893733,0.5115940577060327,0.048490889669735575
1220,0.016217125847148503,207.06603282804215,3.3803108409520983,0.5761705218328909,0.06925350442209244
1221,0.07695023577992585,223.62889905131897,3.4195374881458065,0.6252438629715256,0.08512145358354362
1222,-0.038650710531670525,215.15038889019087,3.4662286810904006,0.6930576616954068,0.110894801163755
1223,0.006025512365964815,216.45069378645016,3.502244043225709,0.7540574881639317,0.13809106709357602
1224,-0.031932663156463474,209.6480381896435,3.519118142708647,0.7857807810315403,0.15802177880380922
1225,0.01354039387433927,212.50606091216602,3.517071373970806,0.7818147149404988,0.1672366806507016
1226,-0.03160698598592418,205.8944222193631,3.4984101466176747,0.7471473345514389,0.1663823191588269
1227,-0.12478940579935358,181.73945911436874,3.465137813000518,0.6913382193354338,0.15798747034871258
1228,-0.008864643447158446,180.1355232720647,3.4186324931279355,0.6240370672264406,0.14490654315660823
1229,-0.05004936492298215,171.34175165307266,3.3598584966139304,0.5529695741015013,0.1295604890729589
1230,-0.007450584257211181,170.06989940028828,3.289631901009999,0.48347439255761715,0.113706134993234
1231,0.03321702546570806,175.8139882064265,3.2088302567605704,0.4187780705029033,0.09847160385493213
1232,0.009247122076158751,177.4473017041151,3.1185292532269346,0.3605104186921503,0.08449040189992685
1233,0.03370757166132892,183.5305694609826,3.0200677935830758,0.3092154406735991,0.0720481835685631
1234,0.012198621659094957,185.7831003945222,2.9150476035303647,0.26476474125894445,0.06120684620866796
1235,-0.005802158142917318,184.70827862402035,2.805278127667068,0.22665670179895966,0.051896963626560565
1236,0.06178094744395625,196.47960914061363,3.2166235756015356,0.42443648542977763,0.043981105219390366
1237,-0.005219159489096201,195.4568220902169,3.205117394596138,0.4161213328116109,0.037294339494597664
1238,-0.08879849327269436,178.84884412859552,3.2079441954610317,0.41814178675444624,0.031668417969658524
1239,-0.0292142473049755,173.69949320219126,3.284362799187415,0.4788102400057435,0.048628655791470334
1240,0.060768116189376234,184.5821961335772,3.375611263618469,0.5707048650618657,0.08085604542076334
1241,0.026020644275161754,189.44817723097626,3.438336055987014,0.65119082735636,0.11339059365853423
1242,-0.013202388185585053,186.96344713101172,3.4683537152496164,0.6964274328772603,0.13677378486995442
1243,0.0002672270141037114,187.01341549088548,3.4720854673032786,0.702410706902282,0.14828241913108764
1244,0.036566868435928566,193.978479657613,3.455325216131716,0.6761810778242697,0.14925708003836025
1245,-0.03967743310749084,186.43260196487918,3.421816308516881,0.6282993651129967,0.14258803469208667
1246,0.05925525948173282,197.81357557792967,3.3738491942897775,0.5686767083842996,0.1312382895912627
1247,0.05854673181986955,209.7406529422129,3.312931040792243,0.5049560913345357,0.11761133048449521
1248,0.008369905599489517,211.50352967205833,3.240255150810201,0.4423041143087517,0.10340712559857433
1249,0.013511936690242915,214.38074658623628,3.156996452605504,0.38380558289562683,0.08970070621716954
1250,-0.02136648844662237,209.84877145101456,3.06447904190154,0.3310154129680539,0.0770913605751192
1251,-0.01433542608377739,206.8619596590243,3.219763640437047,0.42674830772058125,0.06585039591995989
1252,0.03518714317790896,214.27041791882323,3.178364412110439,0.39768805859038087,0.05604079953413074
1253,0.05551137822862575,226.50119722489185,3.1476221906123185,0.37793490755380466,0.04760422272688825
1254,-0.0035449829545357043,225.69967587070357,3.175462653159082,0.39576060347551556,0.05322715403649518
1255,-0.038531093595336546,217.1686312137709,3.2281107931177266,0.4329852211790712,0.06782116263448279
1256,-0.0037393827913839127,216.35807101331818,3.2696806356985544,0.46616879134846345,0.08322192029698444
1257,-0.021071266439989057,211.8468281666528,3.2880041912277846,0.48202619236760974,0.09422311231162298
1258,-0.02490889214481781,206.63513656922157,3.2831236473126473,0.4777233142271833,0.09913681442342032
1259,0.007127584206393175,208.11320718404042,3.2580308370981186,0.4564942082498764,0.09848584323443287
1260,0.017634151244755227,211.81565578152419,3.215657129448602,0.423728680269188,0.0937094481605186
1261,0.02009743946033256,216.11567303559085,3.158388193561761,0.38468831658200225,0.08636235571680997
1262,0.02955130597705718,222.59747457086075,3.088226830631458,0.3435438057599922,0.07774657087502664
1263,-0.002035565925804401,222.14482359320493,3.007024957422438,0.3031835954626727,0.06880760629982016
1264,0.03154714577212845,229.26457213012242,2.9166448640823637,0.2653762557453847,0.060159204855639435
1265,-0.0185600880812851,225.04864647658408,2.8190314757717934,0.23104317834726928,0.052154342776344544
1266,0.020238985448893545,229.64980711126714,2.7162091057505235,0.20052437434764375,0.044961187858769985
1267,-0.021754657806651104,224.70780483134905,2.610225193601427,0.17379346490394257,0.03862720896247443
1268,0.011785629226149757,227.3717952692423,2.503065857104295,0.15061442725162866,0.03312723873676067
1269,0.0024004514003097134,227.91824581518148,2.3965664878920503,0.13064774535515897,0.028396799939937226
1270,-0.09876836919334586,206.48311148351863,2.292335690865843,0.11351783403388291,0.024353808210737873
1271,0.006486320551881148,207.82678015507153,2.1917038208350275,0.09885303922270029,0.020911868637950894
1272,-0.011001827762445513,205.55283741506216,2.0957000135556867,0.08630730620349096,0.017987850465777108
1273,0.010533698374401254,207.72951310021793,2.005055590744057,0.07557019529573608,0.015505756137719321
1274,0.007205848609988262,209.23178660078904,1.9202279541533835,0.06636986654314692,0.01339830266262446
1275,0.016874765860854086,212.79248247064203,1.8414376403216257,0.05847208698063741,0.011607165680679966
1276,0.015513644757119707,216.11940910474618,1.7687115582900383,0.051677197617328086,0.010082498002807298
1277,0.007278281677348811,217.69812524136285,1.701926826657935,0.04581621909174001,0.008782101450693556
1278,0.015712309692217097,221.14567919584718,1.640851382964441,0.04074677905008697,0.007670476694748927
1279,-0.014572264147472168,217.94645254446544,1.585179190425103,0.03634923064093422,0.00671787714900719
1280,0.016350318187294696,221.53923794480679,1.5345591764834945,0.032523139759710946,0.0058994318507515076
1281,-0.005852021047268516,220.24657170564532,1.4886179415281382,0.029184205956228823,0.0051943656724119
1282,-0.033822560721406617,212.92183755033835,1.4469768150310682,0.026261619028530733,0.0045853242612043455
1283,0.004715325112534062,213.92820404589756,1.4092640946724186,0.023695820972960375,0.004057799833139175
1284,0.012498048188393788,216.6186667944234,1.375123371564181,0.02143662872573097,0.0035996485060581273
1285,0.015704136713891217,220.0473275669244,2.5047917614413455,0.15096142356317496,0.003200687798143116
1286,-0.022106618897984907,215.23619997160938,2.5433090025167506,0.1589193252223518,0.002852362731274377
1287,-0.07038030387008752,200.60859593920742,2.590732507990035,0.1693148231626265,0.0025474697491252246
1288,0.08618701705180569,218.66540770312113,2.708427003414651,0.19841236321114386,0.009462975882716907
1289,-0.011666998849869692,216.1290631775693,2.858325312465512,0.24415781475527054,0.024123574240400278
1290,0.026930632348426423,222.02863861062923,2.9769287604594465,0.2898520675863086,0.040931086728196675
1291,-0.0418628816681289,212.92574600692294,3.047495320224674,0.3224386237200898,0.05494972913764859
1292,0.006366106109706693,214.28557772346753,3.0763766452846895,0.33721158652241306,0.06395766410093201
1293,-0.024132803731094894,209.17616611863846,3.0730268763627,0.3354509678061316,0.06785021633699764
1294,0.023196753047939438,214.08508941029933,3.0448801088694593,0.3211450407208579,0.06758644650803261
1295,0.029675245740377512,220.53332026897235,2.9972325853673354,0.29875810026679483,0.0644245501758934
1296,-0.030556361166117756,213.89653881521645,2.933979642604917,0.27213077534430563,0.05951941324802687
1297,-0.007832446810914096,212.22774943522714,2.8582349704583594,0.24412662707024027,0.05377112446386682
1298,-0.05210666376409007,201.45244006239975,2.7727138830590565,0.2166626663403004,0.04780887082344789
1299,0.06808424973211974,215.64587049270656,2.6799278245346803,0.19089045157048085,0.04203266306701414
1300,0.016693754745639194,219.2760259244992,2.5822512916214633,0.16740462702636477,0.03667043661776189
1301,0.019045374816803462,223.49224229348778,2.481912081201708,0.14642551951550792,0.03183107447205836
1302,-0.012932619755399437,220.62051163124156,2.3809445486919234,0.12793983191646302,0.02754660813542418
1303,-0.08461259330276637,202.72117045270187,2.28113518662715,0.11180069339890991,0.02380293960846774
1304,-0.022711944412419516,198.16886997947253,2.183979727063269,0.09779459057045328,0.02056083197421038
1305,0.021972225507074106,202.5712692196274,2.090661527196609,0.08568372313751493,0.017769503286474482
1306,-0.02013241458707855,198.5337988275664,2.002053222454199,0.07523122490418,0.015374969612038212
1307,0.004325006256630057,199.39431828428218,1.9187383208027429,0.06621500289841738,0.013324843430099355
1308,0.012742699303912445,201.95139757062788,1.8410467173161265,0.0584343388109763,0.011570839213335559
1309,-0.0021664124922883632,201.5143611116481,1.7690975781733422,0.05171209444093077,0.010069856801304743
1310,-0.043234046115162975,192.9877284566958,2.7248669229326756,0.2029043423726048,0.008784223957393656
1311,0.003358441273013031,193.63695599518368,2.749834693742167,0.20995239809285868,0.007681473085412807
1312,0.006284488502389141,194.8576970676495,2.786435567437402,0.2208084943209541,0.006733885919295236
1313,0.03188931267111724,201.17171487363208,2.9000874245024058,0.2591234249198602,0.016412781711459573
1314,-0.00550700476075926,200.06690616763058,3.037980932355058,0.3177661962580603,0.035740287466937894
1315,-0.05662775320024357,189.0523740870434,3.1409037630554195,0.37380627530211014,0.05688511906977672
1316,-0.08892711213864932,172.96633429402263,3.4671358707175117,0.6944929490861651,0.07371933029146967
1317,0.0559967512119582,182.92820021785607,3.4909400099479453,0.7339822590535633,0.08381776760452304
1318,0.04339391527943254,191.04091936148154,3.506676334463881,0.7621800380506037,0.08738751822942603
1319,0.008384927890592194,192.64951826273784,3.5562318946647204,0.8640431333162435,0.12107020842254791
1320,-0.09154765882522596,175.79611950570845,3.604390745056042,0.9874860278831121,0.16885664675692882
1321,-0.053042350506010874,166.7144654196848,3.632947344117162,1.0759821384963324,0.21013232935199366
1322,-0.04922187976565586,158.7071502081862,3.6416451575771136,1.105738577320423,0.2346198786035277
1323,0.0018292895821881861,158.99773724757014,3.633932787027697,1.0792824488328248,0.24124571114671117
1324,0.006781806463509614,160.0796937928083,3.6124966108718484,1.0112801658650277,0.2336196930069852
1325,-0.04671872573397508,152.77298352388607,3.6086670091683146,0.999915827550423,0.21661967706624294
1326,0.039318464905210314,158.89943480382473,3.572794905944597,0.9033582259710615,0.19463345434855672
1327,0.0690352127092685,170.25660315274027,3.530705692485303,0.8088865511348812,0.1709448841878747
1328,0.027451942568871162,174.99522220839364,3.496492388839269,0.7437302833667594,0.15702051630219085
1329,0.06620854638270753,186.97356033346892,3.4672843064894314,0.6947282583971262,0.1489276963541801
1330,0.03620629892856396,193.86722493456367,3.4363989630433167,0.6484371399135411,0.14194942120604184
1331,0.008583379074163702,195.5384228183434,3.3988948263340015,0.5986210728408081,0.13363249839835353
1332,0.04864648794559993,205.28584714499195,3.3521543822780884,0.544609931270945,0.1234471156260079
1333,-0.07248485951647603,190.93222548802495,3.2951047238708857,0.4883927020636958,0.11186651135456609
1334,-0.06690178014787893,178.57643994712848,3.2275747947233038,0.43258067826619184,0.09967537514200618
1335,-0.008556772530508867,177.05492090096462,3.1499693704829808,0.3793926881854678,0.08760241207903294
1336,-0.079780536479896,163.4781652488663,3.063130578613593,0.3303230735549857,0.07618166827959404
1337,-0.00744037236723556,162.2663406291684,2.9682699388859333,0.2861605975831393,0.06573733190581421
1338,-0.043258920971773286,155.39653528190476,2.866906673022569,0.24714292661169562,0.056420544366727
1339,-0.06319514995357348,145.88009136579703,2.7607865034521444,0.21313355305892775,0.048259196019928195
1340,0.03854238317195142,151.6124168837973,2.651778599952897,0.18377307316459907,0.04120311489762223
1341,0.04299997045412505,158.27394263854265,2.5417612013685416,0.15859143263937306,0.03515885987074617
1342,0.059850886129821645,168.0359982931652,2.4325113853531954,0.1370834249098495,0.030013895030369653
1343,-0.05402803348387517,159.1982368872636,2.3256133855590058,0.1187551346379078,0.02565203204141105
1344,-0.014501167853619793,156.90633432640152,2.222394952483554,0.10314959621019901,0.021962455623918128
1345,-0.029701340796069703,152.31453467785127,2.1238949519616748,0.0898586371645472,0.018844381043503732
1346,0.015420479273835868,154.6815007753262,2.030859773518457,0.07852613234358596,0.01620892304257333
1347,-0.04326729480637865,148.1315713334554,1.943762409906705,0.06884630558649728,0.013979298016014198
1348,-0.013878521948375447,146.08992436121792,1.8628365550896795,0.060559468940796356,0.012090110301748534
1349,0.00018649335517982528,146.1171717020151,1.7881183494938244,0.05344668978876889,0.010486200254702574
1350,-0.024327379807398037,142.60541290742594,1.7194897780573646,0.04732426352234058,0.009121342691997802
1351,0.05122198924843036,150.1002576538356,1.6567195196752569,0.04203847075858237,0.007956959479471616
1352,-0.008526479522142739,148.8258716146517,1.5994987692684683,0.037460849525524496,0.0069609309739821065
1353,-0.009306137842251466,147.44730206717466,1.5474709450245552,0.03348406478083721,0.006106543016536798
1354,-0.03255323306907797,142.7247006920046,1.5002551735053438,0.030018374367845494,0.005371578405956503
1355,-0.0021148879685693586,142.4231729008305,1.4574640459433073,0.026988647606737463,0.004737546789028357
1356,-0.014547475856580531,140.36627285834803,1.4187164421217227,0.024331874011502976,0.004189039687640328
1357,-0.022429484395536867,137.25297508273576,1.3836463151223786,0.021995094776740214,0.0037131947186709235
1358,0.007710947540757925,138.31541652424391,1.351908300278176,0.019933692268765273,0.0032992529216953133
1359,-0.013438026610269783,136.46916306100462,1.323180914619428,0.01810997891402961,0.002938194257011693
1360,0.01548188224826377,138.59840236071634,1.2971679892947112,0.016492034361608378,0.0026224380433636997
1361,0.008695241911250855,139.80880373789924,1.2735988514595555,0.01505274737024802,0.0023455969595587156
1362,-0.0003360554335630754,139.7618281233906,1.2522276571728987,0.01376902590736771,0.0021022750190134725
1363,-0.00986348472613506,138.3900657662818,1.2328321786722467,0.012621145176543442,0.001887901537893306
1364,0.014253142526111815,140.37668323681538,1.2152122692824676,0.011592208639921126,0.0016985945183601906
1365,0.00039799793599431757,140.4325639864793,1.1991881660023411,0.010667701606253695,0.0015310480565640557
1366,0.010600177868010777,141.92909186109114,1.184598741263047,0.009835120696749015,0.0013824393762673086
1367,0.002738058495609834,142.31823452140335,1.1712997789030324,0.00908366558033158,0.001250351906761829
1368,-0.003046320732941016,141.88534722444777,1.1591623225966625,0.008403981888652538,0.001132711493214374
1369,0.006206483086056689,142.7686946369679,1.1480711256499856,0.0077879462728746695,0.0010277333728177546
1370,0.0009787140356547878,142.9084927622957,1.1379232174375264,0.0072284862312834855,0.0009338779926978976
1371,-0.0001618734237572151,142.88536154750335,1.1286265923557515,0.006719428689420103,0.0008498141040469072
1372,0.009306529801922916,144.2213354207927,1.1200990208837542,0.006255372411481778,0.0007743878571013441
1373,0.0058139740015323215,145.0622767521031,1.1122669783063983,0.005831580211692616,0.0007065968563585519
1374,-0.0012020483173941574,144.88800964614018,1.1050646842197358,0.005443887656851739,0.00064556832547034
1375,0.00902795950387063,146.20197501846087,1.0984332446207905,0.0050886255385114935,0.0005905406852302749
1376,-0.008571826007299657,144.95411299542107,1.0923198878305467,0.004762553871254377,0.0005408479729798481
1377,-0.008628856270217476,143.70870573617347,1.0866772854546596,0.004462805563312955,0.0004959066332422146
1378,0.016615014457399768,146.1163742956961,1.081462949868407,0.0041868382242089665,0.00045520429198702024
1379,0.019291981819893222,148.96261527102317,1.0766387001920243,0.003932392834768246,0.0004182901942798485
1380,0.0029240765258989323,149.3988308105718,1.072170189310526,0.003697458218730817,0.0003847670401002516
1381,0.0020842029835643388,149.71053301198364,1.0680264851275931,0.003480240431020069,0.0003542839981719719
1382,0.01554929444481871,152.0566188917072,1.0641796998858348,0.0032791363226492,0.0003265307146249381
1383,-0.0012948465614591057,151.85985631775068,1.060604662009803,0.0030927106619438914,0.00030123216371873303
1384,-0.024848912735738277,148.1328023951066,1.0572786255179678,0.0029196762908644223,0.0002781442129237238
1385,0.0030194893693194676,148.58076378416177,1.0541810125967415,0.0027588768774537992,0.0002570497953647419
1386,0.013239179469788179,150.56093014772773,1.051293185429718,0.0026092718938484725,0.00023775559977950826
1387,0.0018215292757347403,150.8354312197443,1.048598243827827,0.0024699235063234733,0.00022008920237451266
1388,0.017621771459084175,153.51697611164178,1.0460808456123778,0.0023399851115050666,0.00020389657679748915
1389,0.00821825988765988,154.78381700215905,1.0437270470654878,0.0022186912928024455,0.0001890399283127019
1390,-0.005333250480526598,153.96051352904897,1.041524161084332,0.0021053490046187722,0.00017539580650878343
1391,-0.002135423658571099,153.6320933888425,1.0394606309605234,0.001999329820092521,0.000162853457771002
1392,-0.008549453623718232,152.32422169187222,1.0375259179572698,0.0019000631018885254,0.0001513133845412719
1393,-0.007031079569648792,151.2569743160887,1.0357104010782208,0.0018070299756412051,0.00014068608325899142
1394,-0.007020854725745406,150.1987402738024,1.0340052876164108,0.0017197580026575298,0.00013089093697911107
1395,0.012244512287485921,152.04915619584585,2.9780487146749843,0.2903341005211267,0.00012185524212842424
1396,0.004059107918646787,152.66759443442587,3.030547925879115,0.3141797279231854,0.00011351335179225393
1397,-0.013371456503916463,150.63979387282924,3.0901509307636172,0.3445875257944436,0.00010580592040852015
1398,-0.06524548855076232,141.1250007034371,3.2246777361137333,0.43040381523986704,0.021710711661040834
1399,0.012260373183538165,142.865896084018,3.368369116672632,0.5624414145639071,0.06515493566323816
1400,-0.010470079950103375,141.37788213567998,3.460622788974223,0.6842955371514472,0.11084579717151873
1401,0.030532300643717782,145.76104770038333,3.5062490842488563,0.7613907147198192,0.1452852161274416
1402,0.07578655811097176,157.2371506622896,3.5194909220515034,0.7865067605408139,0.16422310294743106
1403,-0.051062412143160714,149.40978521376093,3.5098340273214297,0.7680563831081977,0.16912092050964161
1404,-0.04588580641561353,142.70890995255567,3.482551341410888,0.7196514959126207,0.1636695255085419
1405,-0.06891086886150188,133.20590540849952,3.440502672359414,0.6542933858105469,0.15173757664942783
1406,0.025330142096607253,136.62312655921087,3.385326071936552,0.582095472826936,0.136489869260701
1407,-0.04199801408826581,131.0040475471742,3.3181304267266363,0.5099502568207331,0.12017819142606968
1408,0.015374922370628786,133.03378817701488,3.23989831954142,0.44202605594623706,0.10423753021324249
1409,-0.019016779572440884,130.52781722092809,3.151717811695038,0.38048384865794527,0.08947960642616368
1410,-0.07826954618186632,120.70104871173807,3.0548999841274513,0.3261400829990937,0.0762858684425317
1411,0.0030420503197142864,121.06878643029445,2.951010568653979,0.2789843029424789,0.06476390388992838
1412,0.011937970345345503,122.52276351231946,2.841834942633849,0.23854565429850777,0.05486104800091931
1413,-0.04074312518312017,117.63113009523866,2.729295732576395,0.20413432655923153,0.04644093523313171
1414,-0.027304751715969675,114.46269481293182,2.6153444278381324,0.17499056736355986,0.03933193948645869
1415,0.040389178508125914,119.18037942230197,2.5018486737268972,0.15037019098694712,0.0333559212660038
1416,-0.06632385408356133,111.53230555313277,2.3904937432217537,0.12958884788728087,0.02834395949552117
1417,0.03435075494972792,115.4300870527535,2.2827106205429053,0.11204086823285622,0.024143902772427606
1418,0.02643502377117377,118.52217377782085,2.1796359187500154,0.09720329555777635,0.02062303566296831
1419,-0.012906969648657531,117.00224163756111,2.0821023965049674,0.08463192152696465,0.017668004523974542
1420,0.01348880809358479,118.59115460100254,1.990654399760812,0.07395351001163414,0.015183342026477115
1421,0.05153546556887288,124.86302888293477,1.9055804934507297,0.06485666963702619,0.013089392129684647
1422,-0.03005523542609435,121.16607584011582,1.8269555007122513,0.05708273583329516,0.011320091933152133
1423,0.006271865268248819,121.92840124506294,1.7546854133593004,0.05041735028019485,0.009820852452513016
1424,0.028098766943936662,125.40302671090787,1.6885504442216528,0.04468302861079268,0.008546651911221536
1425,0.0721802732647861,134.78932953905812,1.6282433099662157,0.03973278409666466,0.007460381331862361
1426,-0.03923697356789666,129.60301714085878,1.5734013487390257,0.03544475814579347,0.006531442150571305
1427,0.010952072576388503,131.03024004913826,1.5236321760121299,0.0317177543824379,0.005734575738104086
1428,0.0009511627876871592,131.1549304285584,1.4785332786726615,0.028467554694956723,0.005048896561472002
1429,0.00951785792926515,132.40920395303948,1.4377063187559203,0.025623896391732067,0.004457099016610086
1430,0.002206640718813445,132.70170609891147,1.4007670580370544,0.023127999701388492,0.003944809564892198
1431,0.013958172588166185,134.5669669477529,1.367351807777542,0.020930548688358554,0.0035000588910332137
1432,-0.004842099994279012,133.91695521876997,1.3371212199762117,0.018990043172742554,0.0031128523501075893
1433,0.015319818501929199,135.98433416841024,1.3097621130035404,0.01727145289831844,0.002774820452767187
1434,-0.02245000404373755,132.96549854314762,1.284987893986996,0.01574511730661309,0.0024789342970513327
1435,-0.007289363299186509,131.999788699021,1.2625380186519186,0.014385844649573726,0.0022192735973339734
1436,0.014593147625804645,133.94020505747494,1.2421768239267865,0.01317217285871906,0.0019908372753806897
1437,0.013650007475596313,135.78102487782508,1.2236919816999499,0.01208576175043347,0.0017893884962420223
1438,-0.002284939819426821,135.4711275905148,1.2068927529670768,0.011110891992431862,0.0016113276011502737
1439,-0.002531594033564906,135.12860344116828,1.1916081681357316,0.010234050994686422,0.0014535876632125596
1440,-0.010465520253745942,133.7217866800062,1.1776852188700937,0.009443589711791,0.0013135484194728658
1441,-0.011324501678998046,132.21599633725168,1.1649871169983839,0.00872943742095279,0.0011889651593295044
1442,-0.006672765733564401,131.33668694292183,1.1533916543681593,0.008082864012722766,0.0010779098123983588
1443,0.030257585379059333,135.37134972462576,1.142789682179977,0.007496281317973913,0.0009787220104561295
1444,0.005465645876457999,136.11326726635633,1.1330837176858384,0.006963076590699069,0.0008899683241271147
1445,-0.001248990310129661,135.94336923704319,1.1241866789678303,0.006477472549744181,0.0008104082166148111
1446,-0.006560262462923883,135.05446396867222,1.1160207438617296,0.006034409416162958,0.000738965531022819
1447,-0.004382030820323502,134.46394592421115,1.1085163262395046,0.005629445216530027,0.0006747045482630042
1448,-0.0013252923676259519,134.28585991703585,1.1016111612767823,0.005258671296233507,0.0006168098300649039
1449,-0.023769805173215683,131.13154838958062,1.0952494906117871,0.004918640532324835,0.0005645692048178199
1450,0.01574155644678166,133.21209562383982,1.0893813381645001,0.004606306178295487,0.0005173593697656856
1451,-0.0026720142147028084,132.85662613202433,1.0839618676234402,0.004318969633381209,0.000474633676896367
1452,-0.003631749421723492,132.37499926032584,1.0789508130772816,0.004054235722770642,0.0004359117460654723
1453,0.003201610796412316,132.79949165425023,1.0743119748683143,0.0038099743152708266,0.00040077061092783355
1454,-0.0004830781849428068,132.73535460971135,1.902918114419208,0.0645838954092016,0.0003688371538734385
1455,-0.008241317955001657,131.64593563860916,1.9373103844990232,0.06816176152644567,0.0003397816275784329
1456,-0.030930859835556004,127.63634338907421,1.975615858446854,0.0722898266999619,0.0003133120947446968
1457,-0.041028245255039446,122.50562017350045,2.048890845760395,0.0806380445308177,0.001880296128393135
1458,-0.01320377043450831,120.89871603001437,2.160225000302112,0.09459512716168833,0.005950799602191388
1459,0.005262098139466297,121.53657370169476,2.27300143890853,0.1105676751204692,0.011451980232444056
1460,0.0013513339421274376,121.70092121812667,2.358833435027951,0.12419520334163284,0.016825092832349495
1461,-0.019684564640792115,119.32871607869025,2.409351910228416,0.1329035554084246,0.021022598620974556
1462,0.009276261967294204,120.44079048160185,2.4270411357066015,0.1360850402481111,0.02365408266987026
1463,-0.02336513179894962,117.65929705867309,2.417673711493726,0.13439140730247412,0.02478507602860435
1464,0.055245632694736445,124.34236483598431,2.387167688507009,0.12901226729729712,0.02470317199901644
1465,-0.0006161082039525192,124.26578007958095,2.3407092218196244,0.12120020548386493,0.023754561017758444
1466,-0.0012701389869778361,124.10804546120428,2.2826623559624424,0.11203350375644514,0.022256334191356735
1467,0.025119899612451514,127.26511371317895,2.2166698572960843,0.10233690006366532,0.020461719352494023
1468,-0.006792004742101156,126.40365727710942,2.1457608095103358,0.09268713675562254,0.01855511539529574
1469,-0.03619645662205837,121.91010865226345,2.7171846316719024,0.20079093306037343,0.016660816953159935
1470,0.007332830328642577,122.80734039806339,2.717853916124585,0.2009740470756888,0.014856105924429945
1471,0.002107889076832935,123.06647766980583,2.7296418826276243,0.20423082188098696,0.01318408920064295
1472,-0.07027976979895159,114.71432512341444,2.8109288794972835,0.22844666499826233,0.01956933740386482
1473,-0.0018784560143729858,114.4990415730956,2.919246875473945,0.2663763118402636,0.03248684000104849
1474,-0.01460035246735824,112.83945992845436,3.0056025995924314,0.30253537450476103,0.04665565537704932
1475,0.002030872433338674,113.06885533457525,3.0551079848559315,0.3262448965466049,0.057978434407672974
1476,-0.038490577567240544,108.79946257235879,3.0705201648900777,0.334141756498442,0.06476091412967101
1477,-0.007882877584408378,107.94518124893072,3.058181713828782,0.32779917485929155,0.06706913671343506
1478,0.013740950257369076,109.43868821800464,3.0236818107818517,0.3109153091374518,0.06582027818135851
1479,0.01035553914963033,110.57787309489538,2.971335394137036,0.2874603708878342,0.06214495540706935
1480,-0.06675811538013371,103.43691306506192,2.9045396162337758,0.2607861924252224,0.057058392308498046
1481,0.02241457908967899,105.78158721030655,2.826163011501543,0.2333581701796847,0.05134146938780621
1482,-0.005508186556415251,105.20052426439784,2.7388000014304263,0.2068030451239935,0.045533695884664604
1483,0.019944123679247028,107.31971902747446,2.6448936455900536,0.18207725617665146,0.03997309876727034
1484,0.00919370284875032,108.31093412074473,2.5467632268816423,0.15965360106762871,0.03484767078048277
1485,-0.009871613630759756,107.24699048733954,2.4465749323923616,0.1396824632120976,0.03024233410208198
1486,0.026492101391244506,110.12615784108807,2.3462882271513106,0.12211513359720988,0.026176014407358218
1487,0.033168054320327336,113.840079530961,2.2476024600270263,0.10679104754218048,0.022628489246447912
1488,-0.040105941653331756,109.36475926843808,2.151919231594352,0.09349585131401919,0.019558650474026516
1489,-0.010817473395052448,108.18808469195167,2.0603274520983565,0.0819979217558213,0.016916273119953747
1490,0.03334572558103015,111.85651824849349,3.1810741209284497,0.39950028018431094,0.014649189673461927
1491,0.018709619560625057,113.9690115000241,3.2091132630992774,0.4189815987601863,0.012707371396515165
1492,0.026296496457118547,117.00575000736681,3.2480097149507623,0.4484119860943888,0.011045015106796858
1493,-0.028249105955556606,113.74669164820494,3.363678401365961,0.5571895735835359,0.040420017764902276
1494,0.018362683297043728,115.8546810619405,3.4789062099088857,0.7135681494521675,0.09334121923671312
1495,-0.010322667492428989,114.66490311790768,3.550117087305719,0.8502602617312522,0.1461197390464485
1496,-0.06885603374878857,107.03522169897316,3.583400965288965,0.9301753304880613,0.18397483101296427
1497,0.010715679170955861,108.18834400503694,3.590203776914403,0.9481067531849963,0.2030136088804079
1498,0.03350800723323448,111.87494013142009,3.577831438097178,0.9159249423304626,0.20566458287214057
1499,-0.023865083184382775,109.23664219609303,3.55022230607299,0.8504942576654899,0.19661273812726954
1500,0.13130307655521498,124.56399934971861,3.5094064801792846,0.7672563065334619,0.18051178489506942
1501,0.0075242380764170514,125.5047834398421,3.4564534139174974,0.6778959182565747,0.16105752477893354
1502,0.040119309319194225,130.6423167329464,3.3920322751448486,0.5901708702665305,0.14081539387761227
1503,-0.052468915501415,123.96438005550378,3.3167511796605034,0.5086180416329169,0.12137560399064456
1504,-0.02158588361589182,121.31717331156602,3.5136139268895565,0.7751909642935415,0.10360156143373388
1505,-0.014202298893199081,119.6063679959812,3.4950384641231707,0.7411569852911816,0.08786515505768065
1506,0.06256339254150399,127.32838739725868,3.4866958418194214,0.7266732020933518,0.07423240431262451
1507,-0.024484013171585755,124.248732483242,3.536163292982325,0.8201690124814818,0.10209751878278035
1508,-0.013308688258727535,122.60609972508135,3.5949978498322217,0.9611052121910479,0.15368484285405415
1509,-0.03691482069709196,118.16263693567785,3.6329500584416623,1.0759912046014541,0.20281666868046289
1510,-0.10513148865153658,106.37073222292926,3.648282261996644,1.1294350451432338,0.23508122564129644
1511,-0.06206281656690838,99.9697509179808,3.645478724755959,1.1193173341719318,0.24754745381260712
1512,-0.04207338153859881,95.85093917913926,3.6280983807391807,1.0599974205393512,0.24347814331874404
1513,0.018494204747653564,97.6401198133968,3.598164803061068,0.969862081340743,0.22810627307089956
1514,0.01062004630412041,98.6825881399903,3.556675795156062,0.8650584946256481,0.20637559724694285
1515,0.04903311917690144,103.64189480572213,3.504088113271231,0.7574192654835884,0.18208824062768064
1516,0.035603517587271934,107.39838617793642,3.4406612823910843,0.6545214569155497,0.15780248407703176
1517,0.011520503752963481,108.64282420176129,3.366695324263614,0.5605584677339622,0.13504049319826478
1518,-0.0023532057334385323,108.38746585815075,3.2826929935811733,0.47734644437203577,0.1145714976599046
1519,0.02675142872124376,111.32611673101995,3.189459478619237,0.405185074810845,0.09666791967533468
1520,-0.009429388284005682,110.28131322060742,3.088142952193398,0.3434984064469736,0.0813022547798772
1521,-0.014379574825164903,108.70686192474241,2.980218310467638,0.29127091574506997,0.06828444015458901
1522,0.037443907570155366,112.85443775820865,2.8674209453638357,0.24732325806127542,0.05735092872880131
1523,0.020221426352528372,115.15974520831871,2.751643853533392,0.21047405323688761,0.04821862178843745
1524,0.0044608052838672994,115.67459788325426,2.6348164216087264,0.1796259983805827,0.04061501200247624
1525,-0.049094257459073976,110.13278796389211,2.518784596464515,0.1538045640937189,0.0342931243096157
1526,-0.0402381440631246,105.78922350456064,2.405209326910513,0.13216869310393164,0.02903726232972838
1527,-0.016347430305954647,104.0739003092523,2.2954942576525914,0.1140061507685329,0.024663534550235722
1528,0.01767262432673985,105.92950768235929,2.1907466642101645,0.0987213874907966,0.021017669368337974
1529,0.0009471162213520274,106.02988276333556,2.0917694740207264,0.085820564587744,0.017971632653395887
1530,0.032601131430290003,109.54354031535557,1.99907812427569,0.07489633676332585,0.015419914765170222
1531,-0.033803559024370634,105.9024661264957,1.9129342461575398,0.06561371469562607,0.013275949741706223
1532,-0.04561457841945862,101.18028860284694,1.8333883291592736,0.05769757961535542,0.011468886240892462
1533,-0.021164378965750873,99.0613724961477,1.7603248841317982,0.05092199837901899,0.009940789857970735
1534,-0.0020195317719742772,98.86151678242425,1.693505476842971,0.04510126535399687,0.008644280424219431
1535,0.04287613040697389,103.19250050683249,1.6326068231685487,0.04008249428271379,0.00754057022110515
1536,0.02549826538782329,105.85756311575855,1.5772526330075982,0.035739547643644724,0.006597853515445309
1537,-0.010196704705155983,104.78364929969192,1.5270389639404378,0.031968091465377046,0.0057899944615739255
1538,-0.00610360300173572,104.14603934177725,1.4815535199529783,0.028681581508771266,0.005095463262483317
1539,0.022703122483451015,106.5375239938922,1.4403896852275504,0.025808011634773087,0.004496476083428589
1540,-0.004910245398467796,106.01568084439036,1.4031562117943457,0.023287281292702362,0.0039783006564331515
1541,-0.0030143293554661583,105.69659582076355,1.3694834664038689,0.02106906352906028,0.0035286958076874986
1542,-0.00634921479568605,105.02763137749767,1.339027050641758,0.019111076498740203,0.0031374588183928818
1543,-0.003832794399752376,104.62585251986712,1.3114694833963658,0.017377679822089508,0.0027960594258247826
1544,0.015963073131885688,106.30940423467274,1.286520503946223,0.015838732393016655,0.002497343374365771
1545,-0.01889148266650143,104.31991335200259,1.2639164324987393,0.014468660732816833,0.002235291800464318
1546,0.006660780864563845,105.01708470991375,1.2434189200779269,0.013245697098349525,0.002004825475385029
1547,0.00037301289585916575,105.05626474367072,1.2248133332573259,0.012151254685934141,0.0018016451354398238
1548,-0.017948860800113424,103.18744622486234,1.2079069505789177,0.01116941378200266,0.0016221008951078795
1549,-0.003926833798395873,102.78304080954453,1.1925270944563697,0.010286497907577637,0.0014630851467305947
1550,0.0011609734392696535,102.90243848528601,1.178519282338058,0.009490723145150023,0.0013219444712965914
1551,-0.008685175815506863,102.01258258631128,1.1657454513400844,0.008771907136134882,0.0011964069760334707
1552,-0.011123776105847683,100.88410555685402,1.154082289161113,0.008121226866870359,0.0010845221830911968
1553,0.0037086248295047416,101.25894148892567,1.1434196889289323,0.007531016459072911,0.0009846111573045696
1554,-0.0030916009663205274,100.946372665569,1.1336593351400461,0.0069945978567018926,0.0008952250099822623
1555,0.004465990052337484,101.3982063531024,1.1247134208083813,0.006506138642540685,0.0008151102737902818
1556,-0.0008564483711114188,101.31140120180885,1.1165034913907594,0.0060605322934976155,0.0007431799299836423
1557,-0.015428522146772027,99.76031227777511,1.1089594082893972,0.005653297048222711,0.0006784890984152113
1558,-0.010054056677907522,98.76234167698244,1.1020184232122863,0.005280490257224272,0.0006202145846855627
1559,-0.019525961401931236,96.85261728308076,1.0956243540091477,0.004938635648309426,0.0005676376267749067
1560,0.0190045844717679,98.71086269160696,1.0897268525095547,0.004624661395800269,0.0005201293028423257
1561,-0.014760545777947803,97.26453702179609,1.0842807551672056,0.004335847251920789,0.0004771381583739601
1562,-0.025480024034958904,94.81754142156356,1.0792455078163692,0.004069779299926187,0.00043817968908637414
1563,-0.005941321527866107,94.25587010864396,1.0745846564732346,0.0038243111343969887,0.0004028273795693712
1564,0.005264308152210374,94.75337040254452,1.0702653967980058,0.0035975304753480424,0.0003707050494616763
1565,0.004558368361836955,95.18627709284155,1.0662581755277047,0.0033877303879469465,0.0003414803012820272
1566,0.010568853435630311,96.19762186789663,1.0625363378655988,0.003193384415528,0.0003148588987118689
1567,-0.007696355208971123,95.46009258397281,1.0590758154531281,0.003013125045702106,0.0002905799326018141
1568,0.020862081355498528,97.47250739493523,1.0558548501442748,0.002845725022100831,0.00026841165541975355
1569,0.0067892129627300755,98.13652051835263,1.0528537493458925,0.0026900810911994156,0.0002481478842112005
1570,-0.009982209977513088,97.16177431869177,1.050054669179599,0.002545199837602345,0.00022960488815633505
1571,-0.0021309699567988246,96.9549459474599,1.0474414221626696,0.002410185314464743,0.00021261869009171059
1572,-0.00983707046951135,96.0058690333898,1.0449993064995862,0.0022842282202452497,0.00019704272240972186
1573,0.028306137093054785,98.76225155413802,1.0427149544259597,0.002166596410272733,0.00018274578695459714
1574,-0.0067807945193067145,98.09483040022405,1.04057619735616,0.0020566265629095187,0.00016961027622401282
1575,0.00012487464143141417,98.10708072185793,1.0385719458590923,0.0019537168464294334,0.00015753061962450081
1576,0.014726279384559903,99.56252332680654,1.0366920827268646,0.0018573204549375156,0.00014641192393225554
1577,-0.016840225201919617,97.89990672336737,1.0349273676122182,0.001766939900427883,0.0001361687816552418
1578,-0.010206437411983684,96.90577933220729,1.0332693518958063,0.0016821219639740234,0.00012672422482246242
1579,0.0076340927532351725,97.64839804340546,1.031710302606793,0.0016024532225396453,0.00011800880496093936
1580,0.0231398333862537,99.93431153440855,1.03024313436248,0.0015275560793755927,0.00010995978275854212
1581,0.0029080240640368526,100.22534587951624,1.028861348417258,0.0014570852357504412,0.00010252041323233065
1582,0.013459858010340893,101.58348447624299,1.0275589780202667,0.0013907245501163005,0.00009563931419468982
1583,-0.0260936423743031,98.9670855031353,1.0263305393766764,0.0013281842379595126,0.00008926990748890004
1584,-0.01752895653062537,97.24741183848282,1.0251709875911816,0.0012691983717141313,0.0000833699238982213
1585,-0.01139489484630326,96.14557737260286,1.0240756770456088,0.0012135226453796658,0.00007790096385663739
1586,0.015191390956560167,97.61731297908716,1.0230403257268033,0.0011609323730138418,0.00007282810713732462
1587,0.0010873813607303932,97.72351795789761,1.022060983077316,0.001111220694175589,0.00006811956559362122
1588,0.0029973613577018304,98.0168700758875,1.0211340009908658,0.0010641969627651425,0.00006374637379936595
1589,-0.017757904625349246,96.29165924597642,1.0202560076179843,0.0010196852986248475,0.00005968211309991868
1590,-0.0059600402862266914,95.71946392502136,1.0194238836854042,0.0009775232837915878,0.000055902665157936856
1591,-0.019554555779991514,93.86589425791406,1.0186347410663152,0.0009375607874853349,0.00005238599157251815
1592,-0.0021109126669024954,93.66796053663326,1.017885903368147,0.0008996589058253221,0.00004911193657799921
1593,-0.0074732951418936405,92.97056140280006,1.017174888330551,0.0008636890039257945,0.0000460620501991433
1594,-0.004575815727801043,92.54611707581168,1.0164993918491891,0.0008295318494713912,0.00004321942956080906
1595,-0.006642553869188132,91.93341172479296,1.0158572734611835,0.0007970768281369562,0.00004056857632939186
1596,-0.006648181766799228,91.32424884962742,1.0152465431459385,0.0007662212323229083,0.000038095268506259395
1597,0.012434795914315046,92.46693706961032,1.0146653493108617,0.000736869615646423,0.00003578644500507932
1598,-0.017896809220256268,90.82679437547127,1.014111967845481,0.0007089332064788628,0.00003363010162964447
1599,-0.004216591126185574,90.44462122049634,1.0135847921398393,0.0006823293745667606,0.000031615197230197514
1600,-0.00875858932889515,89.65591295412216,1.013082323974018,0.0006569811454306917,0.000029731568957478875
1601,-0.012733092403425522,88.5215532099438,1.0126031651953884,0.0006328167578151398,0.000027969855657454192
1602,0.013864993848068883,89.75745206680892,1.0121460101088215,0.0006097692599729684,0.000026321428558230347
1603,-0.0071249290553523454,89.12020943868104,1.011709638512795,0.0005877761410190082,0.000024778328496025106
1604,0.012210807493300647,90.21511036767473,1.0112929093211585,0.0005667789939859909,0.00002333320901092646
1605,-0.0055360329747824975,89.71705643536693,1.010894754716421,0.0005467232075691389,0.000021979284717036654
1606,0.024825866547940476,91.97223769438867,1.010514174785856,0.0005275576838587005,0.000020710284416718028
1607,-0.0002635772788053155,91.94799909676372,1.0101502325965541,0.0005092345796375542,0.000019520408486144303
1608,-0.007085612921215455,91.29879389084081,1.0098020496699032,0.000491709069067874,0.000018404290110166605
1609,0.0031693317749480272,91.5886090769813,1.0094688018198184,0.0004749391258105097,0.00001735695998945624
1610,-0.011521621473243806,90.53941560344397,1.0091497153225308,0.0004588853228163662,0.000016373814182704987
1611,-0.021048558055376754,88.65360784860995,1.0088440633888283,0.00044351064820352546,0.000015450584781973956
1612,0.0034732175923880178,88.96205646352217,1.008551162912425,0.0004287803357895791,0.000014583313150627778
1613,-0.02235075874271291,86.99574315578154,2.557402266491606,0.16193727090198673,0.00001376832548114764
1614,-0.0015104410085863024,86.86444040523932,2.611540493820213,0.1741001973749538,0.000013002210454897797
1615,-0.0057027913523098805,86.3704804396891,2.672268902004497,0.18892404921401054,0.000012281798807988631
1616,-0.07381435939438413,80.22471194963964,2.8000225709464286,0.22500705355343006,0.008202580078935057
1617,-0.020624661263617488,78.58705059753002,2.9641422389925647,0.28442257898646955,0.02703332227105067
1618,0.003219219071526141,78.84044718030766,3.0897552976306706,0.3443725558947703,0.04885072704899671
1619,-0.04311753173987534,75.5132866224546,3.162231345672246,0.38714112801354555,0.06696029014625873
1620,0.030199077869100498,77.82850096381983,3.1915312909713074,0.4066078129859066,0.07846267064757415
1621,-0.009680234852763201,77.07873759383149,3.1887163150490747,0.4046765063163087,0.08330805938948234
1622,-0.001831348851137783,76.93770871224771,3.1615822764537795,0.38672529499573743,0.08282118253915148
1623,-0.038615356460099524,74.02336304729825,3.1152730167333726,0.3586314857703226,0.07867678629525332
1624,0.012081563606148099,74.92310521827841,3.0533578702624333,0.3253644337852907,0.07238090054534366
1625,0.027950174442022805,77.04675907652937,2.9785957660325115,0.2905699379686768,0.06508749147375982
1626,-0.006561713304794681,76.54285537622147,2.8933864424339806,0.2566460210281251,0.05758958606968554
1627,-0.06163565550692943,71.96753607353024,2.8000017831513517,0.2250005572356255,0.050381380649955065
1628,0.0376185324326511,74.7264163309391,2.700672285157281,0.19633294961654185,0.04373657963342348
1629,0.008041797982042558,75.32977386307002,2.5975826530456585,0.17087452496025832,0.037778878292852244
1630,0.004992282208600353,75.7067816344897,2.492817492387504,0.14857034415350134,0.03253691409949512
1631,-0.05584417292556543,71.59488043929058,2.388289012566758,0.1292063859517737,0.02798359550655627
1632,0.08310295399945503,77.79884016474836,2.2856701079731896,0.11249323545771928,0.02406254001740293
1633,0.002914258342943671,78.02589677388109,2.186347289596811,0.09811806440052219,0.020704900511634865
1634,0.03264657111639235,80.61521090594309,2.091399493765457,0.08577485101258833,0.017839478523464316
1635,0.060626205644987934,85.65379724838688,2.0016020264744183,0.07518037245909945,0.01539837594023854
1636,-0.03851775597036284,82.41733593098775,1.91745057998364,0.06608130672666818,0.013319807953012176
1637,-0.0022435291564704856,82.23263750045706,1.8391984130863934,0.058256048461515664,0.011549188564328725
1638,-0.008560541828425519,81.53168610996093,1.766899874576912,0.05151357965408829,0.010039219773570966
1639,0.03246618489997531,84.22214708828432,1.7004546961088465,0.04569086081432569,0.008749448642744089
1640,0.03165166762875903,86.93055520211816,1.6396491727098632,0.04064962496131747,0.00764557656830754
1641,0.023612706975060755,89.00764730516592,1.5841919872729135,0.03627308032314091,0.006698687786829783
1642,-0.03803184329036286,85.68608532862471,1.533743755744881,0.03246279195368568,0.0058844898747444675
1643,-0.009964065790676614,84.83654301354414,1.4879402927763752,0.02913586954401987,0.00518261335428285
1644,-0.018117045684220467,83.31339462390724,1.4464101548540413,0.026222505292066108,0.0045759903902462115
1645,0.0080052539368251,83.98301617347998,1.408787290196483,0.023663859511603734,0.004050317127047785
1646,-0.01807574284968111,82.4785984648285,1.3747197012551036,0.021410268158846755,0.003593595979959703
1647,-0.006512114834193155,81.94323343151245,1.343874983448282,0.019419736343663157,0.0031957502704973288
1648,-0.023946339805807446,80.0043007416754,1.3159435001842898,0.017656679369788764,0.0028483021651671495
1649,0.006702364975835337,80.54231975070483,1.2906398276867643,0.016090874368981607,0.002544104818792868
1650,0.027882500868393056,82.81964223714421,1.2677029767154948,0.01469658904764797,0.002277120263687346
1651,-0.010147830726092842,81.98345245887138,1.246895784136694,0.013451858235918997,0.0020422355294346184
1652,-0.02380685518666449,80.05473373569555,1.228003770501308,0.012337883151226824,0.0018351105030060945
1653,0.015129004036266764,81.27509023786327,1.2108336811879088,0.011338532221934849,0.0016520520277085048
1654,0.016207777181934696,82.60311185854204,1.1952118668810305,0.010439925813431325,0.0014899096359418137
1655,0.003268090420139785,82.8735078957683,1.1809826118348203,0.00963009021838369,0.0013459890939874304
1656,-0.0033459576738418834,82.59668003149193,1.168006482921346,0.008898668830357344,0.0012179806052769464
1657,0.003894992951283669,82.91902086813884,1.1561587464324619,0.008236680558552489,0.0011038990797153474
1658,-0.012748015108467674,81.86867706110091,1.145327880860746,0.00763631731397749,0.001002034342749196
1659,-0.01949669643876897,80.28796769338803,1.1354142006640227,0.007090773857886136,0.0009109095422177352
1660,-0.00962570785529467,79.51884677721615,1.126328596909444,0.006594104502009928,0.0008292463263776006
1661,0.00529342310326454,79.94088971833781,1.1179913945991304,0.006141102131583601,0.0007559356244049389
1662,0.013520099096890894,81.02903782892209,1.110331322561829,0.005727195824729102,0.0006900130712107046
1663,-0.01383904632547057,79.9153968587665,1.1032845894243681,0.005348363997751696,0.0006306382900987413
1664,-0.016249598007264467,78.62729767554474,1.096794057886445,0.005001060542193822,0.0005770773867892694
1665,0.003461250178710523,78.89991795499962,1.0908085089712574,0.0046821518582373794,0.0005286881225184554
1666,0.000053117334391887925,78.90410901963327,1.0852819878659514,0.004388863048376562,0.0004849073271403741
1667,0.011874166354108618,79.84661419368624,1.0801732232236223,0.0041187318299822475,0.0004452401893406648
1668,-0.0015775274302197364,79.72075327021649,1.0754451122485076,0.0038695689674598296,0.0004092511234220358
1669,-0.006615583857003671,79.19509462838754,1.0710642644418622,0.003639424223914575,0.0003765559632345286
1670,-0.0000879539913166824,79.1881294100362,1.0670005974891128,0.00342655699648736,0.00034681527579794985
1671,0.001036333061352826,79.27023722478346,1.063226979380276,0.0032294109352176124,0.0003197286216990197
1672,0.010520281421652672,80.10858452140884,1.0597189114502574,0.0030465919576270688,0.0002950296178161982
1673,-0.008629606475279822,79.42025324737715,1.0564542475883083,0.002876849164416137,0.000272481681443643
1674,0.007837876520185257,80.04518525624341,1.0534129453881373,0.0027190582391518657,0.00025187435435400916
1675,0.010314520577731788,80.87508562121404,1.0505768454881008,0.0025722069793917383,0.00023302012148924327
1676,0.022507462771811874,82.7160182460432,1.0479294757836908,0.002435382660603008,0.0002157516523933079
1677,-0.004123215174626136,82.37566446256226,1.0454558775833667,0.002307760979358126,0.00019991940468427799
1678,0.0034185958522286886,82.65775547026469,1.043142451125914,0.00218859636012945,0.00018538953819938818
1679,-0.016524888730496557,81.30306910621793,1.0409768181860097,0.0020772134418133893,0.0001720420962569719
1680,-0.005374550582491538,80.86727379977775,1.0389476997677536,0.001972999586905243,0.00015976941702683535
1681,0.006299354409238478,81.37829327409142,1.037044807127018,0.001875398278859805,0.00014847474350097466
1682,0.001709268273180135,81.51750955400101,1.035258744575804,0.0017839032923005818,0.00013807100518663796
1683,-0.0074794628670216,80.91007683527769,1.0335809227085275,0.0016980535369528259,0.00012847974854912297
1684,0.00821316976373048,81.57734145982025,1.0320034808541558,0.0016174284899447594,0.0001196301965323854
1685,-0.0364198372139621,78.65975937976087,1.0305192177020153,0.001541644142838876,0.00011145842028061934
1686,0.019491848248922722,80.20802372037015,1.029121529175309,0.0014703493997463212,0.00010390660855548316
1687,-0.011181767732688513,79.31615187343633,1.0278043527370218,0.001403222871412893,0.00009692242235959546
1688,0.002426422494156112,79.50884004541129,1.0265621174098882,0.0013399700174710073,0.00009045842399382595
1689,0.013297378917292147,80.57315986802304,1.0253896988771296,0.0012803205953169118,0.00008447157124080612
1690,0.005607992052401061,81.02628287576961,1.02428237910522,0.001224026379454569,0.00007892276861922137
1691,0.021707870538134798,82.80442090398718,1.0232358099953371,0.0011708591197796925,0.00007377646872562188
1692,0.006671570557453149,83.3587033518292,1.0222459806275392,0.0011206087112709587,0.0000690003176001595
1693,-0.0035198547113494526,83.06580860298368,1.0213091877120828,0.0010730815510043854,0.00006456483884286541
1694,-0.004417177219323637,82.69970138103177,1.020422008906555,0.0010280990613905961,0.00006044315188718479
1695,0.014682430682159265,83.92289174395037,1.0195812786963951,0.0009854963611202199,0.00005661072042378696
1696,0.011668098118366919,84.9078473840545,1.018784066570602,0.0009451210675467944,0.00005304512747392161
1697,-0.018055326181413922,83.38856534352199,1.0180276572545441,0.0009068322161874761,0.00004972587404941523
1698,0.008721205670031392,84.11899465487379,1.0173095327883368,0.0008704992847205417,0.00004663419871563233
1699,0.02031032171345465,85.84494648650283,2.5986097475003156,0.17110969745745488,0.00004375291570270506
1700,0.0477238643772062,90.04113176436756,2.6528702912249758,0.18404355725269786,0.00004106626949614662
1701,0.07544412340966809,97.09702234259511,2.7139010398639893,0.19989531439509953,0.000038559804086635344
1702,0.009332253181399672,98.00739765760989,2.8437882519854574,0.23920206508258035,0.009088484379774163
1703,0.004578256489612952,98.45712936998397,3.007435348544605,0.3033709711908097,0.02952134408368239
1704,-0.0502837847715151,93.62874432629049,3.1304042753371952,0.3674818449969869,0.05293458080739205
1705,-0.0005335719593767657,93.57879997936278,3.3287679502661107,0.5204089892286924,0.07217214675975953
1706,0.05941518284629252,99.30729620422707,3.3566063574797402,0.5494162986088722,0.08422361518066615
1707,-0.059962518183958556,93.52759500970069,3.3651301283475936,0.5588066706154498,0.08912368433495901
1708,0.023192088986781403,95.72204388230054,3.384875228972601,0.5815588986091345,0.10038664707598738
1709,0.01800931898989194,97.46154934427886,3.403070534775767,0.6038579115556979,0.1136289455206892
1710,-0.013358202051708717,96.16829528120384,3.4087755326701683,0.6111322346525192,0.1233371868391523
1711,0.05278826766859724,101.381233507512,3.398546917653515,0.5981880352901147,0.1269875726293635
1712,-0.025047605590188596,98.87341489422559,3.3725361611699407,0.5671728028806401,0.1246565921427371
1713,-0.00935018214920476,97.9532390649811,3.3318625731601843,0.5235141333549133,0.11772824413269789
1714,-0.006809465176653292,97.28849573651247,3.277730445418715,0.4730360910904994,0.10790451061076471
1715,-0.05982750808659412,91.63866037507462,3.2112961462588263,0.420556360115967,0.09668681408299099
1716,0.0008273262742508306,91.71450681709096,3.13375205445963,0.36948175152010077,0.08519388798427555
1717,0.06393660567714371,97.76994031823376,3.0464301710991757,0.3219109040170798,0.07415987782643767
1718,-0.028350312744011855,95.03705406500241,2.950862674552953,0.27892383016517963,0.06400596612703242
1719,-0.016717805248069567,93.46145012004641,2.8487849975773276,0.24089136178124715,0.05492759704901439
1720,0.0404744698301266,97.32184958513515,2.7420866276010982,0.20773528596951643,0.046971678630997576
1721,-0.01616606285772667,95.76118731814718,2.6327247682898625,0.17912173757229297,0.040095822137940745
1722,-0.043574352026603536,91.67806145371827,2.5226207083449887,0.15459341249862407,0.03420990242005261
1723,-0.024911379332562416,89.4224463771012,2.413558793453595,0.13365375164430152,0.029203241969358293
1724,-0.023922940623574196,87.3085842153941,2.307103905615856,0.11581666854379795,0.024961235361500515
1725,0.0007749485655523597,87.37627010064469,2.2045468787432454,0.1006331102006248,0.021374732171651277
1726,-0.05464522446672637,82.72968719692666,2.106880365063648,0.08770288559451203,0.018344720879372327
1727,-0.04131081662201145,79.38168670056037,2.401740747758833,0.1315563240875879,0.015784120220465943
1728,0.010044089793584515,80.18302109023973,2.368069526186005,0.125747041446136,0.013617894017450054
1729,0.0016041518458918456,80.31175005432861,2.346420094024773,0.122136833771335,0.01178227231548607
1730,0.04324641439293155,83.86114132989837,2.374070523032824,0.12676477139671447,0.012996269428861435
1731,-0.03022697542133118,81.36420027222944,2.4319398842265336,0.136978793397874,0.01670718314635322
1732,0.00033651175048619603,81.39158488905422,2.488846812642705,0.14778582592738998,0.021267872628236636
1733,0.013103495837795371,82.46511733629707,2.5262695493154887,0.1553475618902943,0.0252548782414118
1734,0.0024673727930245933,82.66884075063666,2.538829183007832,0.1579722061013568,0.027918471680468907
1735,-0.007357778666894358,82.0628139572828,2.527828952618334,0.1556710025647827,0.029095701452013553
1736,0.0020945762208094488,82.23488091678291,2.496870656686657,0.14937543432427877,0.028970268378115983
1737,-0.013755306629987706,81.1114591330004,2.4499572378723045,0.14031457131047076,0.027865661522113578
1738,-0.00849585417375081,80.42526702583928,2.390855933385808,0.1296517784432113,0.026116973926431645
1739,-0.003653422986371515,80.13197559166116,2.3229370996566,0.11832625055855488,0.024009378548784703
1740,0.020024624089360732,81.7527619401345,2.2491540783271122,0.10701861850301292,0.02175889849687504
1741,-0.021529583644203213,80.01147090942685,2.172050698393919,0.09617750591037671,0.019515189453194363
1742,0.016481138707829097,81.34107768011792,2.093769606198211,0.08606800178152613,0.017373301437031443
1743,-0.03506416536218337,78.53834556907832,2.016062247168575,0.07682163256270093,0.015387319847054133
1744,-0.026326888425344287,76.49765568199868,1.9403061683454812,0.06847907348371396,0.013582624795760721
1745,-0.013535757920554893,75.46917824680115,1.8675327558496078,0.061023171040213056,0.011965660012659602
1746,0.004137234408714644,75.78205871146316,1.7984648424396519,0.054402822482595155,0.010531159209363986
1747,-0.005721564068786254,75.34970485689195,1.7335610852227432,0.048549361761300994,0.009267208239371206
1748,-0.03467788880458203,72.78152309129045,1.6730630570181657,0.04338727736358475,0.008158631154577706
1749,0.03821790204205832,75.61691649684545,1.6170412706858954,0.03884087016040143,0.0071891543387653115
1750,0.009722079644077793,76.35565540198427,1.5654373050498436,0.03483812346808879,0.006342718571946829
1751,-0.0028772459667872853,76.13627715437094,1.5181003390167025,0.031312728743318995,0.00560421847241577
1752,0.02213926406259431,77.84067574770938,1.4748174179242572,0.028204935830854802,0.004959870249105865
1753,-0.018555756338916523,76.40960152911784,1.4353375336321217,0.025461685855799256,0.004397347025181917
1754,-0.009363198398581402,75.69750223636353,1.3993900770704673,0.02303633122074855,0.0039057753749563114
1755,0.014801037834797168,76.82623644384259,1.3666984623587686,0.020888139306327054,0.003475654324376671
1756,0.019050718331752783,78.3038616564286,1.3369897908259891,0.018981702905140965,0.0030987357607123976
1757,-0.007976218268255932,77.6817772033829,1.3100013846424385,0.01728633146161855,0.002767890219857713
1758,0.031703776422889345,80.18403888452107,1.2854849236032777,0.015775465353957442,0.0024769721871003886
1759,-0.025109879280402758,78.19569535173936,1.2632087999000103,0.014426135243185187,0.002220692734711109
1760,-0.014999807795890201,77.03152792233698,1.2429591861816736,0.013218476035825738,0.001994503365384674
1761,-0.011445028935490912,76.15492579341198,1.2245402035888502,0.012135297575514983,0.0017944925267329244
1762,-0.01544462565396798,74.98777775561165,1.2077734838170275,0.0111617099801626,0.0016172948593633793
1763,-0.011447858501143594,74.13422329365403,1.1924973436605293,0.010284799369246976,0.001460012472577575
1764,-0.022309346119681384,72.49864937501908,1.1785657307466222,0.009493348792095475,0.001320147166017836
1765,0.017003996257743414,73.74195677797532,1.1658470531495388,0.008777598964825179,0.00119554237628141
1766,0.02424322341414401,75.55154602041176,1.1542229708634943,0.0081290436294454,0.0010843336248141653
1767,-0.01752132818075999,74.23931219855467,1.1435872014117061,0.007540254763737424,0.0009849063147142564
1768,-0.013844830730344818,73.21856383641992,1.133844373161601,0.007004733373946734,0.000895859831004908
1769,-0.01061606884597781,72.4453818599879,1.1249089465333408,0.006516782123268643,0.0008159770185544104
1770,-0.031599161339158736,70.19195918538591,1.116704213890708,0.006071396548332701,0.0007441982310095167
1771,-0.005191203573110621,69.82852258891332,1.1091613824452486,0.0056641720735824425,0.0006795992558415022
1772,0.005777708246647335,70.23313917243983,1.10221874018664,0.0052912244414830435,0.0006213725215730899
1773,-0.011690551522756363,69.41685573880709,1.0958209020719216,0.004949121533531603,0.0005688110823494092
1774,-0.007794637607397703,68.87787979441016,1.0899181320154063,0.004634824865477755,0.0005212949523744912
1775,-0.0075219594641255045,68.36172684904136,1.0844657352901443,0.004345639304219431,0.0004782794291523899
1776,-0.01384637996756127,67.42168749372277,1.0794235155409901,0.004079169778481353,0.00043928510104693317
1777,0.02356451379250625,69.02931385497669,1.0747552905457873,0.0038332839456567277,0.0004038892825971195
1778,0.03021918513443384,71.14716212895136,1.070428461021837,0.0036060799378739104,0.00037171866146233206
1779,0.01300000133947623,72.07811340498249,1.0664136270728681,0.003395858445780168,0.0003424429749028579
1780,0.02484524107183929,73.8913433030066,1.0626842472469389,0.003201098512554541,0.00031576956229370767
1781,-0.008323061378177916,73.27889338205532,1.0592163355868651,0.0030204365066079583,0.00029143866417003
1782,-0.017148869518617403,72.03295693573732,1.0559881924744392,0.0028526478221650112,0.0002692193584404811
1783,-0.009950460422240324,71.31975010147976,1.0529801654800814,0.002696630924883749,0.0002489060413033331
1784,0.008109040583984404,71.90043607054899,1.0501744368196722,0.00255139341691668,0.00023031537458587678
1785,-0.02947996233685966,69.81175234712461,1.0475548343839358,0.002416039844080196,0.00021328363314438207
1786,-0.014659348574900774,68.79582216542896,1.0451066636398394,0.0022897610085344977,0.00019766439598146993
1787,0.013685812114818957,69.74382113299463,1.0428165580071909,0.0021718245847983687,0.00018332653317124529
1788,0.003961251910980527,70.0206418941433,1.0406723455874833,0.0020615668660500653,0.0001701524477895761
1789,0.013850014671055035,70.9971757053805,1.0386629303674506,0.0019583854923469436,0.0001580365380439459
1790,0.026742965335609124,72.92146665309097,1.036778186238661,0.0018617330333420199,0.00014688384986475834
1791,-0.006586021308499985,72.44278236260529,1.035008862368917,0.001771111315878399,0.00013660889450815708
1792,0.005809473159970024,72.86486160429092,1.033346498633491,0.0016860664019979488,0.00012713460935462052
1793,-0.0010259876565802282,72.79014149319681,1.031783349966467,0.0016061841358231707,0.00011839144317227332
1794,-0.00575122265935315,72.37271070137525,1.030312318626821,0.0015310861888078052,0.00011031654973619643
1795,-0.0033756096445737792,72.12882055168724,1.0289268934922462,0.0014604265422930335,0.00010285307592782665
1796,-0.005273922765792686,71.7494200667323,1.0276210955979876,0.0013938883543959447,0.0000959495323426899
1797,-0.009897352579553896,71.04279339389258,1.0263894292296634,0.0013311811652001336,0.00008955923606116079
1798,-0.009348872879016486,70.38171831780933,1.0252268379597407,0.0012720384001870576,0.00008363981662838836
1799,0.001305578488515248,70.47366718540074,1.0241286650882866,0.0012162151369862098,0.00007815277748180797
1800,-0.010157829344378914,69.76143121072143,1.0230906180110213,0.001163486104954615,0.00007306310608788274
1801,0.009946944432257217,70.45880691924751,1.0221087360925958,0.0011136438909249823,0.0000683389269292239
1802,0.004787253388918919,70.79691975161904,1.0211793616713127,0.0010664973277744437,0.00006395119224037919
1803,0.01604751280979512,71.9421990928329,1.020299113864029,0.0010218700453362897,0.00005987340604337399
1804,0.019318215483851438,73.3455050388403,1.0194648648774074,0.000979599165668284,0.000056081377597768015
1805,-0.023430527662644706,71.64695778960916,1.018673718564683,0.0009395341268564328,0.00005255300086744569
1806,0.010489929993931172,72.40248514755997,1.0179229909961889,0.0009015356214179203,0.00004926805702851579
1807,-0.009619633206711883,71.70933904795444,1.0172101928375428,0.0008654746370101161,0.0000462080374088344
1808,-0.0077699442169110785,71.15432050756638,1.0165330133520565,0.0008312315885870776,0.00004335598456767226
1809,0.01369655465304489,72.13559424169067,1.0158893058639413,0.0007986955323992217,0.00004069634950063926
1810,-0.011554233250264964,71.30691933078933,1.0152770745365787,0.0007677634533299247,0.00003821486319588263
1811,0.0004319619181893336,71.33772785801978,1.014694462335791,0.0007383396180255827,0.000035898420977683595
1812,0.015684155308956466,72.46542019509606,1.0141397400619196,0.000710334987120904,0.00003373497825707177
1813,0.017125208340102574,73.71709259876441,1.013611296346805,0.0006836666806042907,0.00003171345646954122
1814,-0.0063170025097045845,73.25288927025541,1.0131076285226817,0.0006582574910222833,0.000029823658120460037
1815,-0.002167919971925967,73.09425488406232,1.012627334279682,0.000634035439798611,0.000028056189981955183
1816,0.016039220859780788,74.27608224075914,1.0121691040372502,0.0006109333724522413,0.000026402393593197977
1817,-0.02661236475828202,72.32549010111566,1.0117317139624278,0.0005888885889484797,0.000024854282311066817
1818,0.02651012536170699,74.26848868711764,1.0113140195747923,0.0005678425058150118,0.000023404484241810463
1819,-0.01794649555245408,72.9475184328913,1.0109149498838976,0.000547740347007201,0.000022046190458032977
1820,-0.014189299560253747,71.9197531204256,1.01053350201049,0.0005285308608195178,0.000020773107970330738
1821,0.002927033980029101,72.13057306970487,1.010168736247611,0.000510166060417511,0.000019579416980322704
1822,0.006668517945156698,72.61318445351023,1.0098197715220145,0.0004926009858114515,0.000018459731992573814
1823,-0.0067939220527469335,72.1215281667049,1.009485781220196,0.0004757934853123532,0.000017409066407838374
1824,-0.009791698251258318,71.41878207907291,1.009165989346791,0.0004597040147067076,0.000016422800259859586
1825,0.004366395233388811,71.731306514787,1.0088596669861942,0.00044429545256076267,0.000015496650793274138
1826,-0.02368297831839475,70.05245411959646,2.1730693119850217,0.09631476330880412,0.000014626645611527726
1827,0.00866980474028706,70.66243560779732,2.220128709599108,0.10282727039135708,0.000013809098151581233
1828,0.013558538332420931,71.62703948174746,2.2721053402638285,0.11043254284303966,0.000013040585266989995
1829,-0.007611881102471443,71.08389278007154,2.372277169063274,0.12645984405160238,0.0032091424994046772
1830,-0.029491649532305046,69.0181227343054,2.51941939568922,0.15393482036020456,0.011512297152214097
1831,0.02170668329173884,70.53265554018925,2.6529156021768947,0.18405479324621543,0.022121516002426143
1832,-0.08999746725513988,64.46215674416185,2.742978602073867,0.2079891326769948,0.031801172473099146
1833,-0.017089879866791623,63.369866369849525,2.7887201581029126,0.22150787492278992,0.038743481825983236
1834,0.012067570541033402,64.1392194774132,2.7980430333113784,0.22438944360857188,0.042521488811938304
1835,-0.03154118077019217,62.14776428211853,2.779072543003729,0.21857226645315297,0.04351820965798274
1836,-0.01889974602877185,60.98421732665293,2.7383345963459806,0.206671427065144,0.042430224336933296
1837,0.07998993550770064,66.06274907086703,2.680905630219176,0.19114314359083368,0.0399712929909266
1838,0.01861324782581405,67.30390654384196,2.6108622257134018,0.17394195041676175,0.036738213565716396
1839,-0.003185141961770817,67.08987508815144,2.531625738607075,0.15646137829542325,0.03317425610494297
1840,0.03892887920461036,69.75311079529956,2.446159209074981,0.1396049599342221,0.02958023594091892
1841,-0.03786453534054785,67.16131979916756,2.357055084835661,0.12389841001150534,0.02614310642992723
1842,-0.025618747250081213,65.46258357776114,2.2665598372214397,0.10959938488946022,0.022966707125922362
1843,-0.056777652846989185,61.849318704145126,2.1765719779820243,0.09678791516102073,0.020098208547519456
1844,0.04003790479473965,64.37587739190558,2.0886376237668336,0.08543416235221776,0.017548466552546414
1845,-0.027893397244392056,62.60502779127611,2.0039565039304676,0.0754459889707354,0.015306617467639063
1846,-0.0009099784555281198,62.548084477302126,1.9234025853632528,0.06670064540589687,0.013349997641117575
1847,0.016217328442204228,63.570717078336585,1.8475577874674127,0.059064846145404776,0.011650573902047481
1848,-0.023538924116095098,62.09180507748814,1.7767543954686535,0.052406787213623504,0.010178912614137265
1849,0.007296783117469156,62.54653251868106,1.7111210968946078,0.046602799470723946,0.008906485471263431
1850,-0.006364669988060091,62.149708646375565,1.650628235015986,0.04154056701752436,0.007806892747344771
1851,-0.003941135328371242,61.90525027217052,1.5951291457667784,0.03712023525416285,0.006856407836799413
1852,-0.0018500515328960469,61.790828244969504,1.5443957900840752,0.03325428755288179,0.006034114223386243
1853,-0.03199275916398736,59.84525719550286,1.4981480181357871,0.029866756011956413,0.00532181145572776
1854,-0.01929822146107099,58.70142265371388,1.4560765993593219,0.026892118641099447,0.004703801761691967
1855,-0.027853971539960897,57.08891650105522,1.4178606327126215,0.024274094458634765,0.004166625603168938
1856,0.031894622519167644,58.93909446569091,1.3831801795933607,0.02196445719754312,0.0036987862821111707
1857,-0.008448011116693683,58.44327363920896,1.35172501516937,0.019921931286444445,0.0032904858058057165
1858,0.001410921243039069,58.525790694343385,1.323200341287106,0.01811119895927397,0.0029333831398740073
1859,-0.01370364773262913,57.72924413735259,1.297330197744906,0.016502026856748207,0.0026203793295365286
1860,0.019013359205393394,58.83737222863394,1.2738591834616182,0.015068509033001517,0.0023454301428322572
1861,-0.01772089987466511,57.803905075313594,1.2525529758639153,0.01378841740961296,0.0021033848213543064
1862,0.02910718095730936,59.511139660340454,1.2331980265277116,0.012642648196198092,0.0018898485260938993
1863,-0.0028703506399096784,59.34056674168901,1.2156007180808506,0.01161475220961742,0.0017010656993104376
1864,0.0077990997690138165,59.805179166345326,1.1995861920984043,0.010690537494954619,0.0015338215530354292
1865,-0.0102988254777031,59.192416845633055,1.1849969986835698,0.00985773364701865,0.001385359071964865
1866,-0.0009168047272729073,59.13817382697767,1.171691673263065,0.009105708435675493,0.001253309181798854
1867,-0.0013630451253842815,59.057620738637425,1.159543312295611,0.008425228572551369,0.00113563202474459
1868,-0.009026720702881927,58.526922924832306,1.1484381947268798,0.0078082576249471685,0.0010305675693918705
1869,-0.016134135687822918,57.59021838742639,1.138274478079015,0.007247785139760498,0.0009365940459335764
1870,0.00595131703156485,57.933977931370656,1.1289609853549982,0.006737681969689852,0.0008523929326102068
1871,-0.035315415367389975,55.92372089277659,1.1204160901291054,0.006272577596176258,0.000776819423571979
1872,0.004683982641040781,56.18628106426286,1.1125667012452203,0.005847755927059783,0.0007088774832510273
1873,0.009487406220673258,56.72187984086061,1.1053473446631341,0.005459066624223736,0.0006476987404225214
1874,-0.007552142540837795,56.29512161692626,1.0986993375852698,0.005102849501115982,0.0005925245995670862
1875,0.005500143872361857,56.605605956681,1.0925700486227432,0.004775869935175522,0.0005426910511579475
1876,-0.0031198819229215614,56.42927835359749,1.086912237098417,0.004475263577976514,0.0004976157491289866
1877,0.008452746375098522,56.908282329186406,1.081683464402664,0.004198488927073054,0.00045678699577364647
1878,0.00012298237474316857,56.91528147526681,1.0768455704481141,0.003943286557386622,0.00041975433407372365
1879,-0.006546733831001252,56.54388930585129,1.072364208594789,0.003707644004450544,0.0003861204970143641
1880,-0.009272084483528377,56.0220326752935,1.0682084328544328,0.0034897654535947157,0.00035553450454392125
1881,0.0029518680152703686,56.187646636719194,1.0643503316760519,0.0032880455238103114,0.00032768573294073727
1882,-0.014313889639006873,55.38911156920404,1.060764703125814,0.003101046547231313,0.0003022988096659391
1883,0.016319466578227745,56.30044836354336,1.0574287667787727,0.002927478838765724,0.00027912921031729996
1884,0.017559526939869355,57.297788386540994,1.0543219081219868,0.00276618352859565,0.00025795945388494535
1885,0.0068891460874019785,57.69388403504641,1.051425451719502,0.002616117595678131,0.00023859580883046723
1886,-0.0014146858105640785,57.61232302115279,1.0487224598048182,0.0024763407951931865,0.000220865436131417
1887,0.0015174894599819196,57.69981548175628,1.046197553344287,0.002346004218897165,0.00020461390681801022
1888,0.012700253613668656,58.43729092174359,1.0438367529557182,0.002224340266029708,0.00018970304106091858
1889,0.015945106990812766,59.376548156141794,2.246841092918212,0.1066795275558023,0.00017600902386344426
1890,-0.0051187615455628105,59.07339032299889,2.2945029504344845,0.11385269919677665,0.00016342075912794662
1891,-0.03045719981709305,57.30130365516513,2.3478088513723927,0.12236557971745135,0.00015183842951938786
1892,-0.02033863610719108,56.1476449819032,2.455283084699234,0.1413155125982305,0.004125547581794396
1893,-0.038849685327402975,54.0081549862651,3.2276609510396757,0.43264566657061115,0.013866700615541664
1894,-0.011400213012918707,53.3959467973162,3.2965039874129127,0.48966247419816555,0.02596335162063714
1895,-0.0503757478732067,50.77271441856315,3.354630970915567,0.5472754807251942,0.03675163629016704
1896,0.005355559213038303,51.04536013049696,3.4507201466148985,0.6692545152106708,0.07458693261297725
1897,0.014381859955268469,51.78479180750889,3.531235681202527,0.8099706759985281,0.1255991872626717
1898,0.021680443839750197,52.919768015184346,3.5779198774116194,0.9161482877715307,0.1703626428390565
1899,0.041828366319593475,55.18026227550695,3.5962376868551558,0.9645170942156962,0.1988639240102896
1900,0.06036390592471171,58.61374514065194,3.5934694985235436,0.9569280124508955,0.20985319376214512
1901,0.0290346745926212,60.34052306886614,3.5743131261061016,0.9071150476962122,0.20664184114395004
1902,-0.0042573244660361765,60.08417993883202,3.5413555023368986,0.831152073758331,0.19384491054184505
1903,0.0014216847550832861,60.16966145095622,3.4959526167676747,0.7427732093642997,0.1756760189360697
1904,0.0014842464785539435,60.25903436839227,3.438853453003516,0.6519295537121421,0.15533281098172624
1905,0.026269818273305805,61.86300400500201,3.370600346543004,0.5649670285459514,0.1349558035892259
1906,0.021698728193822812,63.22002205319128,3.291786080339353,0.4854012361344511,0.11581847422510178
1907,0.0011887199707381257,63.29521764034987,3.203214051950829,0.4147689961171729,0.0985680233211239
1908,-0.05104365174804502,60.145469758136635,3.1059820747125193,0.353345612287693,0.08343898418583635
1909,-0.016056053992855538,59.18748217885127,3.0014993960799603,0.3006757414400486,0.07041624659930262
1910,-0.030031443716909065,57.4364216794704,2.891445731874298,0.2559341188238277,0.05934855402277602
1911,0.0491004751974027,60.32695998018012,2.777685392585181,0.21815399020039922,0.050022157827373875
1912,0.00551012709144837,60.66028668961982,2.6621544796266443,0.18636170480611058,0.042205563955018684
1913,0.00914223100064563,61.21739979113007,2.5467414591724538,0.15964896290494265,0.035674709140631145
1914,-0.03854743782936749,58.90252868637631,2.433179777261053,0.13720589220718526,0.030225604124618336
1915,-0.056395708772720377,55.67261157573976,3.13977756325236,0.37312051020358905,0.025679364635822374
1916,0.06727940792342778,59.54710742557255,3.1485440055499776,0.3785064676662082,0.021882890083267017
1917,0.002279917730778564,59.68302481296428,3.1711737358661405,0.3929364626496958,0.018707254365645878
1918,0.008296771099234466,60.180261083781204,3.272038322875848,0.46816440911800034,0.039141445484791336
1919,-0.00860840874346449,59.66442823355866,3.3823957699943348,0.57862195259879,0.07687368923451803
1920,0.006783393859475242,60.07053137121652,3.455430544155834,0.6763408738237642,0.11509513101799332
1921,-0.02943141682341962,58.32833394988009,3.4908786655433355,0.7338757473800248,0.1429392804643356
1922,0.005849585118965461,58.67053038198337,3.4980352068604783,0.7464772154347524,0.1572430036414691
1923,0.01738981078320564,59.699722596827776,3.483995526357822,0.7220854624063804,0.15950885422513933
1924,0.024968563257236807,61.20910402453761,3.4530134156115264,0.6726892813159138,0.15301651481053724
1925,0.16159544602498663,71.94424061268363,3.4075422501965313,0.6095478329877109,0.1411302618908223
1926,-0.004899363681206443,71.59262167103797,3.349094239196832,0.5413443190988729,0.1265778603053529
1927,0.0257412651993576,73.45943025947493,3.2787908887246564,0.4739521838600276,0.11128807557209891
1928,0.012918146009605147,74.41454578393306,3.1976985195209306,0.4108864135851982,0.09648129605454434
1929,0.007938626363840923,75.00764614517823,3.1070211563756596,0.3539313117134796,0.08283962619243844
1930,0.01565883570462572,76.1914226453038,3.0081903559469265,0.30371609632777463,0.07067466436425257
1931,-0.009853795979644702,75.44433478185852,2.9028750912146393,0.26016295992969474,0.060062976660512434
1932,-0.011474186265036929,74.58361987673847,2.7929306431520944,0.22280376429662055,0.05094433159551015
1933,0.03063044498480829,76.90349740504942,2.680306834076253,0.19098835367159983,0.04318781649788596
1934,0.025550196371535747,78.89371380667487,2.566937640890889,0.16401285306227045,0.036633616910873634
1935,0.008095062987417878,79.53495533281166,2.4546332347891306,0.14119301005453966,0.03111775204331292
1936,-0.03771749655725881,76.59096490736493,2.3449910936138507,0.12190186002238064,0.026485546448003806
1937,-0.014910482473385675,75.45742845599868,2.2393361083621373,0.1055854085139363,0.022598023578130712
1938,0.03667049286753865,78.27585017838602,2.1386924636043263,0.09176552837227633,0.019334075855503143
1939,0.017590458860803546,79.66493984507782,2.043784240562537,0.08003597523894998,0.016590269951416246
1940,0.014500015579724076,80.82849813416587,1.955058109927203,0.07005515275741192,0.014279448607979297
1941,-0.018494288128793064,79.34737101317853,1.872720211060864,0.06153775932051364,0.012328824447416857
1942,-0.011178214756504505,78.46534796538195,1.7967798167666407,0.05424649493705967,0.010677961544019236
1943,0.007649798576884518,79.0678938113767,1.727093901515632,0.04798442192577665,0.009276854296553729
1944,0.008350917706052225,79.73094798789249,1.6634085852581635,0.04258822794644192,0.008084201448303095
1945,-0.02833227353106405,77.50368959395162,1.6053951508858542,0.03792244581249884,0.007065908882930127
1946,-0.008224964559716774,76.86883888505383,1.5526796971469694,0.03387458293685555,0.006193819965652488
1947,0.0005675014887945019,76.91247444601483,1.5048664311739266,0.030351066420752346,0.0054446549553974774
1948,-0.0023384968357889387,76.73282500458402,1.4615551695615354,0.027273894080365606,0.004799133967436463
1949,-0.0057585825080747974,76.29222254111454,1.422353891350492,0.024577882700804903,0.0042412565495379105
1950,-0.016266111334258627,75.06128319424928,1.386887262648033,0.02220841396074383,0.003757712407831596
1951,-0.010888048347507267,74.24844545223752,1.3548020091976096,0.02011959088306191,0.003337400587479381
1952,0.0088384495199508,74.9075952293575,1.325769907969825,0.018272730660351268,0.0029710375873181496
1953,-0.004522839106501063,74.5695652321558,1.2994890404550599,0.016635131921786,0.0026508379979757126
1954,0.012820504166705882,75.53173925297777,1.2756838220526792,0.01517906535322182,0.00237025407678415
1955,0.002713198589713809,75.73695012443368,1.2541042060537206,0.013880945880061972,0.002123763126113373
1956,0.0025690917442164275,75.93177545264398,1.2345243623453945,0.012720652416104497,0.0019066936149312694
1957,0.0343023174061615,78.58159903938225,1.21674105102331,0.01168096761727821,0.0017150827036523323
1958,0.009104389919536727,79.30030327489833,1.2005718482191616,0.010747115339872309,0.0015455592422535674
1959,0.014845232881202607,80.48631628307572,1.1858533332779049,0.009906377773891188,0.001395247457582663
1960,-0.009951023196927226,79.68936688999628,1.172439310331435,0.00914777767431303,0.0012616874719954087
1961,-0.014249204938538809,78.56190853882693,1.1601991108335132,0.00846181389572,0.0011427695413958286
1962,0.0353059800113946,81.38515926627818,1.1490160045762066,0.007840240675608689,0.0010366795002407388
1963,-0.011084162618376595,80.48805394164471,1.1387857333041589,0.007275882913747846,0.0009418533823853575
1964,-0.015313558786173773,79.26488483522056,1.1294151718407492,0.0067624811451959125,0.0008569395730262779
1965,-0.0008280112686056426,79.19927978198218,1.1208211155172891,0.006294561072696067,0.0007807671573227597
1966,-0.0257419114507069,77.1865557590613,1.1129291887949913,0.00586732346622926,0.0007123193807661857
1967,-0.0010712538142862303,77.10391364003863,1.1056728676445577,0.005476550998498902,0.0006507113372237092
1968,-0.0026231124398424,76.90192643839767,1.0989926070218468,0.005118529201000505,0.0005951711625563357
1969,-0.0013254484501837654,76.80006442052328,1.092835064300446,0.004789979224799658,0.0005450241425788415
1970,-0.003981987517809516,76.49485559478921,1.0871524095403708,0.004488000496103135,0.0004996792500819279
1971,-0.014359445076693221,75.40428068158235,1.081901713806245,0.004210021687432997,0.0004586177116072526
1972,-0.000836290636088063,75.34124714857779,1.0770444072713579,0.003953758695292145,0.0004213832745818088
1973,0.002177972093000756,75.50551710507433,1.0725457994681704,0.0037171785363025187,0.00038757390241126236
1974,-0.0024079144730145734,75.32392499452021,1.068374654711612,0.003498468255237732,0.0003568346717020484
1975,-0.026818155598826318,73.33072271815833,1.0645028163895545,0.0032960080876429584,0.00032885168392741477
1976,-0.0009463480741293962,73.26135915615282,1.0609048744602037,0.0031083482428465657,0.0003033468351731219
1977,0.0036620523442935722,73.5301379287897,1.0575578711037892,0.0029341887749571825,0.00028007331337765844
1978,-0.0009253597205548292,73.46212757277867,1.0544410400378295,0.002772362093807583,0.00025881171375126806
1979,-0.018369448409962283,72.12498767125105,1.051535575517944,0.0026218177379059185,0.00023936668064882444
1980,0.01191086965773684,72.98919551497325,1.0488244275093694,0.0024816090898396276,0.00022156399875443837
1981,0.01142074835117155,73.82756504038942,1.04629211992958,0.0023508817633216546,0.0002052480685533598
1982,-0.009279926633561517,73.14561974833802,1.0439245892325362,0.002228863431860096,0.00019027971115929038
1983,0.025625548256817992,75.04423904127498,1.0417090409334366,0.0021148549032477763,0.00017653425599029117
1984,0.003929993899410999,75.33974272639884,1.0396338219631718,0.002008222272833233,0.00016389987183535476
1985,-0.02179109576848529,73.71576556032296,1.0376883069976133,0.001908390012771505,0.00015227610776423963
1986,0.007898012010615643,74.30027876984184,1.03586279713208,0.0018148348749198212,0.00014157261529993583
1987,0.01720183071370553,75.58943572847939,1.0341484294691219,0.0017270805023635789,0.0001317080274557432
1988,0.00014924660683181425,75.60071803717636,1.0325370963613418,0.0016446926592466613,0.0001226089737685716
1989,0.017578217233443338,76.94139269553705,2.4085451057614056,0.13276013453419,0.00011420921344477812
1990,-0.05050852199758889,73.15170798146677,2.4600993540024985,0.14222664538107488,0.00010644887126385512
1991,-0.03233324454623277,70.82430492400458,2.5179305030759997,0.15362948629194803,0.00009927376303237997
1992,-0.07806294283355156,65.50583933647144,2.637654176892225,0.18031260665773,0.00595696531520871
1993,0.020908124359903357,66.88986181023813,2.7987173786467077,0.22459960878569707,0.019797051128940157
1994,0.010864436205142214,67.62054448708798,2.9299202525032406,0.27052940545102955,0.03634406130705926
1995,-0.012441784420987334,66.78443637422373,3.0100740433443294,0.3045794531141132,0.0505411178970047
1996,0.012844546403950908,67.64778495701927,3.0454738711465446,0.32143811614724965,0.05997641023960278
1997,-0.04223448847970617,64.85020830816812,3.046482161923116,0.32193663508968956,0.06439684271544427
1998,0.05927701274854241,68.81055409098224,3.3046247362727805,0.4971325965608766,0.06466888257163113
1999,0.010964013511861536,69.5691449367934,3.299476585879236,0.49237681557696517,0.062001625115746
2000,0.030087892038899996,71.69414189078518,3.2951589083025317,0.4884417782968146,0.05752904695509195
2001,-0.019650349860840785,70.29907855109818,3.339988993588731,0.5318068117482176,0.07149991058165876
2002,0.05805433065861534,74.501035305575,3.396615105659911,0.5957926179808608,0.09617892993293561
2003,-0.004159603547854423,74.19178416177287,3.435528254562233,0.6472055353293369,0.1197654479170923
2004,-0.028439278543298415,72.11154381866935,3.450649889447632,0.6691497395850671,0.13538704172116947
2005,0.0003686014870332313,72.13812914034666,3.4444236566572894,0.6599696925403729,0.14138893411682588
2006,0.009423344279579585,72.8211245633014,3.420176560348615,0.6260983244667717,0.13913046164229934
2007,-0.030633739791869508,70.62416355247375,3.38041585495054,0.5762936012736045,0.1310494579757307
2008,0.012121283990098201,71.4854283680435,3.3268795704678853,0.5185282161362932,0.11955265557718668
2009,0.009685414678464987,72.1811581623365,3.260882658904067,0.4588343149042592,0.10655530417483708
2010,-0.010679987376907169,71.41436625672786,3.183617454782936,0.4012121769829754,0.09339077545790397
2011,-0.06073324467773018,67.20622065432339,3.0963555098759183,0.3479834491528958,0.08088595730392378
2012,-0.018593273473588415,65.96818227428648,3.0005557390114515,0.30025022161306525,0.06948658531854264
2013,0.04550378680286728,69.03932886954412,2.8978924199959315,0.258308597240878,0.0593781185483781
2014,-0.014577827348852683,68.04018581466087,2.790219047775331,0.22196816429659771,0.05058251362838298
2015,-0.001332018976214712,67.94961533020395,2.6794872505929965,0.19077671737897212,0.04302807978742208
2016,0.043004718694213157,70.93551310592751,2.56764251014994,0.16416738013294863,0.03659632280557337
2017,0.090211365989995,77.63222131924428,2.456518138625707,0.14154861567296084,0.031151410531734067
2018,0.0032932737214135493,77.888306922192,2.3477451388463333,0.12235507704047117,0.026557485232533207
2019,-0.01841413560250064,76.46718559307945,2.2426891424492625,0.10607307783165365,0.022687952501455524
2020,0.009527758298592625,77.1992282802945,2.1424184400376767,0.09225046678926294,0.019429736068458776
2021,0.04801346032386942,80.99625515386916,2.0477009961810344,0.08049747969944052,0.016684538293308133
2022,0.011530584523797505,81.935594478354,1.9590243671591656,0.07048278909319702,0.014368435416994379
2023,0.008148698651700528,82.60599066526471,1.876630806353286,0.06192734704187808,0.012410638318459934
2024,0.01690409753060007,84.01423944182551,1.800560088471435,0.05459754214756399,0.010751916021745528
2025,-0.01874631303551597,82.45395271479539,1.7306939676536102,0.04829850781946515,0.009342964272154452
2026,-0.026927150394742326,80.26332872190007,1.6667980016226278,0.042867998704335476,0.008142867698487332
2027,-0.0182617427338126,78.81088292219168,1.6085582234810718,0.03817100396022888,0.007117723730885011
2028,-0.0366962288906753,75.97124144135388,1.555611557011627,0.03409512665256062,0.006239450229110548
2029,0.024219213189090472,77.83366734295703,1.5075698683318264,0.030546685855870618,0.005484773728624295
2030,-0.004000453360125852,77.52291936771934,1.4640381581944228,0.027447464934884386,0.004834382895852028
2031,-0.025261084118627312,75.58913396980176,1.4246277081335825,0.024732018908954375,0.004272226854597062
2032,-0.011341611968015409,74.73667461272912,1.3889650927237962,0.022345455338792806,0.003784937199666899
2033,-0.01035028473736346,73.96711818434105,1.3566979400257753,0.020241610602909313,0.0033613537633973797
2034,0.008430021909185981,74.5932982587674,1.3274982235739121,0.01838155318339241,0.002992136385473968
2035,0.011824570713140897,75.48056743916166,1.3010637430897491,0.016732355700449612,0.0026694474057243492
2036,-0.02520834223291142,73.60160966772878,1.2771183225594598,0.015266086928533708,0.00238669200979474
2037,0.008508196946618356,74.23049821845851,1.2554111369069314,0.013958983456947948,0.002138305745171318
2038,0.024970389663225748,76.10739862837804,1.2357154781397799,0.012790767897211003,0.001919580428139898
2039,0.00955268518957325,76.8379122763551,1.2178271898789392,0.011744086622864792,0.0017265212742194004
2040,-0.009184044895944618,76.13546005412405,1.20156293446289,0.010804045065644717,0.0015557294259177501
2041,-0.0045937359412378765,75.7865159470437,1.1867584070747088,0.009957822723670443,0.0014043051544639963
2042,0.01493910302277712,76.9271976831036,1.1732665739714487,0.009194353403261031,0.0012697679115147042
2043,-0.0009294374540630859,76.85573188098205,1.1609559843968753,0.008504058946195063,0.0011499901362600354
2044,0.0003921313246005053,76.88587533063685,1.1497091859258202,0.00787862690290683,0.0010431423128943042
2045,0.004037792008686371,77.1969521126566,1.139421258983229,0.00731082439634258,0.0009476472489081063
2046,0.009026281434120414,77.89690777435034,1.1299984766262483,0.006794341861886827,0.0008621419277873458
2047,0.013360398542767042,78.94462488175498,1.121357089218113,0.006323661512352208,0.0007854455983586293
2048,0.015570265150981751,80.18343288067246,1.1134222294730738,0.0058939463175646245,0.0007165330117924517
2049,-0.04172376971191178,76.90671172113073,1.1061269308455315,0.005500946049261574,0.0006545119179734297
2050,0.0009334147932941408,76.9785310969743,1.0994112508789833,0.00514091755901841,0.0005986040950750283
2051,-0.002667133030692441,76.77349266796136,1.09322149055864,0.004810556957944264,0.0005481293173580413
2052,-0.0142669518194838,75.68594538647514,1.087509500663113,0.004506941774558778,0.0005024917725489068
2053,-0.01844601713367273,74.30263861423686,1.082232066397746,0.0042274814996796015,0.0004611685265235261
2054,0.03899204367103649,77.25707580325276,1.0773503620826979,0.003969875198818815,0.0004236997033228783
2055,-0.010913876965167536,76.41848603987343,1.0728294682709474,0.0037320750951223723,0.00038968010587467903
2056,0.015427531848455108,77.60657574842212,1.0686379443224796,0.0035122552086089267,0.0003587520496836952
2057,-0.02356037196803943,75.79950715066298,1.064747450119572,0.0033087842878567362,0.00033059922017871825
2058,0.002770512752358922,76.00980182937708,1.061132411247738,0.003120202394369829,0.0003049413959680002
2059,-0.0060648054427214155,75.55021223897938,1.0577697225714104,0.002945200602477954,0.0002815299062435088
2060,0.018748510340922356,76.98002774760015,1.0546384856939417,0.0027826033627054545,0.0002601437120228754
2061,0.0014403879148206103,77.09098874350474,1.0517197763039905,0.002631353147250391,0.00024058601866106072
2062,0.003673156135974594,77.37467667791323,1.0489964378740664,0.0024904970551154837,0.0002226813417759072
2063,0.016030761887425513,78.62504711409696,1.0464528985932608,0.00235917510361368,0.00020627296095883558
2064,-0.000653343931186564,78.57369469394843,1.0440750087875572,0.002236609974132609,0.00019122070582695797
2065,-0.019133089817809736,77.0846277870747,1.0418498964108571,0.0021220980145706773,0.00017739902747599873
2066,0.00003873265746939716,77.08761353738161,1.0397658384815853,0.002015001329887429,0.0001646953155081636
2067,-0.004195198881677433,76.76489307884673,1.0378121465970687,0.0019147408166718953,0.0001530084267751975
2068,0.011799638127813858,77.67605616357903,1.0359790648843914,0.0018207900182891906,0.00014224739699054726
2069,0.01413585322567839,78.78187089622148,1.0342576789454818,0.0017326696946466835,0.00013233031058675524
2070,-0.0032950349188701116,78.52270908872923,1.03263983452888,0.0016499430154460833,0.00012318330775730127
2071,0.015349897548235833,79.73732287828355,1.0311180648138316,0.0015722112983863228,0.00011473971063510904
2072,0.0023350969473689286,79.92373481779977,1.0296855253266246,0.0014991102245102686,0.00010693925311287953
2073,-0.007204669842074597,79.34998003461838,1.0283359356267179,0.0014303064720419768,0.00009972740097780452
2074,-0.02060696855598911,77.73155022858363,1.0270635270032649,0.0013654947178866907,0.00009305475087682644
2075,0.01023088107641213,78.53089450062052,1.0258629955129293,0.001304394962668658,0.00008687649819978104
2076,0.0064054691747380404,79.03553623268387,1.024729459768996,0.0012467501409338716,0.00008115196530923009
2077,0.0027972693057111892,79.25692941606462,1.0236584229611432,0.0011923239830900424,0.00007584418269322632
2078,-0.0001390240055471337,79.24591156616036,1.0226457386460508,0.0011408990999152728,0.00007091951660046881
2079,-0.01864934508618447,77.78172273269887,1.021687579902391,0.0010922752641417152,0.00006634733756127413
2080,0.00022539541081196282,77.79925635197229,1.0207804114905894,0.001046267866796611,0.00006209972492347437
2081,-0.006193975304237463,77.31885899998997,1.019920964698909,0.0010027065287328593,0.00005815120315737494
2082,0.003057511329139288,77.55562405881604,1.0191062145935912,0.0009614338501658308,0.000054478506223116705
2083,0.001039314494553821,77.6362706443578,2.9261485726145775,0.2690523833410037,0.00005106036675971668
2084,-0.035880394792117874,74.90003279758528,2.979551952870639,0.2909827636653355,0.000047877327258304266
2085,-0.048454613344914806,71.35730455474193,3.0400415451237155,0.31877028658286477,0.000044911570731601937
2086,-0.0730926927981497,66.32766116103271,3.175250800446163,0.3956204143555828,0.019150991647775086
2087,0.0441658760463359,69.32273358161646,3.323501157043185,0.5151896077651185,0.05831953197014089
2088,0.0030458285101416047,69.53420062264868,3.420730399199363,0.626840350983433,0.1000253058661397
2089,0.01155114576436536,70.34205716136512,3.469726705019057,0.6986190126096621,0.131848881491806
2090,-0.02010703025551776,68.9418118526049,3.4847038789561267,0.7232842760166753,0.1496971675334034
2091,0.08386576659234808,74.97304200003005,3.4755456694787807,0.7080346730148567,0.15473382544611286
2092,-0.053397576323222284,71.07467128331916,3.447887725107142,0.6650516126223174,0.15023256355358514
2093,-0.0028207501434198918,70.87446988590747,3.404869640785524,0.6061368581397255,0.13968925825468245
2094,-0.021478147280779607,69.3684487500073,3.348353105818414,0.5405580369030414,0.12599365217038824
2095,0.0028201787589288117,69.56435629301333,3.2796395405439602,0.4746872577373349,0.11121966942570563
2096,-0.03899579220936116,66.9038505129197,3.1998857009898383,0.4124196449891028,0.09670133574032577
2097,0.01261288345798845,67.75304512083952,3.110337709233239,0.35580990637713195,0.08320304428205814
2098,-0.01874861708391077,66.49460310807389,3.0124439847108606,0.30567035492994044,0.07109290701465057
2099,0.003304054052470823,66.71466822425992,2.9078791751382886,0.26204232146839673,0.06048474938034858
2100,-0.0356956693341588,64.37524551598726,2.7985018417373553,0.22453240931363216,0.05134204782313516
2101,0.06032521722556666,68.37822254186786,2.686267864878779,0.19253558086137368,0.043548453664035494
2102,-0.02505104172128715,66.686554328574,2.573122453861763,0.16537394446909578,0.036952748238953635
2103,0.024765205565076668,68.3586803666312,2.460892478021821,0.14237723393205537,0.03139576310351494
2104,0.0555012826455674,72.25993574734959,2.3511964553050313,0.12292517744025758,0.026725304506775308
2105,-0.010936996186020776,71.47393518322625,2.2453828073164797,0.10646619779883026,0.02280348691094392
2106,0.010723070729116782,72.24447916091663,2.1444997498029172,0.09252219850264265,0.019509496633194644
2107,0.03546349576980681,74.85249224554838,2.0492941799417648,0.08068573199139065,0.016739763133874666
2108,-0.025896205125940347,72.93898003886581,1.9602331414726046,0.07061344810988664,0.014406780714141006
2109,-0.03487163005085104,70.43931589287624,1.877540009461172,0.0620181308509654,0.012437330261942577
2110,-0.031124337182610085,68.28070578392294,1.8012379271662067,0.05466061588011391,0.010770532065791002
2111,0.0028205036170424113,68.47356361180873,1.7311944930236234,0.04834225481923846,0.009355961720822809
2112,-0.021684451841483297,67.0047348476015,1.667163541664615,0.0428982198439668,0.00815194107424003
2113,0.02326139476827529,68.5816276966717,1.608821606933446,0.038191730614837105,0.007124046529559651
2114,-0.06830270194682836,64.05371185244148,2.3732817242521693,0.12663056763355482,0.006243838738589922
2115,0.0044407494200036065,64.33879084990986,2.8929852406473144,0.2564986452964117,0.0054877983208978165
2116,0.03317429497617062,66.50898314852007,2.9345873567040868,0.2723715598192077,0.004836443882789834
2117,-0.015531758324479235,65.48396248830267,3.0094202500927265,0.3042794258030449,0.008922762719716017
2118,0.047342862409927335,68.65871878440747,3.149220473668952,0.3789266914315708,0.03058993374671127
2119,0.033578639237549425,71.00332925104829,3.275899527877228,0.4714607189535185,0.06266484460594378
2120,0.018037326341929293,72.2956595259768,3.3549180951902597,0.5475858362245066,0.0928517552610854
2121,0.028094771503627172,74.35559071614351,3.391834838331071,0.5899305786689731,0.11400130684624615
2122,0.021307157640960517,75.95689606012813,3.3977072161511437,0.5971449302851455,0.12447192940740433
2123,-0.03461943640752027,73.37230775426806,3.3804034514177737,0.5762790618019088,0.12576426697468035
2124,0.10285880419736688,81.32108980248432,3.3447262680820926,0.5367359060509023,0.12048351781670391
2125,-0.05139306698181719,77.24732776157437,3.2936225410325646,0.48705317077614363,0.11118875966262841
2126,-0.039224422544612454,74.27600117455563,3.2290897328812282,0.4337255244788041,0.09992175282603387
2127,-0.026523581378898556,72.33183274330118,3.152736540616784,0.3811216895009111,0.08811720619444606
2128,-0.022140872815168383,70.74794190071414,3.0661066936147647,0.3318537588001224,0.07668206261279394
2129,-0.033894921528766685,68.39013060580056,2.970844975187158,0.28725190972257575,0.06612497676648314
2130,-0.04449219145808455,65.41400199764644,2.8687529097334554,0.24779107842299145,0.05668075399532978
2131,0.007718912217009678,65.92088069620087,3.0786743461299517,0.3384266470924427,0.04840999917162201
2132,-0.040587552336901984,63.29888365742461,3.0394981362616162,0.31850507738584505,0.04127125171922493
2133,0.011334388999933158,64.02041918571203,3.0126812435736903,0.3057798553618247,0.035169633472908204
2134,-0.015430733881080884,63.040119953897076,3.048398180753926,0.32288686391596194,0.04025964503921101
2135,-0.03243276928285639,61.0283541975296,3.1111724566611274,0.3562849406191658,0.05289366551057726
2136,-0.04627699100449317,58.268497057045494,3.1619564508429345,0.386964935118976,0.06649597364918446
2137,-0.03663480096644197,56.172470443035046,3.1870134232717615,0.40351467401954894,0.07663231387565964
2138,-0.01702132365194466,55.22443196728958,3.1863478834177807,0.4030619177766591,0.08171943833340557
2139,-0.05215205366824962,52.4181764395455,3.163489741361404,0.38794917079961,0.08205803826346048
2140,-0.07241793325079572,48.75635151990708,3.1219933717552055,0.3625246046258057,0.07877989527791439
2141,0.011322362301657958,49.31152560648993,3.0648064330851343,0.33118380613386467,0.07316634032793239
2142,-0.06100980605944851,46.39297434490055,2.9944079056727886,0.2974975514809226,0.0663196245624454
2143,-0.022723673252595646,45.35064320240818,2.913041328597137,0.26399918123769667,0.05905887047848005
2144,-0.029887480208232883,44.01528145101071,2.8228767105668773,0.23228790819074713,0.05192956434122637
2145,0.048984254035283496,46.225016460192876,2.9521972392486853,0.27947014157257294,0.04525689871887741
2146,-0.02235750773866192,45.20300765313554,2.8998119442064203,0.25902098294042053,0.03920670969672304
2147,0.0023643751630625567,45.310010969870454,2.8557658034437345,0.24327613294056277,0.033838502844506735
2148,-0.027675736566566016,44.07321658244257,3.446414807461284,0.6628830143312192,0.03475790645462587
2149,0.002471317899270862,44.18227020904796,3.478249321767589,0.7124809104695592,0.03993463291410334
2150,-0.07007621750382297,41.192136010899304,3.514113794649335,0.7761427779684218,0.04597630648016279
2151,0.03507545361453836,42.662606826891384,3.5973890612940904,0.967704356087319,0.10376170336464073
2152,0.0013476023480963075,42.72013781176585,3.667421551124664,1.2030642214543437,0.18782639421471947
2153,0.007279082169687314,43.032235720316656,3.7065812195695846,1.3836441632669039,0.2623980674789998
2154,-0.06538156631559422,40.30872458366559,3.7217599737960585,1.4673086458458129,0.3095587997010994
2155,0.03923546089901347,41.92169181290484,3.7200265176697838,1.4572950775718287,0.3272539095907676
2156,-0.000447014422072874,41.902956399878676,3.705393284129212,1.3774600874929335,0.321358430713573
2157,0.06333733365632316,44.642830198392005,3.6797764462422484,1.2552682718661718,0.2998439560716052
2158,-0.05779415671164736,42.13587686497599,3.643929173567404,1.1137935112754427,0.26984909870763685
2159,0.0005895014191466875,42.16072334698355,3.5980146127445902,0.9694436769764546,0.23668894546379285
2160,0.030732265770496828,43.476533251278916,3.5419561367106995,0.832438661591193,0.20384428905287977
2161,-0.01969777225602207,42.628521788167006,3.475670986745795,0.7082397476102116,0.1733251847650498
2162,0.0005851684995682804,42.653473956199946,3.3992381785151684,0.5990489307189801,0.14610106733274836
2163,-0.04409988823409008,40.81333372690821,3.3130184541239625,0.5050394296635157,0.12247088205067275
2164,-0.011644278385180668,40.34084812276938,3.2177278827726497,0.4252473980473185,0.10233929758358759
2165,0.028068655299540602,41.489202471201054,3.1144614947143507,0.35816536752949346,0.08540506531714348
2166,0.01169248518310218,41.97716152412038,3.0046654204969983,0.30210927990133485,0.07128057003046723
2167,-0.05622377181942946,39.68216829005808,2.890062368581091,0.25542818556816943,0.059562511186009574
2168,0.020768358418891717,40.51491928758145,2.772542713882408,0.21661153515438036,0.049870162600057784
2169,0.012200254364245341,41.01223915420743,2.6540389653572016,0.18433360135824772,0.04186331673657428
2170,-0.002113931460175259,40.925633662894676,2.5364029335299842,0.15746167118613788,0.03524820984218717
2171,0.0033318427909570527,41.06221885421761,2.4213021687174408,0.13504504857298297,0.02977681707411956
2172,-0.004504301155396922,40.877678179783786,2.310146383757518,0.11629525520713985,0.025242858358287476
2173,-0.028398217994919636,39.73315311648937,2.2040476374776463,0.10056343886983193,0.021476489052538798
2174,0.07202842046866358,42.70065888863393,2.1038119687616605,0.08731823668674857,0.018338776289192636
2175,0.01749332218352772,43.45420708631723,2.0099561241797614,0.0761256676134957,0.015716525419784622
2176,-0.031009355077974934,42.12739821063313,1.9227412934836032,0.06663165911320634,0.01351770461406052
2177,0.015082217534843258,42.767588403027666,1.842215949533635,0.05854728252474608,0.01166753805902718
2178,-0.003998697021545982,42.596915237217594,1.7682612641995867,0.051636505555659254,0.01010524520545106
2179,7.197987421693405e-7,42.59694589843465,1.7006344321270634,0.045706157510342904,0.008781360297613857
2180,0.049741638344967753,44.7693698341094,1.6390070610564758,0.040597774596209474,0.007655551277892984
2181,0.007537424273295874,45.108090506067875,1.5829972917016921,0.036181007764291145,0.0066948569225161025
2182,0.00984479930057448,45.554363734719914,1.5321953926564549,0.03234831017857611,0.00587226801296213
2183,0.010472751715255968,46.0339501872283,1.4861832577998604,0.029010662330998534,0.005165588111751424
2184,-0.016757132564778465,45.26898043156596,1.4445485944719016,0.02609413312518262,0.004556519748178664
2185,0.0015530170343182998,45.33933854883854,1.4068947237617726,0.02353711171063875,0.004029931370872141
2186,0.014088021936695588,45.982600651103155,1.3728469033632362,0.02128807627392643,0.0035732688032724894
2187,-0.011589127319425433,45.452778456044534,1.342055993258902,0.019303792276551556,0.003176082021580644
2188,0.007044924499478293,45.77412043450574,1.3142001597350048,0.01754785418246231,0.0028296439214926397
2189,0.01843952137056048,46.62600332518305,1.288985181913338,0.015989502159045373,0.0025266424896514144
2190,-0.0009751322882964548,46.58055896459914,1.2661438027543566,0.014602659223032438,0.0022609316126166474
2191,0.00937030691751085,47.01908444903981,1.2454344606401593,0.01336514545396502,0.00202732880121062
2192,0.03786853544497763,48.833771226551164,2.5201967783558024,0.15409448595469916,0.0018214505258589587
2193,0.023798554942067587,50.00988379473229,2.823133396598712,0.23237128889497335,0.0016395777726309734
2194,0.04208831016512822,52.15963771533094,2.8764546873556815,0.2505178918337554,0.0014785459426825969
2195,-0.04463495195665203,49.88268856375932,2.978764568593815,0.29064276087676927,0.008998307215800676
2196,0.01668608248080098,50.72201830803642,3.131604927969147,0.3681973211197727,0.03258883618873377
2197,0.03319412190720144,52.43394696358655,3.2559849348042063,0.4548264625953222,0.0633020855498392
2198,-0.043305598545536755,50.21172804664288,3.3295965956691322,0.5212376415348705,0.09038852636500944
2199,-0.024240639825171283,49.009197570338245,3.3615612607150736,0.5548444467890772,0.10838924965534108
2200,-0.04231538235344539,46.978619955946435,3.459489305890367,0.6825459697726637,0.11654944675208913
2201,-0.03592228253510239,45.320991837462564,3.451373678437422,0.6702304233568778,0.11658328886637824
2202,-0.037892760115926634,43.635784581524256,3.4346166478886047,0.6459201457197106,0.11095567556715091
2203,-0.05940786294114963,41.11897517575109,3.4369728417938195,0.6492509658569794,0.11620271917242551
2204,-0.035508241266990793,39.684530698195864,3.4456990752359307,0.6618333921083328,0.12669804926693506
2205,0.017685130897963294,40.392599508248274,3.447160710991591,0.6639797748585037,0.13527347758296934
2206,-0.0626362167288326,37.94016718157094,3.435584697872722,0.6472852583974116,0.13830288111110686
2207,-0.11303547088272135,33.88508340799543,3.409805828982096,0.6124609359050226,0.13533746483208195
2208,-0.08263268263768973,31.19763271599124,3.3702493463159326,0.564568531795055,0.12760247823232154
2209,-0.016912898100795177,30.67442726480193,3.317717585382553,0.5095509284118269,0.11681714158043809
2210,0.03245146924711659,31.686185225580168,3.2530922807291285,0.45248406649122364,0.10455879567521248
2211,0.02699073270367741,32.55306481286553,3.2641610832157157,0.4615468885045668,0.09202348528799272
2212,0.011098148084095769,32.916355746200296,3.2032315340988315,0.41478138789169705,0.08000292389322762
2213,0.035928913045311574,34.120507020323586,3.142247685054222,0.3746269723311051,0.06895292963645196
2214,0.03777432187299024,35.43403873375972,3.1073258074928902,0.35410329297877163,0.0647033271864015
2215,0.028285671956600995,36.45062394928488,3.0899156571452675,0.3444596657804815,0.06472681292516294
2216,-0.05172620530071605,34.613105116955694,3.0743715888398966,0.33615620974296634,0.06574188096718833
2217,-0.012372872040477947,34.1874801280074,3.050495471109503,0.3239313887484331,0.0657403401030848
2218,-0.062255979407341004,32.12400337891842,3.0140550309344216,0.3064149259024913,0.06401751440959834
2219,-0.012393572324402405,31.728329192652193,2.964263298387224,0.2844733553414607,0.06067628234869952
2220,-0.015680645285321634,31.23468893076489,2.901945890829633,0.25981586994833683,0.05616870803403405
2221,0.0036125486479573437,31.34772982395728,2.8286469723549583,0.2341711161192,0.051009549478497014
2222,-0.05914427165599043,29.547453935123187,2.746248372973094,0.20892276452482955,0.04563877828516361
2223,0.024747756338013665,30.287810420826492,2.656797231600823,0.18502015524901566,0.040377608903745296
2224,0.0187057205737845,30.85969784717194,2.5623990670529357,0.16302149969915886,0.03543211699502317
2225,0.032440179321576626,31.877206835133943,2.4651248605442886,0.1431834573589982,0.030915604197573405
2226,-0.04123837973834921,30.589378944395342,2.3669227588149937,0.12555340840673737,0.026874487535593697
2227,0.03120069588041525,31.558834046485213,2.26954067037666,0.11004656237598437,0.02331103944282309
2228,0.021955193008645197,32.259376471167386,2.1744685664277883,0.09650356149684974,0.020200924804513444
2229,-0.09071325218524706,29.461828964693634,2.0829059446068214,0.08473026726782536,0.01750564195585387
2230,0.026716664497595518,30.259559666591937,1.9957549177725888,0.07452343976810158,0.015180783252945841
2231,-0.021197393816720943,29.62488633846893,1.913635169860917,0.06568615109851221,0.013181179981280588
2232,-0.006258112466177746,29.4400693738204,1.836914610572874,0.05803617009274817,0.011463870990661339
2233,0.0314070779097831,30.37936904578308,1.7657490013234252,0.05140977905640448,0.009989628042641913
2234,-0.014547785868849349,29.94061567318046,1.7001246112193928,0.04566277468562755,0.008723569499986605
2235,0.04709085113867324,31.38426941955107,1.6398994392336292,0.040669841565512024,0.007635228572220661
2236,-0.00006525687342218293,31.382221447076976,1.5848401573693014,0.03632307148244074,0.006698318072289246
2237,-0.021502580316666617,30.71462594515524,1.5346533436535257,0.03253011147198197,0.0058903454760232555
2238,-0.005038765703504191,30.56025139655719,1.4890106323872696,0.02921222837666887,0.005192172077938505
2239,0.04027268039719908,31.81611336326425,1.447568098165755,0.026302450880910135,0.0045875705792706245
2240,0.017047850000023086,32.363159422143795,1.4099805688609766,0.023743870254325332,0.004062810300278822
2241,0.004535101687408375,32.51026295366112,1.375911714938756,0.021488132682813837,0.0036062837041011472
2242,-0.01642422850757863,31.980667965652067,1.345040768370229,0.01949412806002425,0.0032081787239207024
2243,0.015980588066043657,32.49584328506051,1.3170666478991317,0.017726864943412756,0.002860196212749359
2244,-0.015265518941124838,32.003544532096996,1.2917101535720945,0.016156514079734403,0.002555309160120944
2245,-0.02375196087021565,31.252354033689183,1.268714770766286,0.01475760026214891,0.002287559148317664
2246,0.02062758500631547,31.903709472340708,1.2478465085593462,0.013508322264555488,0.002051885218766405
2247,-0.01584961422355312,31.402034167052754,1.2288930968368588,0.012389981954986131,0.0018439804919198179
2248,-0.008784097577196837,31.127403591574037,1.211662783445838,0.011386505666668156,0.0016601722911204094
2249,0.012244267661112177,31.5108787480355,1.195982906469826,0.010484043067463398,0.0014973220210999481
2250,0.02333555148853104,32.254849201595086,1.7707576883676832,0.051862308844522496,0.0013527415650036745
2251,-0.005963957808053433,32.063055136198514,1.7894183073321424,0.05356632894073868,0.0012241234480024864
2252,0.031167648177511522,33.07812160528631,1.8121101465351814,0.05567763010892177,0.0011094824510528166
2253,-0.01446850987450441,32.60297608880533,1.8630916279605707,0.06058460245093597,0.002050024122738435
2254,0.00943368207457584,32.91199751308738,1.9414457445406004,0.06860001931286248,0.004390694977032707
2255,0.021687817159034364,33.633583425530894,2.0248521106554724,0.0778310411223622,0.00758294774591071
2256,-0.0025364103094731947,33.548382955138806,2.0926431356795496,0.08592858180753979,0.010799609515570303
2257,-0.036496804971835224,32.34604830970083,2.1355531610230454,0.0913584504489925,0.013428783644383567
2258,0.02164554247212231,33.053828581717056,2.152844520832254,0.09361782485292029,0.015194554114773188
2259,0.029751761989460317,34.05201347320794,2.147701476159877,0.09294140183574465,0.016082200449548025
2260,-0.014939653402590191,33.54706943039155,2.124469506956369,0.08993211609678242,0.016222175511231483
2261,-0.03928806726692279,32.25462497438223,2.087449967071877,0.08528796227675571,0.01579818830643266
2262,0.03833729186699367,33.51518886007002,2.0404770153024616,0.07964772728576061,0.014991911066153708
2263,0.011480897943313447,33.902190635954284,1.9868122173755236,0.07352609323575421,0.013956933836338913
2264,0.00240484573520093,33.98381828613267,1.929151198124512,0.06730219975135428,0.012811038242879503
2265,-0.01861783388246493,33.35696661939083,1.8696657200418323,0.061234454720803924,0.011638035438050599
2266,0.030328004090144144,34.384113772406565,1.810056756086999,0.05548477740269553,0.010493552075889504
2267,-0.022145647986662572,33.631024890951345,1.7516117383319272,0.05014336832827365,0.009411664874339802
2268,-0.0001226705083414804,33.62689960906231,1.6952635525841935,0.04525009052751519,0.008410923793070244
2269,-0.0015527180775017765,33.57472702928492,1.6416492201142123,0.04081130925815582,0.007499240222730244
2270,-0.02570677096850353,32.72262848666507,1.59116600673945,0.03681237530648133,0.0066775900657172794
2271,0.02324127238450244,33.49205054858938,1.5440228837238665,0.03322646290870613,0.00594268453612187
2272,-0.014803663729012694,32.99989731798981,1.5002858466299211,0.030020583310822323,0.005288821506775252
2273,0.010320792600933536,33.34224603021429,1.4599163386887295,0.02715951913477367,0.0047091230896554445
2274,-0.01534685312959062,32.834453949099036,1.4228027098339835,0.0246082854103157,0.0041963321144656614
2275,-0.0060685068084593875,32.63580121413877,1.3887851551947814,0.02233357909834009,0.003743301755788265
2276,-0.021054982207340055,31.955838421967027,1.357674889551334,0.02030455420513721,0.0033432776868932315
2277,0.005666529452398152,32.137431135887205,1.3292684523725449,0.018493160759552034,0.0029900437909901184
2278,0.029529900354770062,33.10059738642108,1.3033580484989646,0.016874211739350817,0.0026779808328798267
2279,-0.004184494884755774,32.96237749786931,1.2797387602681582,0.015425288361039968,0.0024020716651347355
2280,-0.005719720864727381,32.774380058512904,1.2582133570011242,0.014126556363920729,0.002157875299237822
2281,-0.0065095413953885775,32.56172676344337,1.238595304802265,0.012960539895720356,0.0019414843679018447
2282,-0.027635085890343646,31.674200561781905,1.220710460590373,0.011911882018448632,0.001749475191170278
2283,-0.030874682631853428,30.711212148496383,1.204397828176721,0.010967109174375851,0.0015788561032355536
2284,-0.013531158176895815,30.298452733313454,1.1895096646199372,0.010114409338164999,0.0014270173578344624
2285,0.012143943958239707,30.668638654437217,1.17591115230968,0.009343428719685049,0.0012916844194117679
2286,-0.006280470776603098,30.476628753038238,1.1634797948042706,0.008645088857721878,0.0011708754926751052
2287,0.027003250875544477,31.310808905024988,1.152104650161783,0.008011424129599277,0.0010628635568809936
2288,-0.005238273121786468,31.147223163771297,1.141685481991975,0.007435438670201864,0.0009661428254211983
2289,-0.0012456180964270601,31.10844977237733,1.1321318835070873,0.006910981161260824,0.0008793993601225106
2290,0.014954654570515603,31.577161871450073,1.12336241154857,0.006432635729496562,0.0008014854760134511
2291,-0.021347595558954956,30.910209632665417,1.115303754333889,0.005995627156955522,0.0007313975385813508
2292,-0.00788112136587811,30.66755995085647,1.1078899472404016,0.0055957386789684035,0.0006682567573248097
2293,0.0012317480310632598,30.705357931458607,1.101061644337487,0.005229240773958643,0.0006112926010463344
2294,-0.003707281403841307,30.591735274717387,2.050113038874062,0.08078260892629029,0.000559828491966072
2295,0.010843922600843032,30.92527485453403,2.0886730911287463,0.08543853116458781,0.0005132694713001747
2296,-0.02687315345281032,30.10528243583229,2.13226492176893,0.09093352705363032,0.00047109156482426254
2297,0.012572382326437117,30.48616685188977,2.220401695830429,0.10286605350525287,0.002876412380461274
2298,0.010781523322970542,30.81663243086698,2.349633681081254,0.12266673758515746,0.008820805586623577
2299,0.012977492717781201,31.219161312319045,2.472308118493551,0.1445620157097761,0.016502072458477995
2300,-0.013754666380466546,30.79269185996465,2.5595438490751614,0.16240104026150284,0.02368508431859531
2301,-0.01306262613865493,30.393074149061068,2.6066637227508105,0.17296582479601957,0.029019803827834582
2302,-0.03953843675853131,29.21482604410555,2.6189292607556176,0.17583414246123702,0.03210779941335641
2303,-0.024159892044691027,28.517457100847718,2.6033922096547557,0.1722092867524096,0.03315121809783697
2304,-0.04073201333283271,27.37922232091278,2.5663618080260577,0.16388672715282906,0.03261146829055547
2305,0.0064645636747945896,27.556790378591455,2.5130377239259625,0.15263040780571488,0.030990857539086387
2306,0.03197026425759356,28.45202240133131,2.447695378080389,0.13989155456067698,0.028725523410595324
2307,-0.0018253738255882672,28.40013419644797,2.3739112223469574,0.12673765798291256,0.026149839518352078
2308,-0.011938551178723925,28.06309363203664,2.2947143845801916,0.11388541364035293,0.023498121143038453
2309,0.012395819751712275,28.41312365489388,2.212668081352364,0.10177192624662976,0.020921684172790396
2310,-0.03330444605567854,27.482424544961372,2.1299089432741702,0.09062999412866216,0.018509385419951764
2311,-0.025508213058882782,26.79026244375922,2.048169857758751,0.08055284897038922,0.01630622972241754
2312,0.016277620062255974,27.22991267946757,1.968802856096937,0.0715442264433766,0.01432820284686573
2313,-0.008639157676936344,26.995682403258677,1.892809704149125,0.06355451422022225,0.012573219364821845
2314,-0.025463031432002153,26.316968224794383,1.8208813761715419,0.056505508731508294,0.011028768865809875
2315,-0.04410992494487474,25.181358679799704,1.753443880358743,0.05030659197236462,0.009677016741185962
2316,-0.016103951102769156,24.77908708559005,1.6907065118779319,0.04486479406562689,0.00849805965403693
2317,-0.014013201466116907,24.434274353801776,1.632708764104433,0.040090679666526574,0.007471901809524782
2318,0.015828577279791974,24.82411129653686,1.57936307215727,0.035901485193419604,0.00657957650847095
2319,0.0048921073879103615,24.945851053995572,1.5304917221990821,0.03222251127690986,0.005803715844193632
2320,0.0031062780125256572,25.023460278137566,1.485857294260773,0.028987453247085126,0.005128776833196849
2321,0.04920984712658903,26.285662622091706,1.4451867694125633,0.026138120240018485,0.004541062979642428
2322,-0.012540448467533846,25.958086890779697,1.4081899060408305,0.02362383187287994,0.004028631520474884
2323,0.007302514918135246,26.1483400252583,1.374572722529932,0.02140067213502559,0.003581143323755166
2324,0.003736751563970388,26.24623266206599,1.3440469837814772,0.01943070801783172,0.0031896902632377053
2325,0.004771066365165937,26.371754378045967,1.3163365420131359,0.01768123389717618,0.0028466204759459986
2326,-0.012313510457660623,26.04901660007693,1.2911812792757225,0.016124073404099954,0.0025453727339361776
2327,0.019601862104933938,26.564663137001105,1.268339275261223,0.01473495259665988,0.002280325463890849
2328,0.0016683825609897104,26.609020149661664,1.247587700752205,0.013492947667389867,0.002046662516134792
2329,-0.0013059648642771505,26.574292385828848,1.2287228259261789,0.012380004501135085,0.0018402558016752508
2330,-0.014684173070676527,26.186921945037717,1.2115594384510104,0.011380524370949201,0.0016575638418226224
2331,0.013305521425176456,26.537680936919156,1.1959298896661632,0.010481008781348024,0.0014955447580717134
2332,0.012179524855225925,26.862873607662614,1.1816829267883513,0.009669756209224837,0.0013515820445391693
2333,-0.0021201968632645813,26.805979362114602,1.1686824227267956,0.008936603796098218,0.0012234214688369896
2334,-0.02887776852947539,26.042952772384453,1.1568060802318287,0.008272707630400446,0.0011091175514167727
2335,0.019086438394169368,26.544793931621953,1.1459441613632557,0.007670355957347004,0.0010069882245331173
2336,0.004150774633174386,26.655204374828507,1.135998274593084,0.007122810369838101,0.0009155764385078522
2337,-0.008226290143270604,26.436830365273877,1.1268802385496661,0.00662417071429096,0.0008336176471933166
2338,0.012405924478748812,26.76684653142202,1.1185110321085499,0.006169260064629247,0.0007600122571802939
2339,0.0031961821878581523,26.852535114746203,1.1108198341818951,0.005753526666128585,0.0006938022622188859
2340,-0.007430427100134011,26.65374875848933,1.1037431523455896,0.005372960227764743,0.000634151404329301
2341,-0.01860204691933764,26.162517591347495,1.0972240367638475,0.005024020351304903,0.0005803283066290436
2342,-0.006182312021412375,26.001271694137515,1.0912113742743264,0.004703575234084154,0.0005316921112858713
2343,0.005177421830699683,26.13624033914333,1.0856592566517342,0.00440884907747545,0.00048768023087236603
2344,-0.0025216399829240017,26.070417176539124,1.080526416734272,0.004137376881701139,0.00044779788447941863
2345,-0.003322727582384334,25.983936038500097,1.0757757261023855,0.003886965516570293,0.0004116091429042117
2346,0.0264701697534229,26.680919171440877,1.071373748220454,0.003655660132993301,0.0003787292515810412
2347,-0.0017589962241649768,26.634028787455417,1.0672903413031039,0.0034417151270100485,0.0003488180370141373
2348,-0.01877373264021519,26.138673039109605,1.063498305589189,0.0032435689911254834,0.00032157423346593065
2349,-0.007855213916933982,25.934152498829864,1.059973070157693,0.0030598224908560496,0.00029673059254862165
2350,0.004690431733229579,26.056080594853892,1.0566924148740988,0.0028892196908299247,0.00027404966000533907
2351,-0.02494621337629892,25.414120575749312,1.0536362234959906,0.002730631427306252,0.00025332012205923226
2352,0.0050788630783716905,25.543523746743308,1.050786264382467,0.0025830408848868847,0.0002343536388481682
2353,0.012944674621406962,25.876325709751967,1.0481259956376423,0.002445530986410009,0.000216982095144264
2354,-0.00013077289779564295,25.872942008907597,1.0456403918715576,0.0023172733481387365,0.00020105520919295845
2355,-0.011809315109628963,25.569197322279248,1.0433157900818124,0.0021975185887205843,0.00018643844943762064
2356,-0.014426242152824066,25.202977826951837,1.0411397524470196,0.0020855878111027495,0.0001730112164065414
2357,-0.009077886402057216,24.975223385781387,1.0391009440805663,0.0019808651025638117,0.00016066525336491734
2358,-0.02657344805745198,24.320286095227406,1.0371890240222512,0.0018827909200305234,0.00014930325467038988
2359,-0.01670432836256653,23.91740633638434,1.035394547948611,0.0017908562465261389,0.00013883764527891382
2360,0.00866460442291994,24.125541603839782,1.0337088812625193,0.0017045974204750291,0.00012918950866279758
2361,0.015967468311862913,24.513857384484517,1.0321241213813594,0.001623591553109925,0.00012028764363658042
2362,0.0065589206193690935,24.67517027005079,1.0306330281829685,0.0015474524607625424,0.00011206773333208426
2363,-0.002416651553503668,24.615610977499678,1.0292289616916956,0.0014758270486745447,0.00010447161189907393
2364,0.0006243342436497354,24.63098414485934,2.0786195219339554,0.0842066056864204,0.00009744661649717158
2365,0.006015402992276467,24.77959597247609,2.1220223440979886,0.08961946436676879,0.00009094501384204469
2366,0.04012820991117262,25.79417732548062,2.1700127073654056,0.0959033468763296,0.00008492349201962704
2367,-0.005665108623089417,25.648463640719005,2.2618616528418327,0.10889768828571324,0.0026210895591363605
2368,0.004607180893594324,25.766903379504136,2.3987163188482694,0.1310245338142305,0.009229819600968036
2369,-0.02771481898348917,25.062583448695165,2.527784264938103,0.1556617242180749,0.01784204410843889
2370,0.011709020589791754,25.357766534254942,2.618452306401619,0.17572165411671709,0.025880727679537027
2371,-0.05790614202186611,23.931101076520775,2.666891791603282,0.18755699437272166,0.03181444200783762
2372,-0.011934219141203212,23.647199513280967,2.679337060802216,0.19073796321818906,0.03521021499063065
2373,-0.010006942288530656,23.41174341511526,2.6633745600146095,0.1866687379561761,0.036314729536487046
2374,0.018048834815705378,23.838134460486447,2.625526439833069,0.1773980766464122,0.035659929201049975
2375,-0.008967607095670217,23.625319085265424,2.5710470318836935,0.16491589299345874,0.03381588293026548
2376,0.016922068292122377,24.028510140217293,2.504209636603955,0.1508442967758658,0.0312723772210119
2377,-0.034156421993916775,23.22164054100546,2.428583621988267,0.1363658584043598,0.028401470781787327
2378,0.024510985284066,23.797858820985752,2.347208618155559,0.12226666652739937,0.025461444101898014
2379,0.004124685237247476,23.896220213382282,2.2626820486969397,0.10901994488831551,0.02261725627719145
2380,-0.00003428995722527196,23.89540082706177,2.1771955993304313,0.09687234671734499,0.01996429634302076
2381,0.045748588869078274,25.01397316369136,2.092550911508058,0.08591717478330013,0.01754954824502627
2382,-0.040379721575976094,24.02403706948307,2.0101741611204296,0.07615044553516588,0.015388275455524037
2383,0.006913728655477457,24.190708238708613,1.9311391876693151,0.06751100766080556,0.013476222359593596
2384,0.015824353584530344,24.576555398645016,1.856201413589431,0.05990777904814718,0.011798062395794364
2385,-0.005351605940394154,24.445382664233556,1.7858403288540539,0.053237375273437665,0.010332983345700578
2386,-0.014729531419766689,24.08795248403468,1.7203064124533771,0.04739494924152691,0.009058215608893635
2387,-0.0036899462298806193,23.999233020270886,1.6596682524852113,0.04228043224122287,0.00795114630177336
2388,-0.032809197658352725,23.2246142357291,1.6038565023454823,0.03780177415938809,0.006990496369653637
2389,-0.01783614997669597,22.814048870100283,1.5527025271366657,0.033876298239094195,0.0061568982890326555
2390,-0.0038076641843645107,22.727345806146847,1.5059707432689118,0.030430922686854423,0.005433104694951967
2391,-0.009733314265393445,22.507206487532084,1.4633845409065676,0.027401741516164476,0.0048039804288392916
2392,-0.008261651716004084,22.32202578893952,1.424646258837678,0.02473327753293561,0.004256376176420802
2393,0.01372049277665943,22.630405707012077,1.3894519923578041,0.022377599907244226,0.003778945066918523
2394,0.02768235912405727,23.265620279967028,2.7877503988265673,0.22121068100530547,0.003361939293173451
2395,0.02957204406157042,23.96390621199824,2.8320374234741537,0.23528631742512146,0.002997008114170179
2396,-0.010917301200748273,23.703707945717014,2.8854057679234253,0.25373436991649906,0.0026770086984540774
2397,0.06094730410790128,25.193317818375913,3.0166271987760402,0.3076087516757686,0.016131194994816325
2398,0.008531819771248145,25.40918221407071,3.1667373217845056,0.3900457883985814,0.04309591927569411
2399,0.01394114019606616,25.7658959059617,3.27203209181144,0.4681591179201268,0.07227776425250573
2400,-0.0784463235380943,23.8219024821679,3.328159472305884,0.5198018077957955,0.09512846146514378
2401,0.0559860506545739,25.19363745013771,3.3469164518237315,0.5390389464818428,0.10850655866063305
2402,0.016864418502880025,25.622116364361624,3.3382957143991305,0.530062090864912,0.11292469965487427
2403,-0.008634272816714077,25.40184035159998,3.308667390536252,0.5009167856974888,0.1104838082332181
2404,-0.01241661176990736,25.088385611777046,3.261961032820272,0.4597239034946723,0.10355449825759472
2405,0.006839414599505008,25.260563609792754,3.200775279189557,0.41304564696607915,0.0941599638253511
2406,0.015849159102097794,25.66411180378525,3.1270906017985207,0.365517419020999,0.0837919365105646
2407,-0.027117495780083056,24.977516802713243,3.042684472033213,0.32006445299779196,0.07343788793271738
2408,-0.0019473757410985403,24.928923522462902,2.949350154758521,0.2783063496731141,0.06368545504870476
2409,0.03541511361211997,25.827603683889187,2.8489833114837815,0.24095871023390394,0.05483697537046277
2410,-0.004077954442789832,25.722494353890923,2.743578441445389,0.20816004344726508,0.04700684269979448
2411,0.01231861920472831,26.041319678959795,2.635167878625676,0.17971088015342895,0.04019469702876862
2412,-0.0027484870736917146,25.969843718811767,2.525731991352644,0.15523622391621716,0.034336274944147496
2413,0.008161804148372162,26.182671846293765,2.417105242230505,0.1342892730494026,0.02933662515558921
2414,-0.002631424969015298,26.11386467999362,2.310896840795225,0.11641356837663999,0.02509058046770327
2415,0.056564398044049384,27.633554722768668,2.2084372169418267,0.10117735434973488,0.021494563772726637
2416,-0.00008257772732501332,27.631272900836894,2.110753983658525,0.08819026008662706,0.01845278297571112
2417,-0.026693578083477918,26.903452640262802,2.0185749811647042,0.07710927525509653,0.01587995702387089
2418,0.0073072307357527864,27.100762392280174,1.9323522524704362,0.06763861883034104,0.01370200474805835
2419,-0.02622674102830858,26.399237285075746,1.852299415335619,0.05952641313841288,0.01185561601200913
2420,-0.011980330698187535,26.084852668307366,1.778435310707909,0.052559935422539505,0.010287273793960357
2421,-0.010569865699173757,25.810591285229243,1.7106282564561939,0.04656047615204151,0.008952064610138716
2422,0.004412288876800747,25.9247266840677,1.6486370318139563,0.041378364841371966,0.007812467263059612
2423,-0.03710950022820974,24.980304922026985,1.5921463962951403,0.03688843844476447,0.006837218812947303
2424,-0.019583363096595263,24.49586549913863,1.5407962721872608,0.032986059638189555,0.006000302285434674
2425,0.002761758288981715,24.56361066355189,1.49420463246193,0.029583698585141247,0.005280069496801406
2426,0.003283611554743866,24.644400588127453,1.451984679226874,0.026608043260689555,0.004658495591700602
2427,-0.009792808670647093,24.404240528380946,1.413757157834497,0.023997581612718047,0.004120553700989671
2428,-0.008902901586816895,24.187936273122023,1.3791587194308677,0.021700592224447736,0.0036536949175975694
2429,0.01293358752768012,24.502804865076047,1.3478471968775019,0.019673481659953702,0.003247418325879186
2430,-0.0020559734501081222,24.452479500354364,1.319504552254923,0.01787941213575093,0.0028929167642906075
2431,-0.00645005019222579,24.295267338463233,1.2938381261281513,0.016287170159618433,0.0025827855704129857
2432,0.004948578225910366,24.415792337143568,1.2705806918463842,0.014870233992890523,0.0023107833126026467
2433,0.026038862879005437,25.059901346024393,1.2494897040657629,0.013606004553112644,0.002071635221740045
2434,-0.0065702140374813,24.895792137088144,1.2303460341996775,0.012475170384675643,0.0018608715888581758
2435,0.012710944554591838,25.214260902137912,1.2129524073028854,0.011461182499765176,0.0016746947478882106
2436,0.030061324189736078,25.983742850014522,1.1971316935215317,0.010549819254755243,0.0015098694126852135
2437,-0.0023889337988110882,25.92174349416474,1.182725160300484,0.00972882505421302,0.001363632097871773
2438,0.044365290130904816,27.097661259881743,1.169590756424018,0.008987609661514233,0.0012336161458355074
2439,0.005484719497284934,27.246692655025445,1.1576014732238444,0.008316997339000657,0.0011177895315255572
2440,-0.01869574955264857,26.74202755872448,1.14664380979054,0.0077090170319627305,0.0010144031456745368
2441,0.008484756500557616,26.96989247302919,1.1366163560114162,0.00715672642914424,0.0009219476865572143
2442,-0.020884596666527644,26.412478094133647,1.1274284983254903,0.006654064045988493,0.000839117638396628
2443,0.01488837559406027,26.808658914581894,3.0716709455916993,0.3347419111392797,0.0007647810962284521
2444,-0.03190494646374337,25.966830737271977,3.1212775483558106,0.3621070926980402,0.0006979544250257881
2445,-0.0021520454679926156,25.911009023842322,3.178156042974022,0.3975491985466723,0.000637780925488899
2446,0.01685319712139227,26.35139288103361,3.310050682556239,0.502221820679865,0.027655859050107853
2447,-0.030962933313368426,25.547978676060755,3.443906150434139,0.6592159270441713,0.07975853340323162
2448,-0.07221610764845982,23.7680464719151,3.5267168137596445,0.8008049579675299,0.13326575462628115
2449,-0.050618686132646064,22.5948817017664,3.5663180175788085,0.8876266901560141,0.17267384438376943
2450,-0.030643168916510217,21.913003732361148,3.5765907218968502,0.9128014624903236,0.19352458836991526
2451,-0.0009498838415838586,21.892198806890796,3.56618095005462,0.8872988462739414,0.19792528339039994
2452,-0.009276098117903796,21.690063585224518,3.5396959783099837,0.8276147476353022,0.19041501678322112
2453,0.045537487269874215,22.700608803155326,3.4995119477582968,0.7491223626307055,0.17560366950848363
2454,0.0013151514294700618,22.730483181632458,3.4468911939251803,0.6635831414319011,0.15719489977650114
2455,-0.01767163337219692,22.332326814666462,3.382620573330364,0.5788872621289956,0.13778400828709322
2456,0.06852574962536942,23.916318570750526,3.307387053040274,0.49971352611196074,0.11899727012846574
2457,0.037734108739475414,24.836022515569134,3.2220028205917997,0.4284082666498895,0.10173276420058201
2458,0.010493265527289547,25.098005619725736,3.127529817682053,0.36577693899458724,0.08639257678005467
2459,-0.03171939007737941,24.31440554603185,3.025325525889332,0.31169260809933297,0.07306766082257919
2460,-0.04548136019392603,23.233324184738844,2.9170231316109327,0.2655213404228817,0.06167034099898735
2461,-0.04557626117975305,22.198203765668033,2.8044600788818577,0.22639897426355482,0.05202252314209861
2462,0.06842799557074732,23.770358652713334,2.689572981467495,0.193399513010604,0.04391078701596868
2463,0.04398046623400087,24.839120155155598,2.5742795602436597,0.16562990012046558,0.03711854968531044
2464,0.03179148384929153,25.64147915657165,2.4603674510340356,0.1422775309616735,0.031443241714687924
2465,0.038279792333833995,26.642058458125234,2.349405241771394,0.12262900100502762,0.026704175882874423
2466,0.016340187070049035,27.08097086687505,2.2426843618038346,0.10607238120404609,0.022744939285975964
2467,-0.007797303799456446,26.870633408047958,2.1411934784217377,0.09209082267363533,0.019432776108344853
2468,-0.008482760024648633,26.643660313312253,2.0456215405413825,0.08025223073971788,0.01665648462837008
2469,0.014021268527193445,27.019869530929327,1.9563823808856626,0.07019774922229381,0.014323728297605922
2470,0.034783719789682505,27.97625805007818,1.8736528163439914,0.0616305387280533,0.01235826381050738
2471,0.007512129726840398,28.187210689578357,1.7974168883726533,0.05430557086562059,0.010697345263931901
2472,0.0019734836243228463,28.242892613900732,1.7275105040555512,0.0480207172807985,0.009289419264229479
2473,0.0022130383508369503,28.30546442977066,1.6636626179259209,0.042609168287378665,0.00809214434375871
2474,-0.013728186002954373,27.919536853030287,1.6055308020759116,0.037933091973007003,0.007070724914804003
2475,0.004393229031079276,28.042463597827446,1.5527303791922644,0.033878390911204495,0.006196529562657276
2476,0.005703520300844195,28.202861339317497,1.504857197205603,0.030350398981585106,0.005445955977346127
2477,-0.014985379683540806,27.783381635193713,1.4615046571210717,0.027270366582454048,0.004799504288144944
2478,-0.034039510100628834,26.85356398307193,1.4222758569454648,0.02457259777485803,0.004241023470532127
2479,0.002196709354519694,26.912618297110402,1.3867917761364674,0.022202121473003586,0.0037570998244853926
2480,0.007917457953183903,27.126543575575205,1.3546963730869552,0.020112797420207898,0.0033365611741649217
2481,-0.0008574537604724656,27.10329378801108,1.3256593588276102,0.01826577477532066,0.002970074852018432
2482,0.008897234599131748,27.345514098857,1.2993772804031325,0.01662823604889663,0.0026498214560864482
2483,0.007940267382260618,27.56350911652963,1.2755734193077721,0.01517237175305457,0.0023692297302802434
2484,0.007471377532071007,27.770217736754073,1.2539968954415173,0.013874541603023222,0.0021227607252000845
2485,0.02076617769066741,28.352928409223473,1.2344212699286663,0.012714586681968355,0.0019057317047652164
2486,-0.0038295449200107913,28.244557234848962,1.216642861455258,0.011675263935148197,0.0017141721398042796
2487,0.02148156118339394,28.85785816574604,1.2004789290388547,0.010741779966493975,0.0015447056433039444
2488,0.01285616987425991,29.231254774713715,1.1857658269341664,0.009901405613936138,0.0013944529172426024
2489,-0.006408338006307425,29.044529950677568,1.1723572020777069,0.009143156388300832,0.0012609517536639793
2490,0.004532939503312881,29.176485896057475,1.16012227861779,0.008457526749066663,0.001142090909952988
2491,-0.015088430717036647,28.739563039324807,1.1489442555197227,0.007836268502014538,0.0010360552990203063
2492,0.006073711196065668,28.91465002076075,1.1387188302078761,0.007272205454975654,0.0009412804308881876
2493,0.015273600028985994,29.359670702832844,1.129352852290654,0.0067590779518412105,0.0008564144384492885
2494,-0.012876005001207443,28.984058815721838,1.120763105508538,0.006291412096356913,0.0007802863372998594
2495,-0.018803987570198435,28.444135201683878,1.112875212307574,0.005864409435405341,0.0007118794237374855
2496,0.023650382816517677,29.124867953348012,1.1056226532386573,0.005473853643695263,0.000650308919131003
2497,0.0028418129727104955,29.207753097183808,1.0989458922486544,0.005116031375506592,0.0005948031331176312
2498,-0.011658359613789785,28.869215837041985,1.0927915985206582,0.0047876649541244215,0.0005446875505408831
2499,-0.000245670905458841,28.8621243817652,1.08711195559056,0.004485854979446405,0.000499371354114441
2500,0.005229082899263233,29.0134421044706,1.081864048839737,0.004208031267726968,0.0004583359815568103
2501,0.003443174811766543,29.113512638833903,1.0770093230154472,0.00395191080945692,0.0004211253864164252
2502,0.031128779727850057,30.03403377983585,1.0725131020761778,0.003715461653864491,0.00038733772919722037
2503,-0.0037112659364207457,29.922776074502018,1.0683441643410359,0.003496871810961075,0.0003566182722479349
2504,0.0040512202260220296,30.044245714150428,1.0644743666023126,0.003294522412040108,0.0003286532902259996
2505,-0.004335877924987749,29.914259538124316,1.0608783115147022,0.0031069644931617122,0.00030316483941216616
2506,-0.011378334890341771,29.575814198746414,1.0575330531890088,0.00293289886831333,0.00027990625503499514
2507,0.02558452586579566,30.34226015316443,2.957388194049098,0.2816083871595743,0.00025865826710829424
2508,0.012453441532512599,30.722488376859154,3.0098295572065012,0.30446721145346073,0.00023922564292886838
2509,-0.051018632579025704,29.19438143852262,3.0694991110067162,0.33361049981033186,0.00022143427900323976
2510,-0.001336541700467625,29.15538799429745,3.20458472453488,0.41574221526844857,0.020867245496128055
2511,-0.036105381019752913,28.12149840310236,3.3497853763372842,0.5420791745118108,0.06239625809763781
2512,0.06109844909931837,29.893252936940474,3.4437699093351917,0.6590177204583776,0.10620941527610926
2513,0.10112950182245968,33.07449039991724,3.4905862864639037,0.7333684450234454,0.13936553761263795
2514,0.0015679115924519674,33.126388952368664,3.5044059210493197,0.7580011628726147,0.15772242658377997
2515,-0.06463704623087382,31.05292999929677,3.494839893274923,0.7408066848693248,0.16261910934804086
2516,0.016016334024217226,31.55428834249353,3.467292963375987,0.6947419858611934,0.15755739126841065
2517,0.02550627174947793,32.36947255682001,3.4247335029928796,0.6322461456406181,0.14623223553641504
2518,0.01930816891141399,33.000540579164124,3.368890538388281,0.5630300326203259,0.13167824635478528
2519,0.06738750851247272,35.30100560868238,3.3009542347284944,0.49373467712120733,0.11606188684689654
2520,0.01760667544628389,35.928042779222785,3.221982796015135,0.42839337960032275,0.10076890271258172
2521,-0.043193900573084094,34.40920878883876,3.1331343648146914,0.36911159207943917,0.086587215054629
2522,-0.027797085657802624,33.46590436015146,3.0357819412264333,0.3166994108909096,0.07389075708867651
2523,0.09340916385295424,36.74258013185057,2.931541131194538,0.2711673590234694,0.0627890913877133
2524,0.07105794540870382,39.44843000869192,2.8222314799959656,0.23207847497779824,0.053236423138451824
2525,0.03185113944292855,40.72513172373698,2.7097918512627306,0.19878093154226034,0.045105265190673496
2526,0.009208484316439001,41.10188044059111,3.085855356513797,0.3422634543739925,0.038233193616401644
2527,0.03092920332384896,42.392992467744996,3.066680507626625,0.3321500072345826,0.032450699103042414
2528,0.018811225677479733,43.198004509321265,3.062302134100137,0.32989871403637777,0.027596511249915884
2529,0.013689393243196754,43.79342515562565,3.131056691927174,0.36787037867640215,0.03811731886887594
2530,0.02515601897025314,44.909067111465596,3.2219890110923073,0.4283980000485447,0.059442229714303935
2531,0.041740446638503306,46.82326342364707,3.289215445600445,0.48310323390488363,0.08170509755326551
2532,0.04531370727516384,48.99380533560805,3.323347454099404,0.5150385086500623,0.09826903067813836
2533,0.013725446754669118,49.67090330841589,3.328789150479135,0.5204301641149374,0.10692345058388822
2534,0.08369089009629628,54.00681299863963,3.3112203884852023,0.5033294430860668,0.10830422527512007
2535,0.035837651837175716,55.97738988123901,3.2748982843777243,0.47060258623690365,0.1042371803698809
2536,0.0008228951836301503,56.02347236369046,3.222775432502383,0.42898324219065526,0.09670489192244344
2537,-0.038087707764637664,53.92979156928175,3.1570328409044297,0.38382862564042286,0.08737180662319201
2538,-0.05973376899737767,50.80268845396262,3.0795103825690435,0.33887026152009087,0.07745046066715137
2539,0.028821032584662575,52.28817824242637,2.991978356485414,0.2964189860358771,0.06773270175792875
2540,0.04284460248528365,54.57712891077013,2.896276242811634,0.2577107130015335,0.05867991143163676
2541,0.03475221810337247,56.50714716679732,2.79435096879027,0.22324294910972287,0.05051930810821701
2542,-0.0483357314841356,53.84079209231021,2.68822418746402,0.19304642279540216,0.043325014100183315
2543,0.03789581029467815,55.92028572757707,2.5799163826582863,0.16688274866684616,0.03707868277761729
2544,0.011303365425673133,56.55595900744213,2.4713537155544527,0.14437810733515688,0.03171145214283151
2545,0.07076341715809994,60.70305280167378,2.3642794903622844,0.12510812351412487,0.02713122957080713
2546,-0.013025546174280823,59.91748968564558,2.2601856946555157,0.10864829287680772,0.023239405363964936
2547,0.045926878496509685,62.73348288431369,2.1602724901821033,0.09460144102783066,0.019940393065831556
2548,-0.015982341057785752,61.738824621383884,2.06543652105539,0.08261061469303393,0.017146536526347855
2549,-0.014411945717739929,60.85542904715474,1.9762837997899296,0.07236319497431906,0.014780162692833169
2550,0.011871147879565369,61.58215786281734,1.893160234888889,0.06359004488709552,0.012773967983706154
2551,-0.0018427781428205024,61.46878010543094,1.8161923229315176,0.056062101862410646,0.011070500234904477
2552,0.012505709720394404,62.24231756246442,1.745331462432558,0.04958587814664066,0.009621206541240034
2553,-0.02975002126236681,60.41788037408752,1.6803970019491508,0.04399871459820182,0.008385325132754046
2554,0.009368602583466659,60.9865712440972,1.621114912404858,0.03916424435402768,0.007328776925251192
2555,-0.008610756411233031,60.4636851877726,1.5671505100787282,0.034968285898591384,0.0064231367615835405
2556,-0.02580111352709871,58.92360806877418,1.5181348003780308,0.03131524631899539,0.005644719287633892
2557,-0.005195951140016988,58.618237911493054,1.4736847554545536,0.028125038421706293,0.004973788697261724
2558,0.001836148407267288,58.725968570142435,1.4334182479166517,0.025330475888689516,0.004393887815682457
2559,0.015718267180278144,59.65633172804174,1.3969645294908097,0.02287509336627429,0.0038912753808682614
2560,-0.0002473654703282513,59.641576636511076,1.3639711534780194,0.020711333676692242,0.0034544579067656536
2561,-0.004231734159225327,59.38972260484391,1.3341081613791874,0.01879904633820611,0.0030738023088903916
2562,0.008442155395200525,59.893222192468016,1.3070702350841668,0.017104246780853052,0.002741216423468373
2563,-0.0034521458499473987,59.686818526796586,1.282577386968885,0.015598092045776106,0.002449886003450047
2564,-0.0006722851174172262,59.64670545221736,2.636925373104225,0.18013599631358146,0.0021940583632220918
2565,0.023132057115288217,61.04253845278106,2.682877120078171,0.19165377191436186,0.0019688643763729747
2566,0.004370785933936071,61.309926242942225,2.7372994487105684,0.20637903186188808,0.0017701719166337193
2567,0.06736484838855716,65.58235014912103,2.865938961533201,0.24680403852722105,0.01152862576843102
2568,0.041650536071936924,68.3715733000175,3.0217680347053273,0.31001359183191957,0.03192466671659218
2569,-0.06052516678219988,64.35611626854963,3.137559496393971,0.3717751231748317,0.05473721138902898
2570,-0.005476247807194938,64.00464946596077,3.202676808521793,0.4143884497649153,0.0732125382788536
2571,-0.030332397501248262,62.09238341687041,3.2271534572257075,0.4322630691788204,0.08458791941304573
2572,-0.0009634637233010148,62.03258846771258,3.221314781212252,0.42789719021578065,0.08899023658797739
2573,-0.007672283588918296,61.558477938116766,3.1923205578835545,0.40715173190593873,0.08789619739587773
2574,-0.046721800361764425,58.748509556496835,3.1448707570500885,0.37623624289545965,0.08308986327042654
2575,-0.04217908234146893,56.322083273657405,3.0822313332893545,0.34031963753222827,0.07614645702356239
2576,0.012857524371875748,57.05092131779697,3.0069490656268036,0.3031489618747859,0.06825828293899805
2577,-0.02800802816594976,55.47520683876473,2.921272840243523,0.2671583110057114,0.06023559416390193
2578,-0.015952321028129345,54.597269715376555,2.827368999365419,0.23375243342234514,0.05257664314901999
2579,0.021613713140613413,55.79016444522005,2.72739932845944,0.20360660265505587,0.04555173296293114
2580,-0.0055341713198011604,55.482264887508755,2.623511224334886,0.17691875731610074,0.03927747761076051
2581,0.03515852490228928,57.46763633573347,2.5177784851721596,0.1535983457926445,0.03377407958262514
2582,0.02663923983722,59.01910368973156,2.4121235816012785,0.13339736945888897,0.02900598669317552
2583,-0.0046463518085561855,58.74551625449759,2.308244739528406,0.11599592181824092,0.02490901442660338
2584,-0.0014710184922271466,58.65916404217382,2.207562815319853,0.10105482292273506,0.02140746444085738
2585,0.04664118051505879,61.459903898756544,2.1111946366951253,0.08824582921165966,0.018424305537482203
2586,-0.006409893902938625,61.06721233564252,2.0199525710904926,0.07726728331342717,0.015886774633500276
2587,0.028436755573653105,62.828692415634634,1.9343654930940342,0.06785073714421902,0.013729084573935547
2588,-0.004824571143781631,62.52630096030003,1.854714214797879,0.05976226249390017,0.011893386751092288
2589,0.012257133016833083,63.29741028893501,1.7810743490046332,0.0528008463456803,0.010329739263240571
2590,0.00799367336714829,63.80541682585168,1.7133607387127612,0.04679536148027012,0.008995554219888555
2591,0.032742838518396544,65.92916634457562,1.6513692759777463,0.041601001978434554,0.007854812080923685
2592,0.009500516747348527,66.55851231582686,1.5948136178558665,0.037095687611054015,0.006877210465560685
2593,-0.004632143187271569,66.25091671987025,1.5433556934267982,0.03317670115935895,0.006037339045550976
2594,-0.003684105168466601,66.00729042317043,1.4966298837794025,0.029757678293043065,0.005313925849279267
2595,0.006838423750164459,66.46022315357573,1.4542613673556686,0.02676598619732307,0.004689173032744267
2596,-0.002059056286407566,66.32351860277666,1.4158794337690497,0.024140481632536254,0.00414818484417784
2597,-0.008040549840277215,65.79237923368294,1.3811266705225997,0.021829616551098364,0.0036784824876625244
2598,-0.011275874702667022,65.0546795300077,1.3496648987859399,0.01978985026982622,0.0032695969124057057
2599,-0.01623823479094048,64.00683695097777,1.3211786371775225,0.01798432558633474,0.0029127293610038264
2600,0.013744961043209438,64.8926824408334,1.295376747504489,0.01638176854569023,0.0026004696638905617
2601,0.007772686633051562,65.3990382494633,1.271992788810431,0.014955575686976995,0.0023265630877577826
2602,-0.01620347025560223,64.3478860337224,1.250784489452415,0.013683057320729868,0.002085717638670245
2603,-0.004907417956568057,64.03287763346208,1.231532647217186,0.012544810054439692,0.0018734448668957953
2604,-0.012160747849341631,63.25890553241248,1.2140396860425837,0.011524196071831869,0.0016859283065096793
2605,-0.011123675419453184,62.55913323540932,1.198128033602183,0.010606910450135752,0.0015199146565971827
2606,0.01666391527821755,63.61034768022508,1.1836384345776871,0.009780621041291123,0.0013726236551757627
2607,0.009631703969234722,64.2259837713942,1.1704282772936558,0.009034668175718635,0.0012416733132436513
2608,0.0074340798861638,64.70522401351987,1.1583699840322308,0.008359813723583659,0.0011250177752307677
2609,0.005362944037604037,65.05316667341556,1.147349495591551,0.007748030929332513,0.0010208955678640528
2610,-0.023306839749457756,63.554515196904255,1.137264866676251,0.007192327980944626,0.0009277864070502296
2611,0.005915447676844902,63.93158276837885,1.1280249790474048,0.00668659954108553,0.000844375065984303
2612,0.017967724646175614,65.0906697384638,1.119548372867939,0.006225501501667365,0.0007695210799563989
2613,-0.011656299612479281,64.33635817145908,1.1117621924816392,0.005804345067641847,0.0007022332851638228
2614,0.06670796877505482,68.77448964360046,2.92966717027941,0.2704299704770079,0.0006416483694479012
2615,0.005433687212311594,69.1492058318341,2.981483343592274,0.2918189895756197,0.0005870127599217685
2616,-0.054750090463308,65.46505460994415,3.0407922105812975,0.31913714104918617,0.0005376672922351849
2617,-0.032715114013864316,63.358011879591785,3.1763387099882934,0.3963410815307399,0.019937363796466726
2618,-0.015318861630003922,62.394835480889235,3.3231173183900564,0.514812399882487,0.058848732139905546
2619,-0.0071920356410863605,61.94769943682864,3.4192251624248136,0.6248269568268675,0.10004313387898718
2620,-0.06869768562254236,57.83492233978436,3.4675776004959102,0.6951935914400675,0.13137584475749084
2621,0.012915836712194475,58.58675356605906,3.4821439482165184,0.7189673480694351,0.1488749356793482
2622,-0.02225795966084048,57.297137322707066,3.4726650086160245,0.7033475065232975,0.15372137541166725
2623,-0.06758229973493246,53.55281500362964,3.4447149596542324,0.6603946033190302,0.14915972730081745
2624,-0.01763313088614272,52.616788003555584,3.4014115078968414,0.6017685453973755,0.13864506952188205
2625,-0.0014779813381952717,52.539078813322874,3.3446131470238596,0.5366173740845279,0.12503057523583508
2626,0.019348791331917893,53.56554490166356,3.275627462985713,0.4712273064006627,0.11036282447549993
2627,0.017221146918404814,54.495993723115824,3.1956221146924437,0.4094385527244338,0.09595765983918805
2628,-0.022570393986344344,53.27977457712069,3.1058559790209412,0.3532746285181939,0.08256858335548707
2629,0.046302869489743714,55.80478758957338,3.007789853211621,0.30353295514722967,0.07055797242776304
2630,-0.015052495239353425,54.971076745925664,2.9031085561183603,0.2602502599596878,0.060037266747058546
2631,-0.038270320041858354,52.907063185279945,2.7936772563713204,0.22303449874979336,0.05096956778081264
2632,0.0622677775445128,56.30619851633167,2.681454136702865,0.19128505691469616,0.0432392519671181
2633,-0.007464188997830559,55.887483038615876,2.5683823456907806,0.16432973646663557,0.03669634514212124
2634,-0.002889499623699508,55.7262292609663,2.4562828880548078,0.14150418591458652,0.031183094668427648
2635,0.014394054256481803,56.534156352245944,2.346765605251705,0.12219370793970959,0.026548699841945363
2636,0.017242406455480024,57.51739358304762,2.2411686137614133,0.1058516998962385,0.022656548152316477
2637,-0.0005996407617031065,57.48291414801877,2.140529341910609,0.09200435647765247,0.019386939514222976
2638,0.0350013987156679,59.53052207714066,2.0455843627948216,0.08024785078137302,0.016637250733954324
2639,-0.012276180229135741,58.804182120966814,2.849079125348437,0.24099125744524877,0.014320767277434811
2640,-0.0484572275341011,56.02263185428104,2.863233465032992,0.24585964765672838,0.01236492263018417
2641,-0.02754052695624698,54.500791385097195,2.890669287349418,0.2556499967667816,0.010709370970386514
2642,-0.04456204609085431,52.12544286533805,2.9967068681987428,0.29852295479397417,0.0218468453978118
2643,-0.028937489918633968,50.63867874599786,3.1239934543779033,0.3636947917214844,0.0436617868394216
2644,0.040184695881713604,52.715017777322615,3.2168946669063,0.42463534084521015,0.0670221753137356
2645,-0.010908505813540482,52.14310075082675,3.2669988107777606,0.463914420080926,0.08517823611165315
2646,0.044671942904496185,54.525245759272416,3.2821680837554794,0.4768877014472467,0.09563862667758104
2647,0.011387085863983563,55.14967789840778,3.270607910358995,0.4669521254631138,0.09881244333254467
2648,0.029119273637047687,56.77920666462996,3.2380832162162245,0.44061568084278546,0.09639024959840914
2649,-0.016878366002176303,55.82890873130159,3.188429068702696,0.4044801848443128,0.09029320507971204
2650,-0.06898103869255276,52.10759805739465,3.124361734737909,0.36391084406905017,0.08217193089712439
2651,-0.01336543449088211,51.4157908196153,3.04806244427798,0.322720082630511,0.0732514812290749
2652,0.0019497012567524724,51.51613403945763,2.9615284648680684,0.28332916192337454,0.06434837074038233
2653,-0.007097385314837572,51.15179863002505,2.8667525591643717,0.24708891790497345,0.05595234235288595
2654,0.039126366837440876,53.19285178888244,2.7657824723571593,0.21460347541768302,0.04831813596609876
2655,0.015375541355695516,54.01704061915677,2.660700266408805,0.18599648287345733,0.04154444818010178
2656,0.004215362743246246,54.24522263678526,2.553554714529483,0.16110751614335592,0.03563384285705613
2657,0.024353096150739557,55.58247883348743,2.44627525543218,0.13962659027817098,0.03053472120711682
2658,0.059631886077243824,58.997785468915595,2.340590296926271,0.12118076938230729,0.026168965034186226
2659,0.032425644395018126,60.94218044865915,2.237965310508843,0.10538657251404718,0.022449131735412367
2660,0.019960220458346015,62.17082098192093,2.139568195889915,0.09187933091976572,0.019288484810374366
2661,0.03687046859421999,64.5058709553964,2.046262371738505,0.0803277540907199,0.016606346546325947
2662,0.00273993656673058,64.68285530221549,1.958623123579511,0.070439452017829,0.014330532097493355
2663,-0.01667723602626918,63.61306938844423,1.8769702709217437,0.06196123343754302,0.012398050411282882
2664,-0.006949234276803191,63.17253971099623,1.8014098553109337,0.054676620190909145,0.01075483968213165
2665,-0.003486536619913382,62.952669852803986,1.7318785815669617,0.04840207686539481,0.009355016392741108
2666,0.01323436314587427,63.791345776482,1.668186417258908,0.0429828367630556,0.008159925276378488
2667,0.03161269416045564,65.84017597771441,1.610054497480132,0.038288812245106454,0.00713715428400436
2668,-0.021823665530823697,64.4188674895998,1.5571469580479922,0.034210835556615804,0.00625960181187259
2669,0.0014116840759442037,64.50987079787282,1.5090964000054823,0.030657332544298553,0.0055046370922920305
2670,-0.036618477794811824,62.190345454487314,1.4655233761810518,0.027551450177488793,0.0048533677621276665
2671,-0.03300931400712517,60.17099682567586,1.4260506583474275,0.024828615590034513,0.004290013849205391
2672,-0.02762680578237429,58.53141684299417,1.3903131823469912,0.022434484075258578,0.0038013799773550516
2673,-0.005658484228579925,58.201153021435076,1.3579645620300453,0.020323226377979196,0.0033764144512256136
2674,0.024503720621387188,59.64491433752434,1.3286809760898917,0.018456105756068916,0.0030058431567405062
2675,0.009655073419262198,60.223579396074044,1.3021631100276498,0.016800299036837624,0.002681866757861716
2676,-0.017361139868733663,59.187053084665806,1.2781367067776763,0.015327921178311606,0.0023979108094317942
2677,0.004288325304571909,59.44141141795194,1.2563521596748575,0.014015218493446191,0.0021484197540200126
2678,-0.01663061148002827,58.461039090099014,2.4460788684950656,0.13958998682525542,0.001928687119236553
2679,0.02769958392428514,60.10302168072312,2.4889556071584913,0.14780726637274902,0.0017347154770622115
2680,-0.031808961818461254,58.221293528329056,2.5397799974135147,0.15817274054794195,0.0015631008249743369
2681,0.04447477636910144,60.86911677489004,2.6579544215180992,0.18530902915311737,0.007857463234191604
2682,-0.045542969973705764,58.159135119448145,2.8111143692960647,0.2285057102032233,0.021567905744629
2683,-0.05603296270496,54.989925718403896,2.9343594188093602,0.27228121558322715,0.03753786790944619
2684,-0.022048717547617006,53.79073724358249,3.0089681252222844,0.30407217613553844,0.05104099399033823
2685,0.11883783349247956,60.578443722486455,3.040774673212611,0.31912856388720223,0.059876657703591615
2686,0.05861812052387576,64.23557829000326,3.0393825150646876,0.31844868749219457,0.06386983251839586
2687,0.03587988414465682,66.58218973005016,3.012508562496588,0.3057001538541899,0.06388590693405362
2688,0.047017244186927404,69.78746188644497,2.965706060864968,0.28507941308863294,0.06109977046830004
2689,0.006919161350034343,70.2720069851832,2.9030743881254955,0.26023748112782946,0.056604529507047856
2690,-0.0054044812578360225,69.89324766122797,2.8278820763295927,0.23392041526918694,0.051259939301911056
2691,0.025305501017962685,71.68449999248774,2.7429570259637113,0.20798298808757293,0.0456719817756075
2692,-0.03472744970380338,69.23780966860936,2.6508862351983558,0.18355230058464483,0.040229561120444096
2693,-0.020411669954853624,67.83887620354345,2.5540869143058873,0.16122202603483382,0.03515729761387437
2694,-0.04232525121350849,65.02749462808775,2.4548012012119647,0.14122466335914444,0.03056534202238952
2695,0.04690285563078855,68.15012759227346,2.355054822832063,0.1235653481016031,0.0264893887836416
2696,0.039931464464151356,70.92652590658626,2.256608901636542,0.10811764234796215,0.02292000781380283
2697,-0.005409840010448052,70.54386076081067,2.160923505284191,0.09468802754696624,0.019822811180860378
2698,-0.036587328109388174,68.00949492728398,2.069141958865787,0.0830570090671522,0.017151599158529478
2699,-0.03260107899413061,65.82806372053999,1.982097316417523,0.07300381661671312,0.01485649164130844
2700,-0.029843890782742674,63.89252385313926,1.9003373699374306,0.0643201453209605,0.012888655204605966
2701,-0.018726199810610952,62.707192697286736,1.8241621728546427,0.05681688423001098,0.01120281520343565
2702,-0.025134752643427776,61.15070581865733,2.9836658226671626,0.2927677530051519,0.009758384692750505
2703,0.04618522294794777,64.04120007605955,3.015437404963169,0.30705575477724334,0.008519768504030847
2704,0.01317516987839143,64.8905365565069,3.0582517359544124,0.3278347008221474,0.007456204501292249
2705,-0.07524041774709994,60.18730077983336,3.180943427507655,0.399412598730115,0.02619232022401711
2706,-0.027225087727279693,58.570800758788444,3.313363365764717,0.5053684693814384,0.06157147983449935
2707,-0.02105027609043771,57.350755428774804,3.4013948461413825,0.6017476204461212,0.0983011798770404
2708,-0.08132286132147996,52.87143195966706,3.445627864312263,0.6617291094397157,0.1258689581763703
2709,0.02664651018487292,54.299209271035735,3.4576375154476207,0.67970340467297,0.14091982041237558
2710,-0.04788918333053844,51.76014653706212,3.446078374083472,0.6623892965099938,0.14460033802371713
2711,0.11725570955488337,58.19946666306273,3.4161209659963157,0.6207075846076029,0.1398548010853808
2712,0.008508522677241477,58.69677080657089,3.3707709720617527,0.5651609032953946,0.1297971388110127
2713,-0.014690080697503324,57.84081294458373,3.311902774356595,0.5039773497549391,0.11699502843304721
2714,-0.01710939865472384,56.85960925559381,3.240900378421423,0.44280756729163895,0.10328994216094599
2715,0.05231456319483107,59.91337669791446,3.1590360877449575,0.38510025037022827,0.08986583575197381
2716,-0.017862513720406935,58.85267478879107,3.0676811837474043,0.332667508319472,0.07740025761023303
2717,-0.006803379514312155,58.453636649874916,2.968400366725913,0.2862157425083526,0.06621809218020526
2718,-0.03486921995724303,56.45053026910575,2.8629604272735225,0.24576458972395882,0.056417643437872526
2719,0.0440968871637999,58.9955236873883,2.7532768983145344,0.2109462272670149,0.047963083088855094
2720,0.040423606166984254,61.429192957209416,2.6413220118334255,0.18120430589093334,0.04074729952821038
2721,0.004074511008432255,61.679997486079145,2.529017359626927,0.1559179541954827,0.03463204436567698
2722,0.030349911240465554,63.58067676536081,2.4181322345931733,0.1344738415187747,0.02947202839964032
2723,0.08367174718191082,69.12948546475351,2.31020321666949,0.11630421151179554,0.025128316143114143
2724,-0.014166437209000815,68.15707103619808,2.206483404259691,0.10090372794362337,0.021474931154370266
2725,0.02731063930950719,70.04413539594145,2.10792265161059,0.08783382871902816,0.018401362524271343
2726,-0.010502324192322103,69.31235858306876,2.015174791297511,0.07672021598021317,0.015812738243307138
2727,0.04042017843958202,72.17136808073445,1.928624796832056,0.06724697645881525,0.0136287782327148
2728,0.005320652296500955,72.55639021218896,1.848428046462249,0.05914940783648041,0.011782200393913159
2729,-0.011795897490210155,71.70555054542102,1.7745546549504927,0.05220671830967356,0.010216968307328201
2730,-0.02420091278196429,69.99104080037627,1.706833483219179,0.04623520433732662,0.008886590856928871
2731,-0.003177983263341938,69.768963509992,1.6449922802529269,0.04108217617576634,0.007752576074252224
2732,-0.021551159490567854,68.2814478662526,1.588692052196851,0.03662070948257683,0.006783078630129034
2733,0.03661211023166297,70.8277032331329,1.537555005654475,0.03274519878954783,0.005951745647774664
2734,-0.017347540916867663,69.60961273784169,1.4911862484813836,0.02936763927876645,0.005236747770540131
2735,-0.006175918066297655,69.18103426793814,1.449189911095068,0.026414544523456027,0.004619974639244003
2736,-0.021916019481790876,67.6813548999488,1.411180565516843,0.023824405829926065,0.004086371744142336
2737,-0.02370481787128194,66.09584703943744,1.3767908577867067,0.021545605250643203,0.0036233963700824773
2738,-0.023456672519055866,64.56350053505366,1.3456762051963878,0.01953470442489649,0.003220572495397767
2739,0.020664542662924702,65.91155625318305,1.3175172956345478,0.017755042471540774,0.002869127154240137
2740,-0.005558463952755981,65.54620557862859,1.2920209964395792,0.01617558681523934,0.0025616934538708414
2741,0.02720660563617416,67.35397547831899,1.268920154472445,0.014769990425920632,0.002292067918359351
2742,0.014998062230694264,68.37176797300668,1.2479726577219357,0.013515817262011811,0.002055012010636216
2743,-0.004292041350555238,68.07894237696597,1.228960035417825,0.012393904725893119,0.0018460895433191806
2744,-0.006614053718448393,67.63015039817662,1.2116857984933551,0.011387837768371246,0.0016615332408776414
2745,-0.0008300858516443802,67.57403486076551,1.1959736635836107,0.010483514065388722,0.0014981349944224046
2746,-0.011814935783050842,66.7803498795247,1.1816657590884259,0.009668783591278396,0.0013531553941501233
2747,0.024111536633683945,68.41009561321066,1.168620878559874,0.008933149076523612,0.0012242489711180393
2748,0.005850981285820518,68.81153506452466,1.1567128223878507,0.008267516395554246,0.0011094022640065553
2749,-0.00021361335929659403,68.79683757120753,1.1458288513845158,0.00766398599407337,0.0010068823777319778
2750,-0.017769637916769304,67.58514027250999,1.135868263712428,0.007115678129833739,0.0009151941444052045
2751,0.00046624675532099663,67.61665897204465,1.126741098314119,0.006616586043103556,0.0008330443540514237
2752,-0.00499347907870344,67.27985820373006,1.1183669625374821,0.006161452256341731,0.0007593118097489992
2753,-0.020602399355061665,65.90791290643693,1.1106739782166561,0.005745664077829445,0.0006930221932081703
2754,0.009713937559967497,66.55125790483036,1.1035978384667695,0.005365165092194717,0.0006333269133952833
2755,-0.00890700206040785,65.96111780463656,1.0970809664433065,0.0050163799948131065,0.0005794852615167332
2756,-0.009430503975984968,65.34199512878313,1.0910717669823655,0.004696150593300672,0.0005308493176261271
2757,0.0012845519812218291,65.42598425073027,1.0855239621457562,0.004401681178792036,0.0004868511529919328
2758,-0.0023271763653705756,65.27390347453081,1.080396002080584,0.004130491779255491,0.00044699195269733453
2759,0.02424332553282962,66.87569792511518,1.075650543151608,0.0038803780602098773,0.00041083274836020326
2760,-0.006994188335058239,66.40958862701531,1.0712539859369719,0.003649376845661761,0.0003779865042513308
2761,0.011531799316649584,67.17984335137439,1.0671760663404715,0.0034357364025250406,0.00034811134376606
2762,0.007922810357937788,67.71421055992671,1.0633894937312443,0.0032378907721637195,0.00032090473901987275
2763,0.00017788886532701375,67.72625723546268,1.0598696306527315,0.003054437548598725,0.0002960985157773365
2764,-0.007100681438171504,67.2470579918421,1.0565942092339558,0.002884118598843961,0.0002734545501790271
2765,0.006954343642434743,67.7163470494004,1.0535430799809136,0.0027258033004212458,0.00025276105376288797
2766,0.019338207235702943,69.03860363143211,1.0506979891216695,0.00257847393729124,0.00023382935985940572
2767,-0.011008060135036215,68.28279018323889,1.0480423811257402,0.002441212950614517,0.0002164911381999424
2768,0.005940533973624738,68.68963365541424,1.0455612234185334,0.0023131917868637482,0.00020059597602156294
2769,-0.0033111327348923983,68.46256928845274,1.043240850667857,0.0021936611244252396,0.00018600927349131195
2770,0.02847269594577165,70.43989958724599,1.0410688263353265,0.0020819422922464725,0.00017261040924295925
2771,-0.026410316464673515,68.60391078638051,1.0390338194645181,0.0019774197213623173,0.00016029113849277892
2772,-0.008643256202198505,68.01350479964628,1.0371254949236006,0.0018795342931328452,0.00014895419180107486
2773,0.002842479718505413,68.20710683219552,1.0353344155364392,0.0017877774674626276,0.0001385120472556548
2774,0.013344758494227577,69.1234145549311,1.033651954726091,0.0017016860907323231,0.00012888585282230163
2775,-0.015357186350233209,68.06998297264398,1.0320702184612325,0.0016208377971431555,0.00012000447895890423
2776,-0.02351295808851713,66.48812625922247,1.0305819754421242,0.001544846929054939,0.0001118036844260341
2777,-0.0008886509147609321,66.42906777007822,1.0291805945907044,0.0014733609120217213,0.00010422538063146714
2778,0.004014070450678915,66.69625462274554,1.0278599890215327,0.00140605702887265,0.00009721698188906307
2779,0.007183915159751871,67.1771200375345,1.0266145657685164,0.0013426395445800326,0.00009073083071129303
2780,-0.0012351849570993241,67.0941950937675,1.0254391806284124,0.001282837139994342,0.00008472368873758175
2781,0.02344848564101553,68.68604263446397,1.0243290975575023,0.0012264006179681594,0.00007915628516752729
2782,0.014678486912618163,69.70168562791382,1.0232799521239504,0.0011731008500729357,0.00007399291565238928
2783,0.01688596523369473,70.8886592619913,1.022287718576341,0.0011227269361473587,0.00006920108552795206
2784,0.008949794699402446,71.52594574668416,1.0213486801397753,0.001075084552399563,0.00006475119207040041
2785,-0.003418402918373847,71.28185867666993,1.0204594021955904,0.001029994466798001,0.00006061624114387036
2786,0.013330972028172678,72.23847730180492,1.0196167080400322,0.0009872912030954837,0.000056771594200411526
2787,0.01671076063266952,73.45577990319306,1.0188176569517415,0.0009468218370953712,0.00005319474210417774
2788,-0.005516121913209145,73.05170435559546,1.0180595243282964,0.0009084449107369468,0.00004986510269353397
2789,-0.00014716343128243366,73.04095460712577,1.0173397836788247,0.0008720294512902118,0.00004676383937740296
2790,0.0012915622844412355,73.13535249657043,1.0166560902832884,0.0008374540844439538,0.000043873698394023783
2791,0.0063252782917461595,73.5994200851536,1.0160062663498621,0.0008046062313751566,0.00004117886264853189
2792,-0.0114427638597393,72.76203941253281,1.0153882875202058,0.0007733813810283088,0.000038664820296497043
2793,-0.01595504632876887,71.61032992368598,1.0148002705886825,0.0007436824298319795,0.00003631824645897003
2794,0.001841699348086682,71.7423361421938,1.0142404623159418,0.0007154190819559924,0.00003412689664512456
2795,0.011915143851871694,72.6022693377121,1.0137072292300224,0.0006885073039818576,0.000032079510625028076
2796,-0.01244976475999561,71.70399144014755,1.0131990483193993,0.0006628688285357212,0.00003016572564067756
2797,-0.02788386812034635,69.73222479374581,1.0127144985324188,0.0006384307020289337,0.000028375997970975222
2798,0.00042367448297974953,69.76177481738577,1.0122522530064393,0.0006151248721767875,0.00002670153197818164
2799,-0.00965763088287675,69.09128423312245,1.0118110719579068,0.0005928878114299215,0.000025134215861623596
2800,-0.012937307404819264,68.20318623540838,1.0113897961716058,0.0005716601728630741,0.00002366656343081866
2801,-0.004851389943468651,67.8731073017971,1.0109873410336006,0.0005513864754289751,0.000022291661286233208
2802,-0.004329917270151567,67.57985769374137,1.010602691057938,0.0005320148158069786,0.00002100312086293169
2803,0.01723805205229651,68.75490143401268,1.010234894862181,0.0005134966043616268,0.00001979503485154122
2804,-0.015942075137743324,67.66749640580892,1.0098830605512643,0.0004957863229800479,0.00001866193756323346
2805,0.027853841827791416,69.57879102720051,1.009546351473147,0.00047884130278276076,0.0000175987688516699
2806,0.014429520305696192,70.59005810825889,1.0092239823132862,0.00046262151990342644,0.00001660084124580986
2807,-0.0014626541163624636,70.48688474106144,1.0089152154981333,0.0004470894077122295,0.000015663809983788262
2808,0.0056640140562090055,70.88725623152696,1.008619357880709,0.0004322096840174663,0.000014783645670294522
2809,-0.0007928242275948276,70.8310773702827,1.0083357576838683,0.00041794919192276347,0.000013956609308514225
2810,0.0005803469215241702,70.87219589833433,1.0080638016791632,0.0004042767531451115,0.00001317922948315961
2811,-0.024152161598780964,69.18098458456771,1.0078029125812706,0.00039116303271329,0.000012448281493786312
2812,0.006641721373914766,69.64199466411134,1.0075525466398143,0.0003785804140687749,0.000011760768257799174
2813,0.00713335414075409,70.1405517531796,1.0073121914120735,0.00036650288368320023,0.000011113902820575435
2814,-0.0033583423765374473,69.9053908623268,1.0070813637015776,0.00035490592438903426,0.000010505092326230029
2815,0.012968354925172492,70.8178525577934,1.006859607648945,0.00034376641669438707,0.000009931923316935392
2816,0.00386927472552483,71.09239708639032,1.0066464929625432,0.00033306254741966186,0.00000939214824158054
2817,-0.00023017035162814094,71.07603560739079,1.0064416132776588,0.00032277372505393605,0.00000888367306608152
2818,-0.008693706405888929,70.46079963675867,1.0062445846338601,0.0003128805012831901,0.000008404545887987683
2819,0.001343834064167742,70.55555091023434,1.0060550440611413,0.000303364498191442,0.00000795294646729762
2820,-0.012787374852795236,69.65907463759474,1.0058726482662552,0.0002942083406800372,0.00000752717659372176
2821,0.007964367183641699,70.21608023996272,1.0056970724113847,0.0002853955936902888,0.000007125651218108755
2822,-0.008199197114293703,69.64271852245616,1.0055280089779695,0.00027691070385080463,0.000006746890282480693
2823,-0.010403921806645998,68.9219172065224,1.0053651667091228,0.00026873894520355234,0.000006389511189178904
2824,-0.0013143181916376034,68.83139137983719,1.0052082696246196,0.00026086636869236793,0.0000060522218550788855
2825,-0.016196213446004762,67.72556276447025,1.0050570561029475,0.0002532797551245041,0.000005733814301753204
2826,-0.0032657099825793567,67.50475146714689,1.004911278025359,0.0002459665713402233,0.00000543315873690133
2827,0.01893705856929453,68.79527368057057,1.0047706999772987,0.00023891492934761255,0.000005149198086375313
2828,-0.025182391166797116,67.08447558968365,1.004635098502934,0.00023211354819995707,0.0000048809429397543855
2829,-0.0169368535082712,65.95784338795416,1.0045042614088873,0.00022555171841134855,0.000004627466875699681
2830,-0.021080638330837266,64.58196311590017,1.0043779871135678,0.00021921926872290267,0.000004387902136287478
2831,-0.001668807522200123,64.47427812780411,1.0042560840387944,0.00021310653504717843,0.000004161435622207202
2832,0.005727735957905209,64.84462939362018,1.004138370040662,0.00020720433143226545,0.000003947305183146873
2833,-0.009886777191551543,64.2066838002109,1.0040246718768495,0.00020150392289966778,0.000003744796179898982
2834,0.00037351612816877204,64.23067051157945,1.003914824707778,0.0001959970000216763,0.000003553238296726118
2835,0.01730437007335081,65.3518141703132,1.0038086716292363,0.00019067565511448635,0.0000033720025843483064
2836,0.010463133594388168,66.03918870744532,1.0037060632342736,0.00018553235993298248,0.0000032004987155708026
2837,0.007195775595616285,66.51610572595932,1.0036068572023242,0.0001805599447619523,0.0000030381724370781437
2838,0.0037076268519246015,66.76318037289786,1.0035109179136892,0.00017575157880658987,0.0000028845032022920456
2839,-0.000011798029602078482,66.76239270356598,1.003418116087636,0.00017110075179256962,0.0000027390019714401573
2840,0.007313531480025221,67.25245140983041,1.003328328442514,0.00016660125669277289,0.000002601209166121436
2841,0.020336201338633567,68.63411205027238,1.0032414373763971,0.00016224717350399407,0.0000024706927666924047
2842,0.004798623138728126,68.9642527653938,1.0031573306668782,0.00015803285400268281,0.0000023470465417462435
2843,0.0013834275555548161,69.05972583783038,1.0030759011887413,0.0001539529074140448,0.000002229888399822002
2844,-0.00855723650999642,68.47128672760323,1.0029970466483293,0.00015000218693366328,0.0000021188588542718126
2845,0.003991230249824719,68.74511749574904,1.0029206693335098,0.00014617577704525587,0.0000020136195929368007
2846,0.02727113616022069,70.64567231213535,1.0028466758782237,0.00014246898158227835,0.0000019138521449434863
2847,0.018057364667763406,71.93293428090526,1.002774977040673,0.0001388773124848607,0.0000018192566375376332
2848,0.00829150140113182,72.53184581297667,1.0027054874942656,0.00013539647920703828,0.0000017295506364266342
2849,0.011537744211596555,73.37354602080406,1.0026381256305081,0.00013202237873244659,0.0000016444680636093036
2850,0.009892395417507964,74.10298816774257,1.0025728133730836,0.000128751086159605,0.0000015637581871374785
2851,0.009049991022222944,74.77666332448287,1.002509476002413,0.00012557884582064618,0.0000014871846776808406
2852,0.005785495191223296,75.21053722803701,1.0024480419900383,0.00012250206289986774,0.000001414524727158307
2853,0.006147867186878207,75.67434587810692,1.002388442842223,0.00011951729552081347,0.0000013455682250592342
2854,0.017131673522379327,76.98194274617585,1.0023306129521923,0.00011662124727274477,0.0000012801169884083222
2855,0.011716770760616311,77.88922736547147,1.0022744894604907,0.00011381076014935558,0.0000012179840416320742
2856,0.001562586347902214,78.0110311484818,1.0022200121229543,0.00011108280787442926,0.0000011589929428641928
2857,0.004979731455590874,78.40047398978408,1.00216712318584,0.00010843448959084187,0.0000011029771534845345
2858,0.0000845482383798295,78.40710289197514,1.0021157672676793,0.00010586302389090014,0.0000010497794479230412
2859,-0.014254804949631097,77.29735335681328,1.0020658912474554,0.00010336574316746826,9.99251360978179e-7
2860,-0.010109997749161442,76.51981436987384,1.0020174441587242,0.00010094008826669813,9.512526701004158e-7
2861,-0.007148213139245314,75.97478474213305,1.0019703770893316,0.00009858360342443936,9.056509102765651e-7
2862,0.011109588097667648,76.8235392331925,1.001924643086395,0.00009629393146957798,8.623209193217498e-7
2863,0.003960052994874778,77.12836768987079,1.0018801970662445,0.00009406880927863984,8.211444115434638e-7
2864,-0.002224306853278675,76.95700118953012,1.001836995729033,0.00009190606346700688,7.820095778878233e-7
2865,-0.0032521873077077028,76.70712914260768,1.0017949974777487,0.00008980360630303403,7.448107108126033e-7
2866,-0.008481510667148048,76.05928802778944,1.001754162341375,0.00008775943183222873,7.094478522559276e-7
2867,-0.0036022842985868994,75.7857937465914,1.001714451901965,0.00008577161219946921,6.758264631843792e-7
2868,-0.00893520995815995,75.11164806940016,1.0016758292254029,0.00008383829415799456,6.438571133105546e-7
2869,-0.002544595652056109,74.9207622628989,1.0016382587956525,0.00008195769575460528,6.134551896684009e-7
2870,0.009544931996472057,75.6392995835228,1.0016017064522909,0.00008012810318117013,5.845406228256772e-7
2871,-0.017110652323034513,74.35607156847533,1.001566139331148,0.00007834786778314801,5.570376295971566e-7
2872,0.0017306897167192602,74.48487028006824,1.0015315258078794,0.00007661540321640467,5.308744712002529e-7
2873,-0.014590928799850297,73.40595715466053,1.0014978354443111,0.00007492918274413748,5.059832258671069e-7
2874,-0.025459178166447608,71.56069096275448,1.0014650389374053,0.0000732877366662186,4.822995749942518e-7
2875,0.0070766837378247235,72.06889943517582,1.0014331080707024,0.00007168964987373193,4.597626019731936e-7
2876,0.007708938049214117,72.62662107497361,1.0014020156681096,0.00007013355952191285,4.3831460290297664e-7
2877,-0.015869852164546623,71.4831447343621,1.0013717355499048,0.00006861815281510532,4.17900908439387e-7
2878,-0.018513994552300055,70.17188199249304,1.0013422424908436,0.00006714216489773062,3.984697160852103e-7
2879,-0.010143810801939598,69.46366975613817,1.0013135121802503,0.00006570437684561544,3.799719322721865e-7
2880,0.0024022312626875092,69.63073814335675,1.001285521183996,0.00006430361375236029,3.623610236282518e-7
2881,0.028544407580729698,71.64694513435317,1.001258246908257,0.00006293874290573812,3.4559287686359643e-7
2882,0.006609377886255497,72.122055230671,1.0012316675649675,0.00006160867204940546,3.2962566674619714e-7
2883,0.01172794585829721,72.97287824054125,1.0012057621388737,0.00006031234772547916,3.14419731672026e-7
2884,-0.02060214539041404,71.48486119704086,1.0011805103561073,0.00005904875369378828,2.9993745636729086e-7
2885,0.023692102207564333,73.19871000864973,2.299825689092783,0.11467874329890267,2.861431612899829e-7
2886,-0.05127438195113476,69.54008966830494,2.35021307573301,0.12276249640536924,2.730029983258807e-7
2887,0.008533704473491137,70.13606355835206,2.4060896391183877,0.13232453407925598,2.604848524001212e-7
2888,-0.04381126077746745,67.12965238655889,2.5167079978516878,0.15337923979111778,0.004383155497279086
2889,-0.04591361097790246,64.1171737171285,2.6735244915272354,0.18924486138316032,0.015407141431753904
2890,-0.07790912954579202,59.311494236404144,2.8081155519032888,0.22755337836532163,0.02905238747241738
2891,0.012770510252727647,60.07378937062881,2.894210032400316,0.2569488901014412,0.041114641442891606
2892,0.03478626254686104,62.20030429900391,2.934941395591185,0.27251196144251866,0.04943132209655805
2893,0.02255179449708412,63.61896937555762,2.939867125654079,0.27447509259406777,0.05363398346539906
2894,-0.018183679119726157,62.472596673989344,2.9173659990179943,0.2656529349640104,0.05433850901601143
2895,-0.0005721528248240831,62.43686302485719,2.8736882740612733,0.24953415172424553,0.0524997771727087
2896,0.03218154019679472,64.47885849171715,3.179081676702798,0.39816659249678304,0.049048122637825015
2897,-0.04241168016216831,61.80138125307561,3.166576860338829,0.3899418117703667,0.044736900219429235
2898,-0.04672586804089478,58.98008511759376,3.1606047926688388,0.3861002732321587,0.04011054275433552
2899,-0.03425536069389505,56.99391375197867,3.2148259245971946,0.42312131678461706,0.051236733281464816
2900,0.029400882616696364,58.694461425291465,3.286264843761252,0.48048596677150746,0.07243510191480786
2901,0.013997365170115694,59.52180604957293,3.3379886975125332,0.5297467026758493,0.09371359045460256
2902,0.03995533181776232,61.94816986184266,3.361787428209259,0.5550942270493961,0.10878081662866611
2903,-0.058792038392799006,58.41110506994655,3.360619072323043,0.5538057916975585,0.11577795941254915
2904,-0.001553189981367348,58.32045194573777,3.338793949022934,0.5305745339671857,0.11557049319416159
2905,-0.016060012472199327,57.39130578027994,3.2996681987907577,0.49255257182809364,0.11009890248764449
2906,-0.016836131677365248,56.43314667826703,3.2456394091742986,0.4465316924992637,0.1013836512992002
2907,-0.024471907960196302,55.068881082516846,3.1785426406522355,0.39780688842729384,0.09108441346105643
2908,0.020115889636203393,56.1878574872226,3.0999945655895367,0.3499969809013059,0.08038923977600038
2909,-0.023053894067259037,54.907325907004136,3.0116167924916852,0.30528899781132135,0.07005912216500772
2910,0.00028334310371228797,54.922885723422404,2.915148516218233,0.2648033225998001,0.06052508450474141
2911,-0.005198212726042553,54.63812564285931,2.812470508700459,0.22893795758078783,0.05198749994945187
2912,0.0034930766375222484,54.829314527372766,2.705564031848797,0.1976417614095805,0.04449808191898449
2913,0.027625133715423984,56.36509710436385,2.5964292414082997,0.17061084006303756,0.03802040990584464
2914,-0.016758864275125733,55.42835339681251,2.4869873680341765,0.14741985657801493,0.032471351450289856
2915,-0.04452128478141909,53.01473915827356,2.809959793022803,0.22813848419713323,0.027747693978219076
2916,-0.03352579393950452,51.26684147979771,2.7793947641775727,0.21866956391252587,0.023742230125369485
2917,-0.0010952626544851888,51.210721561546926,2.762829612853691,0.21373324537615412,0.02035275296081576
2918,-0.053916012571174586,48.522756934995684,2.811445506783064,0.22861116387018315,0.024425575173364474
2919,-0.01938380547944464,47.59125841228665,2.890418850475705,0.2555584399509005,0.03408336606918325
2920,-0.020132549462327017,46.64270548142994,2.957156790561209,0.2815126146740395,0.04487353252615334
2921,-0.014103985828407866,45.989474830723765,2.9949588560622664,0.2977428637766091,0.05345640648890517
2922,0.012763081376305602,46.58020398362506,3.38222874191306,0.5784249535880333,0.05843918748752066
2923,0.04640568022038349,48.79272987929471,3.396009462897141,0.5950447852353772,0.05984721631037707
2924,0.012239690166959208,49.39360755225097,3.4093291655175237,0.6118456401258977,0.05840069776232444
2925,-0.026444506315884977,48.1045375166804,3.472524912615164,0.7031208596619237,0.08654323016639213
2926,-0.10829342898753698,43.167291995164625,3.537950812638865,0.8239222842703164,0.13102538689328377
2927,0.03030590396953725,44.495541035869664,3.579035866679792,0.9189746806949599,0.17200839843422902
2928,-0.035623576595449104,42.93835172238863,3.5953425829214876,0.962051777646497,0.1986196864325839
2929,-0.0031960946885985823,42.80133575914277,3.591846412900726,0.9525261426663574,0.2088371874570061
2930,-0.005588030595930411,42.562827601454636,3.5724376317421864,0.9024780322309758,0.20543999094909718
2931,0.027156956759773695,43.73454256571761,3.62272777309436,1.0427726662809707,0.1927251166958866
2932,0.03563884959407793,45.32129848303766,3.599655165085015,0.9740309871752418,0.17473506905557906
2933,-0.046819335121147915,43.24829246685165,3.5754422100313805,0.909926376650068,0.15458452721631633
2934,-0.015639363052384413,42.57717829754921,3.5781919548633137,0.9168359818840766,0.16106761927596994
2935,0.05587001398927674,45.0236723195912,3.5917347506631954,0.9522245971975088,0.18114895493512267
2936,0.12218159503960373,50.87491627391261,3.5993917924232997,0.9732920132167853,0.19948679424501167
2937,-0.06825903111742633,47.51811310702866,3.5950062066464685,0.961128139208743,0.20826174868888173
2938,-0.0691620394327539,44.34273689565007,3.5777180476499333,0.915638721938454,0.2061864910774983
2939,0.04539886050696515,46.402242508854734,3.5480302063042872,0.8456417580927129,0.19536257720700947
2940,0.0047544391049909275,46.623384431530326,3.5065076043788443,0.7618681543888599,0.17889734763573228
2941,0.013170287370708963,47.24148917675208,3.4535610732892694,0.6735138054837325,0.15965227977310426
2942,0.050844455696459706,49.7055685541239,3.3895405054681005,0.5871496455224439,0.1397842111571204
2943,0.009156869509137258,50.16280619708989,3.3148824302279882,0.5068215731932663,0.12070645354339125
2944,0.021276501693944964,51.24153027179977,3.230236697692363,0.4345952887737909,0.10322142552737622
2945,-0.061550404034965964,48.18269527181908,3.1365482988173286,0.37116406671459906,0.0876925047999486
2946,0.028252933756068785,49.5634105556388,3.0350856337393477,0.31636262836866247,0.0741974085607149
2947,0.001107895175394672,49.61835204815701,2.927414629894545,0.2695470239872437,0.06264531952638416
2948,0.003581027347040837,49.7963552507022,2.815325868500438,0.22985129246503389,0.05285814926830193
2949,-0.02361736822261032,48.634075412273106,2.7007290455698807,0.19634807964084527,0.044622841678063324
2950,0.024203073195482844,49.825529766598954,2.5855336276418477,0.16814117945396936,0.03772265360422273
2951,0.010824837968792436,50.3678128208761,2.4715349760193366,0.14441301759594138,0.03195423502904789
2952,0.03606875347869137,52.21767765929527,2.360321533816724,0.12444405063602323,0.027135666197967746
2953,-0.0038643881918499663,52.01627767683366,2.253212339552849,0.10761574242218247,0.02310906046898016
2954,0.02702317186516075,53.441087220104144,2.151227222697309,0.0934047090722191,0.019740120303635537
2955,-0.016957550547261963,52.542497753404916,2.0550863512787263,0.08137274001643328,0.01691615235418755
2956,0.0046920755048369695,52.789610402319724,1.9652323112839964,0.07115546776937608,0.014543447646191853
2957,-0.042461489536237434,50.595007687841616,2.8234307575648945,0.23246792774273978,0.012544542441082437
2958,0.006075889882747229,50.90335317118685,2.841230527699892,0.238342988624622,0.010855631114898937
2959,0.01851121259450203,51.854411426580384,2.8718990115306786,0.24890045713955838,0.00942425552059081
2960,0.0005104212618256135,51.880885776652775,3.2197010011978078,0.42670200870535274,0.02046152185350215
2961,-0.009887069340610618,51.370463310669464,3.3116253215447937,0.5037137609562466,0.04213704065799771
2962,0.07218232979321562,55.215609456757214,3.3846515217648636,0.5812929436189268,0.06544007491298859
2963,-0.07224669404851015,51.367156995459744,3.457731143795575,0.679846661579913,0.1004564824889557
2964,-0.03285767877869446,49.706778915663506,3.508910759883069,0.7663304003420084,0.13594041143807226
2965,0.07402614720698769,53.52599735271742,3.533839229119649,0.8153321946206864,0.1619188187779462
2966,0.05718707006844384,56.67620953542925,3.536457789104464,0.8207853770870767,0.17482019231239382
2967,-0.07741717583447955,52.45404022665431,3.521007086077923,0.7894711005541226,0.17573108865922063
2968,-0.023029804633899757,51.2598378323755,3.4903546832741226,0.7329670071157375,0.1677587483877042
2969,-0.04460177103165073,49.02379469537473,3.4462330586916363,0.6626162225155634,0.15427163357529192
2970,-0.05714924126106641,46.300675240279844,3.389722437031437,0.587369399279686,0.1380762594666212
2971,-0.0060672140175767365,46.020609602646175,3.321638235646417,0.513362859828648,0.12118885602818243
2972,-0.02845825444335712,44.72940326567893,3.2427988394121865,0.44429385931033966,0.10489679712347551
2973,0.05036374263937631,47.03983609397957,3.154194709170171,0.3820373434392921,0.08992190945080661
2974,-0.012814613169487938,46.4408846527366,3.0570754649898424,0.3272386159144246,0.07659181296631669
2975,0.0016766171366098472,46.518813545988486,2.9529661411395556,0.2797855281296868,0.06498214461652037
2976,0.027605559497270428,47.820880882248694,2.8436241833707667,0.23914684441579132,0.05502132176716987
2977,-0.08285695098395332,44.01829890504872,2.7309527585718074,0.20459672840356014,0.046561744213006066
2978,0.03603460125683815,45.63340585838336,2.6168899293732006,0.17535371519351922,0.039425059645265915
2979,0.03737000660684277,47.37099111374401,2.5032944109141093,0.15066033245378374,0.03342904846284302
2980,-0.029372910382768395,45.9998037027726,2.391845933317082,0.12982393560599506,0.028402269866990234
2981,-0.041599050591908264,44.125510233720924,2.2839724307616796,0.1122335491962626,0.024190981317691852
2982,-0.03293435533385348,42.695935281091636,2.18080920607742,0.09736272935380239,0.020661436395555507
2983,-0.004581340615264597,42.500778040918036,2.083188824311042,0.08476490835789123,0.017699594486867018
2984,0.010124144771013937,42.93324756879643,1.9916560653468827,0.07406520727622498,0.015209517253212866
2985,-0.024510794135366568,41.89371154655935,1.906500199217457,0.06495105938476399,0.013111216673788964
2986,-0.0072754798238868915,41.59002078106728,1.827796788702864,0.05716293837503421,0.01133838984229404
2987,0.0014243255136933684,41.649300715720685,1.7554524612137907,0.0504858405642626,0.009836270331350419
2988,0.02532765563348831,42.717652169685124,1.6892478954674033,0.04474178953134522,0.008559702641979682
2989,-0.009222413882817483,42.325503360033295,1.62887608777916,0.03978341776264295,0.007471475398374608
2990,0.0033145686626159,42.466026905917104,1.5739744826396649,0.03548856835175736,0.006540910581938614
2991,0.010475070806121475,42.91319953819825,1.5241506563726666,0.03175580883314616,0.005742687235709417
2992,0.020264872529896026,43.79170135641055,1.4790019441160296,0.028500732656142662,0.005055870489063721
2993,-0.010375144807092365,43.33970493220294,1.4381297756184117,0.025652925631166907,0.004463115383556392
2994,-0.019956517519442194,42.48336851813556,1.401149627982277,0.02315348542002603,0.003950016782753052
2995,-0.0375416329852538,40.918039827033724,1.3676974984342,0.020952996371929825,0.0035045798550123806
2996,0.020302928837767825,41.757286633362504,1.3374337133783898,0.019009876772300472,0.0031167892437182786
2997,-0.016721968151888478,41.06482838416449,1.3100447671121769,0.01728902938540686,0.0027782585687151887
2998,-0.004843402832452261,40.866415762054984,1.2852437533231367,0.015760738390728668,0.002481945093229442
2999,-0.0053184719907010125,40.64964582784117,1.2627698308732376,0.014399766258443678,0.0022219171535825077
3000,0.02077715837378008,41.50306506956938,1.242387059920829,0.013184612843846213,0.0019931642777292874
3001,-0.0031866199771675074,41.371021072062405,1.2238828574029403,0.012096906177029925,0.001791441846430604
3002,-0.013038684623144928,40.835098828858264,1.207066251633544,0.011120900294608884,0.0016131437274781507
3003,0.016688246274589376,41.52228301605125,1.1917660621880004,0.010243060216917644,0.0014551975922337552
3004,-0.00526717275012215,41.30415294710412,1.1778290907626736,0.00945171801151108,0.001314978655379984
3005,0.011406267646482523,41.777976311445464,1.1651183787578407,0.008736786971310515,0.0011902384080766698
3006,0.007474201389542224,42.091403168673686,1.153511565630907,0.008089523416503808,0.0010790455800016978
3007,-0.019720946749981587,41.2694523116563,1.1428993666633058,0.0075023276217131025,0.0009797370989600375
3008,0.009170082978166919,41.64963711274961,1.1331841781036194,0.006968576970643286,0.0008908772440504722
3009,-0.021323746353176222,40.770912956989946,1.1242788104514212,0.006482485727567872,0.0008112235310033661
3010,-0.01178217477318005,40.293361755174516,1.1161053459762476,0.006038986851387843,0.0007396981433121191
3011,-0.007897747650912544,39.976388287838326,1.1085941137015514,0.005633632113852363,0.000675363943832505
3012,0.004172120131896052,40.1435229928112,1.1016827734861732,0.005262507458947824,0.0006174042795090379
3013,0.02091732497608065,40.99206175089369,1.0953155001100068,0.00492216108738918,0.0005651059354741097
3014,-0.002646451415437181,40.88372167265988,1.0894422581287122,0.004609542194026714,0.0005178447108459555
3015,0.0014767759548109487,40.94414237270695,1.0840181584985458,0.004321948647078222,0.00047507318260437266
3016,0.0131447739240499,41.48589668613032,1.079002888440854,0.004056982192564611,0.0004363103003055788
3017,-0.005637720503176182,41.252668850206895,1.074360206615003,0.0038125100080571178,0.00040113251657759077
3018,-0.018390954362804208,40.50092671586532,1.070057496329077,0.0035866316271378363,0.0003691662090787903
3019,-0.0009548873711602102,40.46227135112106,2.7595527886301863,0.2127723903728796,0.0003400811911107006
3020,-0.0559624145434779,38.260099085768424,2.813076305894306,0.22913136474966023,0.0003135851421150434
3021,0.037414143077709724,39.7186836100564,2.8739413082557013,0.2496239301727129,0.0002894188172676059
3022,0.04895050540052419,41.71130529644512,3.0091082807091136,0.30413640182807683,0.013469523588519458
3023,-0.01508627552712996,41.086759929167236,3.1670218007977144,0.3902302250298382,0.041345002000463475
3024,0.022573316671341586,42.024771558480545,3.2778076469063797,0.4731026928938763,0.07200729811821331
3025,-0.008159909176932162,41.68324853281633,3.3370545178626982,0.5287888478389255,0.09624958323617226
3026,-0.004804495109423812,41.483461890377754,3.3577133561773724,0.5506217618379603,0.1106268535345468
3027,0.00705007865106453,41.77695692531751,3.35046272423593,0.5428008857854257,0.11560800010026863
3028,-0.0003747568336074974,41.76130365848997,3.321978705568945,0.5136959689851726,0.1133711300468014
3029,0.029920013370729744,43.029682761765265,3.276306747913031,0.4718104130476567,0.1063959878467548
3030,-0.04150109281250102,41.280452445634786,3.216072128758756,0.42403240337339443,0.09680477479585758
3031,0.004978350001918262,41.48647338281201,3.1432400290075106,0.37523462257312296,0.08616423403289228
3032,-0.019273523723564476,40.69453905117621,3.059554545181319,0.32849665038442954,0.07551250624368805
3033,0.021231167056333756,41.567768648434566,2.9667714604189093,0.2855280393072057,0.06546822849789695
3034,0.04496808863767447,43.47965656328962,2.866754113003759,0.24708946236969015,0.056350633052907786
3035,-0.008586404806735573,43.10792085171993,2.761475951637185,0.21333569832160115,0.04828170560445528
3036,-0.007036777457557661,42.8056447780557,2.6529627832595493,0.1840664937891665,0.04126298225404234
3037,-0.015254594525552494,42.15761728828821,2.543203477543473,0.1588969482444853,0.03522888891747724
3038,-0.014573172849117454,41.54770203912506,2.4340541856619105,0.13736626509022004,0.030081567883553557
3039,0.0008365139928342162,41.582471813924954,2.3271555405410482,0.11900289351799245,0.02571233327745791
3040,-0.0007509379412600493,41.55125767955422,2.2238749658134758,0.10336054125609612,0.02201403956319443
3041,-0.00180684793654333,41.47624866070742,2.1252785939413004,0.09003566532376278,0.01888757051399249
3042,-0.001029695990791227,41.43356271429394,2.0321309780383388,0.07867375571135293,0.01624469603836757
3043,-0.01068458298732838,40.99321900858567,1.944916738262858,0.06896923028783725,0.01400879766223263
3044,0.024546153220099,42.01189599736172,1.8638766326937017,0.06066199026110584,0.012114425701612658
3045,-0.00534115546443866,41.78810212045955,1.7890507802533078,0.05353249001872434,0.010506283120069519
3046,0.026066900972163208,42.89170976631468,1.7203231303102267,0.04739639682409798,0.009137988760837963
3047,0.026499123847532266,44.0434957570212,1.6574630631287046,0.042099425591564994,0.007970818296707847
3048,-0.0014153238928775857,43.98120403702851,1.6001617207633385,0.037512635286047535,0.006972525980361485
3049,-0.012487363592715338,43.43540961001981,1.548062047743898,0.033528298334768815,0.00611629346648722
3050,0.025149005780843375,44.541618703552295,1.5007824874345377,0.030056356734661407,0.005379819501985753
3051,0.013147006559356774,45.13107395254301,1.4579348673469168,0.02702142805851218,0.004744546802512787
3052,0.028561234124597493,46.438657332952154,3.0699803343904555,0.3338607361114943,0.004195013933544992
3053,0.03355199822516321,48.02320073464948,3.113523959428159,0.35762793285390737,0.0037183167033189198
3054,-0.051586531932367695,45.608664564001394,3.1656961915015533,0.3893718636019361,0.003303663122518493
3055,-0.008997865892571816,45.200124666652215,3.2951537768262824,0.48843713026336577,0.029224697864034217
3056,-0.01918560517631276,44.34119877389632,3.426408022970284,0.6345298017072629,0.07792898972197039
3057,-0.0699066620684379,41.34731879711161,3.508492101505173,0.7655498851148906,0.12768881425493395
3058,0.028580223248842355,42.5460832796361,3.5479339683780395,0.8454298012293742,0.1642732368238304
3059,0.0009752085685939638,42.587594822526775,3.5579117205347806,0.8678962458456274,0.18357766101491643
3060,0.04343352578649297,44.47808230228733,3.546892782053643,0.8431424223157593,0.18755430291204508
3061,0.016844846069957807,45.23365463600447,3.5194868505205834,0.7864988252403194,0.18041512849372998
3062,0.04184948649506744,47.166828894581556,3.478127104998967,0.7122789271305412,0.16644779891626796
3063,-0.030131148698879683,45.76683577781772,3.4241523704799395,0.6314567203741932,0.14910514593767507
3064,0.061573423932810394,48.67342255866652,3.358436716925306,0.5514117108500564,0.130812638104794
3065,-0.01631172068507133,47.88591554340666,3.2817615733520267,0.4765328939585636,0.11309445424933512
3066,0.029729546334678867,49.33091525305261,3.1950363987008217,0.40903148822346536,0.09679558053563694
3067,-0.005258270371824582,49.072200754462116,3.09941660153568,0.34967609970086355,0.08229712665032211
3068,0.011653690745448366,49.647418199423484,2.996341308384432,0.29835959052538513,0.06968833423462813
3069,0.06134972370889624,52.78864510929457,2.887505742464769,0.25449646993863184,0.05889022492844007
3070,-0.05549302801482589,49.939041159705,2.774783997537988,0.21728217644541603,0.04973814314265112
3071,-0.047959232461881794,47.60052794035095,2.6601214873841377,0.18585134455321559,0.04203346709002523
3072,0.043688327680194095,49.72621108203407,2.545418178726583,0.15936726516081884,0.035573912378870524
3073,0.00974076884710248,50.212949363796405,2.4324219581939595,0.13706704738064926,0.030169804501917873
3074,0.009824208780048608,50.70868296989024,2.3226463164672992,0.11827973397491692,0.025651611204986782
3075,0.005245225124601818,50.975360207502476,2.2173195489914654,0.1024288633699981,0.021872313131801262
3076,0.03584516932294921,52.835723961838866,2.1173658731965896,0.08902679420991405,0.01870692367901654
3077,-0.013459790459753932,52.12933080496062,2.0234137731433246,0.07766525127296156,0.016050589339875423
3078,-0.023708362678050935,50.90796522205904,1.9358241420313866,0.06800468126918789,0.013816118902334256
3079,0.006067685116146767,51.21779775747571,1.8547302232033454,0.05976382777924834,0.011931417933353635
3080,0.022913116115267636,52.40490533496382,1.7800823008835898,0.05271021767118333,0.01033707584147981
3081,0.00011543897889951536,52.41095525291647,1.711691808245961,0.046651832835097704,0.008984216776833644
3082,-0.03496405865892493,50.61012122638975,2.848601581777614,0.24082909345554193,0.007832648415861608
3083,-0.054491692780316896,47.926083060502656,2.8811734946430656,0.25220713206686,0.0068493015332929865
3084,-0.017440001435971807,47.09749836357433,2.924774093224185,0.26851670161982544,0.006006933541260748
3085,-0.02133896915046417,46.10313339250501,3.0478713583499975,0.322625210833031,0.01985539635326848
3086,0.024422283238761493,47.242938847926396,3.1880245073495126,0.40420391880435874,0.046840439134696626
3087,-0.005925446193831097,46.96383109138493,3.286165944702061,0.48039861528066186,0.07563428315556564
3088,-0.05396442560837519,44.496624332489716,3.3379791527196625,0.5297369023175857,0.09790929557269729
3089,0.00010256979306199287,44.50118857611222,3.354162621469152,0.5467698293085184,0.11069490253709814
3090,0.06221389517591021,47.357717444670584,3.343942113880697,0.5359150838988139,0.11459042122640152
3091,-0.04613782348825618,45.222374258337794,3.3132641838661803,0.5052738177155326,0.11172538606654307
3092,-0.04648128106379737,43.16848387237349,3.2658305681535866,0.46293753250971476,0.10446858623135757
3093,0.03658315393510692,44.77696544190647,3.2041141062145506,0.41540768408355366,0.09482891569906696
3094,0.06876992508254767,47.96462538342872,3.130023087973683,0.3672551061750328,0.08428089194158503
3095,-0.04545925295476162,45.83300730546032,3.045292032473644,0.32134832357788734,0.0737961523467643
3096,-0.05456626920719416,43.39908013651694,2.951687888965366,0.2792614720971519,0.06394934480507182
3097,-0.019990823784811977,42.540111127970285,2.8510898633496833,0.24167554158064003,0.055032792952808
3098,-0.0011847448855755274,42.489741792177725,2.74548203856091,0.20870351308784252,0.04715345272407907
3099,-0.04032833801485005,40.81029341547298,2.6368901158145066,0.1801274572364288,0.04030556643587421
3100,-0.02951791661797256,39.62326408143478,2.52729022677311,0.15555918632494314,0.03442100936968343
3101,-0.031864165827201626,38.38060511001569,2.418514112512416,0.1345425327916705,0.029402090686620048
3102,0.028937374571623237,39.50746460171862,2.312169205269779,0.11661440317654997,0.025141706901112407
3103,0.01635148273734735,40.158780707324134,2.2095847289985677,0.10133833881359915,0.021534912942620433
3104,0.045419203308838044,42.02481669001119,2.1117874199975457,0.08832062383538147,0.01848494813731771
3105,-0.018389221050077384,41.259075318672394,2.639549151917215,0.180772699825328,0.01590584268872306
3106,-0.009930950846230316,40.85136131444208,2.6315527662068448,0.17883986235454571,0.013723022757149364
3107,0.034561460690040395,42.28792592374426,2.637170203667366,0.18019530480691492,0.011872823241005751
3108,0.0287183973751001,43.51997393062057,2.71132798938135,0.1991966895315507,0.016748135982726075
3109,-0.008272378499281178,43.16144522115615,2.816436973621887,0.23020788920474303,0.02724404279700032
3110,-0.06762010542288636,40.339354043922874,2.9039421627444106,0.26056227573423635,0.03908016217938333
3111,-0.027274330925259768,39.253993672865185,2.9562095425311288,0.28112101359043157,0.04878311371545329
3112,-0.004491065652205758,39.078096688270584,2.9742141503847157,0.28868805576599665,0.054812217151839426
3113,-0.005691094055417357,38.856331207171436,2.9637615060054037,0.2842629641804705,0.05711103634121483
3114,0.04331308366827084,40.57629838991254,2.930508747702845,0.27076080475969044,0.05637723697975283
3115,-0.017217617995491017,39.883651163219824,2.8790450978362028,0.2514434471282991,0.05352659186739213
3116,-0.026646697904087253,38.834918247318704,2.813076075193649,0.2291312910584547,0.04940509370759853
3117,-0.014766376695701529,38.265680349440764,2.735743408307367,0.2059404024127124,0.04467706956214278
3118,0.035147014836720204,39.63451917457564,2.6498506150032846,0.18329645223005797,0.039810551501311034
3119,-0.002182923669856478,39.548094408179146,2.55797426614187,0.1620610051777842,0.035105496140703164
3120,0.03472723930478642,40.94561613657252,2.46249061847027,0.14268114094515433,0.030734294642255824
3121,0.016693289257638504,41.634870102595215,2.365553607213558,0.12532258138661223,0.026780153036633985
3122,-0.007343830907956201,41.33023063619792,2.2690548469899197,0.10997357525595698,0.023268077844962452
3123,-0.0032915065927928405,41.19441555032104,2.1745875280549702,0.09651962606594447,0.02018771076395556
3124,0.008764678214163836,41.55705824861666,2.0834267486617692,0.08479405218965222,0.017509112325115924
3125,-0.0017523338960949487,41.48430017366411,1.9965306101975189,0.07461036953719805,0.01519310605084247
3126,0.01788365811490295,42.2328648013303,1.914560424599274,0.06578184537594699,0.013197711613696383
3127,-0.018244277459107415,41.469342829656604,1.8379150075902753,0.05813242845668992,0.011481905816946443
3128,-0.014018806599281185,40.89204807892553,1.766772946015951,0.05150212634994082,0.010007633753118276
3129,0.011147866253064445,41.35045755811447,1.701137233947917,0.04574896189771285,0.008740719883317366
3130,-0.0014001142557943252,41.292602704157815,1.6408780048487688,0.04074893156220724,0.007651118239043518
3131,0.02618657190584696,42.38819673327118,1.5857706323892347,0.036394882788349604,0.0067127885323900694
3132,-0.015708422281738108,41.72754750256495,1.5355278490370383,0.03259488135184166,0.005903379402261039
3133,0.00306489606292713,41.85563428469211,1.48982556955491,0.029270410271930197,0.00520382934962178
3134,-0.0033770266833374105,41.71452508972741,1.448322782743046,0.026354594129953772,0.0045979499306777515
3135,-0.018751012852223466,40.939623294923045,1.4106762440751015,0.02379055012734837,0.004072026651884739
3136,-0.004136955159704191,40.770607755001606,2.3222892224959817,0.1182226317157471,0.0036144550791043996
3137,0.008789398133532389,41.13053631928927,2.351644922918277,0.12299943213490629,0.0032154189976012584
3138,0.0023782162460782843,41.22847003659377,2.3896282179787454,0.12943857749120727,0.0028666113831669494
3139,-0.031526571033525755,39.94895311480831,2.489237545795782,0.14786284319399104,0.007119333168639259
3140,0.037561273800915486,41.478023832965455,2.6246522331207087,0.17718997393732983,0.01640901480954546
3141,-0.03267982486587778,40.14443862754267,2.7410743540031213,0.2074476391285746,0.02745912149454404
3142,0.06084437448877296,42.66284028488101,2.815995584169369,0.2300661500779162,0.037074874699888634
3143,-0.06900624409356391,39.818118456961145,2.850309288726123,0.24140961615789017,0.04362627567406964
3144,-0.012390506618467478,39.32779574313672,2.8513665364953025,0.2417698850832406,0.04685159718966836
3145,0.06129985118547774,41.81400749289596,2.8263742482337255,0.23342716945564837,0.04724909019529984
3146,-0.021161829492211813,40.93844353807054,2.7811080863978015,0.2191877802930961,0.04558359774227611
3147,0.010030810742449015,41.35115577597735,2.720115600188367,0.20159425340775206,0.0426032417913249
3148,0.013436644310692955,41.91052616257542,2.647117873783132,0.18262321327162295,0.03891775912919599
3149,-0.07136147074995784,39.02394943342409,2.5653033722212757,0.16365515976483103,0.03497114454873036
3150,0.012625649030294594,39.51977559982847,2.4774874855922357,0.14556407303163854,0.031058745854366875
3151,-0.002700648703691752,39.41319055824331,2.386174344270135,0.128840529274201,0.027359484279895405
3152,0.04412443794392325,41.1912141143065,2.293563053591175,0.11370737046394779,0.023968629572411616
3153,-0.014362191756984806,40.60384604139923,2.201532125144633,0.10021297644039877,0.02092527654805008
3154,-0.0024668481169583317,40.50380596282194,2.111624770462234,0.08830009680340403,0.01823314788214437
3155,-0.06756658851310463,37.857509264718125,2.0250472219135567,0.07785354920536919,0.015875315632301067
3156,0.025566828215547486,38.83788484545633,1.9426838464912282,0.06873157377028358,0.013824082843082175
3157,0.02844223602176963,39.95838029545357,1.8651271948004438,0.06078539147812903,0.012047302572745772
3158,-0.00750893897771959,39.65945895176547,1.7927182470970038,0.05387066554061991,0.010512211782798113
3159,-0.028817342851798055,38.53288906245112,1.7255914173678049,0.04785363256025468,0.00918760366650384
3160,-0.014952458362973505,37.96101376865941,2.451011415285612,0.14051214737194062,0.00804493070789563
3161,0.01121434875748022,38.389117783533905,2.463716655329437,0.14291471626055874,0.007058746345925631
3162,-0.02127320985876242,37.58108324156062,2.487467491049241,0.1475142665278409,0.006206756563105171
3163,-0.04588640358257473,35.89558885897619,2.5768336322068053,0.16619634231364228,0.010752616256665824
3164,-0.03983614514495084,34.49375419392566,2.6989862012013024,0.19588411008054746,0.020433306817705117
3165,-0.03556827197485023,33.28843361681489,2.8023630472437624,0.22573990929753085,0.03163788388608796
3166,-0.009799765982203843,32.96380798303633,2.8670272301879924,0.24718518572575054,0.04113960490801768
3167,-0.08261635049739834,30.34991999237013,2.893961068567478,0.2568572879411831,0.04738488844012084
3168,0.01999624383604527,30.962912743925617,2.8898009682028905,0.25533272603523427,0.05020138481877545
3169,0.03379104456389591,32.02705997680929,2.8610530909472276,0.24510182294120392,0.05015707394979915
3170,0.059146233330483605,33.97848068021064,2.8129748744096403,0.22909896791459694,0.04806183292880494
3171,-0.010333876601263996,33.62915928449651,2.749759038634936,0.20993061650185563,0.04468855373608893
3172,-0.024193300929310713,32.82532186210289,2.674889984723089,0.18959444484763227,0.04065771979616825
3173,0.02387791875894903,33.618554919555635,2.5914017411551074,0.16946653147861906,0.036415404446930096
3174,0.006199626218234944,33.82762480197698,2.5020130770302185,0.15040315646272018,0.0322542304846157
3175,-0.006728159266273026,33.6007910970505,2.4091726575840733,0.13287167815245293,0.028348113210681928
3176,0.022249634543187992,34.356775419763366,2.3150532037781857,0.11707074728355987,0.024786557159048487
3177,0.0031419251994443116,34.46489159575448,2.2215265986499557,0.10302599389926423,0.021602977924249818
3178,0.016159166316206834,35.02633955964184,2.1301417753570604,0.09065995703280134,0.01879592359295364
3179,0.014992590812393649,35.55543145482081,2.042117251853675,0.0798401170478921,0.0163439615502565
3180,-0.012328814430212973,35.11976627440915,1.9583519600246349,0.07041017412846035,0.014215584544027483
3181,0.01943882139964093,35.80913165660935,1.879452385828303,0.062209335453084644,0.012375482755113758
3182,-0.02907975088093578,34.78280599944696,1.805771086206792,0.055083433716164046,0.010788300085944611
3183,0.051097626658601465,36.606316623781034,2.7059808698827394,0.19775374608196264,0.009420720901092373
3184,0.010405596898931833,36.98921589133015,2.7279251290458757,0.20375276273044832,0.008242491171829769
3185,0.03400850215829952,38.268798742114924,2.7616773471769633,0.21339478969727568,0.007226787151983
3186,-0.006780909202312821,38.01017932092797,2.871666970901739,0.24881842363475803,0.01617745604279772
3187,0.0025777485274367825,38.10828639806184,3.007051382429325,0.3031956558849535,0.03411805962569641
3188,0.0232297612976355,39.003894906691734,3.109495777966746,0.3553316861008614,0.053821936029116876
3189,0.020607043115967894,39.81598853717817,3.167206844751598,0.3903502624439512,0.06958300850447098
3190,-0.06140108943451509,37.444785610221246,3.187290408627483,0.40370332130574826,0.07910221327448676
3191,0.07287656320937756,40.27552754043453,3.2544728377351473,0.45359973824821553,0.08253225130644982
3192,0.04251744798057987,42.024865357247464,3.2342905452957216,0.4376902749931339,0.0811732028446637
3193,0.010226147492949379,42.45682269419218,3.202810448278589,0.4144830630661086,0.0765850394233025
3194,0.0035054550217726585,42.605914340872324,3.1823471311621585,0.40035580152687633,0.07542654759646604
3195,-0.03246179324858136,41.245057387105376,3.166731620043964,0.3900420930693931,0.07614715968784551
3196,0.0075528910230453685,41.5577562143511,3.146325251352713,0.37713284621931176,0.07642328400695513
3197,0.08950637642109756,45.44898790810697,3.1153977029978313,0.3587031782813656,0.07500353216413325
3198,0.07016900590852031,48.75265015087855,3.071853534844024,0.33483727180319234,0.07167749648326902
3199,0.03792995088891705,50.63735317150034,3.0156443696370645,0.30715185256174476,0.06681937184647851
3200,-0.0011181620822968074,50.58076404703876,2.9477255690828024,0.2776450959734573,0.06100064088608837
3201,-0.004626876028340125,50.347273704355366,2.869561186142964,0.248075503498158,0.0547667196938365
3202,-0.031215737182950967,48.79992293372584,2.7829069413284593,0.21973343722063104,0.04854349853089069
3203,-0.04390784838396766,46.703582988160036,2.689694945945412,0.19343147697364577,0.042619958924496666
3204,0.0011618257577878585,46.757875947228584,2.5919411044496963,0.1695889045707347,0.037166066798012765
3205,0.012523080371182124,47.347110400245334,2.491651151475142,0.1483394726227245,0.032261828218256024
3206,0.0008953177837210817,47.38952009243734,2.3907268683599914,0.1296293501410823,0.027925649883327696
3207,0.0005077580111584843,47.41358861088366,2.2908828847570337,0.11329383515419804,0.02413742791446051
3208,-0.02600103462131256,46.19667531176814,2.1935842567679993,0.09911208933269677,0.020855505156623374
3209,-0.01435226786579923,45.538383543039565,2.1000105520620878,0.08684342062446286,0.01802822959185396
3210,0.03344476398762243,47.08715888305367,2.0110467505119027,0.07624966178356266,0.01560132684048526
3211,0.0036832075514222702,47.260910447337224,1.9272969182925856,0.06710779704602313,0.013522272145186759
3212,-0.019317018724252084,46.35673169009965,1.8491142027337515,0.059216128802349666,0.01174263366777503
3213,0.005524337761052406,46.61353060232946,1.776640187008868,0.05239639008074255,0.010219112891867412
3214,-0.01399468763111948,45.96573224265578,1.7098474932796233,0.046493464378241145,0.008913791947508591
3215,0.024684348372502656,47.1144861827347,1.6485810571415591,0.041373809149027815,0.007793929566119454
3216,0.0015940737194676334,47.189650039412726,1.5925951588104523,0.03692327617719912,0.0068315254575512015
3217,-0.0309935419153909,45.749508468459226,1.5415847413701131,0.033044747391777915,0.0060027886991701656
3218,0.004647737743060772,45.9626350803398,1.4952106250289476,0.02965582435656914,0.005287589755349172
3219,-0.0034925682622415685,45.80238744061167,1.4531189275586511,0.02668669529537402,0.004668939773841647
3220,-0.01477185412960981,45.13077395532612,1.414955386549847,0.024078233566500597,0.004132518452457606
3221,-0.00326987094709064,44.983443156371855,1.380375434659829,0.02178034057012489,0.003666258401316722
3222,0.0058406393828518794,45.246943983633734,1.3490508861977317,0.019750523560432654,0.003259986321467295
3223,0.008365548266199051,45.627047146395626,1.3206740169929136,0.017952687673693124,0.0029051173122201152
3224,0.009975878798335268,46.08449496697057,1.2949597051229902,0.016356117079749516,0.0025943967866587196
3225,-0.008742461773843491,45.683359044010864,2.9870697035381206,0.29425564283330263,0.0023216839083067113
3226,-0.02037257871261284,44.762087419023,3.034676210217547,0.3161648296282151,0.0020817705933658397
3227,-0.01590935270440843,44.055586470537335,3.090469787462001,0.344760914807104,0.00187023060571359
3228,-0.021870836565002633,43.10251417351673,3.22380524662224,0.4297514065145879,0.023683749350967356
3229,0.0019185905433405242,43.18528963031726,3.3638535568503047,0.557384289963102,0.06591121466657396
3230,-0.02621991945476416,42.067690520805044,3.4538867896680077,0.6740049709224878,0.10987960116428534
3231,-0.04854542906515041,40.07427354415447,3.498355899968686,0.7470503190846052,0.14283461608928896
3232,-0.03887385960194791,38.546322941485236,3.5108366692587083,0.7699381305177915,0.16081005111617264
3233,0.01209966005946153,39.015553385383,3.500507690748615,0.7509147721902631,0.16526374952686018
3234,-0.07002399043678997,36.37698814643865,3.472532468994987,0.7031330812772305,0.1597661135253398
3235,0.06923438572083207,38.98475867985651,3.4297456441731335,0.6391215479581951,0.14804624274835956
3236,-0.07330907407633716,36.229064831799064,3.373797391368295,0.568617255497035,0.1331518560153076
3237,0.022360432117962376,37.04828732794492,3.3058272125695884,0.49825358779295403,0.11725084317421534
3238,-0.01709405027005733,36.420364206837,3.226857850107045,0.4320404437428548,0.1017245631097475
3239,0.05329903885949976,38.414197326080824,3.138021044345758,0.37205450846355054,0.08735418222082973
3240,-0.03822535490919319,36.97351177845935,3.0406697476923146,0.3190772535500859,0.07450639578155402
3241,-0.0012558886779857842,36.92710630978222,2.93640484586258,0.2730933153930659,0.06328398437884208
3242,-0.044645012469775994,35.314754716240785,2.8270361537627884,0.23364353807116006,0.05363522293516673
3243,-0.058839266668928344,33.29680979918398,2.714497567610059,0.20005768068706237,0.04542764700599043
3244,0.016147722942924343,33.838841973584515,2.60073816201694,0.17159813680664954,0.03849476260999168
3245,0.0021135004836034567,33.91043601282836,2.487610857161491,0.14754246923210723,0.03266378864768666
3246,0.05048310445564033,35.66628762685801,2.3767767009404412,0.12722618339738895,0.02777085406829542
3247,-0.03917121781327898,34.29620479382584,2.2696365065036477,0.11006096504656095,0.023668303373677195
3248,0.012929696184233952,34.74252346666718,2.1672943579179482,0.09553861223932061,0.020227285120572702
3249,0.01742858911887524,35.35334404192776,2.0705512002798883,0.08322723052577377,0.01733769095562593
3250,-0.021096423405456324,34.61532705816575,1.9799225346075384,0.07276373441578578,0.0149067374912687
3251,0.0010343193418546075,34.65114888287614,1.8956724117529415,0.06384503178749742,0.012856965533022895
3252,0.004243102567160358,34.798489631551426,1.8178560414973837,0.056219208520408195,0.011124098163258937
3253,0.021780372474479746,35.564727883814164,1.7463646677220228,0.04967738061026025,0.009654992248496764
3254,-0.0009673778693863255,35.530339988854635,1.6809681877452816,0.044046497172662666,0.008405793806267367
3255,-0.004315963132313458,35.377322797190814,1.621352788399381,0.039183161674988295,0.0073403362434316475
3256,0.009106030110923223,35.700940966028156,1.5671523435997496,0.03496842530034948,0.006428781638996547
3257,-0.03901895409755991,34.33475450081611,1.517973370734285,0.031303453675325166,0.00564648595102994
3258,0.02004632596107409,35.029985311369984,1.473413999943939,0.028105950080470322,0.0049730610502101615
3259,-0.025456682814621896,34.14949284423853,1.4330777519275117,0.02530721872776112,0.004391604757219493
3260,-0.004466801507497606,33.99729401216772,1.3965830399157237,0.02284976125585081,0.003888071551200844
3261,0.04148573035720841,35.4373611717641,1.3635692929287473,0.020685312833385313,0.0034507595562470756
3262,0.01158742036688066,35.850377045392314,1.3337005037956395,0.018773238205461305,0.0030698928158610934
3263,0.04304026632438352,37.427074162735245,1.3066668801210048,0.017079221162296262,0.002737281211746063
3264,-0.013486225323554023,36.925712544129546,1.2821851463210674,0.015574192587425047,0.0024460434256417074
3265,-0.02291215226516722,36.0892837785553,1.259997924789685,0.014233452255856137,0.0021903809871053953
3266,-0.0344438155620016,34.867395196070916,1.2398725209009813,0.013035947943568292,0.001965393684299677
3267,-0.011850671420233574,34.45663187016083,1.2215993516994474,0.011963682334744909,0.0017669284678146718
3268,0.013985462877920966,34.941909321247444,1.204990190855753,0.011001223869685554,0.001591455495227865
3269,-0.01344473972252206,34.475268407019506,1.189876350589286,0.010135302264854255,0.0014359661966482356
3270,0.007969821358667108,34.75112795299609,1.1761068821748315,0.009354473141876247,0.001297889236815509
3271,0.007419259283618448,35.00991439645644,1.1635468478159592,0.008648839186187314,0.0011750210501670095
3272,-0.00023933654515177568,35.001536247137366,1.1520756958196519,0.008009817655428537,0.0010654682682692746
3273,-0.00628160944006407,34.782359379073206,1.1415857562472045,0.0074299459861344695,0.0009675998747329271
3274,-0.028372944727411226,33.809350259668605,1.13198086401306,0.006902718797636757,0.0008800073363110819
3275,0.010543860269631944,34.167717290507774,1.1231751095531317,0.006422450839578138,0.0008014712907178291
3276,-0.010164683815507523,33.82217239998954,1.1150917127632456,0.005984161434477544,0.0007309336382179
3277,0.012158034203724835,34.235893449945735,1.1076620132189987,0.005583476777837777,0.0006674740983873545
3278,0.004653493617922971,34.395581226473574,1.1008245682116462,0.005216547114024724,0.0006102904661294494
3279,0.004196616118329692,34.540229581566635,1.0945243494896089,0.00487997633742022,0.0005586819404146336
3280,-0.013825429701988884,34.06598195823419,1.0887120295056618,0.004570761999744663,0.0005120350119548866
3281,0.0012606421282731648,34.10895405075583,1.0833433482381265,0.004286244055558321,0.0004698114874151414
3282,-0.006574463018798083,33.88544153620321,1.0783785521408016,0.004024060964412401,0.0004315383020218239
3283,-0.01207979558675498,33.47857471065887,1.0737818973838977,0.003782112002413718,0.0003967988329063167
3284,0.0071956380955420654,33.72034321438526,1.0695212102106484,0.003558524828069772,0.00036522547489529545
3285,-0.0014252346315309131,33.67231804514562,1.065567497907529,0.0033516275051875106,0.00033649328086724737
3286,0.0011239820981782424,33.71018640552541,1.061894604541766,0.0031599243157228313,0.0003103145019444642
3287,-0.00042747726358423295,33.695779146893,1.058478906240814,0.0029820748029761404,0.00028643389005239225
3288,0.022825284094275967,34.47373968813793,1.0552990413650267,0.002816875574557196,0.00026462464785363324
3289,0.0069207860358650964,34.713152571444056,1.0523356714524559,0.002663244468455686,0.00024468492963751915
3290,0.008236075851910395,35.000233315681456,1.0495712692924895,0.002520206747068361,0.00022643481213215457
3291,-0.022190147561992925,34.232126691258,1.0469899309141688,0.002386883035352242,0.00020971366698135902
3292,0.0073514479261031175,34.48470967581349,1.0445772086579856,0.002262478762188057,0.00019437787726171322
3293,-0.013780713638559585,34.012745239366275,1.0423199628400865,0.0021462749000086484,0.00018029884928467708
3294,0.003584950183332854,34.134898061714935,1.0402062298187587,0.0020376198279667655,0.00016736127834457036
3295,0.010041919628553516,34.47940482418505,1.0382251045385564,0.0019359221693619416,0.0001554616332872353
3296,-0.05070375426915051,32.774750919076176,2.814469481065247,0.22957690064726727,0.00014450682999258638
3297,-0.09490993092513587,29.807156001810352,2.8685088223450137,0.24770526618919317,0.00013441306825593362
3298,0.03810963527898875,30.965018574721178,2.9297493528706475,0.2704622545260766,0.0001251048102567103
3299,0.012410819713151146,31.35171448075183,3.0654176595765312,0.3314985053067668,0.01498739830275498
3300,-0.04930206218393639,29.843494959382863,3.2210804429182898,0.42772332958998244,0.046249919823819985
3301,-0.00729558688528602,29.626561439816587,3.3278802579261377,0.5195235563405719,0.0803071594315993
3302,0.03661216150428118,30.73135492348156,3.3838785040310366,0.5803754258602729,0.10693351627465086
3303,0.05841482805097755,32.5799899418046,3.4026567968118657,0.6033357667723752,0.12245133728297304
3304,-0.018670562335916303,31.977346560284307,3.394726889215084,0.5934660353843269,0.12752174165728783
3305,0.0001391822939721299,31.981797550476028,3.3664486955883213,0.5602818617315833,0.12464944464620416
3306,0.030541871074195686,32.973650917456624,3.3215695541423735,0.5132957037049537,0.11662354001362887
3307,0.09370440934197534,36.2128198204207,3.262455561799412,0.46013272786366644,0.10580291993441886
3308,0.03169942431097881,37.37913343356569,3.190845264606577,0.40613590369857167,0.0939125441645097
3309,-0.045324466272147715,35.7227647226714,3.1082843968658476,0.3546452012484306,0.08208416766711764
3310,0.042184477398912214,37.26194744812153,3.016360624339014,0.3074847359049745,0.07098366882321992
3311,0.0308532833753328,38.42951997622757,2.916805351581046,0.2654377984204653,0.060947306221162
3312,0.012635142729919908,38.91816298239125,2.811502604470884,0.2286293530745695,0.0520960943544977
3313,-0.04462295482530657,37.219696670468785,2.7024348580877504,0.19680339773679906,0.04442099592706018
3314,-0.024004719012053706,36.336886506292686,2.591592722998196,0.16950985155228193,0.037841622145345345
3315,0.014501840298420245,36.867677653340515,2.4808732922744143,0.14622282177747603,0.03224425107420506
3316,-0.015586462628284612,36.2974960735233,2.3719877485808216,0.12641069630018073,0.02750503044908255
3317,-0.04369553614511312,34.74560968592087,2.2663922840834783,0.10957429461606569,0.023503185732659804
3318,-0.041102602530417066,33.34642671105274,2.1652488468086846,0.09526486832684772,0.020127809623542412
3319,0.01205214875136523,33.750754420769084,2.0694154500038566,0.08309002446999739,0.01728072029082402
3320,0.05535265317815784,35.671620313878066,1.97946102299679,0.07271285291780098,0.014877037991176886
3321,0.0036141237009582987,35.80077521261245,1.8956974430934166,0.06384757554138017,0.012844531190017222
3322,0.06602615114265585,38.24434469760344,1.8182211337589276,0.056253716617620714,0.011122376445786352
3323,0.0008866318981596807,38.2782683902282,1.7469577313802833,0.04972994127433032,0.009659710169222908
3324,0.02710361100239406,39.329935292578796,1.681705064779478,0.044108175436787064,0.00841418196147837
3325,0.029541426678276278,40.50912947629891,1.6221714874639832,0.03924829844859718,0.007350616074243858
3326,-0.012044989700871275,40.02412423430896,1.5680081193967728,0.035033512483759924,0.006439826575038145
3327,0.038969020270786386,41.61461378334519,1.518834664574768,0.03136639004868138,0.005657597382535201
3328,0.0463702257745734,43.58973226979867,1.4742591793179116,0.028165549020376254,0.004983820158053796
3329,-0.009768863693403736,43.165983259865456,1.4338925475093809,0.02536288262724067,0.004401774498990638
3330,-0.006862657924949542,42.87076403567111,1.3973585659292675,0.022901266424612796,0.0038975318480465437
3331,0.001467421598584483,42.93371970071918,1.36430054041503,0.020732667703645985,0.003459464485138156
3332,0.01094155608397349,43.40606076354562,1.33438520824622,0.018816590226051692,0.0030778424048490778
3333,0.019095349591481684,44.24287890829605,1.3073046800518382,0.01711879605029475,0.0027445029352454156
3334,-0.012426968732413345,43.69647613228697,1.2827769646624343,0.015610255083125949,0.0024525801460888634
3335,0.005694042282350509,43.94599542752097,1.2605455188966321,0.01426628115344843,0.0021962831796491565
3336,0.006760668910272993,44.24410633162953,1.2403781589037197,0.013065820576791117,0.001970714503485199
3337,0.007656215160500023,44.58414878735225,1.2220655826979012,0.011990865298049538,0.001771720694869584
3338,-0.0055043448151955885,44.3394164227002,1.2054196842727924,0.011025967823329744,0.0015957697238477171
3339,-0.01636383422380615,43.619757808721936,1.1902717861045322,0.0101578393862196,0.0014398498282358803
3340,-0.02311851868157393,42.62290094834824,1.1764708763640128,0.009375016263517222,0.0013013859986220385
3341,0.0019644928608303215,42.706715632688635,1.163881907200617,0.008667581982042462,0.0011781708452703104
3342,-0.015966132988705625,42.03026901945306,1.1523841887323858,0.008026935452252188,0.0010683072304149047
3343,-0.016363996126611383,41.34808272985866,1.1418698979402295,0.007445596922161873,0.0009701605441173245
3344,-0.0360561188876277,39.883788362853245,1.1322427109440751,0.0069170451478972545,0.0008823189013168669
3345,0.0054813396864375735,40.10300520698039,1.1234165598988057,0.0064355803926096555,0.0008035598600326326
3346,0.003424936317403353,40.240590922615745,2.589133860037521,0.1689530085483286,0.0007328225207778976
3347,-0.05480936614247653,38.094383040161404,2.6402244206246577,0.18093696255872038,0.0006691840772667009
3348,-0.03150643975567925,36.912874946939645,2.6987369291292187,0.19581785195738186,0.0006118400582512944
3349,-0.044794171012462206,35.29587966405615,2.8283795489596195,0.23408342872506804,0.009596634159980863
3350,-0.029644962280229736,34.264891942432534,2.9892376294837444,0.29520850115359815,0.029138918930532203
3351,0.014752265666845874,34.77412365690189,3.1104354308896625,0.3558654712946238,0.05136581969019379
3352,-0.020398242618211868,34.07197825785264,3.1795150077565375,0.39845610127439324,0.06959510699912881
3353,0.004398966266548277,34.22218988655977,3.206558316976997,0.41714943218700784,0.08100872375397723
3354,0.016866173246522072,34.80428230705285,3.2023043409169674,0.4141249201697853,0.08564135272884843
3355,0.04029955690600608,36.235524989344306,3.1742604400846366,0.39496601815483323,0.08488366702830852
3356,0.013499099819057149,36.72798838617923,3.1273698037184516,0.3656823611164729,0.08045476632819469
3357,0.00863785678058384,37.046613628183344,3.0650665246449833,0.33131766790051476,0.07388710744614356
3358,0.016866393334919155,37.67675555794206,2.9900166632996057,0.29555190531177056,0.066348257363752
3359,0.026563487417823814,38.69099278096438,2.9045551126288585,0.2607920034935887,0.05863653000887239
3360,0.02059284139740837,39.49601061294843,2.8109090422215046,0.2284403514771544,0.05124647528121198
3361,0.01458728484688687,40.0763728334049,2.7112800414074094,0.19918369735768238,0.04444951738129257
3362,-0.0213839997407201,39.22847769176033,2.6078369625500404,0.1732380029455961,0.03836589184263948
3363,-0.0063891757148279845,38.97863903619769,2.5026593061188476,0.15053280581962036,0.033020455141990354
3364,0.02655481078265811,40.027574929384635,2.7956738891953052,0.2236529466253317,0.028382479774054663
3365,-0.0022443903443657345,39.93783816653594,2.7619000591747773,0.21346015790943695,0.024392315150693927
3366,-0.04042385258684609,38.355592570054085,2.741291945685214,0.2075094307670658,0.020978293863490604
3367,-0.03121628320998708,37.176768507096014,2.7829543255963807,0.21974783236505108,0.0243903372036047
3368,-0.02844200287821398,36.13428222458264,2.854962192708447,0.2430001237814322,0.03286948372019204
3369,-0.015370670257654926,35.58312079906919,2.917017922110241,0.26551934162829915,0.04241701355066095
3370,-0.01791781750267074,34.95122691963049,2.952136547586041,0.2794452669031798,0.05003169457888557
3371,-0.01504462226647065,34.42933459308391,2.9588293437151663,0.28220580342296286,0.054443081632240424
3372,-0.05013108904112218,32.745903220497276,2.9406952498839125,0.2748069311033348,0.05565125498721912
3373,0.0595206876173757,34.754134709196265,2.90201969915788,0.25984341855210213,0.05428724593794635
3374,0.005752621389142146,34.95463824541853,2.846636518883136,0.24016321165660703,0.05115565317129129
3375,0.04772792102265557,36.663404015941495,2.7778563090268076,0.21820547642942478,0.04699190113383243
3376,-0.021664379458271345,35.87765622032455,2.6986165372517195,0.1957858601105038,0.04236948637433053
3377,-0.03394064698308062,34.680378479752505,2.6116070924740487,0.1741157438652422,0.03768960382743218
3378,-0.04583373958697711,33.12672391779236,2.5193252977263727,0.15391550507954882,0.03320682014396475
3379,-0.04813308338160441,31.569998099548595,2.777081669208237,0.21797224202915763,0.029064835503054737
3380,0.012932590026676382,31.980931430832012,2.7412839556233846,0.20750716137321065,0.025330112253030553
3381,0.007433664010923417,32.219552746350466,2.71644416169081,0.20058856542834846,0.022018940304527702
3382,0.0151213433311752,32.710457884011554,2.748621494715794,0.20960342781962574,0.02466752644608375
3383,-0.006200407263345236,32.508267203411286,2.809962718161939,0.2281394136702647,0.03167560887617537
3384,0.0027509316732569388,32.597818343363386,2.864030218390962,0.24613729809132778,0.03962110612221907
3385,-0.012149511613454622,32.20416694916914,2.8940714510357664,0.2568978962713741,0.04594851485153988
3386,0.009952174282729959,32.526268578490594,2.897583594639896,0.25819421573557555,0.049563163007828946
3387,0.021619866818865005,33.23713894531089,2.877359898357768,0.25084083878860775,0.05044842746868878
3388,-0.02947635229862824,32.271727629607426,2.8372807063439147,0.23702376614480017,0.04913044861852896
3389,0.05295459261107922,34.026721212232474,2.7810388687868595,0.21916681629720935,0.04629088083184054
3390,0.025877075521102647,34.91872469253824,2.711934221364853,0.19936103999038512,0.04255834356359778
3391,-0.01897174509813501,34.26250009405818,2.6329384952097463,0.17917319259095282,0.0384266426230648
3392,0.0033414153255168877,34.3771768215527,2.5467726455628124,0.15965560799967052,0.03424367060678898
3393,0.02719929689216482,35.325044086377,2.4559375126779575,0.14143898235651153,0.03023188480524041
3394,0.06727782806748242,37.78340574039515,2.362702447873417,0.12484313979186208,0.026518122667860945
3395,0.023051805299136526,38.66449781827527,2.269072659164933,0.10997625052412796,0.023162092015944043
3396,0.030090965356157993,39.84563148708694,2.176755401711693,0.09681274274579918,0.020179539094772717
3397,0.02061892852450465,40.675734220231554,2.087138754148249,0.08524968210625533,0.017559435743434236
3398,-0.015487602041144933,40.05061790752386,2.0012892481233084,0.07514513397072188,0.015275934050173523
3399,0.006552736721618512,40.313920797318616,1.9199683832904246,0.06634286536079673,0.013296248313285124
3400,0.02523244651861568,41.344081732126575,1.843664062622717,0.058687334936933726,0.011585585576424872
3401,-0.019130938352082003,40.56064845425609,1.7726312728275258,0.05203210833944453,0.010110044614555929
3402,-0.053462998741180115,38.44910227962104,1.7069363847802292,0.046244010420474664,0.008838174906197468
3403,0.042658694058470836,40.124777730313085,1.646500532318309,0.04120463215709644,0.0077416869107373165
3404,-0.010782979398497377,39.69443742373365,1.5911389935283529,0.03681028037359971,0.0067956484435473365
3405,0.0056632445234008,39.91987447914366,1.540594902147234,0.032971077189716216,0.005978387499317597
3406,0.018985966802333904,40.68503253914387,1.4945667303886467,0.02960965293232684,0.005271241911357701
3407,-0.006299577930343903,40.42953959983499,1.452729745500927,0.026659700400927275,0.004658242247478973
3408,0.0053278080917298284,40.645515255601225,1.41475208457261,0.02406454418341792,0.0041257789243718855
3409,0.007459293808732091,40.9498356926178,1.3803062903176793,0.0217758065902176,0.0036622818963559234
3410,0.013450152896400176,41.50433795446563,1.3490771847715526,0.019752207576522955,0.0032579272144210155
3411,-0.03210498185648075,40.19300473598957,1.3207668954960763,0.017958509934625583,0.0029043762915155783
3412,0.013881127018832057,40.754819228055744,1.2950977394676981,0.016364606428124248,0.0025945488308042803
3413,0.030024310160258583,41.99700919562025,1.2718135456953277,0.014944738029164744,0.002322427732817457
3414,0.008717746650638087,42.364728997044054,1.2506798777334664,0.013676829175142022,0.0020828930206123345
3415,-0.010850707168553072,41.90752669837752,1.2314835111533742,0.012541925183718761,0.001871581350139354
3416,-0.013925853189890787,41.32797338719272,1.2140314322421313,0.011523717535032122,0.0016847676550933953
3417,0.01566669423650101,41.98054457883747,1.1981495527824169,0.010608143966741264,0.001519265695985982
3418,-0.001298353500911261,41.92607436026466,1.1836812800300873,0.009783051829022909,0.0013723446127736538
3419,-0.008968234833661012,41.55175249182317,1.1704860385544587,0.00903791468486133,0.0012416589442546882
3420,0.012399398373868772,42.0701766558901,1.1584378089387042,0.008363593594947644,0.001125189934351564
3421,0.008104018668478357,42.41249937424065,1.1474237251608947,0.007752135839165774,0.0010211962744461687
3422,0.03523055007197527,43.93334792042821,1.1373427558276297,0.007196604978148743,0.0009281727232625868
3423,0.024541867210490852,45.02489381211477,2.6607381973931377,0.18600599906909793,0.0008448152993648197
3424,0.00988685007711565,45.472256044509166,2.7120874681369584,0.19940260993426967,0.0007699919577861362
3425,0.05373448930064222,47.98252451515564,2.771056176401092,0.21616807974362467,0.000702717845037134
3426,-0.07957649820362635,44.31221505029222,2.9033750042580664,0.2603499389009891,0.011257540589784676
3427,0.05645467483907408,46.88580895046837,3.0630150048586584,0.3302638274181952,0.03375883925061751
3428,-0.030713619648943688,45.467665683140545,3.4240264396918123,0.6312858627733147,0.058941678572050106
3429,0.04643212659683618,47.62860640407354,3.4700457721170728,0.6991299367450465,0.0792619818712641
3430,0.0030800086592619926,47.77552906961982,3.498566810917208,0.747427633027498,0.09169249673221991
3431,0.0323675790581943,49.3472057556625,3.5478740025956945,0.8452977766894387,0.12583107017950967
3432,0.026308504130448197,50.662685196766006,3.590753873586875,0.9495827961624616,0.16799951753001446
3433,0.028608921019546728,52.13302204738771,3.6143864496419673,1.016971439624426,0.20207699266339013
3434,0.008366295830231955,52.57101195417336,3.6190883898961674,1.0313764350142398,0.2206637674162704
3435,0.007680216601504297,52.97632315956987,3.6078282061429756,0.99745631136353,0.2236916872401216
3436,0.0018596874420183365,53.07493422693581,3.5829131070652847,0.9289118709382127,0.2146631636112046
3437,0.010317033884470259,53.6253445405136,3.5456937767062016,0.8405213200414083,0.19790805999434372
3438,0.005547380156892024,53.92365135839202,3.496885440498178,0.7444284984429486,0.17720924474394104
3439,-0.04809239389974599,51.39170553281964,3.436904290840753,0.6491536654965657,0.15535152673519506
3440,0.0030085425970226677,51.54655248307418,3.366126524494146,0.5599208554844226,0.13414120343237415
3441,0.025901328488460898,52.89911767259143,3.285073120593135,0.4794349995251824,0.11460518858163062
3442,-0.03249997392177927,51.20753481873787,3.1945295067369948,0.408679683196122,0.0972196840191124
3443,0.001291233865733037,51.27369842903086,3.0956038339026293,0.34756955731228867,0.08210608840088995
3444,0.004999040391665356,51.530659462670975,2.9897262499524193,0.2954238269368143,0.0691774361745772
3445,0.012472481036321622,52.17739947786108,2.8785952918000755,0.25128242436429443,0.058238649103772265
3446,-0.011100780360611299,51.60139260433408,2.7640837176620447,0.2141023315501152,0.04905047599176102
3447,-0.022501209988202056,50.4532644118951,2.6481215214668525,0.1828701559686573,0.041367493821443974
3448,-0.03167429179749886,48.880236771890495,2.532576006962604,0.1566598352862914,0.03495878198673197
3449,-0.0024092323386270334,48.76261467111819,2.4191467440852175,0.13465640205143597,0.029617654902442926
3450,-0.008023292904837909,48.37294324516469,2.309287786588957,0.11616002204900182,0.02516486368972718
3451,-0.05258697146632188,45.894884501379465,2.204162580733666,0.10057947627789252,0.021448156933754164
3452,-0.003144238513036371,45.75080666422005,2.104630551650886,0.08742073103054109,0.018340009281085028
3453,0.0017785842813676492,45.83225073591603,2.01125979477051,0.07627389883138228,0.015734598610176093
3454,-0.022403852564976224,44.81684867829915,1.9243580847716375,0.06680040121491326,0.013544642780210479
3455,0.027476171932703925,46.06531714291308,1.8440142441184457,0.05872123054263914,0.011698415246545772
3456,-0.007326152769325817,45.729068799462745,1.7701430952999633,0.05180667156331925,0.010137084612152935
3457,0.011201866289769772,46.24419953993145,1.702529020296549,0.04586754478095054,0.00881242383471618
3458,-0.013744718532814075,45.61293425336733,1.6408650005295644,0.04074788009207328,0.007684881646206438
3459,-0.004703427883365951,45.398900846479464,1.5847855769269334,0.03631886084359737,0.006721983131397725
3460,-0.0013800349983826854,45.33629198556939,1.5338933221702709,0.03247385810415051,0.005897016601223981
3461,0.009563795051392937,45.77195898472699,1.487779160201259,0.02912437985987347,0.005187962677211221
3462,-0.0025913894240793983,45.653499567825506,1.4460372746901904,0.026196776695483114,0.004576624580047181
3463,-0.019912251556700213,44.75342657941681,1.4082755119148884,0.023629566749389035,0.004047923516853384
3464,0.0191074409046427,45.616771926450554,1.3741221909559793,0.02137126428736125,0.0035893284285511673
3465,-0.006075368168711222,45.34047339981609,1.3432301534280526,0.019378616134415556,0.0031903944932590504
3466,-0.016158961768773135,44.6137061396612,1.315278763974926,0.017615167623979418,0.0028423893681993042
3467,-0.004290794174279956,44.42268801206675,1.2899744418348074,0.01605009448865491,0.0025379900871798427
3468,-0.009649750136159716,43.99608180440543,1.2670501801826912,0.01465724937096776,0.002271036820141471
3469,0.021264458432225557,44.94165255185093,1.24626440200594,0.013414381659517137,0.002036332404625617
3470,0.027188328052295575,46.18030306238791,1.227399411715433,0.012302497482487754,0.0018294787551428387
3471,0.01712984233569982,46.978178603920526,1.2102596301315518,0.011305333234726784,0.0016467430265495364
3472,-0.005299733323140454,46.72986536349147,1.194669744941978,0.010408921262888088,0.001484947826909529
3473,0.006368202902147292,47.02840018397335,1.1804728666528772,0.009601230531800231,0.0013413809097140741
3474,-0.003472929196204603,46.865357162233884,1.1675287488587291,0.008871868450097829,0.0012137206803044143
3475,0.015139768593588527,47.580286098210976,1.155712108993169,0.008211832713146149,0.0010999745727345834
3476,-0.008082311459008258,47.197277289859144,1.1449110696000697,0.007613304163161629,0.0009984279284031478
3477,0.013961679444627988,47.860852076165294,1.1350257289568089,0.007069473379998814,0.0009076014665599857
3478,0.014015585701498108,48.536372801445594,1.125966862306928,0.006574395088988383,0.0008262158032153742
3479,0.010942015795908975,49.07037476035786,1.117654750026133,0.006122865574163934,0.0007531617680918758
3480,0.0036249661819044363,49.248576000997026,1.1100181260023856,0.005710319171493688,0.0006874755041642042
3481,-0.0051915473801145366,48.99356221612225,1.1029932377966472,0.005332740631142727,0.0006283175229770779
3482,0.016288544311072652,49.798130862549954,1.09652300935245,0.004986590715030414,0.0005749550407642692
3483,0.018260629313559307,50.71582944712406,1.0905562968394424,0.004668742863510488,0.000526747042884736
3484,-0.016930801075708914,49.86439787526972,1.0850472284326071,0.004376429144692964,0.0004831316231551062
3485,-0.00733886950565171,49.49978911081071,1.0799546192922294,0.004107194009062778,0.00044361522497370906
3486,0.010916607750635032,50.043119156954354,1.0752414536132169,0.0038588546244015315,0.0004077634764131302
3487,0.011917892685249187,50.64309580785651,1.0708744262830625,0.0036294667725593178,0.00037519336465598814
3488,0.01183177164480068,51.24585215891246,1.0668235373767019,0.003417295459114891,0.00034556653861036194
3489,0.004174242008074574,51.46021183105248,1.0630617333921186,0.0032207895264148995,0.00031858356413981244
3490,0.018571546232624095,52.424837100643344,1.0595645897732167,0.0030385596755187383,0.0002939789855751125
3491,-0.0096344784462605,51.92217646229845,1.056310029865091,0.0028693593977141985,0.0002715170712397789
3492,-0.0008515163815323337,51.87798269700387,1.0532780759959552,0.0027120683951521434,0.00025098814058213106
3493,-0.00037498800028341656,51.85853272299494,1.0504506288780442,0.0025656781357174087,0.00023220538693784158
3494,-0.002746312649179658,51.716308364278305,1.047811271967667,0.0024292792418898258,0.0002150021235740005
3495,-0.006947952935251545,51.35823127962878,1.0453450978246732,0.0023020504589870315,0.00019922939199420062
3496,-0.001672072499257417,51.27242834784775,1.0430385538671472,0.0021832489863927835,0.0001847538809239519
3497,0.009618523566889468,51.76797279071787,1.040879305231902,0.002072201987444065,0.00017145611227992544
3498,0.009592389601507736,52.266940675788675,1.038856112729097,0.0019682991206267336,0.0001592288570264181
3499,0.0060194115153101085,52.58250570541912,1.0369587241238454,0.001870985957472878,0.00014797574935954464
3500,0.011136794046691297,53.17137923714365,1.0351777771925808,0.001779758171770103,0.00013761007231529606
3501,0.006047928940370738,53.49393036039389,1.033504713190552,0.0016941564009656889,0.00012805369182047552
3502,-0.0014163921679622561,53.4182156099457,1.0319316995321863,0.001613761694457308,0.00011923611951790983
3503,0.0007565274136662149,53.4586432448226,1.0304515606309588,0.0015381914752043413,0.00011109368750000677
3504,-0.008513322600497497,53.00546433529204,1.0290577159723115,0.0014670959510993053,0.0001035688204608984
3505,0.020725317367032595,54.11548241158532,1.027744124604325,0.0014001549210815327,0.00009660939279597405
3506,0.005267126842757539,54.401267494041626,1.0265052353281592,0.0013370749282831291,0.00009016815989569453
3507,0.011289849222497178,55.01892969751201,1.0253359419555526,0.0012775867187608627,0.00008420225434569849
3508,-0.018383273000137482,54.01674166433403,1.0242315430753557,0.001221442969746284,0.00007867273899692688
3509,-0.0007887225571309031,53.97415423875999,1.023187705836551,0.0011684162559736067,0.00007354420994083142
3510,-0.0189407648045026,52.9614633233012,1.0222004333126322,0.0011182972266328005,0.0000687844433433273
3511,-0.0020488657636139745,52.85306348059098,1.0212660350625962,0.0010708929689383826,0.0000643640808801461
3512,0.0072019171172667705,53.2350808406616,1.0203811005480408,0.0010260255372821097,0.00006025634919508864
3513,0.00017994190170046687,53.24466092424862,1.0195424751047346,0.0009835306295174241,0.0000564368093877241
3514,-0.0032216702618222486,53.073400204460626,1.018747238201199,0.0009432563941620051,0.00005288313304211615
3515,-0.010160485694257338,52.53687895483899,1.0179926837469329,0.0009050623542504019,0.00004957490174482601
3516,0.005227295512437015,52.81222377383135,1.0172763022393911,0.0008688184352624725,0.000046493427418590555
3517,0.012831475499088831,53.49424886562222,1.0165957645621928,0.0008344040860301404,0.000043621591126051396
3518,0.004886130269584854,53.75626834361113,1.0159489072676302,0.0008017074828145711,0.00004094369828280347
3519,-0.006581827254148865,53.40361569404426,1.01533371919475,0.0007706248078736502,0.000038445348466864815
3520,-0.013936681809125563,52.66450880650674,1.0147483292903594,0.0007410595948274076,0.000036113318227577066
3521,-0.009437551037873767,52.16982280066769,1.0141909955145358,0.0007129221339953692,0.00003393545548530896
3522,-0.014260736295366613,51.43112243965194,1.013660094724817,0.000686128931640742,0.00003190058427789521
3523,0.017517896676580144,52.34002531856346,1.0131541134444215,0.0006606022177256048,0.000029998418753705603
3524,-0.003274608460709565,52.16891254539328,1.0126716394297421,0.0006362694973707164,0.000028219485437350635
3525,0.023955763262430176,53.433748228148445,2.029178479642267,0.07833117831913992,0.00002655505290464889
3526,-0.00042112901260378093,53.41125046408048,2.0716729546653623,0.08336290443507627,0.000024997068100636473
3527,0.014391407612214678,54.185471241453776,2.1182755510849596,0.08914234640436317,0.000023538098619836114
3528,-0.005180313951237845,53.90549928624229,2.204741365586988,0.10066026218953937,0.0021861770209187894
3529,0.0037433635165370874,54.107665320013204,2.3365286850651232,0.1205186413254244,0.008047703381439395
3530,-0.01794064355848258,53.14559486897625,2.4640827835675583,0.1429845405634813,0.015843609539108256
3531,0.04885524024384797,55.806506162608194,2.555855922079034,0.16160325820664206,0.0232405990131642
3532,-0.022942185084705923,54.54075800133187,3.5202583933170044,0.7880049462696521,0.02879972462649135
3533,-0.00019922345370269957,54.52989328544434,3.549439427375435,0.8487558329365141,0.032074795205607895
3534,-0.01238123715344869,53.858908129432265,3.5810142826975797,0.9240222910156948,0.03325278744982418
3535,-0.018256431471943016,52.884557806176566,3.6650497833699625,1.1934832332024963,0.1116313676304682
3536,-0.013517494525707635,52.174500992009115,3.7340797021059515,1.542236371438238,0.23354931615311025
3537,0.015070224164256876,52.96673701103636,3.7712922343497164,1.8175763904234614,0.3439201630147315
3538,-0.02388927865028613,51.71639422836191,3.786008566984545,1.9528879224688391,0.41484291706780413
3539,0.06336842999446231,55.09964450402002,3.785849700128344,1.9513279004030948,0.4427797382752507
3540,-0.05744545293103152,52.0236181872508,3.7747267611484285,1.8475741561406542,0.4362704800511662
3541,-0.030637291831647828,50.453923787468824,3.754346730490021,1.6818502371152835,0.40701960662252923
3542,-0.0019241103878306705,50.356938204008515,3.7252533009995137,1.4878722715762374,0.36548192747988556
3543,0.06724371281019326,53.859570984274626,3.6873894421260363,1.289490729489142,0.31939874503128984
3544,0.025064909722403654,55.22661714318375,3.6404173190084532,1.1014507060215695,0.27380163967968146
3545,-0.04892686941424034,52.58958846760974,3.583927763682217,0.9315429647084261,0.2315655107893031
3546,0.0037512332788476933,52.78723475889392,3.5175983986039916,0.7828327242234641,0.1940514582915004
3547,0.029207525318900432,54.35175593032414,3.441321686990755,0.6554724687202118,0.16165432971966096
3548,-0.1314664834316018,47.656090408902635,3.3553050437502785,0.5480045301078689,0.13420771756622132
3549,0.06127425006170111,50.66750040988746,3.260136288106172,0.4582201259041827,0.11125766686619053
3550,0.022665092081540664,51.82899696346335,3.156805894427933,0.3836849451701235,0.09223463257127007
3551,-0.0382059272808503,49.88617210855229,3.0466810719607724,0.3220351046900469,0.07655383809407211
3552,-0.00770947240152,49.5030547553716,2.9314338331543475,0.2711250683037951,0.06366857652934055
3553,-0.07749458226161149,45.811712856010374,2.8129333336115603,0.22908570153780058,0.053094336040286516
3554,0.005895304668142608,46.082584511631026,2.693119097415522,0.19433129989892978,0.04441589054082758
3555,-0.047770133353523196,43.93296585683041,2.5738742226972553,0.16554019088771577,0.037285167796433705
3556,0.05724716282029211,46.52138650846784,2.4569157231604395,0.14162373484982885,0.03141468586463339
3557,-0.067905196837954,43.46721322480113,2.3437137968032835,0.12169217441495143,0.026569351359254305
3558,-0.010630610289858676,43.00757765254913,2.235444972140602,0.10502180033790168,0.0225581489018898
3559,-0.02421850501269027,41.978509956443354,2.1329777650602866,0.09102551730699154,0.0192264828935974
3560,0.027133160644922053,43.13311278795683,2.0368850309101054,0.07922753230730098,0.016449485717389918
3561,0.03549170064662961,44.69147112870546,1.947475057108702,0.06924215905805539,0.01412636007030484
3562,0.015156636514290271,45.374002888700545,1.8648333127542391,0.06075637920357098,0.012175697700515459
3563,0.0016209984056198006,45.44761372044161,1.7888679743825415,0.05351566292127559,0.01053166164224315
3564,0.008618770413117802,45.84100912604383,1.7193541598647282,0.04731252967067835,0.009140902744365503
3565,-0.008007534677349654,45.47540141760456,1.655973666667315,0.04197736544205112,0.007960085089453903
3566,-0.022563387249401434,44.46081166004676,1.5983485947876184,0.03737107268080223,0.006953907916153706
3567,-0.006015897891032747,44.19414288725235,1.5460684064402215,0.033379194913583835,0.006093527848191282
3568,-0.015256559236607566,43.52500964292066,1.4987107358329634,0.029907220826718796,0.005355301441581848
3569,-0.011517982413993483,43.02656539378431,1.4558566840451916,0.026876828116546778,0.004719782798765942
3570,-0.0304479148333422,41.736239742114364,1.417101508639853,0.02422287461364046,0.004170923702506589
3571,-0.007422754272502979,41.42758882734939,1.38206163184612,0.021890983177473122,0.003695434319753504
3572,0.011267463113559953,41.8970122958306,1.350378813763067,0.01983559851402862,0.0032822711777675097
3573,0.008596964430116281,42.25875212453944,1.321722216818513,0.018018419458138347,0.0029222260772571113
3574,0.01137500477869983,42.74218997313,2.636731051475052,0.18008893842033039,0.0026075951553462345
3575,-0.03145477660936078,41.41866859326707,2.6810927106352507,0.1911915330430407,0.0023319117031811508
3576,-0.06137654189872824,38.95297578386649,2.7341778657811076,0.20550018271538906,0.0020897298050302792
3577,0.00851174520939054,39.28594866874921,2.861728350310827,0.2453362100539718,0.011737686127587727
3578,-0.005103690629751307,39.08595612479518,3.0163068469570495,0.3074597257366005,0.03180646728539116
3579,-0.11298437803814385,34.91019287556811,3.1314424831730676,0.3681004035794516,0.05423114254395404
3580,-0.03785466278016431,33.613379370435204,3.1962972774014764,0.40990851759847813,0.07239054711719185
3581,-0.046536982942576126,32.084954090054346,3.2206397175591275,0.4273966291823959,0.08357186366939973
3582,-0.015944662061829394,31.577427264110877,3.2146775355091908,0.4230130237542271,0.08789681128963443
3583,-0.04112424344363387,30.30516908442294,3.1855387684391694,0.40251248624519753,0.0868140018263059
3584,0.028304530124500935,31.175197443415627,3.137927449516684,0.3719978292403696,0.08207596673505553
3585,0.001059551129657124,31.208246664662045,3.075126896475317,0.3365532344762261,0.07523154734949616
3586,0.008989985325133605,31.49007325455853,2.9997050063665713,0.2998672920129683,0.06745407491625549
3587,0.02127158745958333,32.16709220788033,2.913930914943355,0.26433828307204776,0.05954161255995971
3588,-0.036161473509055395,31.024663202188282,2.8199876177533927,0.23135193051385783,0.05198543463722428
3589,-0.018046718250364153,30.469791710620022,2.7200482371095926,0.20157574921714444,0.04505246940788422
3590,-0.02711379152330135,29.654739638440844,2.6162653338322963,0.17520685576685668,0.03885824838735327
3591,-0.06395396381852371,27.817574626076475,2.510711707030322,0.15215775019804173,0.03342323246369931
3592,0.022772228383000876,28.45831059253769,2.4053034547827137,0.13218534827181497,0.028712829910633977
3593,0.048475438721964026,29.871823219646345,2.301728405725992,0.1149752851765562,0.024664116509335726
3594,-0.008103005955459484,29.63074968737752,2.201394600480752,0.10019384469783152,0.021202716766814792
3595,0.019892319003126848,30.22607558786411,2.105405199808353,0.08751780589415764,0.018252855914774286
3596,0.015522265418248022,30.698913015942235,2.014559360126386,0.07664993904257211,0.015742899476540975
3597,0.016101063635929048,31.197198869317457,1.929374132929085,0.06732559568405524,0.013608039662582108
3598,-0.004468684697496639,31.058099451320302,1.8501204356944099,0.05931405064327392,0.011791258759523953
3599,-0.005316829928101365,30.89340702742134,1.7768661168501074,0.05241695896533603,0.010243309229930983
3600,-0.01776771943799771,30.349349284350552,1.7095203346082632,0.046465398405114086,0.008922177605185924
3601,-0.0022994683644825776,30.279642091246263,1.6478751642288065,0.04131637622135734,0.007792316393186543
3602,-0.017213699948392995,29.762877889896032,1.5916420202652868,0.036849298894331584,0.006823809528483911
3603,0.031134710444489636,30.704112983500337,1.5404818465429373,0.03296266663756338,0.005991562111625148
3604,0.001988767025873242,30.765237071599593,1.4940289940370866,0.029571111927964442,0.005274559485947792
3605,-0.0022256078893891315,30.696841855951877,1.4519093002415673,0.02660281874686072,0.00465521374299916
3606,0.001310640883550245,30.7371007686096,1.4137531818731568,0.023997314117886193,0.004118800568891547
3607,0.01221573566387175,31.1148797932221,1.3792046459871865,0.021703601088496085,0.003652981379980627
3608,0.0041908061809250875,31.245549838951046,1.347927091725962,0.019678593147297304,0.0032474020248365334
3609,-0.001856576432211267,31.187593903967304,1.3196066755916904,0.01788580836334399,0.0028933581185042138
3610,0.0007983683303513427,31.21250303324699,1.2939538875991987,0.016294283729245268,0.0025835172007651072
3611,-0.009175621893405605,30.927418819691738,1.2707038584172592,0.014877674190035441,0.0023116886999485784
3612,-0.009583649986031116,30.63243702165134,1.2496158017684782,0.01361350544747418,0.0020726337474161753
3613,-0.0017356631036691413,30.579315544766942,1.2304718975813882,0.01248255419651376,0.00186190800798352
3614,-0.02162311072676335,29.925193185426163,1.2130758408604265,0.011468333655312545,0.0016757317551967716
3615,-0.011693084536004919,29.577313230355944,1.1972512177469299,0.010556665959285366,0.0015108823754788779
3616,0.015749908510280148,30.046841011646404,2.4498682789932587,0.14029791075286496,0.001364605314154784
3617,-0.01746410442795365,29.526655351929616,2.4956408040193083,0.14913068714061004,0.0012345401802503495
3618,0.05439979252395194,31.177392074096545,2.548969285148909,0.1601243794458068,0.0011186593158593573
3619,-0.03225982260301785,30.187664979092954,2.6693052636782495,0.18816921921842933,0.007575927681006143
3620,-0.03177153529476265,29.243632604612305,2.825288383159704,0.2330727418959186,0.021795849532635088
3621,-0.012599817267579558,28.87747975112585,2.950223716573431,0.27866276091812403,0.03839196222844237
3622,-0.031644956202476655,27.977960851104054,3.0255456700391252,0.3117969115269547,0.05242087287132972
3623,0.03444389866969449,28.958419375382686,3.057648256378458,0.3275286967376003,0.06159115983685847
3624,0.0058566687481227024,29.128516861245227,3.0564377072731306,0.3269160483294772,0.06572836917704152
3625,-0.022155863979915796,28.49024623178818,3.0297319357940853,0.31378935533479435,0.06573956065944454
3626,-0.0021221387387880446,28.429850083750825,2.9830905943512227,0.2925172955430625,0.0628498040505338
3627,-0.05097707362958897,27.016899533368772,2.920583043493561,0.26689172778648634,0.058195640692157456
3628,-0.028569082495492396,26.255972746424554,2.8454384376999045,0.2397583417756594,0.052668874724138885
3629,-0.0032127719702258343,26.17175365394544,2.7604489031710244,0.21303465113394016,0.046896608178098514
3630,-0.041977342225429266,25.09587229353113,2.6681757999786995,0.18788243222551665,0.04128022758724069
3631,0.018671405485797567,25.56884933344633,2.571023771671988,0.1649107669387384,0.036050725538133536
3632,0.00129244529471521,25.60191703695446,2.471235831998275,0.14435540773316452,0.031320648053057405
3633,0.003138906779424815,25.68240532443784,2.370850435621855,0.12621773337414072,0.027125693382465215
3634,0.06642954687936783,27.44641852036192,2.2716503729697646,0.11036398710208864,0.023455130697001517
3635,0.0011486231984910997,27.477962225837786,2.175122805173128,0.09659193576184283,0.020272665650207466
3636,0.01625529286946293,27.928274613516603,2.0824401298441373,0.0846732464543197,0.01753000912377443
3637,0.0014312313351446913,27.96827505339332,1.9944635692849502,0.07437887096349476,0.015175246484364732
3638,-0.0033106976456733594,27.875833658210542,1.911766117945739,0.06549310346277923,0.013157684891644192
3639,-0.006199803057558952,27.703543613504362,1.8346688656145917,0.057820408090942965,0.011430414427672909
3640,-0.006826218178346369,27.51507716885484,1.7632842395372825,0.05118783439291673,0.009951445297406547
3641,0.012789253297821535,27.86923433583773,1.6975606124327585,0.04544488442558752,0.008683998640253628
3642,-0.02923091047368959,27.066382453076965,1.63732425116931,0.04046202180841326,0.007596324600950267
3643,-0.04233488376644499,25.94444637479244,1.5823161745654106,0.0361285562925543,0.006661281470520314
3644,0.016596778653130053,26.37863369752436,1.5322228298415017,0.03235033755948791,0.0058558169557558215
3645,0.0034318077460738306,26.469315609423195,1.4867004660767122,0.02904750067634999,0.005160432855172847
3646,-0.015149292123407975,26.071346302759512,1.4453936877202551,0.026152387096553244,0.0045586769338426605
3647,-0.0009712908303633808,26.046035737110426,1.4079489818694826,0.02360769400463289,0.004036682967431845
3648,0.02461879840792161,26.695216072261804,1.374024116218637,0.021364863927084983,0.003582766518917332
3649,0.0012981010682335703,26.72989166210282,3.1444685089994864,0.37598882067303097,0.0031870765125937423
3650,-0.06778138739721898,24.978141182532788,3.1889418609246443,0.4048307554289771,0.002841298789199953
3651,0.04539621387047352,26.138185826049607,3.2413228010959108,0.4431376356769731,0.0025384060981422985
3652,-0.02073114738802543,25.60188946997242,3.3687037339282737,0.5628190426345278,0.034121576909102384
3653,-0.026990383339483587,24.920126567106124,3.618673886746736,1.0300922736731772,0.09271226084920628
3654,-0.04619933616280496,23.795022893354666,3.669744042129144,1.2125795062142943,0.15171383122731755
3655,-0.007270125257128584,23.622657414926262,3.698786785982997,1.3439583625790004,0.19436572061305618
3656,-0.009388206987246133,23.401920799323793,3.730021618141743,1.516800122671515,0.26006119281306467
3657,0.03420376270126745,24.216200882672286,3.7516603481844246,1.6620344323192615,0.32523294556051036
3658,0.03497861566314681,25.078238619109886,3.7602226154076854,1.7267407975740463,0.36891561273221435
3659,-0.03188622654311698,24.29120270645286,3.756957827198451,1.701530517575804,0.38471857048134694
3660,0.02386424723638046,24.877866273793355,3.7668891626080407,1.7804121808946887,0.3761771725452723
3661,0.07456554419195058,26.803810163345094,3.750392560121119,1.6528308780313503,0.35065439479339433
3662,-0.0734081823642961,24.90667563478366,3.7289138037443688,1.509988616962461,0.31556352333445875
3663,-0.007662658228663917,24.716553641979687,3.714374284178813,1.4254883929348927,0.3013630800331313
3664,-0.015048902251792584,24.347381427663677,3.702898783134173,1.364635331174771,0.2971673668663125
3665,-0.013654315775671192,24.017193965283834,3.688594779674334,1.295062480100341,0.29118864355537794
3666,0.021756906296832034,24.545459679432685,3.667868699016269,1.2048858498646668,0.27827624661162814
3667,0.02609629674763138,25.19443639357762,3.6389810322304723,1.096471903623848,0.2583309973673638
3668,0.048179926895475435,26.438019824487633,3.6010532627865186,0.9779701223855328,0.23355273833830006
3669,0.014403585199071834,26.82157776913254,3.5535515614374997,0.8579551435971744,0.20658180238876842
3670,0.007523820517882647,27.024139570042305,3.4961276032079427,0.7430832545401572,0.17961981711255046
3671,0.016892471172813724,27.48452161625793,3.4286243985416283,0.6375730060076519,0.15417365391193116
3672,0.02367571899295454,28.143001662574818,3.351140160039323,0.5435241978102255,0.13110261402188741
3673,-0.03786535348090258,27.09728020491836,3.2640970389622583,0.4614936667266941,0.11077233495637903
3674,-0.06368043448755951,25.425508123315907,3.1682860622208517,0.39105141150044326,0.09321781228256691
3675,0.012573175463478593,25.747205639915084,3.0648723073816124,0.3312177027289026,0.07827730209033171
3676,-0.0002033051348560445,25.74197163286858,2.9553543207703603,0.2807680670558525,0.06568880695574764
3677,-0.029431686267881653,24.995382579263065,2.8414814829655914,0.23842711047201565,0.055153404422679526
3678,0.03717935462679715,25.94218648962683,2.725141552583244,0.20298036492744298,0.04637336746188247
3679,0.041891763664046885,27.052034885153994,2.608236034406025,0.1733306876198289,0.03907281940374511
3680,-0.059203866744979135,25.49693789808905,2.492562000246406,0.1485197401641441,0.0330071185562053
3681,-0.02095221353707389,24.96827824545362,2.3797156720422183,0.12772903325380136,0.027965443230085173
3682,-0.03620300814914388,24.080518216788594,2.271026952683855,0.110270106985489,0.02376958675134161
3683,0.0003382012145229851,24.08866365461669,2.167527269388752,0.09556982075793069,0.020270877540405106
3684,-0.02261420857455436,23.550030921578948,3.049970555794604,0.3236695296600832,0.017346378414139822
3685,-0.034512748977019315,22.751120217235975,3.068315673786094,0.3329962116339009,0.014895018149511755
3686,0.0016764942725611687,22.789294330374418,3.099654444886386,0.3498080986174412,0.012833993121471422
3687,-0.04415641646253417,21.80489448625401,3.210730627277111,0.4201475510794894,0.03158869365173759
3688,0.017412082523605984,22.187887787655598,3.3322064609012165,0.5238609669798465,0.06661203909348312
3689,-0.06750786656008445,20.73947062810599,3.4133802886239173,0.6171068518042079,0.10260716208113455
3690,0.08061326384723053,22.480582623914056,3.453758888178677,0.67381203146642,0.12931339644491321
3691,-0.05608688035166999,21.254423996478394,3.463556096545785,0.6888575153942578,0.14355434332612202
3692,-0.03298210601003218,20.56484276224498,3.450651837349913,0.6691526441613536,0.1465560911169019
3693,0.033007500434568,21.254963747197923,3.419823508744043,0.6256260496281867,0.1412789164673571
3694,-0.0308967535428536,20.608295783215617,3.3738747922962657,0.5687060901929506,0.13082217254664183
3695,-0.0024634965986843347,20.5575897993022,3.3145716147023516,0.5065237297614785,0.11772855509713975
3696,0.021580431903391824,21.00605307713877,3.2432369284062648,0.4446378951239054,0.10381419853216596
3697,0.013953521054841779,21.301215972848812,3.161107229792071,0.3864213591785546,0.09024140154725029
3698,0.03168245639607409,21.98689546959485,3.0695321290992412,0.33362766095767304,0.07767071457180998
3699,0.07064738198824262,23.59639620981687,2.970062921829933,0.2869198949508002,0.06641432818466958
3700,-0.008927335267848167,23.386680762604236,2.8644579882748706,0.24628652692149589,0.056561357545771344
3701,0.014054232556246363,23.717683156751033,2.754627529302687,0.21133768056397975,0.048069454375972195
3702,0.0017556512319244918,23.75935971044499,2.6425403560007474,0.18150156764457576,0.040826938633243263
3703,-0.04658487727540877,22.67791783985669,2.5301158219210103,0.15614657039720686,0.03469238426101463
3704,-0.01825933757250512,22.267591625293687,2.4191217052797547,0.1346518935093815,0.029518299198195565
3705,0.04035360921952636,23.184546098851996,2.3110935063442604,0.11644459103591218,0.02516422127142212
3706,0.008385188609813252,23.379770242484515,2.2072834994525934,0.10101570709177517,0.02150311360516549
3707,-0.00015759998146080005,23.376085881462984,2.108640860727858,0.08792414177519714,0.01842372555215293
3708,0.013721920003192015,23.69906151706324,2.015818825230165,0.07679380578852635,0.015830665986956625
3709,-0.011850343605279206,23.419876978483504,1.9292018122983228,0.06730751102281135,0.013643287855869834
3710,-0.01462908877604751,23.079759389938605,1.848944669794274,0.0591996396749879,0.011794047444828369
3711,0.042637357245945286,24.08509956045051,3.153993022141018,0.38191050638711066,0.010226720099993562
3712,-0.04599776277470743,23.0023322051132,3.187889385322158,0.4041117082658887,0.008894677936552256
3713,-0.06339372019402101,21.589387852081,3.2318498665042483,0.4358229796200232,0.00775932860001427
3714,0.012657850250897449,21.8643999496081,3.3527615923512144,0.5452615831849489,0.0370444839584897
3715,0.0064033203597667655,22.00485391290747,3.4727504987842135,0.7034858714182629,0.0903261063896361
3716,0.054817247549103734,23.24477345147548,3.546673775908823,0.8426626259095306,0.14375474371828983
3717,-0.08479798974466128,21.35492344114813,3.5813872227850285,0.9249791322516405,0.18229684990979286
3718,0.04256502245496111,22.28351888312211,3.5889917820120747,0.9448686189365201,0.20192149229146597
3719,0.00013971418482762953,22.286632424295824,3.5771162081707053,0.9141221269167275,0.20501511250504417
3720,-0.010555556940471262,22.0526218355569,3.5498486338843964,0.8496637439603716,0.19627105840170903
3721,0.016651737042824136,22.42291071588713,3.509290790961626,0.7670400549071609,0.18037014543053
3722,0.015881065421188684,22.78185307747633,3.4565476395928108,0.6780394617530624,0.16103758172664448
3723,-0.09794702461390635,20.65623636128905,3.3923060303185353,0.5905043038947329,0.14086380332573184
3724,-0.04118023560140496,19.82288426319412,3.317182345125979,0.5090339262434926,0.12145793611567486
3725,-0.008495530849103365,19.655191665821558,3.3097125690501,0.5019023523009221,0.103696703985623
3726,-0.03202728969226002,19.035663015902447,3.240855015435441,0.4427721438588146,0.08796089833818005
3727,0.09927889335913988,21.022496242707213,3.1729823041685954,0.3941237863086027,0.07432223902521051
3728,-0.03035004406606169,20.39404751786313,3.1317262744098056,0.3682697422913724,0.0684658178140552
3729,0.03268906652743877,21.071725885788872,3.1094699353188098,0.355317021678656,0.06752118899339506
3730,-0.051327869541942336,20.017447473197528,3.0906746613855223,0.3448723860325468,0.06793740244897604
3731,-0.004581205482115813,19.92595317021579,3.0647445233919375,0.33115195393673313,0.0675377395117803
3732,-0.0839106597077386,18.32218098806969,3.0270251303314213,0.31249909841276996,0.06552413496655873
3733,-0.03834610695712112,17.63289681805803,2.9764242362568565,0.2896352629085141,0.06195211443230852
3734,-0.02439012560946443,17.208030582003126,2.9135681990654265,0.2641999521855855,0.05725137803835595
3735,-0.042172860776730096,16.49740850690892,2.8398730027464376,0.23788856829063698,0.05192656289971676
3736,0.03759000936985698,17.12934916517079,2.757137469917616,0.2120673961183555,0.04641289843518915
3737,0.060055427268586245,18.18957713275147,2.667355533143277,0.18767445946134775,0.04102890571745237
3738,-0.036766596198089106,17.53295317531617,2.572600533865808,0.1652586298905726,0.03597858698137863
3739,0.005247520460086408,17.625199526458722,2.4749268982669053,0.14506782297099036,0.03137328659280203
3740,-0.027455116148756842,17.1478800398692,2.3762779239887104,0.127141024716148,0.027257475889203863
3741,0.010447036484199469,17.32796360016915,2.2784050813192485,0.11138552984626164,0.023631529744874098
3742,0.009060831596678498,17.485682814842185,2.1828073741915466,0.0976347271108911,0.02046932777632448
3743,-0.0041446312968434805,17.41336108358486,2.0906962444847337,0.08568800862624287,0.017730745393860936
3744,-0.025987848694008053,16.966654897526883,2.002986588637925,0.07533649370590595,0.01536994083782925
3745,-0.010148587352571342,16.795338100337524,1.9203102002810253,0.06637842338833792,0.01334050593908905
3746,-0.005029509902863811,16.711077852535606,1.8430454659714026,0.0586274851419904,0.011598426322622825
3747,0.011279194175986407,16.90063234590039,1.7713565132488915,0.05191654819407879,0.010103590048883108
3748,0.022629470703860777,17.28744488510377,1.7052357574293753,0.046098575902465744,0.008820380871870124
3749,0.009225293293050631,17.447664534782767,1.644545262679427,0.0410459126511994,0.007717725348747533
3750,0.03333389959927544,18.039065319641413,1.589053965210676,0.036648723574321904,0.006768837544966574
3751,-0.016974915644179207,17.735438022180315,1.53846924492186,0.03281307234193585,0.005950816042459015
3752,-0.029669541208874144,17.216965171680076,1.4924624167056448,0.02945892536087079,0.005244187394416609
3753,0.020508919816567543,17.57371227436481,1.4506884245882214,0.026518242940670594,0.004632450374934688
3754,-0.010505801743044937,17.390052771716334,1.4128004178405589,0.02393323773823488,0.004101650045896847
3755,-0.0017186621286041529,17.3601908152605,1.3784600520359,0.02165483224830203,0.00363999507590751
3756,0.019703364537342755,17.705637033956208,1.3473443708867001,0.019641319084611433,0.003237522527074253
3757,0.0012057492992718878,17.726998469082783,1.3191500517404908,0.017857212706796192,0.0028858091623691936
3758,0.009332189469734836,17.893204504397023,1.2935956850445196,0.0162722740698122,0.0025777256768434453
3759,-0.002728138488755169,17.84445589122061,1.270422635357168,0.01486068716315097,0.002307229116056812
3760,-0.01795371583635422,17.526940420999022,1.2493949153379416,0.013600366519095328,0.002069188475434814
3761,-0.011820375544292659,17.320985036101348,1.2302984026590074,0.012472376241547197,0.0018592386769709843
3762,0.024955549458706545,17.758678459477398,1.2129396456170314,0.011460443184276206,0.0016736585533335929
3763,-0.002569659096503046,17.713103291233253,1.1971444360029802,0.010550549154333254,0.001509268992144938
3764,0.009585157233128496,17.88370247521613,1.1827562756327308,0.009730589195319432,0.0013633479252471421
3765,0.021760479636419108,18.27712543055869,1.169634823425993,0.008990084998395473,0.0012335593473911193
3766,0.002032106808093439,18.314304264465218,1.1576543805960462,0.008319944248851062,0.0011178939968384944
3767,0.021563377638229984,18.713511179778706,1.146702450167045,0.007712258234808027,0.0010146197207134952
3768,-0.02020895484021354,18.339126381716973,1.1366783917971317,0.007160131335172463,0.0009222398815584886
3769,-0.010463931519194837,18.148227537206004,1.1274921822348152,0.006657537089002824,0.0008394584429722545
3770,0.043364042787763554,18.952520723230567,1.1190632844757942,0.00619919645410172,0.0007651506074724901
3771,-0.0021150078363158624,18.91247835327278,1.1113196238953098,0.005780474614783516,0.0006983380751728775
3772,-0.0028717701361694417,18.85824397434463,1.1041966666091514,0.0053972933213911715,0.0006381681535534416
3773,0.008047139369139217,19.010611129501022,1.0976365935439698,0.005046056258502285,0.0005838960819958203
3774,-0.03951066122128654,18.274134460158763,1.0915875627912541,0.004723585363248148,0.0005348700446243501
3775,-0.015125215324240552,17.99981404894743,1.0860030525002804,0.004427066365361487,0.0004905184354162521
3776,0.003649833458146121,18.065630408816666,1.0808412766329363,0.0041540021095371115,0.00045033901395102215
3777,-0.006111775233348385,17.955554059908003,1.0760646662150746,0.0039021724592970914,0.0004138896514188727
3778,-0.0067740569442105185,17.834333156439634,1.0716394091750507,0.003669599778772594,0.00038078041696482047
3779,0.007550618357634334,17.969503065776436,1.067535042391492,0.0034545191520328517,0.0003506667960542132
3780,0.014771338526252948,18.236906771938386,1.063724090132583,0.0032553526348683883,0.0003232438669025919
3781,0.00015627697837204034,18.239757003330535,1.0601817436276584,0.003070686946235971,0.00029824128942338275
3782,0.0003753585562016098,18.24660473728214,1.0568855770493084,0.0028992540999617233,0.0002754189846779671
3783,0.009757116685422031,18.425510371053218,1.053815295689098,0.0027399145551034883,0.00025456340233568427
3784,-0.006206798874933318,18.31150111628005,1.0509525125762345,0.002591642528317459,0.0002354842898780332
3785,0.002464155377087473,18.356679140193233,1.0482805502137331,0.0024535131658885725,0.00021801189079330235
3786,-0.001889476500012858,18.322027373498244,1.0457842644907083,0.002324691318598737,0.00020199451028058836
3787,-0.006130075307054026,18.210055514522693,1.043449888173874,0.00220442170082331,0.00018729639640480911
3788,-0.012427601982880392,17.985148613867853,1.0412648916885203,0.0020920202473990583,0.0001737958925357893
3789,0.005224272468345034,18.07935379311061,1.0392178591719774,0.0019868665089122187,0.0001613838235264552
3790,-0.012035495257741361,17.863064004481657,1.0372983780239515,0.0018883969489513304,0.0001499620836526445
3791,-0.006969638018503392,17.738997765076775,1.0354969403911558,0.0017960990262482386,0.0001394423990270004
3792,0.015106929303890888,18.009013972893605,1.0338048552113173,0.0017095059610647558,0.00012974524115778223
3793,0.01772821898202348,18.331128538636825,1.0322141696067018,0.0016281920991464837,0.00012079887167068575
3794,-0.019104817418840618,17.98423984833277,1.0307175985623185,0.001551768798453404,0.0001125385010476128
3795,0.019651642724396557,18.34115520476869,1.0293084619512864,0.001479880774016894,0.00010490554664338816
3796,0.007615201270408736,18.481359959343486,1.027980628081562,0.0014122028449380806,0.00009784697728828468
3797,0.042158047065973286,19.277154718400176,2.928168325423502,0.2698420429941146,0.00009131473352795405
3798,-0.0261296045306559,18.779974142486125,2.9814221026667553,0.2917924256732376,0.00008526521404052065
3799,-0.07523879549159061,17.41883864729319,3.041802858368706,0.31963195823553836,0.00007965882004287664
3800,0.028976637430586337,17.930961992479837,3.17710668998925,0.3968509641840706,0.01931016838713949
3801,0.08341463456526371,19.490819764681437,3.325078617550127,0.5167443226743851,0.05860217173739344
3802,-0.01211706929212873,19.2560732431487,3.422023549505285,0.6285784344930069,0.10039249971781909
3803,-0.001582288994943443,19.225628662784324,3.470833425208267,0.7003938484344163,0.13225492363847965
3804,0.02936035302928711,19.79846814238278,3.4857043233897524,0.7249830505400628,0.15010437548151415
3805,-0.011634929832922395,19.56944924768049,3.476492756349065,0.7095869597939162,0.15511679748359403
3806,-0.06578409347906564,18.32352117860058,3.448815417416513,0.6664234164366153,0.15057718140003495
3807,-0.010334091301701388,18.135139292072612,3.4057996244890556,0.6073202888218499,0.13998986505734354
3808,0.10536900611033058,20.15032585362788,3.349298654369515,0.5415615020958365,0.12625013363819212
3809,-0.007099397840587632,20.0077772770247,3.2806076171606184,0.47552789094581116,0.11143510248892219
3810,0.06441333727192741,21.338957635079062,3.200878164141896,0.4131181376952192,0.09688033061435204
3811,0.0859275845563241,23.253647086000896,3.111352152730989,0.35638731797183565,0.08335068509369943
3812,0.008247477964000197,23.44622407355228,3.0134745099326503,0.30614634850365463,0.07121413689946096
3813,-0.020304443261514492,22.974962093722596,2.9089172334017124,0.2624343393333789,0.060584055853382675
3814,-0.020652857654897265,22.505329789520996,2.799537170761678,0.22485542162560673,0.05142333622471478
3815,-0.013742345397614219,22.198169161962223,2.687289466437574,0.1928021551550993,0.04361502979088763
3816,0.028609593776644623,22.84242172303265,2.5741195209633245,0.16559447416239245,0.03700735849519112
3817,-0.004994298393793303,22.728624258695213,2.4618551779293814,0.1425602281027214,0.031440660322493694
3818,0.03580637618300557,23.55719954396807,2.35211650088897,0.12307755690420935,0.026762321000064367
3819,0.02989814704688263,24.272150761191867,2.2462537894925907,0.1065935694137877,0.02283410487700242
3820,-0.026317167231727015,23.641708622380705,2.1453172435516747,0.09262909569598829,0.019534911277716442
3821,0.026384578513569457,24.273787033138735,2.0500556653184336,0.08077581856893717,0.01676093686618788
3822,0.006936510301360308,24.44274772828441,2.7503822668261724,0.2101101265241111,0.014424488409864244
3823,0.004654336049301201,24.55677765111946,2.7573513559040865,0.21212971553789156,0.012452196372877578
3824,0.06358598291264847,26.168957353310425,2.777862786608753,0.2182074279951903,0.01078306066855843
3825,-0.029549812259226454,25.406983119254175,2.8739293459279884,0.24961968493961192,0.01886383215850361
3826,0.02248060981270522,25.984616036691705,2.996435622409264,0.29840172693287303,0.03518811777253428
3827,0.03662358382292038,26.953906914058745,3.090798244653719,0.344939651572287,0.05305803068368538
3828,0.03811849849277664,28.001182861110472,3.144034608823212,0.3757221899840324,0.0672843291957046
3829,0.03230320189887938,28.920478888246045,3.1614651827448084,0.3866503462229538,0.07578263528182595
3830,0.06853134722686192,30.97192978419649,3.1507117123699735,0.3798554172408799,0.07869747185293618
3831,0.014417042198731687,31.421687702115953,3.117757669847851,0.3600639411876716,0.07722014221893832
3832,0.018637183541074267,32.01279059998882,3.066896787905061,0.33226176286510783,0.07278148955301392
3833,0.06729398771318582,34.24119724402554,3.0013415830256998,0.30060452337986976,0.06664709233205122
3834,-0.037216415594155706,32.99028424526347,2.923734759751544,0.2681125462122306,0.059778153887722445
3835,0.026776595393204306,33.88558479618058,2.8364665153091897,0.23675294344415032,0.0528303682681489
3836,-0.015917002580508526,33.350497644349076,2.7418317007086026,0.2076628025467187,0.04620844861160485
3837,-0.002494125196940311,33.267420972719776,2.642074419115981,0.18138782149390467,0.04013265999474022
3838,-0.05749261474727511,31.408732337614637,2.5393620775266283,0.15808456570673746,0.03469816618791745
3839,0.044226367065057046,32.829001645923526,2.4357239586057466,0.13767301172682472,0.029921156840979617
3840,-0.06144964949918967,30.872402805238416,2.3329820709631326,0.11994310748654695,0.025771819868778585
3841,0.00509255197228287,31.030023125224293,2.2326937747481885,0.10462480331380176,0.022196490188233376
3842,-0.005947032747558835,30.846034197893182,2.7159388123474923,0.20045058937002858,0.019131731762042994
3843,0.01689556387766139,31.37162289493525,2.703793348487505,0.19716686531033606,0.01651278339434184
3844,0.08464004649361441,34.14252932046658,2.7054048712263112,0.19759902149969044,0.014278256112670615
3845,-0.02810493509904111,33.19631468304817,2.77627158544202,0.2177286517552536,0.0195481146801388
3846,0.034048301859651374,34.346055109452486,2.8770118209009294,0.2507165955754026,0.0308532068688104
3847,0.01962506795083171,35.02675633153508,3.304928124475473,0.49741506000428115,0.04344500952660009
3848,0.04248749649327037,36.547022990207324,3.345106021896996,0.5371341240661441,0.05360428881927429
3849,-0.054813393718667926,34.59767000234675,3.374569966245939,0.5695049417421396,0.059746922251075606
3850,0.025156529884572294,35.47906728800355,3.4385303619156886,0.6514680927990398,0.08660237472902216
3851,-0.04677187996696394,33.85785375156811,3.498588854606627,0.7474670869092085,0.12332292644242503
3852,-0.012459628085828699,33.43861469104917,3.534852666997351,0.817435408250394,0.15529841270231154
3853,-0.03802156821552168,32.19109277663321,3.5472037753109538,0.8438245406286988,0.1749623007819977
3854,0.056717115397801984,34.06964826874767,3.5398732316775057,0.8279913514716521,0.18133401252006984
3855,-0.010984315109317721,33.69746435136591,3.5163199229068276,0.7803670366255658,0.17691282466295685
3856,-0.03649890257580671,32.489718653135995,3.4787120440898627,0.7132464934171119,0.165222213757486
3857,0.030887366790053307,33.50889938860247,3.4283453660420418,0.637188580777069,0.1495010286424113
3858,-0.003786581331328339,33.38225514143609,3.3660819650917886,0.5598709536875034,0.1322194937459319
3859,-0.027794581020274118,32.4671852482305,3.2926723915778284,0.48619742060374294,0.11503708168890832
3860,0.04805228538470954,34.065399099361656,3.208970242079567,0.4188787248447154,0.09894272361563869
3861,0.03969170709166205,35.44470537388882,3.2857025283217,0.4799896301504307,0.08443784434348714
3862,-0.068847019373225,33.08655040703704,3.23398888984425,0.43745884235086774,0.07170082911527188
3863,-0.039326680695888384,31.810619704189346,3.1896863999036684,0.40534054956809706,0.0607136273915599
3864,0.02421092253428414,32.59018304821288,3.193431146893711,0.4079188909501561,0.06243720883921871
3865,-0.021236639050127536,31.90537434873064,3.221804957987339,0.42826120150567415,0.07201403396064966
3866,-0.06626587516703117,29.859665665551027,3.245593832719355,0.4464956538227723,0.08253451806128428
3867,-0.046643720503841204,28.498882466711294,3.2520212819008574,0.45162139524984957,0.08970863481911767
3868,-0.04304126237109614,27.298277704140315,3.2388807075950035,0.4412345206466688,0.09214075697196228
3869,0.04559325369767641,28.57170424833917,3.2075577485498377,0.41786472348805703,0.09023087031501142
3870,0.05293303793646225,30.12483468239725,3.1601343481374427,0.3857999806302853,0.08512452725577645
3871,-0.05743600450459863,28.443336055062538,3.098628040483642,0.34923896039705166,0.07806545687090512
3872,-0.07435070855741036,26.405258898428613,3.0249365465331453,0.31150842634909276,0.07009663929836372
3873,0.02620196099538862,27.106272319467525,3.4469582670891956,0.663681813181677,0.06197466056629307
3874,-0.019875614147449965,26.572837245292295,3.4473030004417273,0.6641893304281545,0.05418837092575633
3875,0.012215595555030198,26.899430985144715,3.457851571891962,0.6800309964383503,0.04701561058799294
3876,-0.0017828515460130284,26.851516018353998,3.532091099397387,0.8117256680102719,0.08501484012497619
3877,-0.05829250959255683,25.331021028887566,3.6074257606561946,0.9962800023561983,0.15016902515527675
3878,-0.06641736014518099,23.70325575018428,3.6533000478427238,1.147952299098856,0.211899971361221
3879,-0.01041256967368499,23.45772447236496,3.6727542125009895,1.22511319378362,0.25321434018896793
3880,-0.03590113637664373,22.63050344244526,3.672862459903352,1.2255682086105257,0.2707372823664293
3881,-0.03114705966255895,21.936494083229075,3.6582072694408145,1.16658739278563,0.268418509112799
3882,-0.07495618484004618,20.352331219712855,3.631178647920304,1.0701028965990087,0.25250546886276615
3883,0.0011622799352922083,20.37600007818107,3.5928747952888793,0.9553110807013323,0.22887300807264996
3884,0.010626904314849616,20.59368850975209,3.543730246489707,0.8362586694339113,0.20202806164594822
3885,-0.014925230437028666,20.288605344867943,3.483912498246823,0.7219451613753984,0.17500007571947723
3886,0.00004701047597818989,20.289559144281238,3.4135828066272866,0.6173717706192663,0.1495933471970902
3887,-0.06679172038588775,18.978650803414112,3.333074319533581,0.524737850378305,0.126724670101528
3888,-0.06845180839164217,17.722994080826354,3.2430084865314894,0.44445844767547604,0.10672660556053559
3889,-0.005887909135401479,17.61894930574266,3.144354742248824,0.37591888510280436,0.08957956517164546
3890,0.08318653115197654,19.147296277529676,3.0384341198571176,0.3179866551973881,0.07507318284403772
3891,0.004146160856480341,19.226848852786446,2.9268704112905866,0.2693342581683794,0.06291064385814889
3892,0.012938210870747653,19.477226101749395,2.8114988892245605,0.22862816948180784,0.052771683182898654
3893,0.04076699049547089,20.28766125560962,2.694248831981114,0.19462921498492686,0.0443477039536351
3894,-0.017617715085393552,19.933369092883343,2.577019346084449,0.16623760924771216,0.03735913859013641
3895,-0.000718738685602927,19.919047356791307,2.461566993484322,0.14250542473681255,0.03156210534987431
3896,0.010739919225306234,20.134129230024552,2.3494189855603076,0.12263127108774927,0.026749009206024865
3897,-0.05860899867730302,18.988002799164725,2.2418189436949527,0.10594633634928902,0.02274601187542753
3898,0.017666565887046886,19.3264362780987,2.139705521147926,0.09189718623348278,0.019409129061267516
3899,0.0006623582899635004,19.339241543751726,2.0437191078071337,0.08002831638128341,0.016619957636990892
3900,-0.0398287956333505,18.584120446679904,1.954229076159694,0.06996597700942166,0.014281565080259412
3901,0.025602949495951266,19.066072109175458,1.8713734272748286,0.06140391920593574,0.012314791609478785
3902,-0.01971869696704457,18.69379646866505,1.7951036292190603,0.05409122440553388,0.010655053949657494
3903,-0.013660320371253996,18.440169476908608,1.72522915949069,0.047822124315277034,0.009249652438893094
3904,0.010947100603821891,18.64314483613615,1.6614581502520207,0.04242760186160266,0.008055540355337584
3905,-0.014051763405049907,18.38300774854598,1.6034321999916568,0.03776852463695514,0.007037497020621302
3906,0.005638668793797661,18.486956230788916,1.5507546824799885,0.033730064432928454,0.006166642844567506
3907,-0.028278637267010423,17.97149295099629,1.503012730716223,0.030217178331500144,0.005419238124492774
3908,-0.013399547572415594,17.732289265863376,1.4597935609288837,0.027150956346899353,0.004775714132277479
3909,0.015005914668151665,18.0003849653118,1.4206960211544857,0.024465671239501652,0.004219892628343503
3910,0.014824316058438538,18.269216056559532,1.3853382904905223,0.0221063946296984,0.0037383573072020918
3911,-0.015929777769810596,17.980497223536528,1.3533625922654144,0.020027068568180546,0.003319947288014946
3912,-0.02851585521586728,17.475009429200096,1.3244376701755018,0.01818894293130426,0.0029553484373984608
3913,-0.007385754944582866,17.34641874608317,1.298259645569559,0.01655930658253996,0.0026367630490973567
3914,-0.010068625588737957,17.172640472702522,1.2745517468875334,0.015110454577920974,0.002357642288657511
3915,0.016030236609171154,17.450140213571494,1.2530632891716778,0.013818845270849067,0.002112468955492719
3916,0.006239689277017787,17.559364073444137,1.2335681865679835,0.012664410456490905,0.0018965806392056278
3917,0.016032632498597165,17.843155789771778,1.215863204097249,0.011629989109097766,0.00170602536259799
3918,0.0014736271672740884,17.869469332307236,1.1997660950393714,0.01070086116835551,0.001537443407401898
3919,0.005303675667150637,17.964494971828213,1.1851137245764385,0.00986436252465923,0.0013879702920217595
3920,0.010151019602533373,18.14778161170656,1.1717602462602015,0.00910956608433294,0.0012551568806658956
3921,-0.010545070510385154,17.957417440820805,1.1595753729728604,0.008427016762976528,0.0011369034045627597
3922,-0.028890647915975006,17.446038617688917,1.148442766235139,0.007808510617152476,0.0010314048120784718
3923,-0.005578633809189329,17.34898452314925,1.1382585552519309,0.007246910207716322,0.0009371053701362695
3924,-0.015298934224550793,17.08558356459497,1.1289299885950206,0.0067359897921086065,0.0008526608418107819
3925,-0.007365455198439779,16.96020277443151,1.1203742158334462,0.006270305146695616,0.0007769068859674139
3926,-0.012239666209882516,16.753880785500524,1.1125171929187874,0.005845083785928642,0.0007088325813783297
3927,-0.00030741583707895087,16.748731168791952,1.1052927031030433,0.0054561321216784545,0.0006475581832791477
3928,0.019358749548366142,17.076124398047003,1.098641484158376,0.005099756732223186,0.0005923163853849238
3929,0.007157769159392061,17.198789836354756,1.0925104523506446,0.004772697416510273,0.0005424364932674314
3930,-0.01671510657323479,16.9136995264638,1.086852013754464,0.0044720701195684245,0.0004973310222561145
3931,-0.005876160275170296,16.81460335483676,1.0816234539173297,0.004195318148384214,0.000456484319831135
3932,-0.018673259354218406,16.50353329033131,1.0767863974656666,0.003940170369303254,0.0004194428829158109
3933,0.024616952197147948,16.914841790592714,1.0723063299148683,0.0037046053000875778,0.00038580709778558323
3934,-0.002414729025662258,16.874046305999787,1.0681521746435882,0.00348682019173198,0.0003552241770624302
3935,0.007866500174551498,17.007309464327204,1.0642959186837664,0.003285204344656174,0.00032738210650317404
3936,-0.016315851812585276,16.732072194444843,1.0607122816396466,0.0030983160270635687,0.00030200444564915964
3937,-0.014692983278050891,16.488025415567456,1.057378422668233,0.002924862464999379,0.00027884585218792434
3938,-0.00640993934593743,16.38267617455153,1.0542736810234936,0.002763682457898077,0.00025768822113038126
3939,0.009839965316319359,16.544676873386564,1.0513793461847476,0.0026137312433663173,0.00023833734746980754
3940,-0.0022811461158014,16.506979061455397,1.048678454056431,0.002474067293176007,0.00022062003553829343
3941,0.0036034864693565596,16.566569038509435,1.0461556061439674,0.0023438407710289614,0.0002043815903586851
3942,-0.007753443774806726,16.438617749482095,1.0437968089819343,0.002222283423294629,0.00018948363634778916
3943,-0.002932054471391893,16.390489418729615,1.0415893314197904,0.0021086997079964058,0.00017580221711865253
3944,-0.00753932293289378,16.267380886601185,1.0395215776610074,0.002002458995957613,0.0001632261371481073
3945,0.024909195837166685,16.677677123094007,1.0375829742073743,0.0019029887021385114,0.0001516555119586063
3946,0.01726022200619052,16.96803615496547,1.0357638690852085,0.0018097682255582323,0.0001410004984053324
3947,-0.0038254178863908485,16.903250321409928,1.034055441927694,0.0017223235934235362,0.00013118018082014616
3948,0.020776123651149652,17.258107857871867,1.0324496236607152,0.0016402227196937005,0.00012212159227414647
3949,0.01284834608381296,17.48127660498099,1.0309390246912913,0.0015630712007223577,0.00011375885318829264
3950,-0.01923788367273043,17.148188071271445,1.0295168706305955,0.00149050858118465,0.00010603241203565844
3951,0.02458785352291402,17.575051530602632,1.028176944699921,0.0014222050325137473,0.00009888837501303113
3952,0.00029690335019334264,17.58027039699301,1.0269135360698303,0.0013578583937777352,0.00009227791337470944
3953,0.012828564383892913,17.80725284423067,1.025721393471971,0.0012971915315288715,0.00008615673866813835
3954,0.010743405217419394,17.99959473074189,1.0245956835011953,0.001239949980821629,0.0000804846374315929
3955,0.008853134508949735,18.15965503627455,1.023531953094122,0.0011858998344657606,0.00007522505804364342
3956,0.02648196715481776,18.64698264162256,1.0225260957303348,0.001134825851774854,0.00007034474338197982
3957,-0.006484587015762959,18.52645586562916,1.021574320955088,0.0010865297616897182,0.00006581340377994583
3958,0.007364156148532854,18.663391167131845,1.0206731268686413,0.0010408287382837594,0.0000616034254834791
3959,0.011098431360678592,18.871679230355323,1.0198192752679605,0.00099755402936558,0.00005768961042642373
3960,0.005619013479499387,18.978017929835765,1.019009769162231,0.000956549721242561,0.00005404894367299685
3961,0.0017651656485265863,19.011546858513388,1.0182418324150475,0.0009176716247492802,0.00005066038533488478
3962,0.008856177532140406,19.180664254144553,1.017512891293796,0.0008807862694196106,0.00004750468416744581
3963,-0.001486716104271848,19.152169238954876,1.0168205577311276,0.0008457699942281062,0.000044564210393636814
3964,0.012869794881374295,19.4002466572249,1.0161626141249085,0.0008125081246762543,0.00004182280560305359
3965,0.005223952093651444,19.501857791137343,1.0155369995220203,0.0007808942271791541,0.000039265647833247426
3966,-0.0066436546353287225,19.372723619622544,1.0149417970481436,0.0007508294327411099,0.00003687913016667411
3967,-0.019537188648450124,18.997908403648932,1.0143752224604912,0.0007222218228141459,0.00003465075137386977
3968,-0.006951710535080599,18.86629843088979,1.0138356137135816,0.0006949858710283883,0.00003256901730567829
3969,-0.007198591489140644,18.73097530788107,1.013321421439779,0.0006690419351821034,0.00003062335188795579
3970,0.0023790006367503673,18.775589357450013,1.0128312002566366,0.000644315794494391,0.000028804016704042698
3971,-0.015495208603824664,18.486900109955787,1.0123636008222368,0.0006207382276658286,0.00002710203826590769
3972,0.006121323774737466,18.600411476588953,1.0119173625678644,0.0005982446277710245,0.00002550914217636332
3973,-0.0074060784387646374,18.46316422947256,1.0114913070445775,0.0005767746504300751,0.00002401769347396932
3974,0.001995075389252886,18.5000364031874,1.0110843318266876,0.0005562718920802753,0.000022620642530759396
3975,0.016864051591701647,18.814667492376547,1.0106954049209,0.0005366835955010993,0.000021311475942117314
3976,-0.009749749815432182,18.63212053110402,1.0103235596349813,0.0005179603800397009,0.0000200841719091712
3977,-0.010485602834440881,18.43777222550202,1.0099678898643987,0.000500055994245491,0.000018933159667993064
3978,-0.031525295534172215,17.865582618493942,1.0096275457594512,0.00048292708885470714,0.000017853282567570714
3979,-0.011762657631165716,17.656666997029394,1.0093017297390727,0.0004665330082727398,0.000016839764440731208
3980,0.011059529549481294,17.853025240898987,1.0089896928207487,0.00045083559888631615,0.00001588817894960706
3981,0.000004180511318927879,17.853099875829088,2.5444572550142572,0.15916302633517493,0.000014994421620431452
3982,0.0017185929040928346,17.883808466816724,2.5984693481686953,0.17107753006472542,0.000014154684311932578
3983,0.0019578301257875707,17.918856223378565,2.6590374144847466,0.1855798326223184,0.000013365431887813839
3984,0.02704051725205057,18.410001853821512,2.786170638035501,0.2207275619628331,0.007963926586412415
3985,0.0680107830773931,19.705639799653884,2.950287039869156,0.27868861973839826,0.026310087922891363
3986,0.02204573916953796,20.144889193639663,3.0765930011309934,0.3373257410341943,0.047629534086286715
3987,0.059512701057433504,21.380158504400804,3.1498284620028154,0.3793049459878414,0.06537830901764408
3988,-0.061376998060283156,20.1073681231702,3.179679011074096,0.3985657517909087,0.07669762327212258
3989,-0.011028348115803794,19.886835359039182,3.177180980785868,0.39690033833903304,0.0815147381517344
3990,-0.00446328067967067,19.798272618206997,3.150182997897049,0.37952576717862,0.08110928553151907
3991,0.01466975750712707,20.090849243751727,3.1038939394950207,0.3521727001225875,0.07711151162047711
3992,0.06183678206219943,21.372418422201726,3.0419429613648643,0.31970063561254936,0.07099247400965596
3993,0.05360254847306991,22.549294522644008,2.9671399165095345,0.28568340687468713,0.06388217344820786
3994,-0.01714631995229961,22.165952944439635,2.881925735946502,0.2524777373629523,0.05655902564877499
3995,-0.026297675568122087,21.59063778633858,2.788603180591863,0.22147200057852262,0.049509490523338265
3996,-0.024738235891628102,21.063075875742918,3.2125669341062233,0.42147714452304225,0.043004117973952975
3997,0.05296541821394475,22.20876358879081,3.2042581784803716,0.4155100534249096,0.03716625151704423
3998,-0.004940132756305948,22.099319904054934,3.208702660055291,0.41868635503241225,0.03202573107634707
3999,0.011923378185326204,22.364395611453453,3.285209203311702,0.4795548321059786,0.049155531662088844
4000,-0.029061715203579374,21.7238013846143,3.375698865994134,0.5708059948771,0.0812345409747858
4001,0.017732079184705502,22.112445098236925,3.4377465693920337,0.6503508302535638,0.11348056695319832
4002,0.004349886266195869,22.208841223575977,3.4673036964504336,0.6947590062132437,0.13658199351233655
4003,-0.01959379341208383,21.777921241632487,3.47070951880415,0.7001947720338647,0.14788356705718186
4004,-0.018517917819496115,21.37835051287015,3.4536896025263104,0.6737075517525215,0.14873832489256014
4005,0.027480369088283985,21.973982079961548,3.419951534982829,0.6257972430574028,0.1420226241256496
4006,0.05076550749683783,23.118302695020937,3.371770592001613,0.5662988460437619,0.13067795235525545
4007,-0.0064916466356139645,22.968712910448062,3.310650168164302,0.5027890183155288,0.11708774918116234
4008,-0.06813028801982245,21.45596496387067,3.23778606236922,0.4403854256440821,0.102936572248062
4009,-0.02361331822398494,20.955253431464904,3.154358980764786,0.3821406953590943,0.08928893264324925
4010,0.033653600309131226,21.67247399156913,3.0617000514549964,0.32959077552738103,0.07673761981287598
4011,0.05128971189748304,22.813048789774104,2.9613594342954386,0.2832586410147987,0.06555035751534201
4012,-0.014800587637037324,22.4778886635563,2.8550991851316545,0.24304714797652271,0.05578848769743353
4013,0.022521038440042263,22.989857453689957,2.7448301874273575,0.2085172265079124,0.0473932112998279
4014,-0.01667196525206999,22.609748733130218,2.6325147347015427,0.17907118739724515,0.040243747121172145
4015,0.020715692733388805,23.08301038767232,2.520057154044594,0.15406579634465117,0.0341941513077809
4016,0.021342093241094335,23.58094472822371,2.4092025591695307,0.1328769951786441,0.029095153950944492
4017,0.034949648322433975,24.41966151078439,2.3014583809282594,0.11493316086415753,0.024806069891548124
4018,0.0005197348964802272,24.432356559775997,2.1980462042215505,0.09972893370198685,0.02120045709376514
4019,0.029472472090745334,25.16315482384688,2.0998845697752393,0.08682771732808381,0.018168034828239504
4020,-0.011701734736813196,24.870418363533926,2.00759826791022,0.07585806504394389,0.015614501835377588
4021,-0.007543851463207839,24.68350552932901,1.9215468811847642,0.0665071686853875,0.013460282073663923
4022,0.019978735616997378,25.18160994048763,1.8418647378088735,0.058513343849968355,0.011638815245898333
4023,-0.02799920600155901,24.48632400555217,1.7685053636410981,0.05165856223354344,0.01009474455091441
4024,-0.006460530183628359,24.32863928214502,1.7012852112058887,0.0457615630236871,0.008782189091901963
4025,-0.020916372375119875,23.825057316893076,1.639923285075375,0.04067176806342582,0.007663189087777606
4026,-0.012628266705260256,23.526079895364163,1.584074892645587,0.036264052072697624,0.006706354731038872
4027,-0.0038917106225334515,23.434701125524157,1.533358961929114,0.0324343279198568,0.0058857182774788176
4028,-0.0017071257074133526,23.39472927298318,1.487379167564956,0.02909586444202713,0.005179773374317205
4029,0.01679601228777149,23.790985883281362,1.4457395571282528,0.026176239684496054,0.004570679168083221
4030,0.000991979115183315,23.814597753712157,1.4080555640348957,0.023614832847465572,0.004043605325647426
4031,-0.027074648110284448,23.178476141931892,1.3739613194856586,0.02136076606147403,0.0035861953093420116
4032,0.024576825939369322,23.75518735264901,1.3431141052241133,0.019371217967927956,0.003188127643847835
4033,-0.03000206668132008,23.053067821592382,1.3151966721701291,0.01761004254406055,0.0028407576972935052
4034,-0.015191219566689538,22.70551020256834,1.2899180199119245,0.016046637447246277,0.002536825246800557
4035,0.005156462241967648,22.822892687697586,1.2670131074535447,0.014655015809722147,0.0022702156050121163
4036,0.02007440408989015,23.28567818851623,1.2462418558649004,0.013413043719326345,0.002035764269435468
4037,0.008889855079519792,23.49360735373651,1.2273877119143777,0.012301812602405714,0.0018290969087202357
4038,-0.016579839969716716,23.107298422992,1.2102559682856184,0.011305121503732187,0.001646498041061634
4039,0.003832377837001875,23.19602422815204,1.1946719787609525,0.010409048992868068,0.001484803026039774
4040,-0.009580036224769347,22.974866516651247,1.1804793632816868,0.00960159827869267,0.0013413090225981412
4041,0.004253280250598277,23.072793169788966,1.167538265472718,0.008872402233918207,0.001213701401256099
4042,0.025198725770120108,23.66158540931021,1.1557237016675395,0.008212477551433929,0.0010999927727981256
4043,0.018065408178071313,24.09292604930548,1.1449240236566132,0.007614019286566758,0.000998472338518491
4044,0.005979228153360589,24.23741468582844,1.1350395056447975,0.007070228677369073,0.0009076637037344215
4045,0.022906965654561476,24.799028184457974,1.1259810579248188,0.006575168455597635,0.0008262896474150851
4046,0.003021354781807592,24.874068150943998,1.1176690645342302,0.006123640926499764,0.0007532426232734435
4047,-0.0026195310061350513,24.808995025918893,1.110032338888706,0.0057110849562099185,0.0006875599951621379
4048,0.019573227566143603,25.299370591922468,1.1030071894958704,0.005333488701924597,0.0006284031930560653
4049,-0.014070254439667654,24.945894590680336,1.0965365869241197,0.004987315484467417,0.000575040124063675
4050,0.004561276878312595,25.059939620636904,1.090569422918946,0.004669440661296602,0.0005268302927936382
4051,-0.0140091072808192,24.7113198653314,1.0850598527013786,0.004377097731159593,0.0004832121826055412
4052,-0.022768111282401346,24.15504646227042,1.0799667118903806,0.004107832206023393,0.0004436925282537938
4053,-0.00017618241227105916,24.150791142783408,1.075253000052229,0.0038594620348481115,0.0004078371747528413
4054,-0.02364211547903053,23.58651200928337,1.0708854235185865,0.003630043567828126,0.000375263269791782
4055,-0.003972061965064967,23.49301074139061,1.0668339907797117,0.003417842217400333,0.00034563257998026435
4056,0.0045960185776862585,23.60123356174763,1.0630716544164818,0.003221307110437037,0.0003186457564345298
4057,-0.0033548575956828825,23.52218745242475,1.0595739941636153,0.0030390491400923607,0.00029403740417171924
4058,-0.013297692162327648,23.211467154804225,1.0563189362844643,0.0028698219201800015,0.00027157183364417536
4059,-0.005094936526388804,23.093506957994997,1.0532865049787652,0.00271250522330037,0.00025103939245695457
4060,-0.008939218248416451,22.887989012629916,1.050458602036592,0.002566090549098548,0.00023225329163206656
4061,0.01952510502745045,23.33927072665773,1.0478188113948694,0.0024296685233671247,0.00021504685432720966
4062,0.004613782871056924,23.447201848078294,1.045352225649234,0.0023024178741169604,0.0001992711261832171
4063,0.0069903743420582296,23.611680781151005,1.043045291926782,0.0021835957687781496,0.00018479279586758974
4064,0.00064569054640403,23.62693154332272,1.0408856748378283,0.002072529328632186,0.00017149238223050463
4065,-0.01315616017634007,23.318127638367585,1.0388621345008817,0.001968608163453305,0.0001592626510629676
4066,0.019474093294376965,23.77667746083566,1.0369644178782917,0.0018712777920045995,0.000148007229963693
4067,0.0026875007479296017,23.840663241699602,1.0351831618739111,0.0017800338331936487,0.00013763939446155947
4068,-0.008539759033469721,23.637936572895345,1.0335098068319448,0.0016944168689206774,0.0001280810024516349
4069,0.021854454470662945,24.160217071854692,1.0319365192409167,0.0016140078934269745,0.00011926155730618287
4070,-0.0195653888337067,23.692107337797392,1.030456122591101,0.0015384242756673364,0.00011111738281785618
4071,0.005863809485447634,23.831441456657416,1.0290620354603157,0.0014673161712155723,0.00010359089550317255
4072,0.005638909458690101,23.966204398223244,1.027748216013823,0.001400363328739043,0.00009662996180886184
4073,-0.0024246876806146792,23.90816423074268,1.0265091122011922,0.0013372722433739911,0.00009018732947862703
4074,-0.005169027291891302,23.78490112696256,1.025339617018054,0.0012777736155876256,0.00008422012380055691
4075,0.011360510704682943,24.05665043359397,1.0242350282752333,0.001221620079484299,0.00007868940070526963
4076,-0.04085010565987471,23.093735215910385,1.023191012383112,0.0011685841691346337,0.0000735597497547557
4077,0.020384366152092038,23.56931712041281,1.0222035717164044,0.001118456495489989,0.00006879894097935692
4078,-0.015392199843253981,23.209311230113208,1.0212690151748445,0.0010710441098842436,0.00006437761030844206
4079,-0.024733605717037893,22.6423022706134,1.0203839315994636,0.0010261690330999119,0.0000602689790185063
4080,-0.013301962943974874,22.343109541778546,1.0195451657429762,0.0009836669315531697,0.00005644860320694138
4081,-0.006882439716341458,22.18986239930829,1.0187497965269274,0.0009433859243892595,0.00005289414980435165
4082,0.008581502580658257,22.381104157954752,1.0179951173483184,0.0009051855072240828,0.00004958519607464252
4083,-0.0032442506173333253,22.308611902079356,1.0172786182248905,0.0008689355799605766,0.00004650304993001155
4084,-0.018031641256142487,21.90995602672832,1.0165979695915932,0.0008345155675844867,0.00004363058871576069
4085,0.009541300082345787,22.120005973242698,1.0159510075813472,0.0008018136241331534,0.00004095211440459411
4086,-0.0023355483052073457,22.06840391378849,1.015335720641401,0.0007707259111582563,0.000038453223387786695
4087,-0.0029701623688671813,22.002954416874733,1.0147502373526547,0.0007411559429908783,0.00003612068926642996
4088,-0.009094882133681462,21.80374739519839,1.0141928153335433,0.0007130139919833154,0.00003394235723425853
4089,0.0004093838657053219,21.812675324944415,1.0136618311226708,0.0006862165476627926,0.000031907048808070844
4090,-0.007745302074867763,21.644382147560343,1.0131557709455417,0.0006606858244013515,0.000030004475805682356
4091,0.027164375271779957,22.240396799938118,1.012673222280649,0.0006363493127955094,0.00002822516259743312
4092,0.018386290086028764,22.653097578997304,1.012212866148966,0.0006131393704690299,0.00002656037576786997
4093,0.005997947536527567,22.789377962550127,1.011773470058713,0.000590992848471122,0.000025002060421363847
4094,-0.024580627403611135,22.236029442146265,1.01135388154422,0.0005698507498482166,0.000023542782450849693
4095,-0.013695440133786476,21.933573096005027,1.0109530222439016,0.0005496579173267472,0.00002217567616409572
4096,-0.0013304889089562975,21.904410125073728,1.0105698824678904,0.0005303627473628408,0.000020894396728220517
4097,0.02357211819768854,22.426877104341713,1.0102035162107863,0.0005119169280974538,0.000019693076951704932
4098,-0.0036394149695542872,22.34540473789027,1.0098530365693912,0.0004942751990066157,0.000018566287974865005
4099,0.010510511647027416,22.581504968243713,1.009517611529225,0.00047739513025983984,0.000017509003485507
4100,-0.007344737299252673,22.41625733949997,1.0091964600871375,0.0004612369199986972,0.000016516567117009186
4101,-0.01133139348185577,22.163683615861558,1.0088888486804817,0.00044576320792493634,0.000015584662722005215
4102,0.006911688099819339,22.317402701396645,1.008594087896139,0.00043093890374583903,0.000014709287246736236
4103,0.0013063821774936513,22.34657681065276,1.008311529435216,0.000416731029165966,0.00001388672595947678
4104,0.002164963415036446,22.395008739659367,1.0080405633115095,0.00040310857224097406,0.000013113529811645976
4105,-0.009880282274215809,22.17482924073508,1.0077806152638797,0.000390042353022484,0.000012386494732659446
4106,-0.0016601818735658548,22.138045533450857,1.007531144364513,0.0003775048995245248,0.000011702642679581583
4107,-0.003556449593192735,22.059452529287363,1.0072916408066992,0.00036547033313319324,0.00001105920428048547
4108,-0.01790326585689956,21.668030606421222,1.0070616238572556,0.00035391426266299665,0.000010453602926366658
4109,0.00812615868478802,21.844825821622333,1.0068406399600607,0.00034281368633690715,0.000009883440180705037
4110,-0.005861414715062548,21.717158758417476,1.006628260978379,0.00033214690103335477,0.000009346482388517547
4111,-0.02050221434448148,21.27644218491484,1.0064240825647561,0.00032189341820300376,0.000008840648378161799
4112,0.0019863027771455616,21.31874564094194,1.0062277226482494,0.00031203388591190956,0.000008363998159385137
4113,0.023824216294020175,21.832746571151002,1.0060388200296584,0.0003025500165161544,0.00000791472253029609
4114,-0.0042753802272302455,21.73960253312445,1.0058570330762293,0.000293424519516864,0.000007491133514180765
4115,-0.0064879986789294995,21.59901258746718,1.0056820385080447,0.0002846410391841027,0.000007091655554497642
4116,0.008431714552493835,21.781899236723632,1.0055135302689708,0.00027618409657396997,0.000006714817403050614
4117,-0.0036070566170219535,21.703472223322866,1.0053512184756501,0.0002680390355956614,0.000006359244642341533
4118,-0.017248837436586898,21.33232271000522,1.0051948284385606,0.00026019197281465045,0.0000060236527885112
4119,-0.002941515102117822,21.26966555924656,1.005044099749681,0.0002526297507048183,0.0000057068409261538565
4120,-0.006926967920344586,21.122840381978442,1.004898785431738,0.000245339894086556,0.000005407685830690934
4121,-0.018851460198487817,20.728373814613438,1.0047586511444349,0.00023831056950985742,0.00000512513653796432
4122,-0.017460399002802073,20.36958951071641,1.0046234744434375,0.00023153054736141038,0.000004858209324301914
4123,0.003137189250402812,20.433593111174844,1.0044930440882283,0.00022498916649288367,0.000004605983063557764
4124,-0.012297483652648357,20.18385008664514,1.0043671593952619,0.00021867630118417244,0.000004367594930570758
4125,-0.012427664488149998,19.93456419882026,1.0042456296331366,0.00021258233027045612,0.000004142236423150584
4126,0.011204747970757385,20.159182009563366,1.004128273456754,0.0002066981082756899,0.000003929149677115475
4127,-0.0028995033336676286,20.10081505260726,1.0040149183776848,0.0002010149384077098,0.000003727624051097804
4128,-0.011895104176187034,19.863130209082804,1.0039054002681695,0.000195524547281605,0.00000353699295982318
4129,-0.005091166039404152,19.762260704701404,1.0037995628963878,0.00019021906124849354,0.0000033566309363761167
4130,0.014483047628256782,20.050561162921046,1.0036972574908094,0.00018509098421642714,0.000003185950905608467
4131,0.01882150745959222,20.43151678290587,1.0035983423316077,0.00018013317685892336,0.0000030244016523414723
4132,0.005563839702982278,20.545511296704987,1.0035026823672728,0.00017533883711466045,0.000002871465469372887
4133,-0.019467852095023372,20.14940252531763,1.0034101488546983,0.0001707014818892328,0.000002726655971539974
4134,-0.0010925720771153072,20.1273998726786,1.0033206190211474,0.00016621492987661817,0.000002589516063218695
4135,-0.00864488749142158,19.95415070403663,1.0032339757466235,0.00016187328542420205,0.0000024596160476696947
4136,0.0016231933664250845,19.98656645048708,1.0031501072652764,0.00015767092337089548,0.0000023365518675818047
4137,0.004196430540365966,20.070614916771046,1.0030689068845795,0.00015360247479310674,0.000002219943467022304
4138,-0.0008602157449255525,20.053357281518267,1.0029902727211035,0.0001496628135981344,0.0000021094332657876123
4139,-0.011395673168688347,19.826132922237154,1.0029141074517962,0.00014584704390896663,0.000002004684737865232
4140,0.006418136436236095,19.953788967085988,1.0028403180797598,0.00014215048818854204,0.0000019053810863737946
4141,-0.016490296396990692,19.627443236914242,1.0027688157135877,0.00013856867605527192,0.0000018112240079485474
4142,0.00730055784854388,19.771258850027664,1.0026995153593852,0.00013509733374507724,0.0000017219325400895262
4143,-0.010018707639670443,19.57416534762422,1.0026323357246698,0.0001317323741783773,0.0000016372419854936117
4144,-0.007865924419545346,19.420800411680087,1.002567199033393,0.00012846988759340294,0.0000015569029078536484
4145,0.013996323026458111,19.694531352432985,1.002504030851384,0.00012530613270991884,0.000001480680194031666
4146,0.0009654878401585136,19.71355536522009,1.0024427599215637,0.00012223752838994294,0.0000014083521779022284
4147,-0.015758601244803702,19.405332268027752,1.0023833180083224,0.00011926064576436493,0.000001339709821519178
4148,0.021787966194106667,19.832774632032578,1.00232563975049,0.0001163722007965054,0.00000127455594958726
4149,-0.004911708843175259,19.73560065798072,1.0022696625223777,0.00011356904725563546,0.00000121270453352185
4150,0.01761889553409315,20.086401430614856,1.0022153263023945,0.00011084817007530968,0.0000011539800216575182
4151,0.01729370579647256,20.436790780026193,1.0021625735487814,0.00010820667907306028,0.000001098216712421521
4152,0.012561687775947334,20.695130559700385,1.0021113490820328,0.00010564180300957344,0.0000010452581675234337
4153,0.009702393222035376,20.896900095038436,1.0020615999736073,0.00010315088396692472,9.94956662428681e-7
4154,0.0063974482673240796,21.031015473024933,1.0020132754405535,0.0001007313720268022,9.471726715832911e-7
4155,-0.012249763331750284,20.77496200988604,1.0019663267456975,0.0000983808202309001,9.017743860412052e-7
4156,0.013525862094239048,21.057870256877912,1.0019207071030725,0.00009609687980682961,8.586372613151809e-7
4157,0.008126313776433972,21.229690304319387,1.0018763715882772,0.00009387729564397443,8.176435934289687e-7
4158,-0.006557060803650468,21.090941324027607,1.0018332770534832,0.00009171990200472436,7.786821212930374e-7
4159,-0.0029257223074066014,21.029325266201162,1.0017913820468178,0.00008962261845745324,7.416476536596986e-7
4160,-0.004270252320359498,20.939716204009247,1.001750646735877,0.00008758344601847704,7.064407190369055e-7
4161,0.016695101690987296,21.292241429523408,1.001711032835129,0.00008560046349103668,6.729672370541137e-7
4162,0.035219143490149256,22.055497658111598,1.0016725035369916,0.00008367182399010167,6.411382098791283e-7
4163,-0.015860581483831064,21.708444150865457,1.0016350234463716,0.00008179575164249348,6.10869432382509e-7
4164,0.008634495784002102,21.896697185790146,1.0015985585184797,0.00007997053845247889,5.820812198365084e-7
4165,0.011740369710291465,22.155287508930325,1.001563075999733,0.00007819454132359416,5.546981520192166e-7
4166,-0.000033490411731762196,22.154545531654247,1.0015285443715747,0.00007646617922802769,5.286488326721424e-7
4167,-0.014624236253026534,21.832909794511153,1.0014949332970564,0.0000747839305154192,5.038656633313376e-7
4168,-0.005033140085600671,21.72329777874971,1.0014622135700229,0.00007314633035342788,4.802846306188057e-7
4169,0.0006834224229775598,21.73814904181779,1.0014303570667678,0.00007155196829288358,4.5784510614275244e-7
4170,0.023555928213296686,22.256290007136087,1.0013993367000176,0.00006999948595076728,4.3648965821259245e-7
4171,-0.0006465596074902117,22.241904640004684,1.0013691263751265,0.00006848757480466885,4.161638746278622e-7
4172,-0.007947831455413352,22.065830361876046,1.0013397009483593,0.00006701497409274878,3.9681619584963465e-7
4173,-0.004786096475819632,21.96047349412669,1.0013110361871531,0.00006558046881358133,3.7839775790895557e-7
4174,-0.004526952306923589,21.86128416006662,1.001283108732253,0.00006418288782058809,3.608622444495033e-7
4175,-0.014427719409340543,21.548140095588856,1.0012558960616242,0.000062821102006078,3.4416574734135245e-7
4176,0.011599893380594884,21.79955157733668,1.0012293764560471,0.00006149402257020051,3.2826663533961954e-7
4177,0.0009079663492164771,21.8193538251238,1.0012035289663068,0.000060200599370388275,3.131254302960989e-7
4178,-0.02718459691079455,21.234193200202675,1.001178333381898,0.000058939819347120065,2.9870469046394013e-7
4179,-0.02588484768314165,20.69160208322772,1.0011537702011633,0.00005771070502207223,2.849689004651644e-7
4180,0.0010579099372451583,20.713503517518948,1.001129820602795,0.000056512313064950405,2.7188436751850787e-7
4181,0.00014164487852758742,20.716437687008703,1.0011064664186302,0.00005534373292550204,2.5941912355088855e-7
4182,0.0014747710537674893,20.747012229330174,1.001083690107673,0.000054204085527406925,2.475428328398335e-7
4183,0.01055114516915811,20.96707588741395,1.0010614747312816,0.00005309252202092737,2.3622670485662078e-7
4184,-0.0013849209547880824,20.938058242866845,2.3306518703204406,0.11956630076099224,2.2544341200079222e-7
4185,-0.01499341884777523,20.626466912624384,2.38168131627933,0.12806636883497308,2.1516701193619092e-7
4186,-0.0075265378307886495,20.4718037981045,2.438347594931901,0.13815631349178295,2.0537287425687213e-7
4187,0.005534316247404467,20.585415325558607,2.551380944029958,0.16064067405813984,0.0047331077061565485
4188,-0.01587697374048714,20.26116211823106,2.7099356249091304,0.19881980208801803,0.016515554462889114
4189,-0.00006397687001603269,20.25986591395984,2.8441509310584077,0.23932418781291562,0.030982190564685295
4190,0.013325454899544554,20.53164460925821,2.9289158541828413,0.27013505825602807,0.043672158130564215
4191,0.028707161166102627,21.1295914548027,2.968307941884861,0.2861766638216952,0.05233696965635622
4192,-0.011977800899872052,20.878015088822828,2.9721922281510365,0.287825060604939,0.05663145092886352
4193,0.02374573606074719,21.379711931320404,2.9489452794789344,0.2781413623992005,0.05723826475082534
4194,-0.0251849076084809,20.847989654591593,2.904715695316007,0.26085223085510395,0.055183291608564077
4195,0.050761711077463224,21.933589638254126,2.8440605402923205,0.23929374390748664,0.05145511097950057
4196,-0.03944141922866162,21.08533586147326,2.770583045001973,0.21602716285194073,0.046848466414558095
4197,0.03171256380872579,21.764721514370642,2.6873463361863594,0.19281700680484068,0.04193406499086993
4198,-0.08018172210132783,20.0877194901741,2.5970913411640555,0.17076215166665587,0.03708567978639611
4199,0.0068035346332287455,20.22485295258852,2.502321762073267,0.15046507227276296,0.032525297331993684
4200,-0.016423874477261426,19.895395396868256,2.4053111869215726,0.13218671649881883,0.028367478281853115
4201,-0.09395871465686546,18.111183188711134,2.30807427619066,0.11596912244281807,0.024655772245474068
4202,0.012670840820551777,18.342127145189245,2.2123313384788474,0.10172450000722649,0.021389831073080227
4203,0.009088403841583919,18.509587625563036,2.119484098338307,0.08929603552002059,0.01854430452110489
4204,-0.01800274528869054,18.179345783228527,2.0306106487020816,0.0784972241286007,0.016081327941338014
4205,0.038685530219388496,18.896403875047667,1.9464802155031773,0.06913594570517577,0.013958370509764971
4206,-0.04228440876056372,18.114038113470627,1.8675838156862858,0.06102822390406199,0.012132895714226995
4207,0.03309509482344384,18.72355428844832,1.794174939991294,0.05400529858801402,0.010564922582397412
4208,0.005251495089423373,18.822139575358747,1.7263143730071855,0.047916543368034456,0.009218258023002024
4209,0.017385743369578276,19.15223764919108,1.6639143656220639,0.04262992476721775,0.008060923025734803
4210,-0.008090324912968128,18.99791492602877,1.6067788967935808,0.03803110142940552,0.007065115380086242
4211,-0.01280450176652574,18.756206868854033,1.554638227719441,0.034021851122800255,0.006206926462201162
4212,-0.0018643554656980746,18.72127120842623,1.5071771193974133,0.030518240385864114,0.0054659456565641805
4213,-0.010717106919067748,18.521704641463284,1.4640568859610608,0.02744877537228948,0.004824831192986103
4214,0.030603564089166167,19.097297489534732,1.4249319250510395,0.024752661639409,0.004268891368576705
4215,0.0017988220628115472,19.131681045276906,1.3894615801324368,0.02237823300176874,0.003785698598204598
4216,-0.012125704681237784,18.901096754651622,1.3573182311998817,0.020281569772329318,0.003364745837187962
4217,0.01672431170870292,19.219862729235224,1.3281924500364861,0.018425304437119795,0.002997147499807926
4218,-0.0003983354455800131,19.21220830126718,1.3017959457461732,0.016777601305044725,0.002675382980585586
4219,-0.005070727278019225,19.115035010403407,1.2778628995860184,0.015311291606717438,0.0023930789297061995
4220,-0.001328571146779411,19.08965618893689,1.2561501651214337,0.014003144151624288,0.002144825687502928
4221,0.009474981437050013,19.271389929277195,1.23643670051954,0.012833252303140082,0.001926023214843044
4222,0.02689936255051402,19.796813126805514,1.2185225082137394,0.011784519676630814,0.0017327521428771348
4223,0.0016311848902510228,19.829131740904568,1.2022272834022738,0.010842229009663544,0.0015616660144210188
4224,-0.01216775709591801,19.589317641100916,1.1873889152089958,0.009993680759257195,0.0014099012896248116
4225,-0.0027110975455645328,19.536281016341604,1.1738619404022355,0.009227889972242583,0.001275002180134505
4226,0.03747567384129838,20.282307932884958,1.1615160167793248,0.008535331768689135,0.0011548578284096625
4227,0.003335038213089136,20.350063125167996,1.15023445932089,0.007907727346848074,0.0010476497495874122
4228,0.008510734077482643,20.523996200092878,1.139912864976611,0.007337863762783584,0.0009518077995463878
4229,-0.016027398568848925,20.197671982334796,1.1304578398050287,0.006819441875502785,0.0008659732271342576
4230,0.011400886641570983,20.429261002619064,1.121785833839286,0.006346947802102117,0.0007889676158690651
4231,0.011848335903484927,20.67275339052838,1.11382208347011,0.005915544021986038,0.0007197667266930519
4232,-0.0066998153834992,20.534712699275016,1.106499657552823,0.005520976928384474,0.0006574784244592518
4233,0.006066552145940512,20.659666240030038,1.099758601277208,0.005159498170797421,0.0006013240122611295
4234,0.003424967478896808,20.73054623658099,1.0935451706594426,0.004827797582562139,0.0005506224143604026
4235,0.007135735174606224,20.87900296857739,1.0878111500114067,0.0045229458596967725,0.0005047767445530533
4236,-0.0020277076322172843,20.836709348943774,1.0825132446887868,0.004242345464220544,0.0004632628759244448
4237,-0.030514390331593727,20.21049276517521,1.0776125416545361,0.003983688478724708,0.0004256196930863554
4238,0.001932827002855549,20.249593927050608,1.0730740308050344,0.0037449203485559785,0.00039144076165741987
4239,0.01660232984010956,20.588590645579476,1.068866180514077,0.0035242086214007213,0.00036036719400411665
4240,-0.014388655819878122,20.294469578753763,1.0649605614010227,0.0033199159377581273,0.000332081526795362
4241,-0.02486569473347119,19.796055875544905,1.061331512888492,0.003130576645042539,0.00030630245612789386
4242,0.014198396141743251,20.079132983822383,1.0579558476590125,0.0029548765071844875,0.0002827803009874912
4243,-0.011480851195967689,19.849925710832476,1.0548125896350997,0.002791635064149042,0.00026129308655089813
4244,-0.002138646206835967,19.807519105031652,1.0518827415855847,0.002639790264659731,0.00024164315606357725
4245,-0.01011897244641542,19.60809803475095,1.049149078899072,0.002498385052983378,0.00022365423436901044
4246,-0.022131457851975955,19.17890904651122,1.046595966462366,0.0023665556388446185,0.0002071688781230836
4247,-0.0032805137094119433,19.11609545920183,1.0442091959385824,0.00224352121999821,0.00019204625771701176
4248,0.002472341299299212,19.163415442958527,1.0419758410585156,0.0021285749610072354,0.0001781602242941678
4249,0.00001966762372755015,19.16379234550917,1.0398841288223943,0.0020210760604378315,0.0001653976222589211
4250,0.01276526952624184,19.409991375218407,1.037923324760356,0.001920442762877899,0.00015365681356822798
4251,-0.009174122830907551,19.23273605445368,1.0360836306219119,0.0018261461926547139,0.00014284638505772366
4252,0.004076565214026905,19.311299583097927,1.0343560930602986,0.001737704903473284,0.0001328840142387564
4253,-0.003420354734388385,19.245360919235992,1.032732522049777,0.0016546800529281102,0.00012369547253939886
4254,-0.023074832370289542,18.806361835754995,1.031205417925253,0.0015766711233745083,0.00011521374795698789
4255,-0.0004904494111681515,18.797140528143714,1.0297679060664868,0.0015033121213297882,0.00010737827163001239
4256,-0.001315939315362731,18.77242090023869,1.0284136783657818,0.0014342681966995148,0.00010013423499607626
4257,-0.0166432823754603,18.462571803616672,1.0271369407203805,0.0013692326309316947,0.00009343198604080597
4258,-0.019229735768223157,18.110933220507214,1.0259323658805632,0.0013079241498945204,0.00008722649471041901
4259,-0.00422750604704192,18.034530750539325,1.024795051063203,0.001250084523020681,0.00008147687890033759
4260,0.008335839914044806,18.185492032196148,1.023720479809646,0.001195476415205566,0.00007614598357891884
4261,0.02257691880681573,18.600734215943582,1.022704487627444,0.0011438814622075143,0.00007120000658856616
4262,0.009775304237078621,18.78345366604346,1.0217432310087344,0.0010950985439763953,0.00006660816551091225
4263,0.00938734455641653,18.960610633358684,1.020833159464876,0.0010489422335172446,0.00006234240070921545
4264,-0.009983889257681578,18.772251837815354,1.0199709902580776,0.0010052414016503428,0.000058377110287083015
4265,-0.006267307282549271,18.654968277118943,1.019153685546963,0.000963837960418844,0.00005468891324289142
4266,0.008335692728011537,18.811120273891678,1.0183784316948683,0.0009245857299715262,0.00005125643756628339
4267,0.004952298638049637,18.904509614289466,1.0176426205177378,0.0008873494155553119,0.00004806013042743763
4268,0.00452182571491197,18.990186073013437,1.0169438322732252,0.0008520036828272551,0.00004508208796037739
4269,-0.008050262515755139,18.837923787886698,1.016279820214447,0.0008184323210705859,0.00004230590244600419
4270,0.010239781793945212,19.03181100418219,1.0156484965511074,0.0007865274851013591,0.00003971652496527527
4271,0.004910754757235726,19.125501417649,1.0150479196777626,0.0007561890077045181,0.00003730014182349074
4272,-0.007199095077020408,18.988309535767833,1.0144762825440612,0.000727323775360769,0.000035044063247717324
4273,0.01630632160060424,19.300477254331117,1.0139319020551487,0.0006998451608356153,0.00003293662303496201
4274,-0.001164510417843082,19.278014728959928,1.013413209402255,0.0006736725069140145,0.00003096708798225751
4275,-0.020480518995936024,18.887206618890872,1.0129187412339675,0.000648730656191001,0.00002912557606427605
4276,0.0036494217589394706,18.95625992737544,1.0124471315880186,0.0006249495223812435,0.000027402982441977583
4277,-0.01682294731550372,18.640027206609677,1.0119971045116876,0.0006022636990982708,0.000025790912489295585
4278,0.006182553856388136,18.755627161950038,1.0115674673062829,0.0005806121024851921,0.00002428162111584048
4279,-0.003183262991496939,18.69601799428755,1.0111571043377248,0.0005599376444601937,0.000022867957743670317
4280,0.00044665114506655664,18.704370457312613,1.0107649713610904,0.0005401869336780785,0.000021543316366734087
4281,0.00261035285470084,18.75325924486387,1.0103900903121956,0.0005213100016088994,0.000020301590183839277
4282,0.007163402935097824,18.888078703721003,1.010031544523935,0.0005032600514009997,0.000019137130350974975
4283,-0.00794750867137712,18.738560470165908,1.0096884743292622,0.00048599322743250614,0.000018044708447439143
4284,0.0024112134292550657,18.783797655153226,1.0093600730164063,0.0004694684036660484,0.000017019482293258052
4285,0.0008477500992997372,18.799728373160413,1.0090455831052494,0.0004536469891092816,0.000016056964793530047
4286,0.0069477824689664095,18.930799596293987,1.0087442929167743,0.0004384927488513199,0.000015152995519167585
4287,0.007749014173845845,19.07806447259163,1.0084555334101564,0.00042397163929482854,0.000014303714763569068
4288,0.001992953011012994,19.116124071525437,1.0081786752644868,0.0004100516563372939,0.000013505539841475886
4289,0.009527392487900306,19.299121247122848,1.0079131261842538,0.00039670269537473265,0.000012755143420054886
4290,0.022676955741931144,19.741766520314513,1.0076583284096619,0.00038389642210836226,0.000012049433693436892
4291,0.007691530010828995,19.89419636787204,1.0074137564146046,0.00037160615323096846,0.000011385536230839551
4292,-0.014683366774605744,19.604216734552285,1.0071789147766763,0.0003598067461560595,0.00001076077734527238
4293,-0.004745498453220289,19.511405346684736,1.006953336205032,0.00034847449703051195,0.000010172668844895484
4294,-0.02509433345076975,19.027871982734016,1.006736579713172,0.0003375870463412084,0.000009618894042585116
4295,0.01715896316160455,19.357187816258246,1.0065282289248902,0.00032712329148901805,0.000009097294911328054
4296,-0.015123515580289862,19.066641662178586,1.0063278905026602,0.00031706330576010096,0.000008605860283881072
4297,0.0186478170044619,19.42552873711258,1.00613519268868,0.0003073882631755987,0.000008142715004830265
4298,-0.017465298136822724,19.089201661870373,1.0059497839496465,0.00029808036874688745,0.000007706109951890739
4299,-0.019207033264680432,18.726053394996352,1.0057713317171084,0.00028912279370524096,0.000007294412851108538
4300,-0.014027950163552133,18.46519915399207,1.0055995212159352,0.0002804996153124321,0.000006906099817659403
4301,-0.00271522567430813,18.41512997648711,1.005434054374091,0.00027219576089291257,0.000006539747560268032
4302,0.029782043256984955,18.971818691141255,1.0052746488074646,0.00026419695575910724,0.000006194026192971907
4303,-0.003637599973497575,18.90293217073518,1.0051210368740402,0.00025648967472938054,0.000005867692603092195
4304,-0.00299087468164653,18.8464803317665,1.0049729647921644,0.0002490610969636456,0.000005559584328909782
4305,0.006165382114600259,18.9630350174087,1.0048301918180997,0.00024189906386467896,0.000005268613904729634
4306,-0.005323330753174959,18.862356719616837,1.0046924894784546,0.00023499203981418168,0.0000049937636347982154
4307,0.0008851559066107618,18.879060237597997,1.0045596408534287,0.00022832907553170978,0.000004734080760957973
4308,0.006010098043313532,18.992866892598908,1.004431439907151,0.00022189977386197153,0.000004488672992017096
4309,-0.001053425089663697,18.97286986462433,1.0043076908616808,0.00021569425781180817,0.000004256704365614834
4310,0.018409060238499118,19.325377278820948,1.0041882076115192,0.0002097031406726015,0.000004037391415901896
4311,0.006619306286027258,19.45372217860217,1.0040728131757206,0.00020391749807701192,0.0000038299996226583795
4312,-0.006904922683646294,19.319858422355413,1.0039613391849345,0.00019832884185096223,0.000003633840119561546
4313,0.003081969602245964,19.379493488259165,1.0038536254009012,0.00019292909553275992,0.000003448266641213725
4314,-0.02243398925598301,18.949574568556972,1.0037495192661319,0.00018771057144128354,0.0000032726726902654676
4315,-0.029426089814687615,18.400086970358043,1.0036488754816646,0.00018266594918433894,0.000003106488907537585
4316,-0.02984050495994382,17.85913043286765,1.0035515556109578,0.00017778825550669565,0.000002949180629473062
4317,-0.004073796187875728,17.786523967775413,1.003457427708125,0.00017307084538501118,0.0000028002456185495583
4318,-0.008321418944045983,17.639128968592495,1.0033663659688519,0.00016850738428390887,0.0000026592119534674804
4319,-0.026294711862744787,17.1813580079934,1.0032782504024613,0.00016409183149394965,0.0000025256360670083675
4320,-0.004607604675546492,17.102375203008133,1.003192966523702,0.00015981842447817716,0.000002399100920443396
4321,0.019958348964602596,17.447139393194877,1.003110405062945,0.00015568166415937725,0.0000022792143042711013
4322,0.017527984396154318,17.75564845265765,1.003030461693569,0.000151676301085204,0.000002165607255884784
4323,-0.017274139409265008,17.451568824236045,1.002953036775403,0.00014779732241294082,0.000002057932585520855
4324,0.0011033848732357983,17.4708352484768,1.0028780351131712,0.0001440399396599059,0.0000019558635025259284
4325,-0.01813321688699143,17.156887844370512,1.0028053657289742,0.00014039957716942066,0.0000018590923346087302
4326,-0.024491944695964808,16.741786367205165,1.0027349416478921,0.00013687186124585946,0.0000017673293333180804
4327,0.0005998651402500618,16.75183219400178,1.0026666796958774,0.00013345260991561562,0.0000016803015595151647
4328,0.013880369294050484,16.98597504659508,1.0026005003091465,0.00013013782327388066,0.0000015977518430912745
4329,0.004858595391189636,17.068703836789798,1.0025363273543508,0.00012692367437995778,0.0000015194378116251608
4330,0.006352943746620361,17.17748552820789,1.0024740879588452,0.00012380650066643644,0.0000014451309830805837
4331,-0.025742384469177315,16.74093907182,1.002413712350426,0.000120782795829967,0.0000013746159180177812
4332,-0.017986985946717052,16.442511983760813,1.0023551337059502,0.00011784920217359802,0.0000013076894271353578
4333,0.0016775557972401173,16.470118364208002,1.0022982880082911,0.00011500250337270156,0.0000012441598302740927
4334,0.010255021493856695,16.639888793912554,1.002243113911117,0.0001122396176384146,0.0000011838462633038218
4335,0.024153855527785546,17.046699509581003,1.0021895526110192,0.00010955759125429137,0.0000011265780295810347
4336,0.0028063914548388928,17.094606412737495,1.002137547726547,0.00010695359246349437,0.0000010721939929100851
4337,0.019008972684749072,17.42266547358296,1.002087045183731,0.0001044249056853672,0.0000010205420091667838
4338,0.0005026358896634812,17.431424931768188,1.0020379931077095,0.0001019689260416364,9.714783939512438e-7
4339,-0.01577553820146891,17.15859251916383,1.0019903417201002,0.00009958315417379259,9.248674238286551e-7
4340,-0.009542962702535188,16.995627531864532,1.001944043241769,0.00009726519133441047,8.805808688935619e-7
4341,0.0036076108364707306,17.057051872861138,1.0018990518006925,0.00009501273473629004,8.38497554556418e-7
4342,-0.00003868958452686419,17.05639195537698,1.0018553233446057,0.00009282357314434503,7.985029506018476e-7
4343,-0.0021146906287468894,17.020361073659927,1.001812815558167,0.00009069558269613323,7.604887857071481e-7
4344,0.05931407796144129,18.06044911374346,3.146582326512503,0.37729163454170334,7.243526857381026e-7
4345,-0.002710457149661877,18.011563321667932,3.1959456284137286,0.40966364452719983,6.899978342579677e-7
4346,0.06807504639382768,19.280399401136815,3.2519446832011742,0.45155979095997567,6.573326537953467e-7
4347,0.04436720892554526,20.155076934822098,3.4619382893053294,0.6863352958511443,0.0321525895330713
4348,-0.040632842640163785,19.35253407945503,3.56435208370619,0.8829442266780185,0.09415486505570012
4349,-0.07329780910646716,17.984774915999694,3.629255013393759,1.0637723131990273,0.15713682521107059
4350,-0.019701153391490908,17.63392156267911,3.6714094659495555,1.2194855857622389,0.2191992848871549
4351,-0.015972738375980323,17.35449707486997,3.6922763806444197,1.3123511868941624,0.26562101302759505
4352,-0.0399057437053055,16.675589216513632,3.6958877053744654,1.3297165650737728,0.2895337237419952
4353,-0.005993364868678464,16.57594522560711,3.685693969208617,1.28172563016674,0.29221702456344617
4354,0.03955827652180838,17.244803266107745,3.6637543989140395,1.1883074709279497,0.27895048589838056
4355,0.03530718906632296,17.864545086870127,3.6310618745888243,1.0697167194322406,0.2557395960069406
4356,0.019237012820203108,18.21153236860651,3.5879720470147465,0.9421589099468344,0.22767230995581214
4357,-0.05394373507678858,17.255161307628352,3.5345348343029337,0.8167748161693129,0.19841831992187806
4358,0.0048126540977627575,17.338404580270833,3.4707364523232114,0.7002380373167261,0.17030974036528393
4359,0.08645886687049986,18.904175544249224,3.3966794129757503,0.5958721112427623,0.14463512329944644
4360,0.014523802334733023,19.18073957225602,3.3127142046886466,0.5047494551318958,0.1219577554234702
4361,-0.02101118656548548,18.781933837113,3.2195242921689395,0.42657143647756657,0.1023817666153213
4362,0.059670655038468204,19.936776604748655,3.118160989728038,0.36029722518310736,0.08574780521542685
4363,-0.02997040274564662,19.34812845243743,3.0100261754739885,0.30455747298718233,0.07176505139911596
4364,0.0045483293636691844,19.436330547243347,2.8968066680374838,0.257906743960713,0.060094085443588144
4365,0.02318215447001083,19.892169818230624,2.7803714977137144,0.2189648111342439,0.05039514316668997
4366,0.036560160125860074,20.63288862646591,2.662649233810202,0.18648614213762338,0.04235355935572386
4367,-0.01542249082620947,20.31711932435923,2.5455047622199314,0.15938568123936586,0.035691018996897465
4368,0.011772023331898019,20.557706246128504,2.430632791053191,0.13673977475417737,0.030168495046997222
4369,0.007731675432410462,20.717267802675952,2.319479871852537,0.11777423992895682,0.025584676075817603
4370,0.025606767873993595,21.25462064318135,2.213199814950073,0.101846851016207,0.021772230571751826
4371,0.011916080819083704,21.509407435729386,2.112641053791953,0.08842841389768982,0.01859328549256091
4372,-0.01752171989966972,21.135808231930703,2.018360106132333,0.07708464912952082,0.01593487884943283
4373,-0.021607808480336207,20.68400851499437,1.9306532042004316,0.06745992547668933,0.013704767669119686
4374,0.04361552109496343,21.606115233848058,1.8495980956773337,0.059263207540611346,0.011827750466084664
4375,0.013031749795692665,21.88952336270555,1.7750992564058565,0.0522562135841899,0.010242539532789568
4376,-0.048021511189962375,20.8631955030283,3.104539166699494,0.3525345422885574,0.008899154423819892
4377,0.016743169798667676,21.21545224602642,3.140025150190848,0.37327111670750046,0.007756779223305897
4378,0.054853668816274945,22.411707185033084,3.1855736176744442,0.40253612820724993,0.006782017115393902
4379,-0.04454094257434354,21.435373441590077,3.309115964330256,0.5013394097516949,0.03300018230541598
4380,0.06010222025820458,22.763189649329632,3.478502639190883,0.7128998607045935,0.08131787244753891
4381,0.07798684084662087,24.609476271490998,3.5486017604834803,0.8469024258534595,0.13026899829505006
4382,-0.08078882770793938,22.699496765993395,3.584208299840722,0.9322726856443195,0.16598844418008518
4383,0.02228283155499249,23.210983349878745,3.603129149368673,0.9838701224445103,0.19373927762314266
4384,0.016009651802461042,23.58557364049418,3.606964741979718,0.9949354499813824,0.21009286855587994
4385,-0.06775629729697838,22.04043985927903,3.5968003870569865,0.9660724999594692,0.21391970225503956
4386,0.05387092739487569,23.260342429436704,3.5737994846329415,0.9058410508078445,0.20705206753354718
4387,0.07051656957160105,24.959797696734586,3.538815024562828,0.8257473117449896,0.19268533690356598
4388,-0.03226307779133121,24.16736962204594,3.4923640271499155,0.7364620004636564,0.17404877242551778
4389,0.02463296398561461,24.770076318038694,3.5187935685452034,0.7851495960674253,0.15375156730683137
4390,0.0472819859730539,25.969384125176386,3.4771969326908168,0.7107447586643025,0.13361671598899572
4391,-0.046588184927700095,24.787267785921227,3.4929214853808164,0.7374365350264358,0.11476245336381033
4392,-0.1258253124572821,21.856641040713573,3.4883369609920964,0.7294850628111308,0.1128864113084221
4393,-0.01160542512730063,21.604451642692762,3.4982494010986462,0.7468599160326502,0.12059074865045323
4394,-0.010237734421658987,21.38439934493317,3.521237774347075,0.7899237782101554,0.14040053667149469
4395,0.06209589784058877,22.754377658691343,3.5389175379028783,0.8259642514991445,0.16102639939701877
4396,-0.033607867429737155,22.00235920090889,3.5427928222622116,0.8342365166412113,0.17430751816737944
4397,0.04959227883102496,23.121015430519215,3.531594371246166,0.8107057908274903,0.17769333872486692
4398,-0.07551258922437461,21.439379051232006,3.5062077790146207,0.7613144777817884,0.17228467136128015
4399,-0.06231522645024517,20.144154502418875,3.4676857467432742,0.6953653030082829,0.1606422082401066
4400,-0.02657953463284847,19.615785260578672,3.4168429181935975,0.6216617255269683,0.14542567443642154
4401,0.03399461104577705,20.294080115315577,3.354332995838149,0.5469536883554258,0.12879050048512883
4402,0.02531963824517174,20.814479239805674,3.2808179557328767,0.4757108385660115,0.1122422685761829
4403,-0.005440191533855751,20.701551937653484,3.1971162832937026,0.4104796692677407,0.09670583035299896
4404,0.08331916875556095,22.50028192315923,3.1042993256025904,0.35239997899157705,0.08266478151244144
4405,0.02136775239905642,22.986235757176708,3.0037280222714395,0.3016838875925957,0.07030121801452953
4406,-0.022693573467176004,22.470470342124877,2.897031777439553,0.2579899953557713,0.05960921978596595
4407,0.008930209905191881,22.67203502687979,2.7860387535239175,0.22068728619325478,0.050477142462691034
4408,-0.08834023557946306,20.75509984844961,2.6726733921710277,0.18902733309628875,0.042742721424898725
4409,0.03859171582049824,21.57173101292768,2.558840784031198,0.16224863638504583,0.03622749065088484
4410,0.010641371979353142,21.802509549246807,2.4463172792464425,0.13963442406165394,0.030756715892079275
4411,0.01341398523835522,22.09693840785626,2.3366625955599516,0.12054042000064902,0.026169792331102792
4412,0.08465083757414935,24.04891552260831,2.2311621425458212,0.10440432434415889,0.022324701992377627
4413,-0.017458300228335093,23.632706061511303,2.1308013948956375,0.09074488327305127,0.019098982387245923
4414,0.017165741053783184,24.0418808208176,2.0362686364268274,0.07915558021194279,0.01638879739398639
4415,0.009898358841003317,24.281037661847837,1.9479791313274142,0.06929601539145001,0.014107097551997709
4416,-0.011590186791352368,24.00124048278955,1.86611276027821,0.06088274564061299,0.012181453716227884
4417,-0.05104523904994177,22.80683511422331,1.7906578203400223,0.053680536289428885,0.010551889381790911
4418,-0.006147231250386743,22.667066260556382,1.7214552773498089,0.04749447773691353,0.009168877189727104
4419,-0.012018166910039124,22.396280110721023,1.6582396213262087,0.04216312825945428,0.0079915702442845
4420,-0.013253279334710644,22.10141424030081,1.600674173040139,0.037552684568142314,0.006986285225115707
4421,0.01742875848522799,22.48999081877543,1.5483800120676672,0.033552101147423206,0.00612522600399493
4422,0.025279426072727238,23.065771924617803,1.500958598390846,0.030069045558925575,0.005385423296250851
4423,0.014158063786403064,23.394661319498848,1.458008691600487,0.02702656909685846,0.004747861316601701
4424,0.010315582718292072,23.637239902137043,1.4191384229923452,0.02436037794857112,0.004196762497519479
4425,-0.022031890223729294,23.122161735159953,1.3839734377209565,0.022016602005740602,0.0037190037017584246
4426,0.026174966406569813,23.73537393581934,1.352161972922195,0.01994997254293042,0.0033036406602304632
4427,0.007279272281941255,23.908780556714014,1.3233776292184576,0.018122333920643902,0.0029415208469789106
4428,0.013718208021560896,24.239026192054997,1.297320464198289,0.01650142720916927,0.0026249682853136955
4429,-0.005238992918748959,24.11237017017268,1.273716909292723,0.015059894746021008,0.0023475266952585694
4430,0.009164491136400414,24.334363446856212,1.2523188973836628,0.013774464064083265,0.002103749891577354
4431,-0.026976435040309377,23.686684385522497,1.2329024920999312,0.012625277466821861,0.0018890304342205116
4432,0.011738786223736237,23.966375716484173,1.2152662316979608,0.011595339964718622,0.001699459258166494
4433,-0.007313184453833149,23.79174452355344,1.1992293391926414,0.010670063528258205,0.0015317104169052585
4434,0.0020027122888491553,23.839440287188154,1.1846299035981684,0.009836889855127769,0.0013829462136140697
4435,-0.01768481029399677,23.421550351598775,1.171323102148519,0.009084977270397017,0.0012507389128933427
4436,0.02829278514055854,24.093674541338522,1.1591795077412432,0.008404940131293458,0.0011330059644228262
4437,-0.017453160661061312,23.676812133689324,1.1480835074585696,0.007788631321035342,0.0010279562624870326
4438,-0.014816032612471145,23.328601631790523,1.137931845108028,0.007228960194690096,0.0009340454405275448
4439,0.0032744475435325486,23.405115115427236,1.1286322918869076,0.006719739770186267,0.0008499385810076623
4440,0.0019665740941111134,23.451188296796705,1.1201024434180638,0.006255558108841717,0.0007744790267658108
4441,-0.00621317618389798,23.305933645834497,1.1122686376948578,0.005831669757808029,0.000706662225826572
4442,-0.0006022140298064558,23.291902710852213,1.1050649862842834,0.005443903876244359,0.0006456137394387122
4443,0.004917048516473627,23.406712157015185,1.0984325100061263,0.005088586273397394,0.0005905707025723732
4444,0.011885712659114709,23.686577516922576,1.092318369893646,0.004762473078436853,0.0005408661549184907
4445,-0.022387156138199926,23.1621940360046,1.086675184303356,0.004462694161479721,0.0004959157647069401
4446,0.007553136020451052,23.33780360469566,1.0814604234039031,0.00418670475074955,0.0004552065522601519
4447,0.00031113274344481595,23.34506588926584,1.076635872814494,0.0039322439566368255,0.00041828728899784257
4448,-0.02000410696832818,22.88270863416457,1.0721671587973518,0.003697299131037901,0.0003847603036910461
4449,-0.014471791535386542,22.553939521971657,1.0680233280791374,0.003480075168942546,0.00035427447359099733
4450,0.016409809750261573,22.927098740827105,1.0641764760455588,0.0032789680061788297,0.00032651921559734005
4451,0.015564425874532207,23.286737394060182,1.0606014176977387,0.003092541688422862,0.00030121932345492997
4452,-0.007616996210412569,23.11003622397737,1.0572753963641819,0.002919508486799097,0.0002781305223418859
4453,0.006951299757859167,23.271240654220055,1.0541778257209078,0.0027587116184719994,0.0002570356331483407
4454,0.0010314114092990266,23.295255259679482,1.0512900611814746,0.002609110199663716,0.00023774125606293127
4455,0.009122676771549822,23.50874265136838,1.0485951971781324,0.0024697661160375255,0.00022007489744221688
4456,0.01602823398769257,23.888582226300308,1.0460778872670082,0.0023398325434032877,0.00020388247587070743
4457,0.008225574797701652,24.085889918316603,1.0437241843569007,0.0022185438918893223,0.00018902615325883638
4458,-0.005217181870639314,23.960556677539184,1.041521398686439,0.002105206980439374,0.0001753824451247806
4459,-0.007304526732240548,23.786173818262593,1.0394579714617296,0.0019991932768411674,0.0001628405711500615
4460,0.013867415363005522,24.11832428187979,1.0375233623199092,0.0018999320623821192,0.00015130101292230112
4461,0.0207855580284125,24.624883430415043,1.03570794900681,0.0018069044004037622,0.00014067425067280614
4462,-0.01661718597000524,24.21906825422009,1.0340029378526259,0.0017196378051032783,0.0001308796549388334
4463,-0.006843911144215344,24.053881011267244,1.0324002838011297,0.0016377015214149495,0.00012184451255953114
4464,-0.0023388207661365276,23.99768903195053,1.030892618898467,0.0015607023391154343,0.00011350316935699142
4465,0.008845164212357964,24.210894058851736,1.0294731882794053,0.0014882808747819533,0.0001057962743474001
4466,-0.007224456076944821,24.036613816132633,1.0281357928044033,0.0014201082641804295,0.00009867011244458
4467,0.017346889490334593,24.457211786022654,1.0268747376020297,0.001355883215311652,0.00009207601441954466
4468,0.004603278660285048,24.570054671487327,1.025684785859864,0.0012953293788981932,0.00008596983441507661
4469,-0.004083529713940228,24.469926700074325,1.0245611172846636,0.0012381929987207272,0.0000803114866255076
4470,0.01496887725686317,24.83896921454586,1.023499290720635,0.001184240809050118,0.00007506453387359443
4471,-0.022066203086690075,24.296870501797052,1.0224952104743192,0.0011332581505890452,0.00007019582177773936
4472,0.01611659015837423,24.691625715212425,1.0215450959469778,0.0010850472799332838,0.00006567515302816434
4473,0.0003008004749903685,24.699054085128438,1.0206454542213232,0.0010394258506716677,0.00006147499700046359
4474,0.0025452755181496188,24.76200005624983,1.0197930552898395,0.000996225546935858,0.000057570230546433235
4475,-0.008015570869465147,24.5643118403259,1.0189849096474377,0.0009552908525460839,0.00005393790632969593
4476,-0.012206219780701315,24.266296968889062,1.0182182480024429,0.0009164779409276728,0.00005055704552964017
4477,-0.01033914552864347,24.01669674309069,1.0174905028874162,0.0008796536727384585,0.00004740845213191805
4478,-0.00248224117820054,23.95715543798239,1.0167992919755646,0.0008446946896856455,0.00004447454636595776
4479,0.006846053494071585,24.121730106389005,1.0161424029298838,0.0008114865943536038,0.00004173921514708086
4480,-0.01240508851327864,23.82434625939461,1.015517779631054,0.0007799232070380129,0.00003918767763919365
4481,-0.007745009368079896,23.640539186983368,1.014923509646806,0.0007499058916095153,0.00003680636427902633
4482,-0.00744401190082253,23.46521210997793,1.014357812820225,0.0007213429433310989,0.000034582807799115287
4483,0.00881176719143188,23.67289578243727,1.0138190308675266,0.0006941490323445352,0.00003250554495808405
4484,-0.01398188158166592,23.344207352934884,1.0133056178874233,0.0006682446972367386,0.0000305640278366316
4485,0.010459186361114167,23.58965009628383,1.0128161316944626,0.0006435558837092554,0.00002874854368885992
4486,0.006008611783022503,23.731817833451945,1.0123492258978348,0.0006200135239139166,0.00002705014245363249
4487,0.015045192536307738,24.09156706423511,1.011903642655252,0.0005975531524941997,0.00002546057113167379
4488,0.0071431235891134676,24.264272197942947,1.011478206038705,0.0005761145557930199,0.00002397221432292297
4489,0.01259025192995101,24.571696712933775,1.0110718159553194,0.0005556414510603938,0.00002257804029681702
4490,0.003678785567089292,24.662257190315724,1.0106834425722429,0.0005360811928246748,0.000021271552037058915
4491,-0.019856967924717254,24.177369670755713,1.0103121211996087,0.0005173845038840513,0.000020046742763199454
4492,-0.006208090719159048,24.02773930649426,1.0099569475901544,0.0004995052286352257,0.00001889805548504527
4493,-0.004806875392058085,23.912518106529298,1.009617073618156,0.00048240010668760386,0.000017820346193381314
4494,0.011101093569130895,24.179452095820203,1.0092917033039708,0.0004660285649173344,0.000016808850332529398
4495,-0.01722793659035142,23.766457763149567,1.008980089153738,0.000450352526299154,0.000015859152237520972
4496,0.013542211714169559,24.090497319854496,1.0086815287867064,0.0004353362340178206,0.00001496715725172018
4497,0.0046604161880692075,24.203031086956376,1.0083953618252761,0.00042094608950725605,0.00001412906627009816
4498,-0.004246367051941389,24.10047403474123,1.008120967025189,0.0004071505031963665,0.000013341352479470368
4499,-0.020788894200369657,23.604623776969067,1.0078577596254121,0.000393919756857638,0.0000126007400902512
4500,-0.0075485337896681656,23.42711428786325,1.0076051888991613,0.0003812258765595542,0.000011904184874989381
4501,-0.003863415536558141,23.336780221924045,1.0073627358892125,0.0003690425153180164,0.000011248856347418891
4502,0.004637002968699607,23.445244220687634,1.0071299113121956,0.00035734484462646626,0.000010632121432251035
4503,-0.031972200177279794,22.707504602018155,1.0069062536179425,0.000346109454120367,0.000010051529490670426
4504,0.00411552192254295,22.801150403511237,1.0066913271912217,0.00033531425870003207,0.000009504798579680046
4505,-0.006457889235112116,22.654377531336213,1.0064847206843153,0.000324938412497315,0.000008989802835243093
4506,0.004603292174488028,22.75890264538743,1.0062860454699185,0.0003149622291271296,0.000008504560879746278
4507,-0.019921919442395793,22.309988087230877,1.0060949342047636,0.00030536710771479137,0.000008047225163796194
4508,-0.0006670149333597975,22.295111953866712,1.0059110394952067,0.0002961354642353386,0.000007616072160877329
4509,-0.010845795585394984,22.05461030048536,1.0057340326567727,0.0002872506677418102,0.00000720949334105311
4510,0.0038277388760492186,22.139191363569797,1.0055636025603436,0.00027869698109637514,0.0000068259868567733175
4511,0.014694862647205766,22.466925848867554,1.005399454558288,0.0002704595058516314,0.00000646414988004553
4512,-0.002337753793288325,22.414465051846385,1.0052413094844102,0.0002625241309596726,0.000006122671535807964
4513,0.0006668904482545399,22.42941802993714,1.0050889027220977,0.0002548774850139795,0.000005800326381371368
4514,-0.022193051262217683,21.937123767423493,1.004941983335519,0.00024750689175411146,0.000005495968386336245
4515,-0.011711313407461744,21.68170977166733,1.0048003132591508,0.00024040032858580742,0.000005208525371489787
4516,0.003791044026245453,21.76406208997748,1.0046636665412934,0.0002335463878896764,0.000004936993868890302
4517,-0.030703834147747456,21.105976511108484,1.0045318286375955,0.000226934240910372,0.000004680434368695989
4518,-0.017963841239727368,20.73021724448434,1.0044045957509224,0.00022055360403518256,0.0000044379669213259386
4519,0.002410388430290967,20.78024538969723,1.004281774214201,0.00021439470728649003,0.000004208767066286437
4520,0.0027059657318416175,20.83655216937145,1.0041631799131392,0.00020844826486670042,0.000003992062061483749
4521,0.011540902525984808,21.078417776081757,1.0040486377459665,0.00020270544760716216,0.0000037871273891012398
4522,-0.017806354599603568,20.706409876262253,1.0039379811175624,0.0001971578571843762,0.0000035932835161669835
4523,-0.016647805315963066,20.36454712367683,1.0038310514655446,0.00019179750197757502,0.000003409892889798383
4524,-0.004336098388929152,20.27643561184899,1.0037276978160814,0.0001866167744515934,0.00000323635714880119
4525,-0.0027622646787673843,20.22050401444871,1.0036277763673573,0.00018160842995796988,0.00000307211453483815
4526,0.010464296809654933,20.433208329690352,1.0035311500987836,0.00017676556685546437,0.0000029166374877821183
4527,0.00504995380402877,20.536656071137216,1.0034376884041887,0.0001720816078587393,0.0000027694304111430567
4528,0.004786444415391674,20.63518925759314,1.0033472667473562,0.00016755028253088124,0.0000026300275946198546
4529,-0.00026317914614429994,20.629759220671378,1.0032597663383973,0.00016316561084179842,0.0000024979912818870503
4530,0.010684339399646876,20.851356270933252,1.003175073829563,0.0001589218877203658,0.0000023729098726928852
4531,-0.013411352907136133,20.573578226601512,1.0030930810291963,0.0001548136685335509,0.0000022543962492274332
4532,0.007015076166259237,20.718410856890436,1.0030136846326256,0.0001508357554306816,0.0000021420862175255235
4533,0.008146619553896327,20.88788525231765,1.0029367859688851,0.00014698318449554848,0.0000020356370554059366
4534,-0.021040742721669437,20.45298004177113,1.0028622907622273,0.00014325121365320618,0.000001934726159122186
4535,-0.0009615811019540587,20.43332229545769,2.936048199450333,0.2729514906291033,0.0000018390497815168647
4536,0.0800698195133343,22.13669931192216,2.989524063644706,0.2953347020049915,0.0000017483218550361902
4537,-0.03289879289634883,21.420277940903542,3.0499936757104558,0.32368105716193984,0.0000016622728934787297
4538,0.007177642972004483,21.574578141757467,3.1847491866389666,0.4019773701847478,0.01945449335286127
4539,-0.05247869301695632,20.471567877465375,3.3324054340947713,0.5240618078426391,0.05945428301241721
4540,-0.032379933324510404,19.819316785256802,3.4289281278910977,0.6379918832951834,0.102017650880722
4541,0.024598992630942968,20.3128979231878,3.4774217773457528,0.7111151029493498,0.13444965866997827
4542,0.004137455419726754,20.3971157363738,3.4921580521779054,0.7361024614643343,0.1525919816975045
4543,-0.018155316499967548,20.03014099576711,3.48297710818343,0.7203676512637893,0.15765574391887915
4544,-0.027147011571727483,19.493696897864517,3.4554586191038847,0.676383477522801,0.15299774379839667
4545,-0.01766729924391522,19.152320401299058,3.41269268137538,0.6162087389849464,0.1421927407124764
4546,0.0034154579092290243,19.217846182068424,3.3564978863171273,0.5492984023386857,0.12819071143762267
4547,0.03278315094246354,19.858308562099854,3.288136450407195,0.48214361833444863,0.1131056790193787
4548,0.03267829953776741,20.517963822504683,3.208728544102085,0.41870495788243905,0.09829524232398919
4549,-0.015290387070377403,20.206622543929647,3.119486635461917,0.3610654967015406,0.08453555459889728
4550,0.0029306863972386045,20.26592867914718,3.0218298675729542,0.31004267057659524,0.07219883236899965
4551,-0.0010288469447716996,20.245088862671718,2.917409890745044,0.26566978688701703,0.061398479269423704
4552,-0.000198167867299326,20.24107733407968,2.80807021359726,0.22753901709102012,0.05209516296846625
4553,0.057442139552621556,21.43781053724627,2.695760493107767,0.19502865280646864,0.04416869698439467
4554,-0.031699811273455954,20.76889426292743,2.582428368902575,0.1674442759210895,0.03746379801289355
4555,-0.01588011984645831,20.44168665714103,2.4699105912117076,0.14410046067593113,0.031817440234367673
4556,-0.00208682748420897,20.39907286288458,2.3598410657790874,0.124363655016002,0.027073984016033923
4557,0.02077966427105695,20.82739351600654,2.2535868411263955,0.10767098565052013,0.02309257826578506
4558,0.016074789810180432,21.164894853132097,2.152215814357791,0.09353493416418629,0.01974991862878458
4559,0.06364905086237639,22.555816190060924,2.0564938148769754,0.08154029734745341,0.016940376728551452
4560,0.0021782549461779777,22.605002058474508,1.9669047963709643,0.07133739688960884,0.0145747653290421
4561,-0.0014251582547623635,22.57280929852957,1.8836862930563558,0.06263388245492432,0.01257850128362108
4562,0.0005633652760832951,22.585529618228787,1.8068725947543998,0.055186437834698496,0.01088960348560465
4563,-0.013053585061043222,22.292623383594,1.7363395172801213,0.04879306257946729,0.009456760512542364
4564,-0.019038116883912288,21.87222827715843,1.6718464855404287,0.04328622326885409,0.008237580619466528
4565,0.001763458189616708,21.91083306620026,1.6130734091714178,0.038526954171552434,0.0071970660976518825
4566,-0.024770599607849303,21.374755485178362,1.559651250979675,0.03439987324789209,0.0063063152667381436
4567,-0.011589496975586294,21.12846278215447,1.5111861878557926,0.030809025490061842,0.005541435828694087
4568,-0.009092446121721583,20.937224103876616,1.4672778758145781,0.027674445886845846,0.004882644955021476
4569,0.0037996982109949097,21.016930571209794,1.4275326394264507,0.02492933317516199,0.004313529346852375
4570,-0.0111005147031758,20.78492191450588,1.3915725043118705,0.022517733670525293,0.0038204396175284005
4571,0.0002779589136211595,20.790700071828898,1.359040960375055,0.02039264647735946,0.003391995955192233
4572,-0.012526378986763929,20.531892230007756,1.3296062438882839,0.018514474305554137,0.003018685147811036
4573,0.007769676828720608,20.692039738865116,1.3029627995372466,0.016849756437467646,0.0026925321724452977
4574,-0.0026976824676009353,20.636294411446062,1.278831454213207,0.015370131407971258,0.002406832410799119
4575,-0.00397012802228223,20.554528099489755,1.2569587162315914,0.014051486451486052,0.0021559330528802267
4576,-0.00003128631195173525,20.553885034171234,1.2371155126962747,0.01287325875109279,0.0019350543712126494
4577,-0.012373549362809986,20.301127501860954,1.2190955952550906,0.011817860129312213,0.0017401433121944528
4578,0.019817459843292615,20.70745719395473,1.202713779361849,0.01087020222669259,0.0015677532996269984
4579,-0.0029329425169930135,20.646812389667208,1.1878041320948163,0.010017303608090014,0.0014149453241086196
4580,0.008994807945521549,20.83336424307527,1.1742181859673209,0.009247963790171064,0.0012792063454151728
4581,-0.004164853726851567,20.746776765615955,1.1618232284863634,0.00855249204932685,0.0011583818032501424
4582,0.00027329514409283186,20.752447533822995,1.1505006972530418,0.007922481176322296,0.0010506196493712356
4583,0.030388069737589302,21.39275392161514,1.140144696304879,0.007350618200358045,0.0009543238100546783
4584,-0.02546371066823424,20.8548920668628,1.1306606396880141,0.006830525599129925,0.0008681153860052349
4585,0.007833235429404313,21.018894843864793,1.1219640217533156,0.006356627714620338,0.0007908002165784209
4586,-0.011213871074940103,20.784508313303718,1.113979309503333,0.005924038064521871,0.0007213416922228271
4587,-0.015761030056208127,20.459491084333003,1.106638949804989,0.005528464022722029,0.0006588379059501562
4588,-0.025973380687638378,19.93493072608815,1.0998824829272889,0.005166125976238393,0.0006025024014517191
4589,0.015804746419389386,20.252500193104613,1.093655753298576,0.00483368857998521,0.0005516479102214078
4590,0.004072454044079774,20.33514574029299,1.0879102083394014,0.004528202148392787,0.000505672579104646
4591,-0.018968739573664184,19.953049059646403,1.082602276525821,0.004247052563034889,0.0004640482781577062
4592,-0.006487935009031032,19.824014012241737,1.0776928163405808,0.003987918353091696,0.00042631065062430297
4593,-0.0028838098294876303,19.766927678401196,1.0731466283837325,0.0037487338327102213,0.00039205062544680797
4594,-0.014989764518836459,19.47283577808704,1.068932023576808,0.0035276573657424927,0.00036090716060569237
4595,0.00013806977923251507,19.4755245738404,1.0650204410640451,0.003323043981656427,0.0003325610247832209
4596,-0.0011263224409759896,19.453601202173513,1.0613861100636273,0.003133421692818398,0.0003067294570253037
4597,0.012526323225574702,19.69881591173597,1.0580057505352873,0.002957470967822661,0.0002831615705515527
4598,-0.007176594662081125,19.557951562366892,1.054858308099061,0.002794006902108648,0.00026163438870095614
4599,0.018945222370195396,19.932013458553577,1.0519247191595058,0.002641963699008833,0.00024194941905516533
4600,-0.006879875906839628,19.795354317388306,1.0491877026596168,0.0025003811342363537,0.00022392968674394905
4601,0.000251309050674196,19.800329694242002,1.0466315753103757,0.0023683927267866807,0.00020741716036661695
4602,0.017359639244937993,20.147057098640595,1.0442420875179868,0.0022452153810273894,0.00019227051431201924
4603,0.0017202615207725835,20.181745133415568,1.0420062775647687,0.002130140299800199,0.00017836317989603244
4604,-0.002619597708282461,20.128946266204146,1.0399123418949796,0.0020225249978169852,0.00016558164495885665
4605,0.0072744436592461345,20.27590703257903,1.037949519617338,0.0019217862694444407,0.0001538239676195048
4606,0.007030078054478838,20.418950455734574,1.0361079895652108,0.0018273939859188974,0.00014299847497158482
4607,0.00030253977998729556,20.42512893508379,1.0343787784568454,0.001738865614754231,0.00013302262178685792
4608,0.019441012639826612,20.82609912927742,1.0327536788747544,0.0016557613691302988,0.00012382198790584936
4609,0.003306357810345243,20.89507162583493,1.031225175938307,0.001577679907813965,0.00011532939604896926
4610,0.01700470497760296,21.253424360519226,1.0297863816793833,0.001504254517031584,0.00010748413436875312
4611,-0.01593644745164711,20.91740487005889,1.028430976249886,0.001435149714981519,0.00010023127025971673
4612,-0.010174374128279446,20.7056623674301,1.0271531551941033,0.0013700582275981451,0.00009352104380972554
4613,-0.0246760480297528,20.200980829727033,1.0259475821101895,0.0013086982909635578,0.00008730833086786669
4614,-0.004676708708493007,20.10672729670949,1.0248093461049899,0.0012508112415843165,0.00008155216706199638
4615,-0.003206636954820319,20.042355585432098,1.0237339235165372,0.0011961593607541098,0.00007621532526062868
4616,-0.008636598326068843,19.870003151428588,1.0227171434399989,0.0011445239435318528,0.00007126393996889665
4617,0.009629992818369243,20.06227544358395,1.0217551566467677,0.0010957035665815163,0.00006666717300229801
4618,-0.00441907630338677,19.973814319764628,1.0208444075337315,0.0010495125323318037,0.00006239691551609768
4619,0.012343147218767211,20.221881868084235,1.0199816087813218,0.0010057794696939914,0.000058427522100473865
4620,-0.012758283393585146,19.965524187777305,1.019163718435495,0.0009643460739868346,0.0000547355731968194
4621,-0.016003804530882137,19.64854305878519,1.0183879191609542,0.0009250659708109799,0.000051299662561746086
4622,-0.007491674776584482,19.50189257910306,1.0176515994412216,0.0008878036904364204,0.00004810020691302761
4623,0.007578803994611983,19.650255095560414,1.016952336526122,0.0008524337408531466,0.00004511927524504697
4624,0.008484860203380682,19.817694106775253,1.0162878809492295,0.0008188397690195735,0.00004234043560800172
4625,-0.0034048515847258562,19.750332542731186,1.0156561424572579,0.0007869138010531794,0.000039748617411719765
4626,0.011912433022578604,19.987013983353723,1.0150551772105159,0.000756555553166631,0.000037329987547027384
4627,0.02527396322307698,20.498602745342698,1.014483176128738,0.0007276718060807014,0.00003507183881994844
4628,-0.0020205110613615127,20.4572269060001,1.0139384542700134,0.0007001758364598207,0.000032962489370659264
4629,-0.015488522051273863,20.142815862574928,1.0134194411424375,0.0006739868996320109,0.00003099119190355391
4630,-0.0005686529335496458,20.131364847379984,1.0129246718586682,0.0006490297584850544,0.000029148051689964144
4631,0.0019837375176713678,20.171339827934844,1.012452779052913,0.0006252342539860541,0.00002742395242358303
4632,-0.008615867663499503,19.998292779102695,1.0120024854882146,0.0006025349132615852,0.000025810489112653227
4633,0.018914694705339127,20.380154394908367,1.0115725972892804,0.0005808705916086416,0.0000242999072843911
4634,0.02912309506260153,20.982414846027712,1.0111619977426993,0.0005601841451896711,0.000022885047857551647
4635,-0.006563299150060836,20.84515192205671,1.0107696416122494,0.0005404221315043443,0.000021559297109902946
4636,0.006694602246343921,20.98517008294611,1.0103945499222298,0.0005215345350316715,0.000020316541229884945
4637,-0.02281147621676098,20.511886051538593,1.0100358051664278,0.0005034745157033398,0.000019151124996928132
4638,0.018307918016139502,20.890874640010516,1.0096925469044933,0.0004861981781067239,0.000018057814183711956
4639,-0.003122165058904636,20.825751596506144,1.0093639677112318,0.00046966435952749746,0.00001703176131684209
4640,-0.03109409439542891,20.188157781887142,2.470189770782347,0.14415413193447563,0.00001606847447070556
4641,-0.03725789285702466,19.44982925218415,2.52335230437518,0.1547443214338202,0.000015163788803221157
4642,0.014188023325373241,19.727750799870805,2.5828290346715788,0.16753402448215907,0.000014313840572359481
4643,0.032208671462148904,20.373498965443154,2.7058825761493193,0.19772733270294218,0.0066994815542629
4644,0.05239486908966752,21.469425539284057,2.8692560485051866,0.2479680805766079,0.022477745435301056
4645,0.03969683215400212,22.338835973530617,2.9990947099087366,0.299592987922932,0.04114141273606933
4646,-0.013705433535427159,22.034761040969308,3.076572402194492,0.337314870239322,0.05695149842541289
4647,0.05314657530338517,23.23751106034379,3.10964801713051,0.35541809156161797,0.06727366678825979
4648,0.04697204008138903,24.35506580340067,3.1091184889722894,0.35511767774918257,0.07191953052548171
4649,0.01104071349809136,24.62545299429929,3.0830941050013085,0.34078100866680794,0.07193181350357335
4650,-0.0022719295557067022,24.569569205871954,3.0371421279721913,0.3173586965148721,0.06870462599749749
4651,-0.025654325341809944,23.947269947628936,2.9752289710525055,0.28912248423160336,0.0635222968607754
4652,0.06306455116077972,25.50613161780601,2.900451644734721,0.25925894513427955,0.05738616041072455
4653,-0.003865979294623391,25.407715800416973,2.8154804702379828,0.2299008700940624,0.0509956826327781
4654,-0.02077904111215465,24.88521516018642,2.722786092613806,0.2023293924358533,0.04479510856950502
4655,-0.015354747393700307,24.5060275823044,2.624723722457417,0.1772069818611893,0.03903737696645964
4656,0.03655344541698941,25.4183805615626,2.523530572267811,0.15478111605140782,0.03384335500840488
4657,0.013469890878752114,25.763079692102117,2.4212789121370664,0.1350408494949233,0.02924886486978787
4658,-0.028491006550431453,25.039421446785187,2.3198163434639367,0.11782786408465534,0.025238825574918855
4659,-0.005610946742985019,24.89932000500073,2.220714793727999,0.10291054992968231,0.02177051282730729
4660,-0.03177390211187932,24.12060831626059,2.125240120221749,0.09003073932498841,0.01878857539871567
4661,0.021536337428770935,24.645711985140743,2.034345946282615,0.07893143335622749,0.016234218505347647
4662,0.018732188369895725,25.111731258056974,1.9486893684708906,0.06937194351913259,0.01405046239424294
4663,-0.0021925589548927394,25.056732622722446,1.8686628223734254,0.06113505864947813,0.012184870973154885
4664,-0.02689737147659648,24.391755535600232,1.794435375491668,0.054029387758390765,0.010590717179071578
4665,0.040369834847759974,25.396592771309614,1.7259973219290612,0.04788894900587358,0.009227228412396378
4666,0.015278490306973433,25.787593713861533,1.6632034023861815,0.042571317700269715,0.008059325462468483
4667,0.0200075840163881,26.308737188084464,1.605811632492239,0.03795513590621489,0.0070571116882823135
4668,-0.01272263230844134,25.976141033933885,1.5535161983552195,0.03393745329417806,0.0061952659527100325
4669,-0.015060054271446367,25.58786997030993,1.5059739944853983,0.030431157896908062,0.005452426680987151
4670,-0.012513218027414397,25.26967832709373,1.4628251119576263,0.027362625698699766,0.0048106132442378565
4671,-0.0014049613898748335,25.23420033315133,1.423707991447237,0.02466964090487101,0.004254706015087497
4672,-0.02651046151683391,24.574019549329496,1.3882701229519199,0.02229959497519498,0.0037719919999629685
4673,-0.021640782033414026,24.047931557806624,1.3561751854190485,0.020207949300651902,0.003351774998735288
4674,-0.008730741525358656,23.838889158601365,1.327107442465172,0.01835693553467365,0.002985045230422682
4675,-0.0012659942675105902,23.808728357311853,1.3007740926251756,0.01671446386555127,0.0026642016742939438
4676,-0.019625884321999205,23.346016426141723,1.2769061445210954,0.015253209724884597,0.002382819999377716
4677,-0.015227535280030673,22.993207162480125,1.255258266283919,0.013949851628025148,0.002135459276128788
4678,-0.004558362474934457,22.888634311326225,1.2356079528214745,0.01278443589768396,0.0019175013153734895
4679,-0.010384864439918456,22.652168902534346,1.2177542668429095,0.011739847288532874,0.00172501725070742
4680,0.012851875203614568,22.94517052759166,1.201516339515482,0.010801367667120431,0.0015546567554765387
4681,0.016073034873075345,23.316948852834482,1.1867317622862055,0.009956307744651104,0.0014035560055871731
4682,-0.022649039156035656,22.794778020775414,1.1732549602240503,0.009193699349576779,0.0012692611391687378
4683,0.004421567057562068,22.89578981099139,1.1609556066796847,0.008504037858216303,0.0011496645167417762
4684,0.0024943319695586294,22.952970796017876,1.149717116817727,0.00787906619906642,0.0010429515541090276
4685,0.008267286118806106,23.14351613399719,1.1394352417018299,0.0073115933469436924,0.000947556292501062
4686,0.010893556950261523,23.39700956074761,1.13001677352241,0.0067953414669595395,0.0008621241961555727
4687,-0.018107353836010465,22.977164245149677,1.121378365002438,0.006324816894659774,0.0007854809362343395
4688,-0.005735570358547462,22.84575431866791,1.1134454610365319,0.005895200982965091,0.0007166061408696689
4689,-0.005838926117882552,22.712748331042924,1.1061513374842786,0.005502257539894866,0.0006546112722531067
4690,-0.013393281253965583,22.410578146654466,1.0994362402069577,0.005142254149968384,0.0005987209399892781
4691,-0.012806291509796354,22.125411610194245,1.093246616507462,0.0048118951389379844,0.0005482570813141664
4692,-0.005004264313342007,22.014966780501204,1.087534430815095,0.004508264324628187,0.0005026255381193592
4693,0.0042039692707325944,22.1077118364322,1.0822565565406728,0.004228776011393308,0.0004613046420779313
4694,0.004134454454394615,22.19930437623154,1.0773742363642644,0.003971132944575726,0.00042383548585363495
4695,-0.019816891937922874,21.76371344447667,1.0728526037038204,0.0037332901545718156,0.0003898136131050303
4696,0.011971974021517106,22.025833975777626,1.0686602586760647,0.0035134237960278768,0.00035888190497917273
4697,-0.01291640895566315,21.743168736300106,1.0647688924529382,0.003309904233080891,0.0003307244778216252
4698,0.02313432789948143,22.25204590142136,1.061152954505783,0.0031212727419520636,0.00030506143736991765
4699,-0.003357017646756839,22.17747063593087,1.0577893577953288,0.0029462213020900055,0.0002816443599310135
4700,0.006457558031148533,22.321146337362936,1.0546572174965236,0.002783575030105642,0.00026025239193232984
4701,0.026160978181727156,22.912794666062354,1.0517376193371573,0.002632276879925728,0.00024068887656268935
4702,0.013733815968852333,23.22964557709712,1.049013414075608,0.002491374290350493,0.0002227784306207251
4703,-0.007901834829879996,23.04681206602058,1.0464690350459829,0.0023600075095220694,0.0002063644066821304
4704,-0.012350537360185897,22.763922070191708,1.0440903360600207,0.0022373993663215696,0.0001913066857066217
4705,-0.0017080696674806686,22.725072893386177,1.0418644472769552,0.002122846292747692,0.0001774797535760074
4706,-0.013114882972407059,22.42898206409788,1.0397796469381162,0.00201571042998389,0.0001647710220690035
4707,0.006294815580552599,22.5706136746096,1.0378252471156277,0.0019154126750352567,0.00015307936066811398
4708,0.009657722729810882,22.789650398805975,1.035991491847363,0.0018214265452528233,0.00014231381054926795
4709,-0.011084745526385803,22.538427864767346,1.0342694662264895,0.0017332727553750176,0.0001323924562825118
4710,-0.011719339086988627,22.275834104235777,1.0326510151863775,0.001650514416410724,0.00012324143430091154
4711,0.018935923052295547,22.70166662657179,1.031128670873078,0.0015727527781861932,0.00011479406018148601
4712,0.017412115366024262,23.100412091582093,1.0296955876304723,0.0014996234480281587,0.00010699005931461537
4713,-0.034817064703901966,22.309963939990446,2.5251675063978585,0.15511939623795287,0.00009977488769004697
4714,0.05440124620212557,23.557273783843755,2.578462088616026,0.16655856407085984,0.00009309913135905038
4715,0.04155130255230498,24.556729749262928,2.638416917946396,0.18049764346461236,0.00008691797469397925
4716,-0.008080300108570682,24.35910351810317,2.76508911804145,0.2143987647807481,0.007770949188423407
4717,-0.038293949595970295,23.443931838142777,2.928612263548542,0.2700160079211327,0.02536609936129113
4718,0.07615286273980584,25.29899202211932,3.0553026864837673,0.32634305037352873,0.045838201820507546
4719,0.016514140048728712,25.720251918246912,3.129255446960459,0.36679909846024084,0.06293220294020156
4720,0.06005766090964767,27.312278278555258,3.1596743541869414,0.38550668391728266,0.07388587778870258
4721,0.028318343222583735,28.096772106813752,3.1574782098036844,0.3841108149798069,0.07860299601253065
4722,-0.06031763230062844,26.452140089759936,3.1305530686385836,0.3675704045505931,0.0782929376968954
4723,0.027622480152789227,27.192998877204992,3.084188962667215,0.3413677403480343,0.07451158862024664
4724,-0.028536400468938742,26.42797598524121,3.0221009734768374,0.3101702095971369,0.06866950081181684
4725,-0.07098522787478367,24.617016159274602,2.9471769802526193,0.2774222652426189,0.061854107731767714
4726,0.08821711668284044,26.88732629911681,3.0822451106959914,0.3403269982481523,0.054817143513561956
4727,0.026042506094298926,27.5967369803248,3.0376290942767534,0.31759518323323954,0.04803035548144096
4728,0.05233759548962256,29.079548775180413,2.999629602754231,0.29983338295389916,0.04175772115268071
4729,0.00007376605807045086,29.08169393798316,3.010375126769496,0.30471775434567705,0.043867999336961006
4730,0.024089993933053493,29.79077839721845,3.0459622204208556,0.3216794341189601,0.05143447424729461
4731,-0.0038838755241054207,29.67529912088701,3.0762652125331185,0.3371528128046533,0.05976611246056876
4732,-0.036735194858992,28.604951307481784,3.0875165103563984,0.3431596079352201,0.06576683322962114
4733,-0.03094823231604662,27.73323720993119,3.077221773123639,0.33765779999303525,0.06831963757648354
4734,-0.039548656398319726,26.657830551223277,3.0470654412889164,0.3222255016217056,0.06761324730087116
4735,0.006090258060820945,26.820679009836745,2.9996886905660483,0.2998599543522531,0.064422263022459
4736,0.002929837818985048,26.89937447571352,2.9377277862175073,0.2736202304470146,0.05963612691831339
4737,0.007951678460078073,27.11412232371375,3.0809190284269987,0.33961953725342364,0.05402723892318705
4738,-0.016751637662061145,26.663699563447516,3.041631634373731,0.3195480528574591,0.048174015934862896
4739,-0.024661592415554916,26.01417237941264,3.0071109651826884,0.3032228519200021,0.042464068374886935
4740,-0.005297924702149111,25.876715692058596,3.0188737628288926,0.30865657542447367,0.044857852068687476
4741,-0.004518533561636824,25.760054650644957,3.053580481184165,0.3254762460552827,0.052470464001967365
4742,-0.0021885797461374708,25.70373836559661,3.0823837483738656,0.34040107910310213,0.06069490664036927
4743,0.00046396737525400937,25.715666828615166,3.0922203135122186,0.34571499197240196,0.06652098773902648
4744,-0.04396629004845895,24.609538713076596,3.0807783032054616,0.3395445805611601,0.06889059345170745
4745,-0.07802712308330684,22.76233047028356,3.0497263843703903,0.3235478209629651,0.06802285077307378
4746,-0.004777811649516623,22.6538357326915,3.001649294513203,0.30074340863071714,0.06470304117396879
4747,0.017802314338652123,23.060737588449157,2.939133305361434,0.27418147565025913,0.05982046382190526
4748,0.01904481139115376,23.504133783063217,2.8646226268383583,0.246343991554898,0.05414268349152514
4749,0.05667257799634412,24.874641959151933,2.780466279633814,0.21899348700655832,0.048242055065061615
4750,-0.04693626824298748,23.734094980173907,2.6889647442006703,0.1932401974008226,0.04250054684192038
4751,0.038917054894593156,24.67596458116469,3.106859628854532,0.3538401739951213,0.037145626445565565
4752,-0.0799688828320816,22.77949509007626,3.0957537794925787,0.34765206621209943,0.032292166718228495
4753,0.0081186624901848,22.96518688696995,3.097295392772923,0.34850194227135667,0.027979383859800058
4754,-0.001328660407271175,22.934694214097053,3.1708029991775852,0.3926937139831435,0.04033917931599626
4755,0.035977749156693675,23.7748558280481,3.2631360436633967,0.4606961755019506,0.06427382215004537
4756,0.04283935015221288,24.81548601921678,3.3296385749530533,0.5212796756891038,0.08888568769498043
4757,-0.0006904215355212426,24.798358786440218,3.3627567192637167,0.5561667240807328,0.10697756168455334
4758,0.014972973555532836,25.17245765392116,3.367652454914225,0.5616339796005054,0.11625936336333742
4759,-0.038230370510608465,24.228268615900014,3.3501237027413167,0.5424394717859323,0.11753839680379301
4760,-0.0021845928136469445,24.175397486366467,3.314321641841392,0.5062843855951307,0.11288213849154319
4761,0.01722204559281302,24.59535315209936,3.263032950494412,0.460610746168222,0.10449206405069003
4762,-0.01569728157824306,24.212287379535283,3.1982644794830546,0.4112823536991946,0.09419653188739086
4763,0.06418898219494577,25.81741410254061,3.1216905033919082,0.36234787024145465,0.08331586574630802
4764,0.004922162334389645,25.9448048676218,3.0349331200574126,0.3162889270708065,0.07270446719860171
4765,-0.027468003188686894,25.241851445335655,2.93970896281676,0.27441177395544725,0.06285419175809294
4766,-0.009833895756965281,24.994842231531898,2.8378748003820817,0.23722161790136753,0.054002033117976876
4767,-0.050751011303569765,23.75798017808096,2.7313998625915983,0.20472170207966084,0.046219698428186774
4768,-0.04984392921933414,22.602817176150864,2.6222911545900462,0.17662924499559052,0.03948003999802228
4769,-0.02347827677128534,22.07832317911682,2.512497119073449,0.15252042249471098,0.0337026927272464
4770,-0.03748368989237881,21.266064487733445,2.403812143139643,0.13192170368037598,0.028783536652460168
4771,-0.02635692093086809,20.712878668855552,2.2977988423137603,0.11436358474322382,0.02461258981591321
4772,-0.03939318644311631,19.91279476787043,2.1957377724139295,0.09940942237762009,0.021084102805869365
4773,-0.006347191609380443,19.786804708502512,2.0986069763534254,0.08666858687477999,0.01810165057624759
4774,0.005283254566452544,19.89162007415659,2.0070881102333864,0.07580024852613965,0.01558016634846133
4775,0.01996069946643393,20.29265992692353,1.9215925730235486,0.06651192839251653,0.01344620810722575
4776,-0.02480440529505272,19.79550388525391,1.8423000213340512,0.058555408281657194,0.011637280254425508
4777,0.016687231213500096,20.12860759514941,1.7692022853207285,0.051721562219144486,0.0101007144755175
4778,-0.00898641722763922,19.94853384982167,1.7021472507357163,0.04583500298009913,0.008792405227776029
4779,-0.03221229018233038,19.316185264596974,1.6408790808535358,0.0407490185635805,0.0076755630659509095
4780,0.01457574698192889,19.599794984315235,1.5850727921163497,0.03634102035496248,0.006719567966270272
4781,0.005580176987659066,19.709471030529794,1.5343624653035781,0.032508577869863435,0.0058989568983175596
4782,0.017539032305997154,20.058205371413028,1.4883632302612382,0.029166034444863216,0.005192552869092741
4783,0.032484317295958944,20.7204810285925,1.4466876596454514,0.026241657899759248,0.00458272844036548
4784,0.006042548793082479,20.84606458649922,2.40926037577787,0.13288727655228272,0.004054790106446885
4785,-0.009349053037209745,20.65208181359564,2.440014911177491,0.1384642957322522,0.003596467657855107
4786,0.014347143803859352,20.95051592061358,2.479961312084744,0.14604509646868152,0.003197492752306405
4787,-0.03970122364388513,20.135049419402506,2.5859251053717927,0.16822925483612045,0.008417909569586544
4788,-0.010627071419810587,19.92220576664544,2.726254261665001,0.2032887188209369,0.01961407889059843
4789,0.09306149051542888,21.865202972294984,2.8428108735361968,0.2388733394645115,0.03268670472867366
4790,0.0010858405320913068,21.88895799067157,2.9152962838604886,0.26485983066561414,0.043836167688535016
4791,-0.0460714255488256,20.903380300989088,2.9467537844806095,0.2772505263910112,0.05122858536760496
4792,-0.03839095714087833,20.116088658077803,2.945378310248972,0.27669329141735616,0.05465974627499894
4793,-0.03046373299609215,19.512517694014704,2.918466426607376,0.26607584921142224,0.054791820948941666
4794,-0.04866595726230071,18.585658508578412,2.8715972282377424,0.24879377405039743,0.05256497927118504
4795,0.014570277958445628,18.858439138118417,2.8090555940514106,0.22785139067140095,0.04887207464440972
4796,-0.04264955900616853,18.071045374877343,2.7343240773455406,0.2055412502880122,0.044426334349678895
4797,-0.008210148370858246,17.92328680103048,2.6504123310450103,0.18343517457331493,0.039737886503938814
4798,0.05457097800857653,18.92855794389895,2.5600284159946414,0.16250616678719498,0.03513952674947208
4799,-0.014415501450809763,18.657650613252468,2.4656396230941016,0.14328181747461688,0.030827746185574028
4800,0.01926524852469253,19.02057962297183,2.3694694264816145,0.12598378546744,0.026902701207391033
4801,-0.02589525837379832,18.53435936863458,2.2734673768092897,0.1106379942988738,0.023400939557396982
4802,-0.013783807997839119,18.280637958438525,2.9565618475804105,0.28126657670750477,0.020319751033850912
4803,-0.017455290020019772,17.964312925359756,2.9636331916512257,0.2842091973371643,0.017634139182323885
4804,-0.01512323061026278,17.6946784891496,2.9840571448584923,0.2929382988645762,0.01530804081977971
4805,0.11932310266717357,19.937194284048292,3.082383241904772,0.34040080843129045,0.02796378097987845
4806,0.03417225888908519,20.630267748563398,3.199221627418098,0.4119532387582993,0.05226675943933645
4807,-0.02268563878895229,20.167525592234828,3.2828273834489625,0.47746400185230164,0.07777545034668558
4808,0.060050096189794365,21.415688544749443,3.326467217267859,0.5181189268540198,0.09714719942961066
4809,-0.02707594343142852,20.843618194018475,3.3377168617557893,0.5294676989557701,0.10785355292052498
4810,-0.11378242979730455,18.60193094862938,3.32408323509366,0.5157624479285632,0.11052407946444183
4811,-0.0828702433443625,17.122530107185366,3.290720726693274,0.48444684898524965,0.10712669851767867
4812,-0.025982061377596392,16.683381180504085,3.2409970227882923,0.4428830498835874,0.09982198084578667
4813,0.0111473221407611,16.870396629061,3.1772692564269693,0.39695901850670917,0.09043328842176687
4814,-0.022724879709841318,16.491342190737804,3.101434805051426,0.3507983867278036,0.0802947441625331
4815,-0.030138613431818187,16.00173116261689,3.0152648000893985,0.30697564181807757,0.07028245038050801
4816,0.027046611503021848,16.440429680228263,2.920577721261253,0.26688967224745763,0.06091166189137773
4817,-0.013659013564513822,16.21739630375248,2.8192987235251112,0.23112942618604057,0.05244132041320358
4818,0.008865803749307604,16.361815808222076,2.713439466957357,0.1997697841980085,0.04496229404064205
4819,-0.06377339148171134,15.350943289909887,2.6050283809732964,0.17258720812827213,0.038463468778918986
4820,0.03954902374194795,15.970223354333106,2.4960185371486414,0.14920581544060846,0.03287754251151257
4821,-0.008811215733209615,15.830124398522505,2.3881963191535918,0.12919032903789557,0.028110855159155602
4822,0.04373979892936806,16.53789693376251,2.2831078592411247,0.11210149683666067,0.02406170693214641
4823,0.0015194571726537423,16.56304466048768,2.182012625134103,0.09752647142733538,0.02063086050151494
4824,0.026627380562100195,17.009999362492195,2.085866250028947,0.0850932895921224,0.017726990681139698
4825,-0.04452250873203356,16.26928314277579,1.9953291389526653,0.0744757524758447,0.015269017399653851
4826,0.04376757898779503,16.997162853964667,1.9107942193780074,0.06539285606706835,0.013186614657667786
4827,0.01630075631019422,17.276499981530907,1.8324262966490599,0.05760539736403276,0.011419724940479603
4828,0.02441694818588215,17.703531574865096,1.7602061920623144,0.05091135103830936,0.009917591383208992
4829,0.03649541761935541,18.361563899949164,1.6939744178403475,0.04514094010117761,0.008637611042185432
4830,-0.003454856515609271,18.29823678730605,1.6334709384795645,0.04015190107612129,0.007544179452620948
4831,0.01917822608194951,18.65255121057168,1.5783691726070583,0.03582518644448258,0.006607614427753439
4832,0.027987569653553205,19.181964728452495,1.528303615759835,0.03206119605516859,0.005803198017994936
4833,-0.02152199627030755,18.77354136307779,1.4828912827532017,0.0287765450561102,0.0051103475399799075
4834,-0.0058083992168826756,18.664813214058682,1.4417476359861827,0.025901332616757235,0.00451191154675253
4835,0.006861888849091549,18.79332951574033,1.4044978727807327,0.023376856555349722,0.003993579341556485
4836,0.007339660539937579,18.9317736196591,1.370784479241426,0.02115371351153718,0.0035433898610422797
4837,-0.007109842299101363,18.797649062005345,1.340271892292268,0.019190226134741778,0.0031513254501275498
4838,-0.017501302185055245,18.471527822663877,1.3126489973303008,0.017451144101740267,0.0028089770071057195
4839,-0.015088552105988542,18.194911331760064,1.2876300598938784,0.015906572457588045,0.0025092684864847095
4840,0.0005207810877696385,18.20438936525137,1.2649545653704557,0.014531087601823138,0.002246230412122505
4841,-0.0010404451010827863,18.18545854746416,1.2443863308166518,0.013303007614039642,0.0020148136654687234
4842,0.027814626813844712,18.698380589762873,1.2257121610195574,0.01220378926700557,0.0018107362739850166
4843,0.012018784399619535,18.924468323007158,1.2087402470292712,0.011217528938704625,0.0016303571963348974
4844,0.008179898564454363,19.07990340920606,1.1932984477725173,0.010330548733571787,0.0014705721806483702
4845,-0.015798131348318444,18.78084509024855,1.179232551529174,0.009531052531094236,0.0013287276738322023
4846,0.023993420203451726,19.236911212366795,1.166404581426676,0.00880883948724365,0.001202549504393274
4847,0.009344030322914776,19.417503911910625,1.1546911853006634,0.008155064812376584,0.0010900836712480872
4848,0.007078617432254318,19.55544061821553,1.1439821332447646,0.007562039522971095,0.0009896470682290263
4849,0.0022620246078904577,19.59972557405907,1.1341789342588044,0.007023062388445103,0.0008997863779715605
4850,-0.011454582903890745,19.376499812309902,1.1251935752794804,0.006532278532022453,0.000819243696428283
4851,-0.003502510234169977,19.30875213613777,1.116947380515943,0.006084560149488612,0.0007469277146120411
4852,0.008150870492490908,19.46677842518492,1.1093699856360826,0.005675405625725645,0.0006818894991022842
4853,0.027970436813981876,20.01895908908865,1.102398419375192,0.00530085399213744,0.0006233020870160425
4854,0.005193479775172987,20.12319759422663,1.095976284137063,0.004957412207731064,0.0005704432524073733
4855,-0.006609462770218427,19.99063264305583,1.0900530268151436,0.004641993186386981,0.0005226809157780084
4856,-0.0023676332542687337,19.943358142859474,1.0845832911524353,0.004351862851839302,0.00047946076168806626
4857,-0.033214739966930154,19.29182484024598,1.0795263433229632,0.004084594795495407,0.00044029570547831747
4858,-0.006748520810929415,19.162071871574984,1.0748455629423916,0.003838031352851152,0.0004047569121741143
4859,-0.004967239929603722,19.06712526953875,1.0705079923232532,0.003610250111887323,0.00037246612140315533
4860,-0.016441305541331646,18.756199851081874,1.0664839374289035,0.003399535029508234,0.00034308907376872863
4861,0.012780504890441276,18.99745193284992,1.062746614615485,0.0032043514662901985,0.00031632986830128836
4862,0.006016481110126844,19.112094269451923,1.059271837861191,0.0030233245607823645,0.00029192610875244983
4863,-0.02153525066117824,18.704910665591942,1.0560377417542632,0.002855220456578917,0.00026964471971588615
4864,-0.007071251349802879,18.573110087504915,1.0530245360387447,0.0026989299717889628,0.00024927833276276246
4865,0.00769384389098302,18.716559829420753,1.0502142879974796,0.00255345436415061,0.000230642158696002
4866,-0.008476739121995407,18.558574978668442,1.0475907293852964,0.0024178928981306706,0.00021357127524992078
4867,-0.006507919023627068,18.438189430104753,1.0451390850135316,0.0022914319647633023,0.0001979182705701988
4868,0.013197264148449598,18.68313584254918,1.0428459204328357,0.002173335542213636,0.00018355119199471557
4869,-0.0017303898716408697,18.650834688371567,1.0406990064678494,0.002062936816336076,0.0001703517573370614
4870,0.003366643713767744,18.713731219429874,1.038687198628381,0.001959630806839889,0.00015821379231178542
4871,0.00824552084877973,18.868673592784297,1.0368003296606636,0.0018628678669053095,0.00014704186314662185
4872,-0.027129229160610963,18.36366228018298,1.0350291137124925,0.0017721479428936203,0.00013675007797673525
4873,-0.01360623031920436,18.115494206271354,1.0333650607707492,0.0016870154967272904,0.0001272610344530102
4874,-0.02235676846229355,17.714984035249156,1.031800400191899,0.0016070550070464355,0.00011850489423883781
4875,0.00560143001367577,17.81449171097728,1.0303280122881893,0.0015318869767612447,0.00011041856781532191
4876,-0.03893494291613814,17.13421470189839,1.7967205636920456,0.054241002110048786,0.00010294499534407136
4877,0.059279247959317494,18.180626919474793,1.8293745807454174,0.05731352171971482,0.00009603251131667317
4878,-0.028558721966746473,17.668755437519394,1.8648481461491793,0.06075784337699883,0.0000896342824061229
4879,-0.001360205059520314,17.64473864456241,1.9272419159919205,0.06710203591624052,0.0011670318818988443
4880,-0.00003402371296094695,17.644138315252263,2.025364522445516,0.07789016257183273,0.004206669395452373
4881,-0.011869133740631619,17.43595559611412,2.1302756325215895,0.09067718634211791,0.008520041769686838
4882,-0.02619802514903416,16.985099548236136,2.214582887335582,0.10204194404099494,0.012903491680857701
4883,0.005948201307138677,17.086431411963765,2.2676239043476993,0.10975883708471461,0.016472864730149465
4884,-0.0038361952123771225,17.021010090295533,2.2898195741224496,0.11313013129540998,0.01884581910507476
4885,-0.004060156150041017,16.952042236369454,2.2858255460868078,0.11251703785033108,0.02001717712234965
4886,0.07404843924091216,18.254958682107418,2.2610965204838394,0.10878377109533985,0.020181894652009126
4887,-0.025013365770612406,17.804004180500883,2.2206713139768177,0.1029043697967656,0.01960157195664947
4888,-0.00259864654067339,17.757797929486692,2.168880065427037,0.09575124299815177,0.0185278894444238
4889,-0.016590681232097004,17.465614428265063,2.1093479231851946,0.08801312019190652,0.017168845778471532
4890,0.02123025803413254,17.84037801701216,2.0450655969153466,0.08018675168330644,0.01568053039051908
4891,-0.010073864828562932,17.661558673579595,1.9784609142098866,0.0726026709862593,0.014171511084475386
4892,-0.022005785527665855,17.2771473505101,1.911461301917203,0.06546165288346524,0.012711952000241715
4893,0.011512458385268678,17.47719912475001,1.845551185171555,0.05887012812872636,0.01134332249024995
4894,0.0022258815413534997,17.516144627634553,1.7818285494461286,0.05286980065839193,0.010086876074060759
4895,0.03205581103503123,18.086735364741525,1.7210620261413112,0.047460398291605,0.00895034209988536
4896,-0.02715093207355398,17.602270242095774,1.6637474747088499,0.042616164189665136,0.00793287682066917
4897,0.02134961323341799,17.982112215663214,1.6101619585292044,0.038297278807668984,0.007028556330392944
4898,0.030886549633575806,18.54618388900104,1.560413022046712,0.03445745286668619,0.006228744250249408
4899,0.002359055444046093,18.589987011754047,1.5144817869829592,0.031048763852656903,0.00552363625987441
4900,-0.00683292565361486,18.463395998623902,1.4722591732626908,0.02802458038423155,0.004903225689698066
4901,0.007027175912049998,18.593598472287603,1.4335752528239383,0.025341201995169635,0.004357874846973636
4902,-0.002451836032396655,18.548065859641447,1.398222247533691,0.022958662427423122,0.0038786256415052635
4903,-0.002694361499532376,18.498157930292678,1.365971971869347,0.020841006699295117,0.0034573429896714992
4904,-0.004583546513097071,18.41356477943408,1.3365886339661674,0.018956251271882486,0.0030867547032378743
4905,-0.0238159190037048,17.9802096701544,1.3098378984651182,0.017276165158690935,0.002760430266966486
4906,-0.0011718881766209243,17.959151216515203,1.285493031398863,0.015775960498601284,0.002472726082969492
4907,-0.023774954308039175,17.537208921324325,1.2633388298086667,0.014433947797979803,0.0022187146680191536
4908,-0.026644541662778985,17.0761082149035,1.243173912951316,0.01323118897998633,0.001994108552391905
4909,0.021646459588223,17.449775194262692,1.2248118332329438,0.012151167041125583,0.0017951852123699323
4910,-0.015752629522254254,17.177049066823873,2.6497306687614346,0.18326684505766508,0.001618716528575469
4911,-0.06497861409558123,16.09639802970672,2.698068061576793,0.19564018803087582,0.0014619044760194972
4912,0.007073338671995581,16.210656923913426,2.7545213770436057,0.21130688371979797,0.0013223236592532408
4913,-0.08975758535533333,14.819016807807667,2.8850535480385364,0.2536068272232626,0.011503956122774264
4914,0.07189336566155642,15.923637509194457,3.042505741075519,0.3199767082733936,0.03290438531940596
4915,0.050601867556444684,16.75013819411562,3.1585377451154155,0.38478334576245754,0.05681972218505753
4916,-0.021651575305018777,16.391369287157445,3.2233414392027506,0.42940518873321804,0.07614062924024942
4917,-0.030570155470909136,15.897864274665913,3.2475458721962536,0.4480431010637877,0.08798984635872867
4918,-0.013847936256641203,15.679228981254996,3.241650689106595,0.4433940910025468,0.09252838629861894
4919,0.01988701248906804,15.994163174480155,3.2128060907326224,0.4216507644460872,0.09132375083431635
4920,0.01664129399100729,16.262553735306174,3.165643451703996,0.38933776982877355,0.08625452563144159
4921,0.012825197836585724,16.472467419243426,3.1033464936334605,0.3518661019054181,0.07897224432187021
4922,-0.006895148598874133,16.35927798602601,3.028382154978721,0.31314505472071164,0.07072261085309574
4923,-0.012790771276577956,16.151362735897973,2.9429290674216366,0.2757046392358732,0.06234919639157091
4924,-0.015318887373699972,15.905827295689184,2.849097565417974,0.24099752201273844,0.054368535076129654
4925,-0.0022254370045898895,15.870469237195401,2.749010991857764,0.20971539083965762,0.047059035275913444
4926,0.014203179066108454,16.09748873655517,2.6447975291895274,0.18205370392431441,0.04053908716190661
4927,-0.036449640894334584,15.5213056761462,2.5385305884816796,0.15790928393943943,0.03482707741061268
4928,-0.013773144929973263,15.308993939997986,2.4321486304166933,0.13701700220448704,0.029883852167371557
4929,-0.02287456384902499,14.962782197970277,2.3273782511984606,0.11903871142560016,0.025640955596364933
4930,0.0006116542424518353,14.971937046696162,2.2256763175928844,0.10361776121339525,0.022018391300002427
4931,-0.012662519972907741,14.783549840341907,2.1281986592728908,0.0904101280455305,0.01893513994254377
4932,0.03832839668685272,15.361178683947259,2.0357957246832696,0.0791004075568652,0.01631490885772233
4933,-0.028557296659871383,14.928709414026208,1.9490307208173476,0.06940845461095009,0.014088879435251259
4934,-0.007665622957517703,14.81470905653279,1.8682133634854217,0.061090543627639736,0.012196650566458439
4935,-0.0026622365333060297,14.775321249944458,1.793442065482628,0.05393754134464908,0.010586159580713584
4936,-0.022961337430992497,14.439925417089484,1.724648448993714,0.04777163656358296,0.009213072148181088
4937,-0.014555480102182555,14.23126761115064,1.6616397382923276,0.042442545047088324,0.008039938827921207
4938,-0.017208218438558593,13.988467916049297,1.6041363070881562,0.03782370688755114,0.007035290587916409
4939,0.005320307987846651,14.063089201734845,1.5518030985661118,0.033808745014111734,0.006172766944925086
4940,0.01229686052266672,14.237088679246208,1.504274683865615,0.030308304399861794,0.005430322500910474
4941,-0.03491491875352794,13.748579636951828,1.4611743858882478,0.027247305801048304,0.004789529568182605
4942,0.015072185911103562,13.957370298507353,1.422128243387495,0.024562601434964297,0.004234978880939822
4943,0.00931025944906464,14.087923837834182,1.3867747160859192,0.022200997277200447,0.003753772254895472
4944,-0.02682812782336654,13.714996060960905,1.3547710174037897,0.02011759774321652,0.003335097394778675
4945,-0.03412689573050212,13.254842289122749,1.3257968708628676,0.018274427285259562,0.0029698739348582707
4946,0.037947958671907527,13.767502174849243,1.299556363151626,0.01663928617491336,0.0026504600530246687
4947,-0.006142241879453365,13.68319801971757,1.2757784383970399,0.015184802272549125,0.002370409923157472
4948,0.0014088509090688438,13.702489191688342,1.2542164593575793,0.013887645671703305,0.0021242734590015493
4949,0.022853157968642977,14.019239933539252,1.2346471588557366,0.012727878086543357,0.0019074310325014681
4950,-0.01809044195255543,13.767905913399531,1.2168692206604022,0.011688413401392293,0.0017159570060012257
4951,-0.02680630438319658,13.4037419877041,1.2007016623317734,0.010754569795102028,0.0015465069496365643
4952,-0.008741129403806143,13.287088727876972,1.1859821410920177,0.009913697269365798,0.001396224306869171
4953,0.015394337072745892,13.493217185171494,1.1725652650038858,0.009154867283123497,0.001262663025527464
4954,-0.005445368698749318,13.41994133075274,1.1603209631031361,0.008468613583790682,0.0011437233011022314
4955,-0.003217618792944785,13.376830469679224,1.149132947397218,0.007846715296372521,0.001037598099094737
4956,0.018721404688595088,13.629622453468425,1.1388972849328092,0.007282014948363045,0.0009427285501252242
4957,-0.0012775906572843247,13.61222049381711,1.1295210879327462,0.006768265430635127,0.0008577666604445592
4958,0.012244632724522659,13.779921759233625,1.1209213231199475,0.0063000009738003425,0.000781544064913929
4959,-0.006812720310756652,13.686362066260601,1.1130237368695781,0.005872428099583178,0.000713045780997016
4960,0.01742899661083521,13.926992506565709,1.105761890072336,0.005481333224254626,0.0006513881105800408
4961,0.04629182732855091,14.586853696689154,1.099076295039224,0.005123004176383382,0.0005957999895702283
4962,0.0028172410010686116,14.628006320210698,1.0929136460554405,0.004794163368902066,0.0005456072098516329
4963,0.005867105985278751,14.714082646191896,1.0872261350253145,0.004491910755973119,0.0005002190397054357
4964,0.002852014121689837,14.756107316677719,1.0819708438460354,0.004213675024793526,0.0004591168516190467
4965,0.002069975721087621,14.786683735865864,1.0771092055670068,0.0039571717345994045,0.0004218444340670993
4966,-0.03015596575373245,14.347433304703905,1.07260652693763,0.003720367330480978,0.00038799971921783355
4967,-0.014135397984883917,14.146053271463778,1.0684315655531764,0.0035014481368958322,0.00035722770391694345
4968,0.03246571423679773,14.612851462288411,1.0645561554320726,0.003298793582009807,0.0003292143785970924
4969,-0.01164744997869282,14.443636380948872,1.060954875469707,0.0031109530248935053,0.0003036815094638871
4970,0.009885150957777743,14.587121926690354,1.0576047557961838,0.0029366256577694023,0.0002803821446370261
4971,-0.037425812946563414,14.051276794557378,1.054485017608127,0.0027746430386792597,0.0002590967358641953
4972,0.00874622703417335,14.174711458460932,1.05157684254278,0.0026239538791606684,0.00023962978477306838
4973,0.00592317405297996,14.258919885969435,1.0488631681147773,0.002483610769255464,0.0002218069370305707
4974,-0.004253227017658987,14.198402251516745,1.0463285061428016,0.0023527585704343746,0.00020547245976393515
4975,-0.011271655936734995,14.039261322290171,1.043958781457057,0.0022306242474550812,0.00019048704759265546
4976,-0.003463089971860605,13.99072618647047,1.0417411885019754,0.002116507944119238,0.00017672591097279755
4977,0.0060466214033757714,14.07557908903687,1.0396640637351577,0.002009775136459844,0.00016407710754996958
4978,0.0035639300332142476,14.125832965545026,1.0377167719766671,0.001909849720978646,0.00015244008308755132
4979,-0.0033956660518964107,14.077947701284224,1.0358896050858073,0.00181620791590893,0.00014172439347358583
4980,-0.015771562825807786,13.857658185876886,1.034173691538676,0.0017283728707163646,0.00013184858347000764
4981,-0.004788885366487367,13.791454097794881,1.0325609156520854,0.001645909893677257,0.0001227392013808576
4982,-0.009308988482667192,13.663665325362148,1.0310438453506277,0.001568422219810143,0.00011432993178843318
4983,-0.016910613265921443,13.434547090213677,1.0296156675062664,0.0014955472520320199,0.00010656083102608708
4984,0.03668311246115452,13.936518744700638,2.5268713124279705,0.1554722943055828,0.0000993776521966268
4985,0.0631901955795298,14.845589805615084,2.580186897032214,0.16694312375296483,0.0000927312483665903
4986,-0.057313299278262855,14.01866336143589,2.6401672540530488,0.18092305016278462,0.00008657704411947544
4987,0.0043453606494794255,14.07971205279465,2.76692704313038,0.21494190995998064,0.007800648581782006
4988,0.005152279348411531,14.152441863696918,2.930462791002726,0.2707427251847456,0.025456833554048416
4989,0.00007150067641893478,14.153453809040112,3.057071134475393,0.32723642413856774,0.04599202833556499
4990,0.057954127215748094,14.997939229521775,3.1309277815476655,0.3677935624284151,0.06313204140143511
4991,0.06879790920388232,16.06608801650117,3.161274824650871,0.3865285474025292,0.07410933672582021
4992,-0.033663378604093006,15.534251149029261,3.1590359573736286,0.38510016741575337,0.07883045534949211
4993,-0.0005812593045833212,15.525224344720307,3.1320910398379445,0.3684875610870248,0.07851042083745269
4994,0.005690743191426799,15.613826275762237,3.085721827486428,0.34219155999627693,0.07471073497157096
4995,-0.019165905686757363,15.317422649083046,3.0236356313429686,0.3108935090687154,0.06884638575113015
4996,0.052798524417315126,16.147890794545937,2.9487136917575487,0.2780470471952721,0.06200785991866677
4997,0.027571571408397434,16.59930806381628,2.8634566748529866,0.245937391952737,0.0549487625881856
4998,-0.016175355760225142,16.332968228424022,2.770212564155768,0.2159168949722447,0.04814183941456266
4999,-0.02536566549100296,15.92388192719135,2.6712609196300567,0.18866694119865324,0.04185148239223094
5000,0.018516320632938458,16.221480341820296,2.5688081405201224,0.16442325291281257,0.03619960473710082
5001,0.05011533879801984,17.055140429746537,2.464935244141561,0.14314724234441237,0.03121731798345163
5002,0.025519613884468825,17.49598215900267,2.3615299590722643,0.12464646210143743,0.026882102537750453
5003,-0.03155015611666161,16.95259818853346,2.2602257685391685,0.10865425057028787,0.023142913702876616
5004,0.0020482864720803174,16.987357552484447,2.722583468126024,0.20227350576076225,0.019936242417389727
5005,-0.032877530501296236,16.437936480125664,2.7082451101819562,0.19836330293542526,0.01719582933022091
5006,0.01789102560730852,16.73467458194242,2.707698122863063,0.19821585262799735,0.014858142090049093
5007,0.023800706517584647,17.1377493652219,2.7758687541468943,0.21760764135743627,0.019955462489464816
5008,-0.00845934347273956,16.99338672446062,2.8740217914844632,0.24965249469016762,0.030983919767861762
5009,0.029809244025488995,17.507572404858895,3.294455863620274,0.4878055982564479,0.043274811435976286
5010,-0.0728625620510609,16.27729080303037,3.334434636409871,0.5261169144569862,0.053184279935802936
5011,-0.0359916161303528,15.701862219159587,3.3635926163155005,0.557094247390267,0.059160280147787424
5012,-0.10190305693278105,14.180620246323615,3.4269415366977145,0.6352601938846637,0.08487139282436258
5013,0.010650769109573901,14.332461938406269,3.4867285711847975,0.7267291042066114,0.11998337089224431
5014,-0.04420021404017762,13.712760410265084,3.522943139111301,0.7932837820667856,0.15056041791635158
5015,-0.019874244198200476,13.442919980403676,3.5351874634698617,0.8181322353292899,0.169362368966331
5016,-0.028189965472927757,13.06925606154676,3.5275743522294336,0.8025308418871933,0.17543397885877735
5017,-0.00894235392841953,12.952907140205992,3.503548932172638,0.7564337437511262,0.17115366288326994
5018,0.06504404804925899,13.823420627983898,3.465307555016234,0.6916053082883242,0.1598891423318099
5019,-0.08471893089474172,12.700550890102933,3.4141904909958454,0.6181677970113124,0.14474302171535797
5020,0.031884726165660474,13.11202956000638,3.3511123525639017,0.5434944774770358,0.12808605649544294
5021,-0.09850452769701103,11.882010910441696,3.2768809860983312,0.472304200759395,0.11151399951555704
5022,0.014752347205223426,12.058597793832224,3.1924090846637307,0.4072128059571185,0.0959801243482041
5023,-0.0029586302171802983,12.022973587435672,3.0988368356974023,0.34935463168676123,0.08196968150933356
5024,0.03670177310479695,12.472435610955753,2.997578501775623,0.2989129580691358,0.06965717472260877
5025,-0.044238528161619314,11.932699992752882,2.8903039391872163,0.2555164435479774,0.05902770123424231
5026,-0.06972065751283317,11.12908411989931,2.7788688957827623,0.21851079990174876,0.049962194469977836
5027,-0.025336997615441354,10.850648794955855,2.665212276604508,0.18713225864504524,0.042293213450325905
5028,0.009031517708553927,10.949090491517,2.5512411282881633,0.16061069497941033,0.035839137481820244
5029,-0.048065162798277467,10.435268071810015,2.4387230217693805,0.13822560396040734,0.03042360737647625
5030,-0.042338836085228544,10.002673365278826,2.3292008362982837,0.11933219131077888,0.025885434641814
5031,-0.04559131603345455,9.55687774263384,2.223938152581429,0.10336955503776826,0.022082666283259948
5032,0.013835193827875469,9.69001788471028,2.1238965630259004,0.08985884313808887,0.01889327035418445
5033,0.001913882898019369,9.70858120256324,2.0297408372619667,0.07839634932830017,0.016214017384922983
5034,0.03507386736041752,10.0551407571307,1.9418648135718737,0.06864452975072578,0.013958521817909292
5035,-0.000039281706221877634,10.05474578180316,1.8604300445333994,0.060322639299664,0.012055006127360544
5036,-0.0026306527298449785,10.028329997975113,1.7854100031717957,0.05319788342063414,0.010444096191367658
5037,-0.0006140846515129568,10.02217364489748,1.7166342979898024,0.04707749818780026,0.00907680132408977
5038,-0.012604199514161767,9.896644925074108,1.6538292097830585,0.041801893483803115,0.007912741329847197
5039,-0.033806749471062304,9.567663753528729,2.71705195758135,0.20075465655775676,0.006918632156841811
5040,0.021876601356538287,9.779277979852399,2.7480111890034076,0.209428132302394,0.006067015463644334
5041,0.008639444686707574,9.864131527010404,2.7899087762237036,0.22187279037996666,0.005335205581663542
5042,-0.03167446782648255,9.556586780564063,2.909011938288722,0.2624701413268894,0.01551076602145584
5043,-0.018417315907905296,9.38219098359205,3.0519079759109244,0.32463747037884727,0.03590292781336773
5044,0.04154349192393398,9.78016942979644,3.1575590682487533,0.384162079547287,0.05824453715578484
5045,0.024528650706860108,10.02303013590735,3.2162094212676626,0.4241329536364252,0.0760414355853578
5046,0.03917187331174663,10.423442249644047,3.2366801149968407,0.43953003693613657,0.08673347372714853
5047,-0.027412659875355044,10.141588798686083,3.22827308965724,0.4331078247616555,0.09054787950927648
5048,-0.042202149061775725,9.722497433653524,3.197542816979286,0.4107775835541173,0.08899104049340947
5049,0.06007009778310012,10.324426792811764,3.1488544897457897,0.3786992583272858,0.0838403792475164
5050,-0.006486078093042726,10.25767845583477,3.0852885031972743,0.34195839515839255,0.07665047992816341
5051,-0.02294744390868048,10.024971184952836,3.009286715920115,0.304218195345925,0.06859068829435781
5052,0.060583670990863696,10.651095703919166,2.923037288136915,0.26784176466195864,0.060450999369621186
5053,-0.012424143868719904,10.519583612776986,2.8286704230604367,0.2341788074503804,0.052713606207290854
5054,-0.021570539683681365,10.295100333791188,2.728325457330161,0.2038641255295084,0.04563684312184966
5055,-0.009584748682223478,10.196895769284056,2.6241348136233205,0.17706692810875477,0.03932875143374935
5056,0.03022814631555455,10.509834984337402,2.518161245479161,0.1536767655233245,0.033803558802521574
5057,-0.011582493499764703,10.388807144063628,2.412318170179504,0.1334321030498139,0.029021629760844422
5058,-0.005474406799737014,10.332089975666124,2.3082957984471486,0.11600395009182772,0.02491602969752834
5059,0.00806772209871366,10.41578356062667,2.207507638221306,0.10104709486932714,0.021409228780695667
5060,-0.03189287939332245,10.08883560028766,2.111063771277002,0.08822932355118165,0.018422987005362806
5061,0.013826350601308043,10.229296169370054,2.019770482948885,0.07724638539381207,0.015883749485345603
5062,0.0021030080196489695,10.250831097375977,1.9341513085136095,0.06782815065522649,0.013725213963252048
5063,0.0215269006865154,10.473892011495096,1.8544825075835392,0.05973960901766988,0.01188919901503035
5064,-0.00030229386515448085,10.470726296707918,1.7808359212702245,0.052779057354594025,0.010325549307785441
5065,-0.01051358609794844,10.361218084995713,1.7131233513269384,0.046774933296515234,0.008991541313468488
5066,0.008322625024416736,10.44781045600463,1.6511382987806007,0.04158216074040666,0.00785107030411322
5067,-0.01904945384582927,10.250669052514224,1.5945925850795732,0.03707849539695811,0.006873781264609809
5068,-0.015164369454389754,10.096396796922312,1.5431467621677553,0.03316112377841848,0.006034232116451803
5069,-0.0029089045965453256,10.06707001695332,1.4964342017288121,0.029743628192533615,0.005311132437655231
5070,0.006856676141941665,10.13633384420978,1.4540793606129725,0.026753349274997403,0.004686674320784119
5071,0.02080415630884719,10.349420577252005,1.4157110273389424,0.024129133684547797,0.004145957166650303
5072,0.019546974224605853,10.553710555360365,1.3809714540065365,0.021819433082698098,0.003676500510616675
5073,-0.005450763638853292,10.496341268861306,1.349522248635128,0.019780712087951333,0.0032678355107512306
5074,-0.013071746488259421,10.3600286199149,1.3210478052585577,0.017976121740175925,0.002911164672042253
5075,0.012339268806157776,10.488655748217937,1.2952569240119467,0.016374397625775684,0.002599079625129903
5076,0.014628135074679152,10.643212906718343,1.2718831459515731,0.014948946131913766,0.0023253276575776497
5077,0.0034683420881775413,10.68019129978569,1.2506842109259315,0.013677087145945416,0.0020846188270775136
5078,-0.01193727935721758,10.553456810109466,1.2314409473404138,0.012539426264977949,0.0018724666573235213
5079,-0.01995636170683185,10.344935789560443,1.2139558214418664,0.011519333922726707,0.0016850565196308552
5080,0.01988330591835214,10.552685847163014,1.1980513096426502,0.010602512654365816,0.001519136787760334
5081,-0.020198227112463066,10.341678462956104,2.646703779172752,0.1825214340175445,0.0013719287046144054
5082,0.05560414995434465,10.93300650054967,2.695923385765857,0.19507175045407565,0.0012410516202504026
5083,-0.013799829777153064,10.78316911495044,2.7531035605040612,0.21089605018193297,0.0011244608624444573
5084,0.012958461436988747,10.923811683673625,2.884019480973816,0.25323284531227713,0.01128016575639731
5085,0.01445147492046149,11.082823081483163,3.042266728635715,0.3198594206286454,0.03274006794988191
5086,-0.022650659918806056,10.834611514853497,3.1589116258438255,0.38502106773436817,0.056762663425292625
5087,0.03439400913977954,11.213739738780705,3.2240834507948515,0.42995927585380367,0.07618957924695059
5088,0.043055918736692324,11.707102484383483,3.248513285868551,0.4488129817040075,0.08811861672279912
5089,0.03555629677115708,12.130852543169937,3.242773095848369,0.44427365500723104,0.09270544781357122
5090,-0.03902948028938647,11.66651209872123,3.2140486685052663,0.4225545360985438,0.09152204973943609
5091,-0.02100347093394896,11.424030245323646,3.1669864862110573,0.39020732263176056,0.08645454464194023
5092,-0.01532644712826112,11.250275373443646,3.1047753020755566,0.35266709692361475,0.07916167813869036
5093,0.025979502631525004,11.54638162450327,3.0298823209281442,0.31386125076138205,0.07089480367013536
5094,-0.08939538178491414,10.558980466000323,2.9444844336562603,0.27633194085311363,0.06250142256457185
5095,0.0073910447654964035,10.63731148073517,2.8506897876199124,0.24153919903670085,0.05450055533056108
5096,-0.0205042493510085,10.421422280409107,2.750620028538602,0.21017865683698755,0.04717203245485272
5097,-0.004496078919855859,10.374671918790712,2.6464026589432943,0.18244746155359676,0.04063494640952002
5098,0.053224917862457866,10.941822364115815,2.5401116321984065,0.15824274644892383,0.03490793287539101
5099,-0.015192697537201356,10.776842980707556,2.433687118095664,0.13729892041294214,0.02995182196049295
5100,-0.03459249554793591,10.410419380314798,2.328858347169934,0.11927699350795806,0.02569800133716293
5101,0.020033485834015867,10.62107945178661,2.2270854040867425,0.10381933288681482,0.0220662556239836
5102,0.011920605819390296,10.748446792995212,2.1295275607760584,0.0905809305518048,0.01897533004910441
5103,-0.017385863389291312,10.563190849064013,2.03703861867726,0.07924546773139665,0.01634870532824414
5104,-0.03590201088739939,10.190678047334838,1.9501848164343656,0.06953198688733939,0.014117357406388496
5105,-0.03403095776098822,9.849714083674488,1.8692784395456503,0.061196060692248845,0.012220705595997413
5106,-0.004144370566923626,9.808977690195253,1.7944199503702771,0.05402796084211356,0.010606533914697932
5107,-0.031493954632113054,9.504868134106594,1.725542505734365,0.04784937776790313,0.009230379182408774
5108,0.01710972179532762,9.66889299202352,1.6624543965237764,0.042509613216013195,0.008054684796242972
5109,0.00009769179309099016,9.669837609657062,1.6048766642358867,0.037881765118553706,0.007047893212587039
5110,0.021046312219284262,9.875508748872003,1.5524745977013017,0.03385917448593719,0.0061835711570491685
5111,-0.015351285150143017,9.725064707239609,1.504882865810501,0.030352254342630565,0.0054396135154262185
5112,-0.022730133189029687,9.50650603498072,1.461724707461185,0.02728573465721455,0.004797543661927278
5113,-0.008568240291783507,9.425399971257052,1.4226259511724348,0.024596310614946562,0.004241912225636791
5114,0.0240834296057286,9.655151424680348,1.3872247646988194,0.02223065877234842,0.0037597881300449145
5115,0.0033583423963316,9.687631237692527,1.3551780220368705,0.020143776688728528,0.0033403320660496095
5116,-0.0011928828927022905,9.676081917980758,1.3261650852860476,0.018297600395475844,0.0029744414413520022
5117,0.009534414531945703,9.768778897528636,1.2998896759294487,0.01665985681711053,0.0026544561066652156
5118,0.03623564370216848,10.12924836958008,1.276080381600601,0.015203112808601992,0.002373915087688982
5119,-0.018785393308027486,9.9407425762444,1.2544902253949206,0.013903987580859752,0.0021273557453460965
5120,-0.011700616409912571,9.825107580138779,1.2348956221668386,0.012742500285879524,0.001910148021469652
5121,0.0035024621150610245,9.859579981113733,1.2170949619238813,0.011701529101077246,0.0017183575880940576
5122,-0.024010766068762818,9.6256634086645,1.200906993531358,0.010766362160907117,0.0015486327543311174
5123,-0.022520512501697874,9.411311255110263,1.1861691303224882,0.0099243241124772,0.0013981108797270507
5124,0.014785312981325679,9.551494208279525,1.1727357602903292,0.009164464955072648,0.001264340800134092
5125,0.022573114194105463,9.769553052196775,1.160476614793436,0.008477300220320005,0.0011452184037362295
5126,0.03256438945265336,10.092929281057291,1.1492752288908041,0.007854593526722098,0.0010389330167165538
5127,-0.010963039824880302,9.98288441072013,1.1390275116494057,0.007289174164493161,0.0009439226864111171
5128,0.003682253558583059,10.019711684434556,1.1296404345194782,0.00677478369322914,0.0008588367998889843
5129,0.007795736977451309,10.09812798059033,1.1210308389563013,0.00630594661766494,0.0007825047612480074
5130,-0.020321429555075644,9.894990595816836,1.1131243599669287,0.005877861089591275,0.0007139096831364365
5131,-0.0028084911622364493,9.867239589646642,1.1058544594851984,0.005486306303709736,0.0006521662368732794
5132,0.044470234328058675,10.315941031883495,2.952105817065062,0.2794326730010482,0.0005965019591483184
5133,-0.07173162058231326,9.601878450312542,3.0038005403810404,0.30171676781688117,0.0005462414382891625
5134,0.06106696941085164,10.206509680047667,3.062932737944163,0.3302216641447303,0.00050079290491362
5135,0.02415276160874971,10.456026202118224,3.1981657443249754,0.41121323928866976,0.02092815166462478
5136,-0.0393604606728266,10.052466442776174,3.3432299512001507,0.5351713180622485,0.06170342012180822
5137,-0.0243700672638296,9.810448138351573,3.4373524326460188,0.649790181474097,0.10467737163065098
5138,-0.02451070372997073,9.572910154263647,3.484326309974673,0.7226448696226841,0.13720373976695086
5139,-0.010771191222106081,9.470351837613828,3.4981883579888278,0.746750817092405,0.15522393251928945
5140,0.06789391429928056,10.135660760359762,3.4885333105210243,0.7298226927708802,0.16004235312483805
5141,0.029417919542170275,10.438259909343943,3.4607865946673706,0.6845489847797916,0.15508557550121585
5142,-0.03503050419017734,10.078932850392972,3.417945425016207,0.6231233793884878,0.14397395779271574
5143,-0.016212029915762403,9.916850283214123,3.4535156250917876,0.6734453182226521,0.1296838227206686
5144,0.12143056080845425,11.197224330076216,3.4117105845616336,0.6149296216976478,0.11434208960563609
5145,-0.01664099994154035,11.012433140133862,3.369437270322749,0.5636482681593462,0.09931071457513674
5146,-0.01668246180391066,10.830242563922122,3.356520452675237,0.5493229262233036,0.09765087096857177
5147,0.029324849723152843,11.152540370699441,3.35974762322944,0.552847839893707,0.10368762170220198
5148,0.052734208426635246,11.756444006201587,3.3606947680247705,0.5538891244635326,0.11027584744286105
5149,0.025631274038425293,12.061671620487193,3.3499335560967944,0.5422369308867214,0.11336805489024919
5150,-0.007566796056963465,11.97074784588873,3.3247064432486315,0.5163768601092733,0.11188259442342313
5151,-0.03316522074222505,11.580246672997355,3.2850189780872077,0.4793873350597656,0.10643682817492424
5152,-0.028294798749569364,11.257178058288273,3.231745006169476,0.4357430197183588,0.09827714930520233
5153,0.09094243221249655,12.328928444356254,3.166013990970302,0.38957739713589784,0.08866199304807565
5154,0.0036185355620716743,12.37362192408,3.0890970266948865,0.3440152938212766,0.07859873845621344
5155,-0.016432534006993262,12.171953460955573,3.0024305998706913,0.30109643493642574,0.06878524623964793
5156,0.021208691339757037,12.432861645667785,2.9076435538244243,0.2619534439289343,0.05964558140180768
5157,-0.010487843901427102,12.303149124789302,2.8065451531235546,0.22705657753014857,0.05139600732443465
5158,0.0279722979052288,12.652154968675832,2.7010695680606203,0.19643887689052242,0.044110428200471896
5159,0.06225446660978329,13.464842383218093,2.5931885403313935,0.1698722877236184,0.03777359696754406
5160,-0.05017431211225998,12.805921849330947,2.4848106575883238,0.1469925852855789,0.03231992678724063
5161,-0.011856547476787039,12.65498439568236,2.377685994006778,0.12738156629209302,0.02765970639283887
5162,0.031646439688885274,13.061873941195456,2.273330746202989,0.11061737012484174,0.02369565624325634
5163,0.016425074291432803,13.278187813647802,2.172979998100187,0.09630272220997635,0.020332650603285814
5164,0.013954744446075116,13.464780429430713,2.077570063795016,0.0840787518573148,0.017482884996860938
5165,0.011435867802521834,13.61964570003489,1.987746645588993,0.07362989183919956,0.015068164016401544
5166,0.03429708401894084,14.094862526815742,1.9038920729520208,0.06468360201936282,0.013020466561785734
5167,-0.0007335772989281235,14.084526647181399,1.8261640790750742,0.057007343870062455,0.011281550575317639
5168,-0.01855340409360457,13.825619959910492,1.7545393288865392,0.050404311591374984,0.00980207827117937
5169,-0.01572761066671516,13.609876999718585,1.6888564961165304,0.04470880940272824,0.008540552365527926
5170,0.014604575136702984,13.810102012705048,1.6288554741118386,0.039781767870705045,0.007462229626154465
5171,-0.007933520419538771,13.70097274840387,1.5742108966605453,0.03550664580878402,0.006538099891361704
5172,-0.002795185495468587,13.662729461543847,1.5245593588532018,0.03178581724808733,0.005743971249409161
5173,0.017599448578658628,13.905314385089566,1.4795205366580553,0.028537459457550065,0.005059674458952428
5174,0.006166729851095426,13.991329646250106,1.438712865326122,0.025692913890069308,0.004468384534898818
5175,-0.009860601484781389,13.854044688859855,1.4017646401595245,0.023194471507626914,0.003956049851444048
5176,0.005556911185364924,13.93124468285252,1.3683214363906469,0.020993527181687403,0.003510915999774027
5177,-0.02071184495744436,13.645670495800744,1.3380506793203446,0.019049048569078277,0.0031231310268617822
5178,0.007914398858512106,13.754096271251811,1.3106440826748287,0.017326309285075663,0.002784419381699126
5179,0.010222085040020385,13.895412857542416,1.2858185454873143,0.015795842150426405,0.0024878132001821675
5180,0.0012706039393452896,13.913079645226226,1.2633159749016891,0.01443257455848761,0.002227431067109108
5181,0.012173924012152613,14.083491606088018,1.2429023937184573,0.013215113957067492,0.0019982958858896596
5182,0.00029184259163298414,14.08760236859619,1.2243666007637592,0.012125156774603078,0.001796184856348427
5183,-0.0013987419530539173,14.067911222771624,1.20751857926889,0.011146998744286658,0.0016175057647246128
5184,0.005962924399566598,14.152047714322459,1.1921877916379167,0.010267128499489003,0.0014591948190001169
5185,0.024694112756067282,14.505870668373756,1.1782214557877884,0.00947388958747352,0.00131863212646505
5186,-0.011273440592771286,14.34325792192291,1.165482866104139,0.00875719875487365,0.0011935716265612615
5187,0.002034943599789274,14.372475360668808,1.1538497986132477,0.008108310580637285,0.0010820828807587193
5188,0.03427041503607987,14.873563260112348,1.1432130232124011,0.007519620348457423,0.0009825026024204418
5189,0.03301338099963948,15.372785029783483,1.1334749340797612,0.006984498530989387,0.0008933942014580068
5190,0.0025277097277496717,15.411692120245576,1.1245483013952486,0.006497151462621485,0.0008135139369304053
5191,-0.00685209383847404,15.306450733324464,1.1163551422356492,0.006052503756956621,0.0007417825290671491
5192,0.0046708324406259695,15.378111828159907,1.1088257051927015,0.005646098821583922,0.0006772612917403763
5193,-0.011249081792096185,15.206091539521838,1.1018975613285373,0.005274014470753952,0.0006191320164276689
5194,-0.013033439053188874,15.009189812840242,1.0955147931050238,0.004932791164417734,0.0005666799767576294
5195,0.00822265966066363,15.133114067708135,1.0896272725937928,0.004619370832632362,0.0005192795349516011
5196,0.002212018669074177,15.166625849225811,1.0841900203699235,0.004331044596085333,0.0004763819228301383
5197,-0.022554522271636193,14.828378689197757,1.079162636856467,0.004065407981391442,0.0004375048445447746
5198,0.00014876078012078793,14.830584734461924,1.0745087984087016,0.0038203224659250235,0.00040222360904806226
5199,-0.019607332088645284,14.542628783749784,1.0701958110298948,0.0035938823809879054,0.0003701635501224241
5200,0.004021585923801418,14.601230972849145,1.0661942152430481,0.003384386361921289,0.00034099353263945055
5201,0.006379924580869131,14.694683518353436,1.062477436271861,0.0031903126656787966,0.0003144203772975567
5202,-0.022194308978757484,14.372137752253364,1.0590214742877775,0.003010297785504102,0.00029018406374278213
5203,0.0024579242115588032,14.407506827052593,1.0558046300459538,0.0028431178828406804,0.00026805359480867527
5204,0.011393322232586484,14.572594859672034,1.0528072617547934,0.002687672631799208,0.00024782342350043984
5205,0.010444996173414794,14.7256032521826,1.050011569498846,0.0025429711341452637,0.0002293103600111637
5206,-0.0016047562678677678,14.701991198927985,1.047401403963486,0.0024081196150629626,0.00021235088907394428
5207,0.005556761399047187,14.78391405820407,1.0449620965936584,0.0022823106537058014,0.00019679883879418562
5208,-0.006483101982169456,14.688378453820263,1.0426803086609082,0.002164813739240129,0.00018252335115465023
5209,-0.014588816720191737,14.475647909107911,1.0405438970161205,0.0020549669739268295,0.00016940711195468112
5210,0.020330108381651887,14.772951264834568,1.038541794573424,0.0019521697707636156,0.0001573448042898293
5211,0.006068028452086202,14.862866481580665,1.0366639038070067,0.0018558764151377707,0.00014624175500813625
5212,-0.013498178930463433,14.6635927919953,1.0349010017504865,0.0017655903784877369,0.00013601274806617622
5213,0.0019279348651613292,14.691890513104024,1.033244655171163,0.0016808592876950369,0.0001265809824927947
5214,0.0023155163186048115,14.725949241891934,1.0316871447517768,0.0016012704672833593,0.00011787715586758508
5215,0.00011126402547987769,14.727587801438272,2.5735728158911875,0.16547351663880833,0.00010983865693053838
5216,-0.003226630711480262,14.680143897473044,2.62728940591163,0.17781855253244333,0.00010240885323842982
5217,-0.04151669482982505,14.083151172983078,2.687815394087375,0.19293955131947668,0.0000955364617382347
5218,0.02278550224172099,14.407726610170629,2.816886010447405,0.2303521925813516,0.008689745827555332
5219,0.04496692053082614,15.070384903608316,2.980386430490206,0.2913436751497426,0.02808039947673538
5220,0.031890049753611184,15.558725444916808,3.1044574960407187,0.35248871271939153,0.050384781759224125
5221,0.0004652977355256866,15.565966569142704,3.175554380857682,0.39582132472016907,0.0688004131920291
5222,-0.037389888767387316,14.994703100170026,3.2038999417493645,0.4152555797933717,0.08042007876229977
5223,-0.007077828057376282,14.888947870012608,3.2005020025355773,0.4128531921620292,0.08523395729119974
5224,-0.05529376771931897,14.088028811572654,3.1730485762503853,0.39416739251694116,0.08461809922739325
5225,0.034825001773224416,14.58728732261031,3.126586836542237,0.3652200800575193,0.0802922451781915
5226,0.018847881264305186,14.86483415054083,3.0646089566344576,0.3310822203095911,0.07379549325734817
5227,0.019950946738837294,15.164379839127882,2.9898134719713494,0.29546228593857976,0.0663032554475068
5228,-0.06137227539056301,14.261690704586025,2.9045536325873256,0.2607914484785333,0.05862083510561725
5229,-0.040389219552892125,13.697149577350768,2.8110672621279083,0.22849071328071385,0.05124828708360298
5230,-0.06631940541419358,12.81822960631397,3.2872232659477008,0.48133373818425124,0.044461074290771695
5231,-0.009438747989566511,12.69781076295328,3.2851504719037,0.4795031084351208,0.03838225817431424
5232,0.0001001079398177763,12.699081978257265,3.295564984579122,0.4888098123304373,0.03303860404085978
5233,-0.02524417478872638,12.382516659504356,3.3776984979535056,0.573122149826305,0.05679138044851927
5234,0.010363385536348517,12.511508696186608,3.467965171869799,0.6958092895562745,0.09968778399577932
5235,0.0030584661056733933,12.549833298839136,3.526758023908462,0.8008877545405183,0.14196090084922414
5236,-0.03037710989209527,12.174337742667813,3.553788818835525,0.8584910889629376,0.171641727878251
5237,0.05429004525276651,12.853553600415935,3.556568271799345,0.8648123631703066,0.1856680240258409
5238,-0.05291637374785403,12.191072775103141,3.540784448951074,0.829931970884096,0.18612886434479184
5239,0.029685055854230914,12.558390400427815,3.509781931491223,0.7679588205895411,0.17694914037719042
5240,-0.04278200631256426,12.032447917290936,3.4654159812556573,0.6917760056819178,0.16201549324258882
5241,-0.00899547987252962,11.924695642539533,3.4087676268706604,0.6111220569979801,0.14441320250149225
5242,-0.012019302887653372,11.782227015681796,3.3406131714019143,0.5324522123936561,0.12628322849585272
5243,0.05086870881147542,12.397079488310302,3.2617214265718157,0.4595260193051961,0.10895070704500372
5244,0.014461353703453212,12.57766061638527,3.1730343825397402,0.39415805264313186,0.09313168666017702
5245,0.0016317676844179742,12.598201190689624,3.0757597961920933,0.33688641561574784,0.07912962192305184
5246,0.024645268572513923,12.912544874230075,2.9713906836486483,0.2874838851316501,0.06699088877716555
5247,-0.008549674281069787,12.80261741302216,2.8616642418930835,0.24531394563969633,0.05661586645751825
5248,0.0045330540305219226,12.860784106265573,2.7484758250610035,0.209561572210089,0.04783265788778908
5249,-0.04766976270421096,12.262096593052558,2.6337674651591234,0.1793729204394997,0.04044295600287635
5250,-0.04036021271807712,11.777049901168033,2.519411775036424,0.15393325599429952,0.03424865790280239
5251,-0.012803600277790546,11.627222473816257,2.4071096095087867,0.13250531404187177,0.029065915521803033
5252,0.03916912268872571,12.091687540899661,2.2983141972681684,0.11444364716305708,0.02473140060580823
5253,0.024154065733925947,12.387306787607224,2.194187382325549,0.09919529058309261,0.021104004476507225
5254,-0.04333937922380279,11.861915893100301,2.0955870988824863,0.08629329529113092,0.018064045415211023
5255,0.040002102730820284,12.34603582446546,2.003080605101115,0.07534710271707587,0.01551126236513657
5256,-0.0022029590395300732,12.31886794908912,1.916975766730097,0.0660320522501057,0.013362348747464961
5257,-0.006556392774401909,12.238364805769876,1.8373625012858483,0.05807925519998538,0.011548446144934176
5258,-0.025020122996020997,11.935958312427774,1.7641576684254692,0.05126642815779401,0.010012812462590084
5259,0.0000753847965883629,11.936858136133328,1.69714848342963,0.04540990670131598,0.008708757911263165
5260,-0.03802484130199862,11.491482334309207,1.6360313704365685,0.0403578560105953,0.007597873776666358
5261,0.012365451442826478,11.634461882605697,1.580444727383716,0.0359845919177583,0.006648542896199288
5262,0.03207926528219143,12.013737793171803,1.5299952163245976,0.03218588197646871,0.0058347038679701655
5263,0.019712300289759524,12.252905730753593,1.4842779265725197,0.028875085111015122,0.005134835006202304
5264,0.00038027701108093336,12.257566115184309,1.442891157622053,0.02597999449312801,0.0045311239034880055
5265,0.021217195463277085,12.52041589846581,1.4054467276059104,0.023440262255539843,0.004008791184022888
5266,-0.003231378987962032,12.48002298716131,1.37157671748427,0.021205301289712243,0.0035555409284568976
5267,-0.02384747199326401,12.18592665317412,1.340937478950322,0.019232575931445287,0.0031611143899632553
5268,-0.024332551932819035,11.8929903570212,1.3132116125593662,0.017486208479804595,0.002816927530726403
5269,0.024075576003141308,12.182795565667728,1.2881084918333523,0.015935841697523826,0.0025157763799539944
5270,-0.001223795300962629,12.167895436915277,1.265363786014862,0.014555708616256054,0.0022515971857778936
5271,0.0035636718094124898,12.211335179383672,1.2447383268605323,0.013323870246868416,0.002019270816505428
5272,-0.03394594098351424,11.803766700741244,1.2260165759944108,0.01222158939587568,0.0018144629091945447
5273,-0.0036176350768789786,11.761142126848819,1.2090048784066254,0.011232814962104164,0.001633492925696744
5274,-0.003330218332484493,11.722040101006616,1.1935296326787916,0.01034375607162655,0.0014732266192020048
5275,-0.041814798802036916,11.241991857088145,1.1794354668816818,0.009542529417859349,0.001330987494094864
5276,0.045152553562562044,11.761230764184134,3.229198345544178,0.43380777648654006,0.0012044837075690339
5277,-0.00778422955052732,11.67003405268635,3.274566209822153,0.4703184992109045,0.0010917475542876383
5278,0.02894650879927515,12.012777477119883,3.3267919235685968,0.5184411785215008,0.0009910852295709862
5279,-0.016156744546517946,11.82024960010261,3.4500443982156703,0.6682478704462255,0.040799368356206366
5280,-0.008333752862945175,11.722151889945051,3.5657877744963806,0.8863595807973147,0.11400571636939145
5281,-0.03890216167940767,11.274890955310235,3.6330943042711223,1.0764731925353481,0.18662104590017958
5282,0.0483095660285745,11.832947243855568,3.6634927517400375,1.1872668860088291,0.23814140775286574
5283,-0.12226179359681585,10.47117230275954,3.669781907941535,1.2127357519839568,0.26361149241400256
5284,0.018194150883396355,10.663430071472758,3.6591398713217185,1.1701896089898196,0.26674962079488146
5285,0.02002362390278935,10.879102652025873,3.6351041058500084,1.0832284556071934,0.25419028208088534
5286,-0.05032052090104674,10.34520616851095,3.6867548331714013,1.2865744396185061,0.2323627019692607
5287,0.04995080743459591,10.875081244702544,3.6659855359800013,1.1972470460831799,0.2062850154600167
5288,-0.09005070986893977,9.938571895434944,3.646128895305111,1.1216494622752364,0.1793843563377963
5289,-0.012350131315403258,9.816584060846594,3.6561733199412725,1.158798956273949,0.19505338035189412
5290,-0.05060033689938225,9.332219449050571,3.6761150449069446,1.2393822263856324,0.2319115704812446
5291,0.09164119837245917,10.227846689400952,3.6885336154664246,1.2947787059713685,0.26530318711114015
5292,-0.017355152951540505,10.051872293970332,3.6886924949545215,1.2955160659691138,0.28298065091148616
5293,-0.0989484112797966,9.104879729224768,3.676783110537213,1.2422539776554888,0.28319340711854285
5294,0.007491458471140779,9.173344688602322,3.6537087399054227,1.1494841390946386,0.269476909088632
5295,-0.04304572015416909,8.786849616920058,3.6200451415059587,1.0343512194674498,0.24682994725951216
5296,0.020591467627020722,8.969659448348095,3.5759994822245695,0.9113194586671232,0.21976812613257238
5297,-0.04460577813702261,8.578352953306688,3.521580090424771,0.7905963067037449,0.19164664601845194
5298,0.033630061937782445,8.871749311680135,3.4567799163327217,0.6783935250737616,0.16463503632701892
5299,-0.05054713235813863,8.4344529672494,3.381733069985864,0.5778409666674412,0.13994689573837674
5300,-0.030539855333340946,8.180759590965874,3.2968349126373506,0.4899635136718864,0.11811936396859773
5301,0.029531205910169327,8.425949850182182,3.202819164665603,0.4144892351322473,0.09925612659692223
5302,-0.011411699157471731,8.330342006905235,3.1007859405142044,0.35043701525010285,0.08320967051986966
5303,-0.037819932006590486,8.021172278460837,2.9921782947346385,0.2965075495486714,0.06970576976532947
5304,0.05454394238072756,8.47083022178705,2.8787116332394076,0.25132406019697884,0.05842234421746305
5305,0.05236043594724374,8.926183812348473,2.762267934239275,0.2135681844627855,0.04903575340588402
5306,0.010586873660462596,9.021186194412465,2.6447723734561848,0.18204754034391823,0.04124543071383888
5307,0.006748505489923431,9.082271604753801,2.8305728102852354,0.2348037774029862,0.03478494347484293
5308,0.06165180316913489,9.659830883898321,2.778735488183273,0.2184705447885238,0.02942504681086946
5309,-0.007163986000300375,9.590875284072055,2.740439787191378,0.20726755690112714,0.02497235943473306
5310,0.0017393136006012737,9.607571339524382,2.7590472357684064,0.21262460020276674,0.02661344916062663
5311,-0.009019220827212633,9.521308130232544,2.8089689303939873,0.22782389686010285,0.032624169258457715
5312,-0.05442755650478366,9.016936944149135,2.85509880197301,0.2430470164373011,0.03967289501611448
5313,-0.07564796145790068,8.359985812608407,2.880093846306156,0.2518193832721982,0.045303370942347064
5314,-0.06196308429316697,7.857697666196315,2.880424963217358,0.2519382222858229,0.04845339826363711
5315,-0.010728709250300646,7.773845330541987,2.8581402842491705,0.24409394498526676,0.04908400977312064
5316,0.047166032935358544,8.1492913245626,2.816696205948615,0.23029118326350825,0.0476739049950972
5317,-0.01923703932411312,7.994021342548831,2.759569565017237,0.21277729674236287,0.04485395582232495
5318,0.006888488713961569,8.049278167854489,2.689956656412468,0.19350008509465216,0.041209479181675834
5319,0.026790053601721462,8.267833241104832,2.6107792163459336,0.173922594086424,0.03720177964659307
5320,0.01585126990481619,8.399933106679613,2.524728653254586,0.1550286315075134,0.03315650346040092
5321,-0.017150972756033556,8.257094494769278,2.4342794122368767,0.13740760229952348,0.02928209154014632
5322,-0.023304173936806522,8.066894562412445,2.3416699071287033,0.12135731416466827,0.025697347907376676
5323,-0.0016230690618722256,8.053812055201158,2.2488680131758927,0.10697663190775823,0.02245799355607372
5324,0.020272127304219584,8.218746091973026,2.1575387282867755,0.09423851231432642,0.01957835665603432
5325,-0.017392307246613743,8.077039013375462,2.0690259306413625,0.08304300515514693,0.01704751471635527
5326,0.06774950340797466,8.643216987549925,1.9843532262166268,0.07325340225924062,0.014840551417332072
5327,-0.02239137168274437,8.451834161565609,1.9042431352581608,0.06471956388196401,0.01292599543283961
5328,0.03817573433431108,8.780727058374312,1.829150295325082,0.057292102733287525,0.011270483836438196
5329,-0.01720856394475288,8.630916068310725,1.7593029670199842,0.05083036366657849,0.009841510116245813
5330,-0.002829226740760967,8.60653176040638,1.6947473711446825,0.045206371035980256,0.008608905770944418
5331,0.00881824636982852,8.682761891919696,1.6353905496040642,0.040306268092031416,0.007545517937636339
5332,-0.0013552972733118975,8.671002139183226,1.581038909101662,0.03603027625916956,0.006627398988433486
5333,-0.015480546041445145,8.53780394179426,1.5314309679223284,0.032291843635929185,0.005833716538092002
5334,0.007007334464988137,8.597841294851214,1.4862638829418588,0.029016403888344887,0.005146516982666713
5335,-0.01379341704852463,8.48006184208135,1.445214041257184,0.026140000480290877,0.004550424706137143
5336,-0.0026735061358896923,8.457420623917592,1.4079524006038628,0.023607922981366304,0.004032325563971578
5337,0.02830516036367621,8.700229431097,1.3741554316061144,0.021373433681661273,0.003581061783004048
5338,-0.027557312276337034,8.463747855364089,1.3435125312751448,0.019396620649599843,0.0031871520417272614
5339,-0.04146832400406248,8.11994808291023,1.315730705686739,0.017643388445914957,0.002842542423890596
5340,0.002312054604275965,8.138743565980638,1.2905372070234664,0.01608458369182611,0.0025403892666159243
5341,-0.015437763089486915,8.01406443060486,1.2676806862263006,0.014695245439117311,0.0022748723830471377
5342,0.0010691725444584627,8.022637430454944,1.246931304645406,0.01345396711651621,0.0020410359002069195
5343,0.010620650480630097,8.108297134236725,1.2280801447529313,0.012342356020206894,0.0018346534841795828
5344,0.03466728291192752,8.394318918992118,2.066809462820179,0.08277581352972559,0.0016521146929002794
5345,-0.000025564196365615813,8.394104327717857,2.0975852274989544,0.08654147691904167,0.0014903293958281707
5346,-0.03399113660854286,8.113573963589909,2.1344509226412627,0.0912158465630475,0.0013466475058454622
5347,0.0036952890499309518,8.143611428991335,2.218219878343527,0.10255641508765247,0.003744747923745501
5348,-0.041452407852153664,7.812940037431366,2.3394259483564315,0.12099062493154598,0.009367006705268112
5349,-0.010607046944819643,7.730505780578011,2.453937747768558,0.1410620185898155,0.016494484290407795
5350,0.00299695117115867,7.753708480243062,2.535236422633448,0.1572168143401269,0.023102655504108102
5351,-0.0201206369142856,7.599257959211296,2.578593172046831,0.16658775738962908,0.02797974298736663
5352,-0.0020632858123732427,7.5835946825444935,2.5886051240064547,0.16883352253438255,0.030774113658773063
5353,-0.014949003465164592,7.471070655885196,2.5717970422557443,0.16508126877901355,0.03167743893209166
5354,0.03707138219042251,7.753231300681412,2.5341688409272396,0.15699306479789674,0.031116583353431253
5355,0.04102347098238052,8.077909949653156,3.4509395140002326,0.6695818338313109,0.029555496570660204
5356,0.03847595117387053,8.39477191194958,3.473732438317644,0.7050783532267387,0.027397468386362804
5357,-0.00963886047422782,8.314244596024498,3.5038695268200417,0.7570194723491098,0.02495230348017218
5358,0.07450880742286274,8.957391591620143,3.596397046448532,0.9649571529154223,0.08397022222631595
5359,-0.05786081916116552,8.453818632294812,3.677714987299546,1.2462796353122674,0.18131708483890452
5360,-0.013013848841197106,8.344514689618109,3.7232696764443247,1.476131875314576,0.2723018423944887
5361,0.01711623158473554,8.488570666302856,3.7422568360484028,1.5959240939732822,0.33283823311145927
5362,0.03860504164368837,8.822679947805012,3.7435253636262167,1.604559461950748,0.35878636400507996
5363,0.02500092974960767,9.046035564576266,3.731862469623933,1.5282432484138568,0.35634734718925337
5364,-0.012824115208888326,8.930768838903598,3.7094912179421367,1.3990065285199158,0.33473423051881207
5365,-0.08399098805486035,8.211302010918143,3.677269705189004,1.2443531401771208,0.30241215966267804
5366,0.011548580983250406,8.306680580688928,3.63536375614391,1.084106613322839,0.26577008498050203
5367,0.0199808725683618,8.474324565979046,3.583632052822114,0.9307748364158899,0.22903771842493242
5368,0.02677200382717256,8.704263444251168,3.52187283741946,0.7911722136246501,0.19468995545271178
5369,-0.007760826776583003,8.636972617413921,3.450000484421552,0.6681825388095552,0.16395014853938372
5370,0.03193650103527491,8.917259165617535,3.3681770307715007,0.5622248191601551,0.13723004628478297
5371,0.023932688064827862,9.133247428213283,3.276902732279706,0.4723229157243445,0.11446061722789255
5372,0.07056373985473799,9.80100624891669,3.1770613339911336,0.3968208246702453,0.0953187355461042
5373,0.014765439907855544,9.946796094597161,3.0699155314688493,0.33382702348601623,0.07937162092831317
5374,0.01320962891576613,10.07906124338734,2.9570532274158525,0.2814697660792589,0.06616260459015683
5375,0.03138583410853932,10.400417627157204,2.840292778447012,0.23802897113755622,0.05525785715995061
5376,-0.01616128950521394,10.23368440785706,2.7215624020896163,0.20199215099393864,0.046268598839469856
5377,0.040042958122034226,10.65178656230104,2.602772716885185,0.17206642787336818,0.03885876820274176
5378,-0.03218410665549708,10.314426267152081,2.485700822249433,0.14716716921715406,0.032744640675191033
5379,0.01391491018638233,10.45895379406073,2.3718998654161325,0.1263957759361142,0.027690425394268806
5380,-0.02996197378637762,10.15023096254887,2.2626414120306637,0.10901388643433138,0.023502224027641405
5381,0.04187607807895996,10.584308119819099,2.8359135612017448,0.23656923146064437,0.020021683211170257
5382,0.0030920590475044304,10.617086075073747,2.8317761719392824,0.23520015530500854,0.017120025740604478
5383,0.020631863116589266,10.83841167037886,2.842380916964726,0.23872890624790072,0.014692764219220032
5384,0.05419994570173487,11.442064192755323,2.9285041835436667,0.26997364160342385,0.022896747226044407
5385,-0.004376336134899841,11.392099285131374,3.0406459975040736,0.319065640867966,0.03957934671292879
5386,0.009934188509943764,11.505834545353295,3.1268182191626184,0.36535660715280827,0.05765817087902004
5387,-0.011610179258162205,11.373022223081989,3.1745053068791114,0.39512767162526163,0.07184217422239236
5388,0.024304731167523144,11.652826986838278,3.188381341750308,0.40444757883025284,0.08008218260535958
5389,-0.010523699852487292,11.530839140761096,3.1753878184874806,0.3957110749620524,0.08259977488785639
5390,-0.021542532703174588,11.285092171334595,3.141021337167068,0.3738779721441384,0.0806600775657626
5391,0.048646689450828846,11.847646820159989,3.089251013714951,0.3440988206152751,0.07574903755152027
5392,-0.038177566315238665,11.403857792077547,3.0230707419487137,0.31062700680869165,0.06916723104162405
5393,0.03748795410194808,11.839479354729688,2.944972121004513,0.27652901308016037,0.06189463778976632
5394,0.020798795816268766,12.088304934727551,2.857239955510323,0.24378345626439607,0.0545944145926891
5395,0.03741474112513723,12.54915323532058,2.7620977438892895,0.21351820006680283,0.04767166553320744
5396,-0.02449562443197448,12.24548830575864,2.661745674381806,0.1862589542104613,0.04134310631947299
5397,0.012446592882561532,12.398855382195462,2.5583300275148626,0.16213801257460753,0.03569850505534225
5398,-0.00498121457779282,12.33724759121787,2.4538774391744953,0.14105066532354094,0.03074810017363678
5399,0.04721982205548685,12.933783550237111,2.3502212248135956,0.12276384371544335,0.026456302376970497
5400,0.020481974562622147,13.201424527284736,2.248939355121385,0.10698710168384512,0.022764208432792837
5401,0.002165343152556792,13.230041112671254,2.1513152920036847,0.09341630460487198,0.01960382619614601
5402,-0.03905659474768997,12.723281330873954,2.058325114835468,0.08175867568677356,0.016906537128716505
5403,-0.03438490950506809,12.29322848864539,1.9706484620105746,0.07174571116733985,0.014607745069133838
5404,-0.047195589886358524,11.726520563575065,1.8886973757025827,0.06313855949463779,0.012649110153271005
5405,-0.040398353308393316,11.26222987526062,1.8126560129396128,0.05572895834493938,0.01097932294705975
5406,0.0057920022698353685,11.327650010157525,1.7425247359312568,0.04933773236077278,0.009554045348930769
5407,-0.0036045231568316797,11.286892732787003,1.678163548916799,0.0438121006714588,0.008335414776365678
5408,-0.020359115994509683,11.059424952821983,1.619331559571632,0.03902254188702934,0.007291353424637267
5409,0.030188119271821533,11.398378638568337,1.5657206916287276,0.03485964139467874,0.006394823675684526
5410,-0.010436638759835424,11.28003649953138,1.5169830657485073,0.031231144174879665,0.0056231071100419135
5411,0.012588339946178544,11.422930948551862,1.472752261685017,0.028059314556962645,0.004957145586030447
5412,0.010580088761280353,11.54442816421753,1.432659129305856,0.025278633677627463,0.004380959786622268
5413,0.011262490721153555,11.675182104712325,1.3963430155431902,0.022833826685461658,0.003881147609681442
5414,-0.00019658724316395782,11.672887138436863,1.3634593053503605,0.02067819241826605,0.003446457921813709
5415,-0.0020044826065589373,11.649512474080128,1.3336841079200803,0.01877220037456529,0.003067432023402342
5416,0.00834876682582932,11.747178666200538,1.3067168056379084,0.017082318317655866,0.002736104118658231
5417,-0.027001354749346954,11.434232920411082,1.2822810553934056,0.015580035747640601,0.00244575218705908
5418,-0.014852106987599109,11.265665360088981,1.2601247090036582,0.014241051948156296,0.0021906913331085605
5419,0.015066414869411958,11.436683629242138,1.2400190110954838,0.013044601324813008,0.001966102612828224
5420,0.0312241087797058,11.799417432852453,1.2217573422724137,0.01197289273791131,0.0017678913093187158
5421,0.0016855318249787347,11.819322497048773,1.2051537027195864,0.011010643210641805,0.0015925695572860416
5422,-0.011927659846432829,11.679183067864786,1.1900410747831411,0.010144689647116888,0.0014371590515906208
5423,-0.015607321918383685,11.498317383843254,1.1762697600206582,0.009363664994887107,0.0012991103016360107
5424,-0.0032204539967764824,11.461347144098948,1.1637057541881164,0.008657727654483315,0.0011762355120178525
5425,-0.002358863998378432,11.434343246729822,1.1522292002562353,0.008018334916732022,0.0010666526886378505
5426,-0.023513528601677176,11.168617804032525,1.1417329428270973,0.0074380528476904115,0.0009687390001709813
5427,-0.017160718815010557,10.978591452127862,1.132121195610195,0.006910396391644577,0.0008810917798514218
5428,-0.009066845682504028,10.879500159188874,1.1233083256169558,0.0064296945714594905,0.0008024958439299362
5429,-0.010078229104438664,10.7704047318052,1.115217752440072,0.005990976573926574,0.0007318960415640484
5430,0.028575546048192915,11.082614465395821,1.1077809576363133,0.0055898752510232675,0.0006683741456232049
5431,-0.002909288376494087,11.050418799896747,1.1009365972589134,0.005222545175977021,0.0006111293527995359
5432,0.044153831533853605,11.549269165165438,1.094629709567634,0.004885592890478948,0.0005594617910829384
5433,0.017250258934889306,11.750225338576225,1.0888110095747552,0.0045760173867198375,0.000512758538513544
5434,0.027411937981005,12.076777046691625,1.0834362621427847,0.00429115920182589,0.0004704817436126687
5435,-0.002390541056616354,12.04794149534677,1.078465725677696,0.004028656776372958,0.00043215850864178
5436,-0.010633363049418898,11.920510072423943,1.0738636589498083,0.0037864089540321205,0.0003973722547952445
5437,0.002219346162512868,11.946995189658995,1.0695978841470482,0.0035625426850398514,0.0003657553359869311
5438,-0.03511476808775536,11.53475936489361,1.065639399870867,0.003355385149390564,0.0003369827069793365
5439,-0.0013418809732992183,11.51929147112746,1.061962038389696,0.003163439642338826,0.0003107664837944697
5440,-0.01376256617360572,11.361842396806507,1.058542162047132,0.0029853646697792706,0.0002868512609077713
5441,0.004458588966028624,11.41261328109667,1.0553583942693137,0.002819955788248306,0.0002650100716884326
5442,0.0007278676129615693,11.420923176568248,1.0523913811214,0.0026661297968384344,0.0002450408967457538
5443,0.007095041042579006,11.50224323870465,1.049623579823995,0.002522910948818931,0.00022676363994891157
5444,-0.007485344180552053,11.416466424212679,1.0470390710566069,0.0023894189013248133,0.00021001750445730956
5445,0.011642984619428535,11.550164981989425,1.0446233922484338,0.002264858163832279,0.00019465871157896023
5446,0.010654284985742151,11.673881617191222,1.0423633893894153,0.002148508841693182,0.00018055851403080857
5447,0.016685171308996993,11.870296382096432,1.040247085189735,0.0020397185009098187,0.00016760146250639638
5448,0.005633634648322782,11.937358018092674,1.0382635616770937,0.0019378950055441435,0.00015568389060740753
5449,0.007216857126330747,12.023819841422238,1.0364028555514158,0.0018425002004543187,0.00014471258836707196
5450,-0.00523234844561313,11.961071330559172,1.0346558648194508,0.0017530443300811365,0.00013460363895000002
5451,-0.05655687061534438,11.303364785577031,2.7545414069218763,0.21131269437696415,0.0001252813967905301
5452,-0.04890503101565981,10.763872836457152,2.8088399847959113,0.22778299662190965,0.00011667758854208258
5453,-0.0010732367197162425,10.752326849779402,2.8702837682078552,0.24833011807410674,0.0001087305208459012
5454,0.013844206605027323,10.902219462267578,3.0051588146765287,0.30233350472284976,0.013077326589315543
5455,-0.04173530978264479,10.456576170690681,3.1639748997002695,0.3882613510511427,0.04085186172030585
5456,-0.0436956254678349,10.009508123900543,3.275671330853812,0.47126493009098147,0.07151853627668948
5457,0.028552972336989762,10.299428682567545,3.335523223566426,0.5272245712111583,0.09582094321573073
5458,0.0482992901809523,10.80909291166864,3.356556984151772,0.5493626302816906,0.11027641876117651
5459,-0.04114039998451113,10.373425713876198,3.3495432889778245,0.5418215960795251,0.11533339926024824
5460,0.05417053991179679,10.950858511803023,3.3212156621687026,0.5129498869077347,0.11316143614936479
5461,0.012560672436650716,11.089276147916468,3.275652089230907,0.4712484267707797,0.10623824811032549
5462,-0.057447694708415105,10.470175991073985,3.2154963707628155,0.42361111310289223,0.09668701520831086
5463,-0.012881653325273893,10.336167790365852,3.142724562756796,0.37491880724717175,0.08607651999958935
5464,-0.002333776300523085,10.312073613084193,3.059087365876419,0.32825906856820486,0.07544706366541608
5465,-0.06731830340603626,9.640732592329957,2.966344684288007,0.28534821826948675,0.0654191803813165
5466,0.04142355578562529,10.048472737866451,2.866362467917889,0.24695227730639893,0.056313628018085676
5467,0.05806448946326323,10.649203983608208,2.7611158209710087,0.21323008043633226,0.04825356042655838
5468,0.003306492314734057,10.684473772247191,2.6526315808437753,0.18398437547007948,0.04124138227882577
5469,-0.009218057313836433,10.586436232683315,2.5428992326249693,0.15883245007871055,0.035212153923006854
5470,0.005422203359398013,10.643993946585345,2.4337752688330245,0.13731509025828648,0.030068476325348446
5471,0.037533921831138364,11.05109707930212,2.326900488506134,0.11896188595393645,0.025701993559127927
5472,-0.004480183859112097,11.00169687616855,2.223642376865838,0.10332736727080383,0.022005797149337213
5473,-0.03005465232064292,10.675964112774299,2.1250670736163646,0.09000858573002854,0.018880941476901496
5474,-0.04855832774062491,10.169942359140004,2.031939119040548,0.07865146315017446,0.0162393197072228
5475,-0.01494238528313838,10.019108874556094,1.9447431221643128,0.06895073304602092,0.014004402906536735
5476,-0.0016446265580817908,10.002644724412994,1.863719843805838,0.060646529059038105,0.012110806878116383
5477,-0.033449939771970943,9.673590956094655,1.7889094246790105,0.05351947813565819,0.010503282847712748
5478,-0.037963885263871414,9.313227537001971,1.7201958554627788,0.04738537675627648,0.009135485519449713
5479,-0.01322704077649882,9.190852212484986,1.6573485748777093,0.0420900374568142,0.007968717440671133
5480,-0.0019304597736451413,9.173126756647749,1.6000587967949835,0.03750459361214545,0.006970753179209603
5481,-0.022882156643976255,8.96560911338489,1.5479695467199353,0.03352137486630233,0.006114789879261859
5482,0.02482634999586356,9.190978436639712,1.500699354162008,0.030050367589577937,0.00537853819792166
5483,-0.03824888654065354,8.846071938156427,1.4578601345114184,0.02701622405166646,0.00474345008394991
5484,-0.027744559935961317,8.604014974005738,1.4190700855544929,0.024355761263156587,0.004194071316910053
5485,0.0029269540105070074,8.629235421680178,1.3839625115813803,0.02201588356137149,0.003717503383880109
5486,-0.00508818490009831,8.585439790929398,1.3521914514279052,0.019951864625059528,0.0033029587976453937
5487,0.002945480626309877,8.610765317115247,1.3234348850831927,0.018125930317218104,0.0029413949528977715
5488,-0.01865835432336998,8.451592179011984,1.29739616655328,0.016506091063335816,0.002625213258638057
5489,-0.004925539852659673,8.41006587859522,1.2738042026439185,0.015065179997863273,0.002348012118065858
5490,-0.012233212950114121,8.307810483012197,1.252412781080368,0.013780060156540822,0.002104384110122071
5491,0.0029725813791642453,8.332542867055988,1.232999352413313,0.012630970250216393,0.001889749344514667
5492,0.016025578896085045,8.467152407233176,1.2153634895594922,0.011600983939125868,0.0017002183712870557
5493,0.001937027450512893,8.483569408831887,1.1993251853273876,0.010675562061853725,0.0015324792223427375
5494,0.0053178564583202335,8.528803982084762,1.1847230995616767,0.009842181040855148,0.0013837041607357662
5495,-0.03346536840762605,8.248107417952854,1.1714128309965108,0.009090023786869869,0.0012514725371244224
5496,0.03384187812663628,8.53201576427121,1.1592652620498354,0.008409721959718716,0.0011337068268406972
5497,0.015007610746016765,8.661026586441729,1.1481650054412447,0.007793140507284288,0.00102861946979865
5498,-0.009729262832446524,8.577169776335667,1.1380089678651262,0.007233197081098804,0.0009346685807244717
5499,0.005321356634110558,8.622933610477537,1.1287050365492546,0.006723710286868741,0.0008505209577430565
5500,-0.007510831111575348,8.55841082563727,1.120170888244851,0.00625927183080029,0.0007750211090367645
5501,-0.0012239288393619948,8.547942347451661,1.112332916161863,0.005835138516689178,0.0007071652532196053
5502,0.012617449268412458,8.656478863447928,1.1051252679317791,0.0054471407743785045,0.0006460794399869192
5503,0.015222958537713095,8.789264210908696,1.0984889863667613,0.005091604989813626,0.0005910010922356655
5504,-0.010378372615570038,8.698517667162541,1.0923712442347173,0.004765287386752645,0.0005412633962587385
5505,0.0025054746526408296,8.72033890756046,1.086724664229393,0.004465317601354676,0.0004962820684804954
5506,0.029186476133425884,8.978605483136798,1.0815067155999836,0.00418915041036696,0.00045554411008653364
5507,0.010656940891934336,9.074801618911415,1.0766791793874182,0.0039345243351369494,0.0004185982284745202
5508,0.003768309800896433,9.109062795614294,1.0722076748050748,0.003699426058178537,0.0003850466596561746
5509,-0.026323739175119605,8.87240670459313,1.0680612399394884,0.0034820597653658237,0.000354538170934367
5510,-0.0025404929828990517,8.849895025108292,1.0642119605913085,0.0032808206721341693,0.00032676206026000274
5511,-0.019195093276674725,8.681640461738562,1.0606346417025845,0.0030942721120779367,0.0003014429991655878
5512,0.014217236006848858,8.80595097516559,1.0573065164077375,0.002921125665683394,0.00027833659130356206
5513,0.0008085213151955173,8.813073653260098,1.0542069882937364,0.0027602238893732678,0.00025722553937739385
5514,-0.014805337193015397,8.683554280963714,1.05131740295615,0.002610525273605101,0.00023791633044144744
5515,-0.03296998846985044,8.401925751981087,1.0486208453912165,0.0024710911159258374,0.00022023636380867295
5516,0.010794348794415575,8.493110322738461,1.0461019601711274,0.0023410740426469644,0.00020403145766767099
5517,-0.006316882248124047,8.439629438969241,1.0437467917129264,0.0022197079528046095,0.000189163680398761
5518,0.003999582052696684,8.473452022416277,1.0415426422739438,0.0021062991916439753,0.0001755094608391831
5519,0.013905340982727946,8.592101279462938,1.0394779455920524,0.002000218789112213,0.00016295793866347313
5520,-0.010366905923663104,8.503487890769781,1.0375421543407872,0.0019008956226565293,0.0001514095218477066
5521,-0.006318492204783809,8.449928055709162,1.0357256397910075,0.0018078103837437342,0.00014077462306524656
5522,-0.00023778518941450149,8.447919026834017,1.034019602265573,0.0017204902445524717,0.00013097255097246658
5523,0.02046170465469418,8.622558468094592,1.032415991144495,0.0016385041357429035,0.00012193053581369346
5524,-0.01732902174933359,8.474425174355915,1.9315355731197226,0.06755268988536779,0.00011358287171090101
5525,0.0164149478146701,8.614680413259613,1.9695589031508283,0.07162671977941527,0.0001058701604927205
5526,-0.015426107357932588,8.482809173351452,2.011291685666264,0.0762775273561224,0.00009873864403134731
5527,0.0016331821148414566,8.496674464768072,2.088140579216895,0.08537295426024483,0.0017645961116511887
5528,-0.054186616669766506,8.048520058248716,2.9119309735109553,0.26357670243775744,0.006274442447919614
5529,-0.048851618067575917,7.664786152870938,2.9887175266244137,0.294979530296746,0.012401665301377268
5530,-0.01956236436201284,7.516301900126759,3.058911684825594,0.32816978783399764,0.018365481696158547
5531,-0.03812928372247965,7.235105665036833,3.17515445806215,0.39555668561024526,0.03867939767646314
5532,0.0852743634560931,7.879144469674239,3.281279482956454,0.4761126395153896,0.06730645572849475
5533,-0.018443907298785176,7.7351542127900395,3.3486340253195968,0.5408558590595636,0.09383567654533852
5534,-0.0753595577772788,7.173659127964471,3.379289006506589,0.5749750765124428,0.1121212463623715
5535,0.039338507916982825,7.461484365106424,3.3814372906650507,0.5774929335520724,0.12076560043679126
5536,-0.025968870163452513,7.270212354489885,3.3615412311937374,0.5548223346377916,0.12113762624340534
5537,0.01240666907171406,7.360973329746531,3.3237914557518886,0.5154751760055964,0.1155944577974366
5538,-0.010187214730276319,7.286366178569609,3.270890354626607,0.467191121877897,0.10645603593480786
5539,-0.03995354763920704,7.0009888790743435,3.204760772979024,0.41586745813047077,0.09557776656848077
5540,0.06610542160375829,7.479431819346137,3.127016579180317,0.36547370690897524,0.08426563235506901
5541,0.0788812739475909,8.09331249743947,3.039241646878128,0.3183800026695345,0.07334556643528146
5542,0.019086519264703346,8.249269263752867,2.94313029193152,0.27578569199642716,0.06327988819107178
5543,-0.056305774217556996,7.797622254964574,2.8405267193526473,0.2381072617290136,0.05428020996842763
5544,0.007722886543182671,7.858075543422683,2.7333924710631425,0.2052797450822932,0.04639834463126302
5545,0.0008335318209847823,7.864628229996827,2.623728331961314,0.1769703289331614,0.03959237563529331
5546,-0.0013225769213724289,7.854233529615282,2.513475969215145,0.15271962691542162,0.0337713557484915
5547,-0.04752161227228418,7.489717480707843,2.4044215756086054,0.13202938390298463,0.02882376654984173
5548,-0.007415214188286185,7.434385025920088,2.2981181341214465,0.11441318226732433,0.024634544132890696
5549,-0.03420299877881825,7.184406146844451,2.961736661252779,0.28341605468124725,0.021094493847533115
5550,0.04699542918793715,7.530099785925237,2.966349586298028,0.28535028287595365,0.018104878271454152
5551,-0.014594038926689952,7.421003232530505,2.9851355258616143,0.29340895899627123,0.015579090817191292
5552,-0.04075397079677929,7.124647731813148,3.082308213995862,0.34036071463537204,0.02807603323771498
5553,-0.024287881497326965,6.953689640868721,3.1986056411096464,0.4115212972338489,0.05224823745418294
5554,-0.004657487659484109,6.921378220607826,3.2820388506691955,0.4767748615916543,0.0776633851065835
5555,0.004432975884277635,6.952128630902331,3.3256393139972005,0.5172986865045867,0.09697966844835913
5556,-0.03366488146264968,6.721981714472988,3.336883824836549,0.5286141205032133,0.10766177288197055
5557,0.03784685577750863,6.981263131676441,3.3232479309109264,0.5149407080582876,0.1103299673803873
5558,0.06322463686381116,7.436903021917303,3.2898783374495113,0.4836942297799648,0.10694369996952213
5559,-0.023715231785741364,7.262610011191784,3.2401426649936567,0.4422164323073139,0.09965709674492433
5560,-0.06865265562160265,6.78074253425442,3.1764003378481296,0.39638196283890753,0.09028915785869426
5561,-0.04364734237364755,6.491147151711304,3.1005516257664785,0.35030664670829426,0.08017133333344588
5562,0.04143426617005507,6.765752827109196,3.0143704823725694,0.3065610018287832,0.07017826176595487
5563,-0.016431317016198228,6.655490952236547,2.9196778039790203,0.2665423997187419,0.0608245279982346
5564,0.00014373214383766724,6.656447628970356,2.81840054710704,0.2308397159445581,0.05236888659540875
5565,0.0187306733872028,6.78230236790031,2.7125514356188045,0.19952852676975857,0.04490228828831825
5566,-0.026195159292858573,6.606945652712194,2.604159192966545,0.17238633355072458,0.03841383491999838
5567,-0.019172511892063787,6.481480492986693,2.4951764750428627,0.14903838725063634,0.03283649098817949
5568,0.01333478543946276,6.568488471770984,2.3873886765661028,0.12905050241230426,0.02807686732107095
5569,0.03922117325895019,6.831231153729281,2.2823405502779135,0.11198441144594112,0.02403351547762692
5570,0.02623709318038057,7.012834759765229,2.181289987463832,0.09742812042502626,0.02060741962525845
5571,0.022465466745084105,7.172164371856135,2.0851910219151217,0.08501038753749396,0.017707443608460636
5572,0.01233371884643901,7.261171597470398,1.994702570911567,0.074405613587487,0.01525266533762859
5573,-0.04515366284382545,6.940595168802448,1.9102162737757564,0.06533328753260322,0.013172889020787983
5574,-0.04246348423041814,6.652043134860507,1.8318958911703849,0.05755460873275074,0.01140816347516589
5575,0.030373396651911595,6.857187981432743,1.759721451613926,0.05086787882881165,0.009907818159062947
5576,0.01643413016578337,6.97081099169135,1.693532910263452,0.045103585913901074,0.00862931996292145
5577,-0.011224090717527613,6.893007430666791,1.6330698796954122,0.04011968124436722,0.007537120818689785
5578,0.0038776604245902096,6.919788062328182,1.5780055950445122,0.0357972913064059,0.006601584066000518
5579,0.015477037166493297,7.02771895007369,1.527974499682921,0.03203695711968987,0.005798028528391288
5580,0.03439849882672379,7.273667816791402,1.482593653623544,0.0287554085766599,0.005105901265470409
5581,0.005334395685308255,7.31257211220818,1.4414786327509068,0.025882838330108335,0.004508074933327583
5582,-0.013437307645410356,7.214968067466672,1.4042547925131617,0.02336062056556132,0.003990258413609684
5583,-0.0066011305771831825,7.167497971668917,1.3705648033500843,0.021139414492257296,0.003540506588367691
5584,0.0023940730483506135,7.184678042353342,1.3400732989076019,0.019177594185279877,0.0031488148264757626
5585,-0.005525683888891459,7.145087266440126,1.3124693637177176,0.017439951725534357,0.0028067846962694597
5586,-0.019288177804828,7.008592155505311,1.2874674579722418,0.01589662723957655,0.0025073489212090252
5587,-0.026593740385045212,6.8246639840642676,1.2648072527155476,0.014522226247772826,0.0022445452547121083
5588,0.006329998712668611,6.868001115585383,2.661749529344079,0.1862599228374939,0.002013330557775983
5589,-0.02954570091876779,6.6680496078390865,2.708771398731497,0.19850529143942447,0.0018094278193943858
5590,0.013796499931216472,6.760682892004354,2.764172122055392,0.2141283774472109,0.0016292001281766229
5591,-0.02615003747408935,6.586182323102465,2.89429504556448,0.25698017874916007,0.012004680066049303
5592,0.024517536991277924,6.749655077824156,3.209295598044404,0.4191128048446992,0.03363334213414287
5593,-0.00968905278113886,6.684573113957004,3.299526614418857,0.49242269479897577,0.05771408146270849
5594,-0.0007455364386410745,6.679591378387232,3.3555909282138696,0.5483141915626978,0.0771115561548369
5595,0.015035384533140718,6.780780404999418,3.4050660835248276,0.6063865288873298,0.10023610189929022
5596,0.009684949957860603,6.846770965720397,3.4376767649447717,0.6502514780592403,0.1213411619190689
5597,-0.002636227795845237,6.828745088387745,3.449490441855578,0.6674244994342962,0.13526817743369743
5598,-0.040554184211736156,6.55735117596037,3.4418513570868563,0.6562368433815702,0.14046947706024737
5599,0.03626818882377954,6.799539750113854,3.417171166290658,0.6220963239516321,0.13800566029616113
5600,0.026963250213206145,6.985371497247182,3.377467620480134,0.5728539668042117,0.13002378399057526
5601,-0.016184689315967667,6.873225402647766,3.3242371687708623,0.5159141035938599,0.1187399985380867
5602,-0.06116219161779042,6.4654414655738695,3.258672847827602,0.45701944975482467,0.1059679261558248
5603,0.001955705604669333,6.478098338208979,3.1818999853267456,0.40005499563488955,0.09299694131997478
5604,-0.015313545331979787,6.379651395351057,3.0951482546040463,0.34731903849407375,0.08064143657029546
5605,0.039873388722252934,6.639169260953009,2.999846940240562,0.2999311336489202,0.06934938342446621
5606,-0.032790973592022876,6.42499511691002,2.897647954503578,0.2582180477991961,0.05931389412606119
5607,-0.026583233349352257,6.2564481594480466,2.7903882057639784,0.22202018213142122,0.050565430480435665
5608,0.015022216983904076,6.351143366429193,2.68000829736704,0.1909112338376024,0.04303975920870869
5609,-0.042536014437528566,6.086656036101414,2.568448170363696,0.16434418976945164,0.0366242443948447
5610,-0.07405786931251673,5.652178073751892,2.4575406552515613,0.1417418870922597,0.0311873645070832
5611,-0.043830860201775054,5.409789109279644,2.3489204709258145,0.12254895483582784,0.026596294010717524
5612,-0.001605996899225933,5.401107977545881,2.243960001916017,0.106258399860479,0.022726498660676237
5613,0.03149279128471961,5.573910681688037,2.1437360856838046,0.0924224252432174,0.019466260696091156
5614,0.03357801292963694,5.764249238601804,2.0490259006283607,0.08065401029410588,0.01671815270771073
5615,0.024210835971613477,5.90550964762658,1.9603259983904844,0.07062349161920144,0.01439879086419727
5616,-0.03683578642233871,5.691933330486924,1.8778868101704433,0.06205277935063536,0.01243770784327838
5617,-0.016278041582802397,5.600029836824722,1.8017551401901823,0.05470876935835618,0.010775853635163217
5618,-0.02754565696676699,5.447878510504318,1.7318185076709152,0.0483968220893633,0.009364016151360684
5619,0.008113373126172078,5.492258975791468,1.6678470045527858,0.04295475077256151,0.008161317730566305
5620,-0.03035007100549542,5.328072661879459,1.6095300905448153,0.03824750657604392,0.007133861318439954
5621,-0.013611386376278078,5.2560415400490035,1.5565071741179564,0.034162603316652065,0.006253552264685882
5622,-0.004731366468729551,5.231232019097723,1.508391839542126,0.03060624745959457,0.005497095404138657
5623,0.005565381985863001,5.260426988764039,1.4647902042841756,0.02750010305278941,0.004845153883179677
5624,-0.020288114222232007,5.154778176539335,1.4253142097040794,0.02477860859607238,0.004281650640206115
5625,0.0032453981727308353,5.171534660237641,1.389590753636504,0.022386762967103787,0.003793192176311982
5626,-0.002042253391280792,5.160983853417258,1.357267547246248,0.020278304007314767,0.0033685952148012686
5627,0.0067867244479618664,5.196129154549805,1.3280164819347067,0.018414212497026218,0.0029984988422371395
5628,-0.010997687040549424,5.139296837123292,1.3015351667706385,0.0167614839588133,0.0026750470678767123
5629,0.01957285958810017,5.240878450883807,1.2775471684955066,0.015292119956149661,0.00239162906726527
5630,0.0038457092569667236,5.2610721503175775,1.2558013684762435,0.013982298814182736,0.002142666510971921
5631,0.006987634367998914,5.297963339852435,1.2360707501812565,0.012811692820831307,0.0019234392492171461
5632,0.010641772823420272,5.354644119219466,1.2181508483052688,0.011762904982053167,0.0017299422140491358
5633,-0.0013444969619330232,5.3474496540210135,1.2018580254939397,0.010821003401528927,0.0015587677289485037
5634,0.005613831053855492,5.377553753550981,1.1870276924808199,0.009973135461423905,0.0014070085105369367
5635,0.026475559939099464,5.521828956226702,1.1735125497533851,0.009208207331943712,0.001272177541622222
5636,0.012755312159146721,5.5927127194651485,1.16118090110491,0.008516617059236556,0.0011521417214744472
5637,0.0029543599120145435,5.60926003705307,1.149915069392287,0.007890031685493733,0.0010450667872560083
5638,-0.012316688127008143,5.540596253782559,1.1396099306587262,0.00732120063737726,0.0009493714752728947
5639,-0.012077106784045695,5.474084325440017,1.1301715730080104,0.0068037990590494885,0.00086368927355018
5640,0.006344062488052216,5.508922649873938,1.121516080069994,0.006332295929915182,0.0007868364258573711
5641,-0.0029247844920514423,5.492833778050248,1.1135684346831924,0.005901842748386486,0.0007177850961914468
5642,-0.014717168864612811,5.412586768608108,1.1062615358674581,0.0055081793250091856,0.0006556408036026093
5643,0.012546043376075061,5.480921083287533,1.0995353207684468,0.005147553846172902,0.000599623399581285
5644,-0.002685737380004079,5.466220518422068,1.093335982659832,0.0048166548715135905,0.0005490509916134805
5645,0.0075768532679639945,5.507794570574424,1.0876152760238462,0.004512553336577843,0.000503326323043322
5646,0.00030961724397782583,5.509500142773418,1.0823299000062028,0.004232652965445506,0.00046192520592794
5647,0.00018785190906373892,5.510535210109868,1.0774409520239885,0.003974647770296694,0.0004243866740267843
5648,0.02673742250153698,5.659860103821603,1.0729134439018924,0.0037364855379825924,0.00039030458055134453
5649,-0.013088733318839328,5.586262405320798,1.0687158735598323,0.003516336386842318,0.00035932041230640245
5650,0.0056856237337157235,5.618114254445557,1.0648198459316363,0.003312565627792464,0.0003311171303789054
5651,-0.011786783748918738,5.552283485316046,1.0611997374329414,0.0031237102881304553,0.00030541387917868963
5652,0.018974994882450226,5.658643939329676,1.0578323989004967,0.0029484587593965332,0.00028196143169500115
5653,-0.01193381289643271,5.591516083616181,1.0546968924854692,0.0027856331159559268,0.0002605382603411491
5654,0.005103041029247322,5.620122748018763,1.0517742584960221,0.0026341737218675753,0.00024094714055304767
5655,0.0016910251706592912,5.629634557135539,1.0490473086485037,0.0024931258026729313,0.0002230122090617022
5656,-0.001115388545686151,5.623358827823037,1.0465004426032716,0.0023616277080598883,0.00020657641102211718
5657,0.0011910750030214884,5.630060660356179,1.0441194850330433,0.002238900632636188,0.000191499280395728
5658,-0.008211628868428968,5.5840179930788745,1.0418915408019043,0.0021242395966742447,0.00017765500651139058
5659,-0.01040712927289132,5.526205747514078,1.0398048661253168,0.0020170055178025505,0.0001649307468655222
5660,0.019705606289898255,5.636183007789592,1.0378487538392758,0.001916618229150115,0.00015322515220554642
5661,-0.0060325198483657866,5.602284970018314,1.0360134311337013,0.0018225503201660651,0.0001424470749691338
5662,0.005766265854807602,5.6346825513154695,1.034289968304599,0.0017343216938675114,0.00013251443638626902
5663,-0.0022208509597070386,5.62218264651417,1.0326701972545917,0.0016514947491359814,0.00012335323112463984
5664,-0.005029952795210493,5.593974335905045,1.0311466386249397,0.0015736701093169109,0.00011489665138058665
5665,-0.009251171679891658,5.542462160325699,1.0297124365767334,0.0015004828291350584,0.00010708431487817375
5666,-0.0014413482958097565,5.534479296362031,1.0283613003568373,0.0014315990211180253,0.00009986158341256733
5667,0.007197706618030131,5.574458561531284,1.027087451887455,0.0013667128505673212,0.00009317896042279131
5668,0.00775985773265594,5.61788383597559,1.025885578708676,0.0013055438548378174,0.00008699155765457072
5669,0.008276749921498872,5.664574612972342,1.0247507916826637,0.0012478345484542585,0.0000812586223192343
5670,0.030623898883686638,5.840729480943341,1.0236785869376568,0.0011933482805521565,0.00007594311730530473
5671,-0.007430894872923621,5.79748849278182,1.0226648115909192,0.0011418673154010904,0.00007101134798536192
5672,-0.016942608356963033,5.700091326641402,1.0217056328432552,0.0010931911104530994,0.00006643263000707014
5673,0.0008428730663548022,5.704897805437594,1.020797510084671,0.0010471347695434122,0.0000621789931849375
5674,-0.0010934623686048573,5.698663123686763,1.0199371696920145,0.0010035276516277736,0.00005822491723610582
5675,-0.013852198114949988,5.620268336718026,1.0191215822357,0.0009622121178314395,0.000054547095644138014
5676,-0.015477704960183044,5.53394921575443,1.0183479418445265,0.0009230424016615631,0.0000511242244019516
5677,0.01045354933431342,5.592102049089523,1.0176136475057038,0.000885883589041347,0.00004793681278936461
5678,0.008526266867230358,5.639985647595174,1.0169162861019598,0.0008506106963985429,0.0000449670136911749
5679,0.007185026061916831,5.680655021757091,1.0162536170094365,0.0008171078364146598,0.00004219847126592238
5680,0.0032941053366855057,5.699398552413275,1.0156235580993727,0.0007852674622419265,0.000039616184039976355
5681,-0.0051081686969766385,5.670359294993466,1.015024173003593,0.000754989682045979,0.0000372063817318714
5682,0.0053647243740457574,5.700860953053347,1.0144536595189018,0.0007261816366534449,0.000034956414312597795
5683,0.0012457108216495979,5.7079670023576154,1.0139103390388031,0.0006987569338922064,0.00003285465198285936
5684,0.020895282783876094,5.8284913974757675,1.0133926469127932,0.0006726351339229153,0.00003089039490158724
5685,0.008597021927027914,5.878815072744796,1.0128991236439442,0.0006477412804859724,0.000029053791634189405
5686,-0.005992279356859741,5.843692906552756,1.0124284068448022,0.0006240054735396181,0.00002733576540665656
5687,-0.008051837119031496,5.796829365085049,1.0119792238798828,0.0006013624792514473,0.00002572794735490887
5688,-0.0050569394300834,5.767589145421599,1.0115503851304044,0.0005797513737357255,0.000024222616049527712
5689,0.025739949757694905,5.917973743289062,1.0111407778234296,0.0005591152173093943,0.00002281264265588554
5690,0.011114445319280597,5.984115623134149,1.0107493603734286,0.0005394007563767564,0.000021491441160058416
5691,-0.01761924739964356,5.8796034263260655,1.0103751571894621,0.0005205581503518303,0.00002025292315298314
5692,-0.011217895617090995,5.814015217466699,1.0100172539058363,0.0005025407212928828,0.000019091456720146647
5693,-0.0078022360252420035,5.768829402903996,1.0096747929982124,0.00048530472415971775,0.000018001829032572354
5694,0.0033282836502044493,5.788061690987734,1.0093469697508792,0.000468809135814425,0.00001697921227778051
5695,0.006272917874345042,5.824483843780873,1.0090330285441984,0.0004530154610735349,0.000016019132607428134
5696,0.006639340599257558,5.863283234493882,1.0087322594342176,0.00043788755428656584,0.000015117441812071878
5697,0.01617766209310123,5.958908863413744,1.0084439949991075,0.00042339145506512644,0.000014270291463460184
5698,-0.006781128153063676,5.918637435932816,1.0081676074294728,0.00040949523692010507,0.000013474109291399912
5699,0.01181079927804225,5.98895571480814,1.0079025058417355,0.000396168867683837,0.000012725577585950609
5700,0.005099745358098242,6.019575875062107,1.007648133795726,0.00038338408070107566,0.000012021613436820636
5701,-0.005866740109648653,5.984363978351597,1.0074039669993469,0.0003711142558684896,0.000011359350640674576
5702,-0.0354912469503349,5.775696280149353,1.007169511184754,0.00035933430968849663,0.000010736123123874645
5703,0.0036947718168625714,5.79707563157918,1.006944300141896,0.0003480205935806011,0.00001014944974320181
5704,-0.009615194960393878,5.741602737906125,1.00672789389654,0.00033715079976297826,0.000009597020340538137
5705,0.006440660022683204,5.7787017920783565,1.0065198770210517,0.00032670387407968983,0.000009076682939519777
5706,0.002930572766829298,5.79566153692315,1.0063198570672445,0.00031665993520536216,0.000008586431982946996
5707,-0.012729367661790243,5.722353999548071,1.0061274631115418,0.0003070001997100718,0.00000812439751940296
5708,0.013847933890482202,5.802147995281596,1.0059423444035598,0.00029770691251314655,0.000007688835256208446
5709,-0.0011893289382721118,5.7952514347191295,1.0057641691099763,0.0002887632822961209,0.000007278117403634003
5710,0.02942911105957493,5.96833488715952,1.0055926231462564,0.00028015342148264506,0.000006890724242299309
5711,-0.008032875456609375,5.920584041394429,1.0054274090894353,0.0002718622904271426,0.000006525236351996469
5712,0.004552421892182168,5.947598481708572,1.0052682451657382,0.00026387564548480797,0.000006180327445854541
5713,0.010685497870771435,6.011492293267014,1.0051148643073327,0.0002561799906634606,0.000005854757758883045
5714,-0.012748335588859943,5.935342196937891,1.0049670132729878,0.000248762532583107,0.000005547367944551522
5715,0.013503822943986098,6.016035615675232,1.00482445182785,0.0002416111384920716,0.000005257073437232778
5716,-0.0154455155254028,5.9238287684126005,1.004686951977929,0.0002347142971094699,0.0000049828592421056745
5717,-0.013556394553537372,5.844064885248485,1.0045542972552552,0.0002280610820828171,0.00000472377511752071
5718,-0.004384171096275863,5.818499587163394,1.0044262820499938,0.00022164111786687887,0.000004478931117915027
5719,-0.0054494146266761785,5.786878407120473,1.0043027109860934,0.00021544454784564238,0.000004247493468155719
5720,0.007653845991934861,5.831340218096934,1.0041833983373298,0.0002094620045336628,0.000004028680742720785
5721,-0.003218094530854449,5.812604576735086,1.0040681674808456,0.0002036845817061584,0.000003821760325421905
5722,0.010210092608359492,5.872255811877552,1.0039568503855152,0.00019810380831919943,0.0000036260451274558833
5723,-0.0010120047313885157,5.86631606724378,1.0038492871326794,0.0001927116240922776,0.0000034408905434629586
5724,0.03736457541631432,6.089654974852501,1.0037453254669724,0.00018750035663554494,0.000003265691626989058
5725,-0.0178342663684479,5.982013155419891,1.0036448203751518,0.0001824627000131588,0.0000030998804683121592
5726,-0.011773646450536988,5.911996034683317,1.0035476336909899,0.00017759169464254848,0.0000029429237590153962
5727,0.005546367487501299,5.944877238605061,1.0034536337244422,0.00017288070843709277,0.0000027943205289847766
5728,-0.02783189055982431,5.781701345764452,1.003362694913433,0.00016832341910673056,0.000002653600042689596
5729,-0.010566054072750918,5.72093318191818,1.003274697496733,0.00016391379753748228,0.0000025203198426797135
5730,-0.0003318834055810651,5.719034814166465,1.0031895272065061,0.00015964609217678137,0.000002394063929215571
5731,-0.010050868770207269,5.661841448734101,1.0031070749792153,0.00015551481435695507,0.000002274441065843048
5732,0.016788898208703606,5.7576999562505415,1.0030272366836699,0.00015151472449419527,0.0000021610832015438785
5733,0.0025579979167418983,5.772446994148711,1.0029499128650878,0.00014764081910495537,0.00000205364400084057
5734,0.0036724558084502,5.793685024635903,1.0028750085041216,0.00014388831858594243,0.000001951797473919046
5735,-0.005277131282927898,5.763191518033297,1.0028024327898806,0.00014025265570776778,0.000001855236699458363
5736,-0.012507858357127467,5.691555276754604,1.002732098906044,0.00013672946477590777,0.0000017636726334301442
5737,0.01605332484301708,5.783660985876029,1.002663923829228,0.0001333145714159346,0.0000016768329976555676
5738,-0.006888843529093565,5.743955170915918,1.002597828138827,0.0001300039829430291,0.0000015944612423891138
5739,0.0040965164954054065,5.767533639842497,1.0025337358375992,0.0001267938792786003,0.000001516315577639778
5740,0.02714617819351705,5.926244587344511,1.0024715741823311,0.00012368060437943946,0.0000014421680683455644
5741,0.06388214173212108,6.317179732032058,2.9247502337837994,0.26850741487119595,0.0000013718037888889862
5742,0.022868324849985893,6.463307531071534,2.978373494010948,0.2904740845719818,0.0000013050200327829679
5743,-0.029022166384248572,6.278424179088603,3.038994381049707,0.31825948894194334,0.000001241625573670508
5744,-0.02923733372775673,6.0975173002190495,3.1738732959620677,0.39471063312745497,0.01894823340620041
5745,-0.0008831734377401688,6.0921345122209045,3.3224484752129966,0.514156132098534,0.05804792258992142
5746,-0.03000982947900621,5.912026614734397,3.4200223889365247,0.6258920196503072,0.0997594477618709
5747,0.018421750947671334,6.0219458404205755,3.469243203984479,0.6978459501191969,0.13162469441990837
5748,0.02174610024103595,6.154333923501152,3.48435836855451,0.7226991238828452,0.14952386755248134
5749,-0.023298858440084554,6.012602470517032,3.4752882140959738,0.7076136692349972,0.1546072728016127
5750,-0.058733243807945715,5.669633257280763,3.4476900077978057,0.6647598384120136,0.1501438093602449
5751,0.03966052333593818,5.899012462872588,3.4047151178596806,0.6059405815616308,0.13962890562097932
5752,-0.03873785912479934,5.67486683902554,3.348231672589324,0.5404293766279579,0.12595364520518615
5753,0.05448652425498635,5.992649428037717,3.2795446764404277,0.4746050036477952,0.11119375331197506
5754,0.03562030785997082,6.209956746090029,3.199812897736455,0.41236847448184755,0.0966849323876682
5755,-0.002626084525779549,6.193670268965868,3.11028358072262,0.35577913394639404,0.0831929315111441
5756,0.06740924753331205,6.625574557192298,3.0124057605374874,0.30565271851414144,0.0710868794262034
5757,0.0017051081823904841,6.636881515637004,2.907854423873974,0.2620329833649146,0.060481329059903756
5758,-0.025210908949782007,6.471651254041039,2.7984883370908444,0.22452819967676313,0.051340261007712475
5759,-0.026070794696629047,6.3051105203355196,2.6862635394366006,0.19253445307213005,0.04354766801259648
5760,-0.025548703663832124,6.146063493975597,2.5731254015249463,0.16537459597425685,0.036952558620128306
5761,0.018589670146458997,6.261385363769364,2.460900977111725,0.14237884847430377,0.03139591349561082
5762,0.0303221251025956,6.454151646367365,2.351208993395475,0.12292725287646838,0.026725635598509778
5763,-0.005342880320755809,6.419759844004222,2.2453980969276026,0.10646843264675997,0.022803901451373242
5764,0.000008630001497690722,6.419815246780355,2.1445167307292556,0.0925244180061307,0.01950993678084584
5765,-0.039260023606306385,6.1726566210527976,2.0493120086661336,0.0806878403922983,0.016740195791124825
5766,0.0072987287386229475,6.2178739812169335,1.9602511707359636,0.0706153981038758,0.014407188112106976
5767,-0.028990158555053592,6.040204603381208,1.877557761952628,0.06201990420902854,0.012437703965064693
5768,0.05687515100626241,6.393699402578253,1.8012550670339862,0.054662211270212695,0.01077086918633072
5769,-0.02115370376892598,6.259869469282615,1.7312107980585798,0.04834368023919172,0.009356262551802774
5770,0.0014659121259385666,6.269052617043785,1.6671788780077894,0.04289948798804753,0.008152207627066211
5771,-0.0532281753344006,5.9440877502458385,1.6088359072680636,0.03819285609373177,0.007124281644949282
5772,-0.0035617701125919437,5.922953935387776,1.5558112928649643,0.034110170661687186,0.006244045558222307
5773,-0.01691368408741391,5.823617405117228,1.5077109917385236,0.03055690913386584,0.0054879799840828036
5774,0.002597183384625749,5.838762065697613,1.4641354082303546,0.02745427001919249,0.004836603361945165
5775,0.012072003700869267,5.90967479111182,1.424692277735831,0.024736399891026332,0.004273746410462359
5776,0.030424005588573815,6.092233776304274,1.3890054559785951,0.02234811961993549,0.003785957954359569
5777,0.0008507939102606255,6.09741921725904,1.356720496172847,0.020243063341751688,0.003362019675811832
5778,-0.0005504787089300055,6.094063641471768,1.3275077939067617,0.01838215616644546,0.0029925503583079914
5779,0.004335737696752136,6.120543265799512,1.3010639518397067,0.016732368596409936,0.00266968321459309
5780,0.014706143168412483,6.2112179546290855,1.2771118874581584,0.015265696349131573,0.0023868026709798463
5781,-0.004776902217727171,6.181618327355046,1.255400090098546,0.013958323534360769,0.0021383294154197706
5782,-0.012030246830692945,6.107697467683268,1.2357013337552405,0.012789934928165835,0.0019195445854456035
5783,-0.0030961714634696186,6.08881623392829,1.2178110709659342,0.011743149540974291,0.0017264456950150215
5784,-0.0008024871793566148,6.083931996993979,1.2015456690502218,0.010803052965053302,0.0015556283151696125
5785,-0.003873281009785248,6.0604127963652905,1.1867406008491908,0.00995681028768049,0.0014041886764995396
5786,0.03506519927503059,6.276692157814964,1.1732486652570333,0.009193344836933808,0.0012696432947656069
5787,-0.0029479859634674154,6.258215804832257,1.1609382857498347,0.008503070835447157,0.001149862473571803
5788,0.0102535808203996,6.322715035317084,1.1496919156093348,0.007877670299700375,0.0010430151432967215
5789,-0.0076319912720171105,6.274643802302191,1.1394045647869242,0.007309906343495597,0.0009475229818030439
5790,0.008580936736978219,6.328717794771312,1.1299824538924628,0.0067934665104444104,0.0008620221530277428
5791,0.00006305659371816694,6.329116874740233,1.1213417944808142,0.00632283094159121,0.0007853313133732539
5792,0.005761714871322582,6.365688698596516,1.113407690771565,0.005893161137217091,0.0007164247881861622
5793,-0.015377207300981249,6.268550951580646,1.1061131555159887,0.005500205841751342,0.0006544100238226809
5794,-0.004231359901238903,6.24208249472058,1.0993982314315551,0.00514022120385446,0.0005985085846969508
5795,-0.00757921595705611,6.19495123807668,1.0932092091005432,0.004809902869120894,0.0005480400971400009
5796,0.01908032808832191,6.314287810225107,1.0874979322169724,0.004506328073626487,0.0005024086491218509
5797,-0.003787091449920439,6.290420247693494,1.0822211813804075,0.004226906141191319,0.0004610912418924792
5798,-0.014686048111614735,6.198713883594436,1.0773401281461756,0.003969336060500226,0.0004236279603523584
5799,-0.028512121319347116,6.024471219238816,1.0728198516589937,0.0037315700419189167,0.0003896135866385049
5800,-0.01538008315263271,5.932523247158381,1.0686289108597193,0.0035117821374082863,0.00035869042853712137
5801,-0.011132125422000138,5.866847885711702,1.0647389659223712,0.003308341157946511,0.0003305421729313329
5802,0.009147622787977053,5.920761813306178,1.0611244432248383,0.003119787247401033,0.00030488860618179043
5803,-0.0007671692530888502,5.916221328770901,1.057762238766256,0.002944811574746855,0.00028148106941834557
5804,-0.01511730598243625,5.827456632684618,1.05463145550833,0.002782238691852335,0.0002600985382370361
5805,-0.0031552298263468606,5.809098644771143,1.0517131706332934,0.002631011174940605,0.00024054423408956257
5806,-0.00976862748011645,5.752627993556468,1.0489902291770805,0.0024901762268692423,0.0002226426894014035
5807,-0.017175204274622883,5.654669072931426,1.046447060914253,0.0023588739666520284,0.0002062372007091375
5808,0.013438912572535159,5.731174600343685,1.0440695177438521,0.002236327173882764,0.00019118761431288395
5809,0.008732825026173181,5.781443118946193,1.041844729156094,0.002121832290305523,0.0001773683974580568
5810,-0.007284127386358315,5.739483356445099,1.0397609736522904,0.0020147515098475005,0.00016466695518671236
5811,0.0015088960278304582,5.74815017710471,1.0378075642482936,0.0019145058129232911,0.00015298215897336496
5812,0.007222928487417992,5.789818958927221,1.0359747464187183,0.0018205688214996715,0.00014222305828019095
5813,0.0032674218235208747,5.808767679621502,1.0342536070385777,0.001732461368908932,0.0001323077503935414
5814,-0.0022047551344180957,5.795974876936009,1.0326359930539384,0.0016497466932373396,0.0001231623874703769
5815,-0.0005282564376605501,5.792913924449858,1.031114438766587,0.0015720261757240276,0.00011472030273894878
5816,-0.0013875091912487949,5.7848817767635525,1.0296821007521344,0.0014989355563414805,0.00010692124035304114
5817,-0.0025231802698525607,5.770303876270552,1.0283326995487307,0.001430141567888249,0.0000997106755680154
5818,-0.011843568803605778,5.702365992928172,1.0270604673567154,0.0013653389377544256,0.00009303921375167114
5819,-0.01630456257836743,5.610145262068401,1.0258601010798831,0.0013042477132265697,0.00008686205831497715
5820,0.020449602361812296,5.726051581770112,1.0247267201182182,0.0012466108719532845,0.00008113853898984974
5821,0.019194122898836666,5.83701968038457,1.023655828391344,0.0011921921841396965,0.00007583169302907991
5822,0.005526776802782412,5.869368896457094,1.0226432801327794,0.0011407742972996454,0.00007090789288708987
5823,0.017357934042940407,5.972138367143419,1.0216852490484916,0.001092157018070218,0.00006633651478443789
5824,0.01528148849583263,6.064102415023069,1.0207782004800898,0.0010461557687701263,0.00006208964328487334
5825,0.013892826234543082,6.148937873779316,1.019918866254188,0.001002600199133728,0.00005814180763891248
5826,-0.02130695326434247,6.01930864792598,1.0191042219356548,0.0009613329360374468,0.00005446974618722077
5827,0.01460824178336126,6.107885565343975,1.0183314662343108,0.0009222084561069113,0.0000510521955830911
5828,0.005482040841409439,6.141461190856338,1.0175980023426776,0.0008850920678953188,0.000047869701996602435
5829,-0.01144698840525852,6.071560793604754,1.0169014210070864,0.0008498589918938674,0.000044904451812608684
5830,-0.00729603155167074,6.027423703081496,1.0162394851562448,0.0008163935280054799,0.00004214011963816246
5831,0.0002828089901389524,6.029128553754289,1.015610115930607,0.000784588301310766,0.00003956173169879783
5832,-0.0070482656674461285,5.986783060411008,1.0150113799728733,0.0007543435780035015,0.00003715554293279076
5833,-0.020130297404459752,5.86747224697629,1.0144414778549977,0.0007255666442918395,0.000034908926292787724
5834,-0.01578247145723015,5.77559595825112,1.0138987335303664,0.0006981712418680856,0.000032810272939054095
5835,0.002517953682088664,5.790156965638362,1.0133815847116165,0.0006720770542589249,0.00003084890216147979
5836,-0.013609502026977752,5.711889610585017,1.0128885740850069,0.0006472092389920908,0.000029014980001331717
5837,0.0153325408534169,5.800142230930823,1.0124183412815406,0.0006234980010655655,0.000027299445661085686
5838,-0.02142061121098323,5.677220864724997,1.011969615533281,0.0006008782036908848,0.000025693944893674147
5839,0.012749002417122277,5.75006311362782,1.0115412089506328,0.0005792890127111415,0.000024190769653017924
5840,-0.001920947876437759,5.739028144294057,1.011132010362897,0.0005586735714738813,0.000022782803367379273
5841,0.004279777088569513,5.763642539949179,1.0107409796702107,0.0005389787032753849,0.000021463471267269513
5842,-0.017869221891537314,5.661565467590971,1.0103671426601841,0.0005201546387911071,0.00002022669526156801
5843,0.00009146767551757537,5.662083341508083,1.0100095862471627,0.0005021547661719428,0.00001906685291019935
5844,0.017310192495149763,5.760948311232912,1.0096674540961916,0.0004849354017214994,0.00001797874009007364
5845,-0.019151353088840226,5.651668127764254,1.009339942597451,0.00046845557927919146,0.000016957536993801883
5846,-0.012580016237395936,5.581015389019539,1.009026297160246,0.00045267685662077426,0.000015998777138634696
5847,0.0038137623618155507,5.602340694426798,1.0087258087985993,0.00043756313735459354,0.00001509831909672839
5848,-0.01919657490475222,5.495820623018234,1.0084378109831582,0.00042308050694065725,0.000014252320687733476
5849,-0.006563456887312099,5.459867159871052,1.0081616767365107,0.00040919708159269997,0.000013457215401275547
5850,0.004177478094805715,5.482723342694292,1.007896815951155,0.00039588286894250125,0.00001270969084055005
5851,-0.003540416123331564,5.463346541781183,1.0076426729112915,0.0003831096394524101,0.000012006668999323492
5852,-0.008626624927874669,5.416419004469159,1.007398724001344,0.0003708508076577089,0.000011345288203424373
5853,0.00796930909628379,5.459756577605204,1.007164475585676,0.00035908132240635023,0.000010722886564581297
5854,0.0021834334954843474,5.471690616843267,1.0069394620453829,0.00034777756534078006,0.000010136986809453434
5855,0.000015233330018961247,5.471773969547064,1.0067232439593032,0.00033691725693598903,0.000009585282360103498
5856,0.0011356555012544153,5.477991549603456,1.0065154064175483,0.00032647936947043424,0.000009065624554163532
5857,-0.000410914194632326,5.475741027535046,1.006315557456878,0.0003164440463628012,0.000008576010903696154
5858,0.03149893609333439,5.650966260717814,1.0061233266081944,0.00030679252735837774,0.000008114574301397254
5859,0.00109928875979303,5.657181720076579,1.0059383635472698,0.00029750707909467696,0.000007679573091442124
5860,-0.0249977972132452,5.517517559637394,1.005760336840596,0.00028857093061739004,0.000007269381930053734
5861,0.00361677204011975,5.537509293857925,1.0055889327789362,0.0002799682134552291,0.000006882483367864508
5862,0.007012718454006067,5.576478768746051,1.0054238542917961,0.00027168390589614574,0.000006517460092436069
5863,-0.006313668245402975,5.541381644210906,1.005264819936601,0.00026370378113814365,0.000006172987774969306
5864,0.011569821287212971,5.605866760822128,1.005111562956889,0.00025601435901577066,0.000005847828470346519
5865,0.00717402342018827,5.646227983328018,1.0049638304043054,0.00024860286102865815,0.000005540824524256592
5866,-0.009885325863227663,5.59068814678319,1.0048213823196104,0.0002414571684214383,0.000005250892945315715
5867,-0.015293939310768766,5.505835024764797,1.0046839909683085,0.0002345657830852422,0.000004977020203856335
5868,-0.001446259678341002,5.497877912984812,1.0045514401268665,0.00022791779106995898,0.000004718257422457103
5869,-0.0010743548730359135,5.491974412852545,1.004423524415807,0.00022150282851371954,0.000004473715926363464
5870,-0.007635083930869407,5.450202396612267,1.0043000486762712,0.0002153110498118057,0.00000424256312473486
5871,0.0009144530550976097,5.455188630335613,1.0041808273869073,0.00020933309786153585,0.000004024018696179741
5872,-0.017309849754872306,5.361572711015889,1.0040656841181952,0.00020356007623276946,0.000003817351054329576
5873,-0.006029654436375072,5.329341549367959,1.003954451021544,0.0001979835231256228,0.000003621874071281455
5874,0.004306321003895789,5.3523408905495335,1.0038469683507032,0.00019259538698790813,0.000003436944038626349
5875,-0.0022635404618734987,5.340239351706414,1.0037430840132235,0.0001873880036747907,0.0000032619568474954263
5876,-0.009253980340138655,5.29104883680304,1.0036426531498734,0.00018235407504229009,0.0000030963453706167784
5877,0.00703679587988984,5.328412172366031,1.0035455377400793,0.00017748664887461455,0.0000029395770307944806
5878,0.0040182689599409785,5.349866240845429,1.0034516062316032,0.00017277910005297512,0.0000027911515415145606
5879,-0.00402548186496499,5.328373739173709,1.0033607331928063,0.00016822511288054894,0.0000026505988065603227
5880,0.022082177551150297,5.447344567249778,1.0032727989859673,0.00016381866448470232,0.000002517476966593408
5881,-0.011817871950917363,5.383347446400483,1.0031876894602463,0.0001595540092234954,0.0000023913705816367663
5882,-0.005450677310713198,5.354084380832622,1.0031052956629756,0.0001554256640289215,0.0000022718889392901694
5883,-0.017491109413680206,5.261249762151856,1.0030255135680697,0.00015142839462432419,0.000002158664479325931
5884,-0.005739997239930979,5.231136710135521,1.0029482438204231,0.00014755720255802578,0.00000205135132605929
5885,-0.0042868614661945754,5.208759549910476,1.0028733914952543,0.00014380731299942206,0.0000019496239205708416
5886,0.0077298691689527315,5.249178595474971,1.0028008658714211,0.00014017416324768947,0.0000018531757454833677
5887,-0.012109418326967837,5.185997411743212,1.0027305802178124,0.00013665339190682964,0.0000017617181355676125
5888,-0.006773383778822961,5.150989356338449,1.002662451591972,0.00013324082868408171,0.0000016749791679757347
5889,-0.0023126205981150185,5.139090835936978,1.0025964006501826,0.0001299324847717761,0.0000015927026263816606
5890,-0.002653366430344261,5.125473019348627,1.0025323514682802,0.000126724543775515,0.0000015146470337482216
5891,0.0003270847995709432,5.127149757866759,1.0024702313725298,0.00012361335315416039,0.0000014405847488453105
5892,0.009837726626605599,5.1778381761543555,1.0024099707799294,0.00012059541613950706,0.0000013703011220145477
5893,0.00038897127329890786,5.179852598213428,1.002351503047366,0.00011766738410573651,0.0000013035937060169467
5894,-0.006497735781485812,5.146304396354274,1.0022947643290685,0.00011482604936079448,0.0000012402715181134988
5895,-0.004626162405943945,5.122551740609456,1.0022396934418587,0.0001120683383337351,0.000001180154349816782
5896,0.0063132448535929845,5.154993964119194,1.0021862317377224,0.00010939130513382799,0.0000011230721210168433
5897,0.00043879317200046957,5.1572564366147935,1.0021343229832584,0.00010679212545885354,0.0000010688642754286441
5898,0.012496952708858228,5.222110823469077,1.0020839132455932,0.00010426809083151788,0.0000010173792145331051
5899,-0.015456535399005773,5.14201567400958,1.0020349507843769,0.00010181660314431817,9.68473767390848e-7
5900,0.002949242802484442,5.157203111438276,1.001987385949498,0.00009943516949448499,9.220126938986068e-7
5901,0.013182181699386272,5.225636358696626,1.0019411710841828,0.00009712139729183296,8.778682192343021e-7
5902,0.006592459382440776,5.2601999585234775,1.00189626043316,0.0000948729896234685,8.359195973991785e-7
5903,0.0015848592393283897,5.268543244749215,1.0018526100556018,0.00009268774086034212,7.960527019153261e-7
5904,-0.004191984449214272,5.246503820134244,1.0018101777425599,0.0000905635324915982,7.581596418753438e-7
5905,-0.002402825373087201,5.23391252103976,1.0017689229386415,0.0000884983291735725,7.221384016688152e-7
5906,-0.00821387807585731,5.191097879571852,1.0017288066676813,0.00008649017498112367,6.878925028284914e-7
5907,0.005149931372849916,5.217900634337148,1.0016897914621843,0.00008453718984976149,6.553306865484011e-7
5908,-0.004345727440172502,5.195274260007215,1.0016518412963253,0.00008263756619775944,6.243666155272469e-7
5909,0.00529377019072774,5.222849772833402,1.0016149215223058,0.00008078956571811233,5.949185938840408e-7
5910,0.02408788301742208,5.3501846238187225,1.0015789988098813,0.00007899151633083012,5.669093039796069e-7
5911,-0.012129757332028718,5.285680185126017,1.001544041088884,0.00007724180928664287,5.402655590578406e-7
5912,0.007241819524111965,5.324097063243623,1.0015100174945741,0.00007553889641374076,5.149180706950075e-7
5913,-0.009988152638669085,5.271183861578702,1.0014768983156666,0.00007388128749968147,4.908012301143142e-7
5914,-0.004919114848423494,5.2453179735712,1.0014446549448863,0.00007226754780107476,4.6785290248693377e-7
5915,-0.0023269562001518368,5.233126538359812,1.0014132598319156,0.00007069629567409807,4.46014233399993e-7
5916,-0.01051200944640538,5.178403988647327,1.001382686438605,0.00006916620031931355,4.252294667270914e-7
5917,0.001315842385966477,5.185222437125191,1.0013529091963247,0.00006767597963464442,4.0544577318804247e-7
5918,0.0039029397935058715,5.205499592631739,1.0013239034653465,0.00006622439817073317,3.8661308893200943e-7
5919,-0.008322995536759267,5.162354041934116,1.0012956454961437,0.0000648102651832425,3.6868396352232484e-7
5920,0.007755256323113399,5.202545065166294,1.0012681123925122,0.00006343243277697968,3.516134167422918e-7
5921,0.005236651208859516,5.229860437187576,1.0012412820764165,0.0000620897941370213,3.353588036793906e-7
5922,0.0021570366144813336,5.2411536131575005,1.0012151332544672,0.00006078128184229496,3.1987968758078445e-7
5923,0.006995209558076375,5.277945113107376,1.001189645385952,0.00005950586625733638,3.0513772000601513e-7
5924,-0.004830868458006241,5.252509541953001,1.0011647986523344,0.00005826255399818384,2.9109652783349943e-7
5925,-0.0008273436864012929,5.248165708515067,1.0011405739281494,0.00005705038646860302,2.777216067060365e-7
5926,-0.014811006032354667,5.171007897427747,1.00111695275322,0.000055868438463049696,2.649802205271813e-7
5927,0.012446466938753455,5.235770875336398,1.0010939173061333,0.00005471581683298027,2.528413066451579e-7
5928,0.015981027778600755,5.320116041266207,1.001071450378909,0.000053591659213309844,2.4127538638412726e-7
5929,0.0012596011415339388,5.3268214877123095,1.0010495353528017,0.000052495132805995325,2.302544806041947e-7
5930,0.002700701496561488,5.341227086331017,1.0010281561751797,0.000051425433217888764,2.1975202999166183e-7
5931,-0.011630750060146177,5.27946447804524,1.0010072973374284,0.0000503817833501631,2.0974281979980176e-7
5932,-0.012068442276969108,5.216132493613682,1.0009869438538275,0.000049363432336760123,2.0020290877795224e-7
5933,0.017120458700146966,5.306203906437379,1.000967081241352,0.00004836965452944974,1.91109562043078e-7
5934,0.011743072446699076,5.368882341754289,1.0009476955003551,0.000047399748527219846,1.824411876632272e-7
5935,0.0008606660754904113,5.373505145709046,1.000928773096088,0.00004645303624783955,1.7417727673657253e-7
5936,0.0007131239044112853,5.377338487340252,1.000910300941018,0.00004552886203955354,1.6629834676305935e-7
5937,-0.0027090593788943514,5.362790672422059,1.0008922663779032,0.00004462659183097505,1.5878588811814468e-7
5938,-0.003329410090967826,5.344965433273116,1.0008746571635923,0.00004374561231734704,1.5162231344976034e-7
5939,0.01456980457482374,5.423410612878315,1.0008574614535117,0.00004288533018143754,1.4479090983052923e-7
5940,-0.005069853872072927,5.395984296037904,1.0008406677868076,0.00004204517134742719,1.382757935074574e-7
5941,0.008853991053922206,5.443972422448441,1.0008242650721138,0.00004122458026623165,1.320618671008623e-7
5942,-0.010047521539753152,5.389547866081269,1.0008082425739149,0.00004042301923078347,1.2613477911322584e-7
5943,-0.018105090371824943,5.2928476395403115,1.0007925898994772,0.0000396399677198738,1.2048088561702034e-7
5944,-0.0018705116830195993,5.282956559768165,1.000777296986321,0.000038874921769226513,1.1508721399838364e-7
5945,-0.0058983986119664185,5.251887295658885,1.000762354090209,0.000038127393368545504,1.0994142864085434e-7
5946,-0.007466227546704243,5.212821528488486,1.0007477517736287,0.00003739690988333985,1.0503179844025e-7
5947,-0.003746243537224164,5.193329563147677,1.0007334808947441,0.000036683013500392164,1.0034716604821191e-7
5948,-0.0001266459789656583,5.1926718904877385,1.0007195325967955,0.00003598526069579309,9.58769187479795e-8
5949,-0.01357959217683917,5.122634142210568,1.0007058982979296,0.00003530322172451839,9.16109608716206e-8
5950,0.0057336532893750005,5.152089914206358,1.0006925696814382,0.00003463648013057671,8.753968767325481e-8
5951,0.0027301013413211167,5.166174859707587,1.000679538686387,0.000033984632276804425,8.36539605777921e-8
5952,-0.00018809586634241796,5.165203214955718,1.0006667974986188,0.000033347286893429265,7.99450837293858e-8
5953,-0.0065153456992483715,5.131659523436521,1.000654338542113,0.000032724064644568236,7.640478176818919e-8
5954,-0.01842331702084293,5.037982899877318,1.0006421544706874,0.00003211459771186579,7.302517876812809e-8
5955,-0.022973477454992914,4.923562265611477,1.0006302381600238,0.00003151852939451735,6.979877827227278e-8
5956,-0.0005952115715084764,4.920632576356909,1.0006185827000085,0.000030935513724959614,6.671844436602966e-8
5957,0.010543840543343144,4.972789425162892,1.000607181387368,0.000030365215099543955,6.377738373179061e-8
5958,-0.0008337003991985045,4.968645336338288,1.0005960277185926,0.000029807307923542216,6.096912863188837e-8
5959,0.005172346684441837,4.994411470816195,1.0005851153831313,0.000029261476269865092,5.828752076972642e-8
5960,-0.0019097354785339831,4.984882567774148,1.0005744382568489,0.000028727413550903118,5.5726695981789184e-8
5961,-0.0035310795107880437,4.967311591589398,1.000563990395733,0.00002820482220292805,5.3281069715908195e-8
5962,-0.018082277497321286,4.878298490137358,1.0005537660298398,0.000027693413382519087,5.09453232536705e-8
5963,-0.0028247555720064474,4.864537933549783,1.0005437595574707,0.000027192906674503617,4.871439063721811e-8
5964,0.011458303706321353,4.920597848998221,1.000533965539567,0.000026703029810925828,4.658344626291016e-8
5965,-0.0019071876705679504,4.911222288767087,1.000524378694316,0.0000262235184005794,4.454789310641189e-8
5966,0.00003853371088847834,4.911411540033124,1.0005149938919582,0.000025754115668662014,4.260335154574471e-8
5967,-0.0004254574513358895,4.909322387851036,1.000505806149788,0.000025294572206129544,4.074564875068604e-8
5968,-0.015677391515712624,4.8329571863648235,1.0004968106273402,0.000024844645728347645,3.897080860865516e-8
5969,0.008091923397305871,4.872223762500585,1.0004880026217517,0.000024404100842656374,3.7275042158866536e-8
5970,-0.0006463718429709239,4.8690755118277576,1.000479377563298,0.000023972708824481447,3.565473850808287e-8
5971,0.001278770442167271,4.8753059244576935,1.0004709310110873,0.000023550247401641864,3.410645620276137e-8
5972,0.0185657269875925,4.966664972636673,1.0004626586489165,0.00002313650054652005,3.2626915033763767e-8
5973,-0.00926480714394276,4.920862283685175,1.0004545562812739,0.00002273125827577497,3.1212988251099356e-8
5974,0.00783723496024485,4.959579758406649,1.0004466198294886,0.00002233431645729355,2.986169516739452e-8
5975,0.018682098985929152,5.05310603172755,1.000438845328016,0.00002194547662408906,2.8570194129936524e-8
5976,-0.005579859083993885,5.024988929819004,1.0004312289208586,0.000021564545794868037,2.7335775842229094e-8
5977,-0.014951069530868543,4.950418811526735,1.0004237668581133,0.000021191336300999612,2.6155857017024366e-8
5978,-0.025572668951362943,4.825428371168325,1.0004164554926405,0.00002082566561963307,2.5027974343765376e-8
5979,-0.003957597079045211,4.8063690094551195,1.000409291276852,0.00002046735621272006,2.3949778754288704e-8
5980,-0.018585745329337638,4.717864071874888,1.0004022707596123,0.00002011623537170918,2.2919029971500115e-8
5981,0.005726721854155062,4.744959477034446,1.000395390583247,0.000019772135067690163,2.1933591326552078e-8
5982,0.008529351369937948,4.785603992922304,1.0003886474806571,0.000019434891806774828,2.0991424830821533e-8
5983,-0.005849538155839251,4.757692135094167,1.0003820382725332,0.000019104346490511093,2.0090586489713973e-8
5984,-0.017995465448616438,4.672841008236672,1.0003755598646658,0.000018780344281135054,1.9229221846006456e-8
5985,-0.015414155779377811,4.601365392331391,1.0003692092453478,0.000018462734471474315,1.8405561741091425e-8
5986,-0.0038823182701321676,4.583536059367967,1.000362983482869,0.000018151370359324094,1.7617918283096205e-8
5987,0.0003285991960950088,4.585042453118682,1.0003568797230926,0.00001784610912612464,1.6864681011432582e-8
5988,-0.0034278838517264954,4.569352367393614,1.000350895187117,0.000017546811719776296,1.6144313247878732e-8
5989,-0.026686173300298155,4.449026497527861,1.0003450271690153,0.00001725334274143493,1.5455348624813275e-8
5990,-0.00241551901379436,4.438292758424695,1.0003392730336527,0.0000169655703361374,1.4796387781711115e-8
5991,-0.0015384950394709896,4.43146971698567,1.0003336302145756,0.00001668336608711272,1.4166095221473364e-8
5992,0.0005941799145071582,4.434103589702892,1.0003280962119734,0.00001640660491364082,1.356319631860173e-8
5993,-0.01651445463669852,4.3614781226775765,1.000322668590707,0.000016135164972326253,1.2986474471641666e-8
5994,-0.0031191672896099237,4.347895137596986,1.0003173449784033,0.000015868927561659884,1.2434768392710581e-8
5995,-0.018876855586394337,4.26659035262395,1.0003121230636136,0.000015607777029746652,1.1906969527297962e-8
5996,-0.004818496661485988,4.246081252450783,1.0003070005940315,0.000015351600685082576,1.1402019597875204e-8
5997,0.0030532812654187657,4.25906554505181,1.0003019753747697,0.000015100288710268813,1.0918908265184883e-8
5998,0.014803064682652136,4.3225817250050165,1.000297045266695,0.000014853734078555277,1.0456670901393538e-8
5999,-0.002223919404068905,4.312979333061628,1.0002922081848153,0.000014611832473110526,1.0014386469589572e-8
6000,0.004782813944515177,4.333656919866287,1.0002874620967197,0.000014374482208918832,9.591175504389638e-9
6001,-0.010096029203312824,4.290124316037811,1.0002828050210708,0.000014141584157209342,9.186198188683571e-9
6002,0.012726922757424642,4.345073321005597,1.000278235026143,0.000013913041672325998,8.798652521800769e-9
6003,0.019929938767885822,4.432539064577177,1.0002737502284103,0.000013688760520950485,8.42777257462008e-9
6004,-0.0032853031534493316,4.418000724514047,1.0002693487911767,0.00001346864881359408,8.072826827372148e-9
6005,0.004871658168441636,4.4395762253933295,1.0002650289232535,0.000013252616938277364,7.733116586097901e-9
6006,0.023776180703241525,4.546397257886176,1.000260788877676,0.000013040577496320198,7.407974473930462e-9
6007,-0.00829082292702393,4.508859706879693,1.0002566269504614,0.000012832445240167204,7.096762993560711e-9
6008,0.01072393489715299,4.55747261980926,1.0002525414794075,0.000012628137013177039,6.798873157429532e-9
6009,-0.0005641630823565484,4.554902187148095,1.000248530842927,0.000012427571691306399,6.513723182363152e-9
6010,-0.0009093572978723101,4.5507620363266,1.0002445934589197,0.000012230670126622538,6.240757245532296e-9
6011,0.013739585432401231,4.6137191319068585,1.0002407277836796,0.000012037355092580474,5.979444298771712e-9
6012,0.0029722306572524063,4.627452568715346,1.0002369323108355,0.000011847551231003599,5.729276938444332e-9
6013,0.021363186602326615,4.727373212950801,1.0002332055703256,0.000011661185000708745,5.489770328174518e-9
6014,-0.012220799243858634,4.669952512030537,1.0002295461274022,0.000011478184627718947,5.260461171907709e-9
6015,0.005530346222267193,4.695850512711817,1.0002259525816686,0.000011298480057009428,5.040906734879893e-9
6016,-0.00571269163665636,4.669101045237445,1.0002224235661443,0.000011122002905734199,4.830683910199919e-9
6017,-0.00149546322052973,4.6621237947624214,1.0002189577463596,0.000010948686417882868,4.629388328861175e-9
6018,0.008128873911172155,4.70017606275614,1.000215553819477,0.000010778465420318971,4.436633511106833e-9
6019,-0.003341615448479229,4.6844960946168674,1.0002122105134406,0.000010611276280153036,4.252050057175085e-9
6020,0.0018761435829096282,4.693293131575767,1.0002089265861487,0.00001044705686340539,4.075284875547773e-9
6021,0.01214442707181577,4.750637993183122,1.0002057008246548,0.000010285746494915239,3.906000446917923e-9
6022,-0.013601896893192167,4.68645778084231,1.0002025320443897,0.000010127285919454321,3.743874122179076e-9
6023,0.00833827089631158,4.725698106240585,1.000199419088408,0.000009971617264004883,3.5885974528223194e-9
6024,0.0016897804966641663,4.733690249315677,1.0001963608266573,0.00000981868400116322,3.439875552205732e-9
6025,-0.012189590290968123,4.6763387603233335,1.0001933561552685,0.000009668430913631456,3.29742648623574e-9
6026,0.016008510854788043,4.7518023987690166,1.0001904039958676,0.000009520804059761627,3.160980692071014e-9
6027,0.006799355132666848,4.784221681006533,1.000187503294908,0.000009375750740117361,3.0302804235269854e-9
6028,-0.002565266852506298,4.7719646037717425,1.0001846530230212,0.000009233219465019786,2.9050792219231956e-9
6029,-0.0018377131269673049,4.7632031547586555,1.0001818521743882,0.000009093159923045456,2.785141411176616e-9
6030,-0.007652237658029954,4.726893095987564,1.0001790997661284,0.000008955522950445304,2.6702416160019253e-9
6031,-0.002369666435348565,4.7157051971040564,1.0001763948377063,0.00000882026050145462,2.560164302134724e-9
6032,-0.007779222165677599,4.679162997933857,1.0001737364503551,0.000008687325619465282,2.4547033375459315e-9
6033,0.03923569245095071,4.866402412595571,1.0001711236865185,0.000008556672409032385,2.353661573665234e-9
6034,0.009842555748111015,4.914536743464332,1.000168555649306,0.000008428256008688425,2.256850445678687e-9
6035,0.018180481251575138,5.004702531773954,1.0001660314619667,0.000008302032564539174,2.164089591010407e-9
6036,0.014870448060905738,5.0796807993917925,1.0001635502673762,0.000008177959204616267,2.075206485140931e-9
6037,-0.0013306175533467292,5.072926181857665,1.0001611112275386,0.000008055994013962402,1.9900360939553867e-9
6038,-0.004116517842300625,5.0520863139901975,1.0001587135231034,0.000007936096010425921,1.908420541853124e-9
6039,-0.012299701572752168,4.990327744576427,1.000156356352895,0.000007818225121142312,1.8302087948871436e-9
6040,-0.0037058028006459525,4.971868797777488,1.0001540389334564,0.000007702342159681012,1.7552563582364848e-9
6041,0.010559123015684438,5.024645519619057,1.0001517604986054,0.000007588408803836551,1.6834249873478878e-9
6042,0.013348948259494207,5.092168933272015,1.000149520299003,0.000007476387574043934,1.614582412114568e-9
6043,-0.016990907956750692,5.006379245850167,1.0001473176017341,0.000007366241812398693,1.548602073489923e-9
6044,-0.02132332291732932,4.900756718219626,1.0001451516899011,0.000007257935662262852,1.4853628719625138e-9
6045,0.0005242838316484575,4.903326779391721,1.000143021862226,0.000007151434048438613,1.424748927345793e-9
6046,-0.010085405863587435,4.854123274460518,1.0001409274326665,0.000007046702657892201,1.3666493493618672e-9
6047,-0.0028582615225665707,4.84026873006715,1.0001388677300405,0.000006943707921010937,1.310958018523147e-9
6048,-0.000923428618193774,4.835801150464954,1.0001368420976628,0.000006842416993377134,1.2575733768391036e-9
6049,-0.014098772655830377,4.768100657792125,1.0001348498929905,0.000006742797738043007,1.2063982278975932e-9
6050,0.007366488419560395,4.803354505179174,1.000132890487278,0.0000066448187082913116,1.1573395458913777e-9
6051,0.014576785680378982,4.873884777814786,1.0001309632652422,0.0000065484491308669,1.1103082931806173e-9
6052,-0.007033937917476996,4.8397224635215395,1.0001290676247372,0.000006453658889664944,1.0652192460012802e-9
6053,-0.013680622282857203,4.7739628901107025,1.000127202976436,0.0000063604185098620045,1.0219908279476728e-9
6054,-0.014736829852360224,4.704125664829609,1.0001253687435232,0.0000062686991424765935,9.805449508746657e-10
6055,0.0016004177311665741,4.711660258593747,1.0001235643613935,0.00000617847254934633,9.408068628817426e-10
6056,-0.005548541880903431,4.685589807699069,1.0001217892773602,0.000006089711088509212,9.027050030567358e-10
6057,0.022669018046000192,4.793020602373001,1.0001200429503707,0.000006002387699976934,8.661708626721236e-10
6058,0.02235266650313202,4.901363761668508,1.0001183248507302,0.000005916475891888573,8.311388525410396e-10
6059,-0.005474070761681574,4.8746066515810975,1.000116634459832,0.000005831949727033369,7.975461762537459e-10
6060,-0.009684756995600355,4.827625140188735,1.000114971269895,0.000005748783809731664,7.65332709028273e-10
6061,0.0018690185136461773,4.8366564982113145,2.400457062347587,0.1313303659484425,7.344408819212758e-10
6062,-0.00014299416165233122,4.835964934016151,2.4527781897252465,0.14084388354122912,7.048155711568903e-10
6063,0.0506130841017285,5.087027978357107,2.5110374197063687,0.1522238476344097,6.764039923425879e-10
6064,0.002560802644884878,5.100071546933147,2.6291251494472605,0.17825753555735532,0.005610909528271707
6065,-0.040013643367604275,4.900028027874913,2.790763970999774,0.22213578590777827,0.019268632712616272
6066,0.00865857384540212,4.942639493441443,2.923422056078392,0.26799110091444267,0.03574294783403902
6067,-0.0026188784775841283,4.929712256069957,3.0048650596455717,0.30219997987381236,0.049949430309573065
6068,0.07193780340927033,5.297412129461806,3.041197115483128,0.3193352588595403,0.05943975460423361
6069,-0.004250746915944194,5.274941962520587,3.042851209078778,0.3201463390732501,0.06393364687691386
6070,-0.04391934012703411,5.048283763980151,3.018126612855875,0.30830756377751434,0.06428127827037552
6071,0.001857418236096487,5.057669251994325,3.2925389966187426,0.48607746271421054,0.061683479188935665
6072,-0.021513507737593494,4.950023120151201,3.283335504934607,0.4779088793968217,0.057270930144494726
6073,-0.031051243782328222,4.798680592303833,3.2783884742181733,0.47360423014647585,0.051938528663467355
6074,0.05575381851124761,5.073824244043296,3.328728761174375,0.5203698504754432,0.06639558306413079
6075,0.029925489139983188,5.227955642773796,3.3923905630601547,0.5906073254332143,0.0927505053543693
6076,-0.05985459388607084,4.924219167035512,3.43657843468981,0.6486914731463176,0.11838930355239476
6077,-0.02502580861244977,4.802515814740735,3.455223165263901,0.6760263126239372,0.13581033040518486
6078,0.05662559317809008,5.0823080647164565,3.451464801090494,0.6703666800136163,0.1430956788975935
6079,-0.013358736661542688,5.014866320840095,3.4291258279680545,0.6382647736510638,0.14159244178126743
6080,0.009275635012543066,5.061598792080903,3.3909779127294075,0.5888894580436821,0.13384029474649947
6081,-0.02574768429093946,4.932937813337669,3.3388804029960797,0.5306635320437064,0.12237463342509484
6082,0.0714402009794939,5.298241202479287,3.2741894075314777,0.4699964628092914,0.10922483138970651
6083,0.016912033728501218,5.388607219117721,3.1980944422753077,0.41116333858168924,0.09581051515114272
6084,0.08418313743127245,5.861878339945169,3.1118417843946498,0.3566664836211523,0.08301725454266773
6085,0.004493920027100588,5.888280432426352,3.016856936707921,0.30771568432081886,0.07132726585966878
6086,0.0023549357575891497,5.902163294775993,2.9147829781383217,0.2646636027031992,0.06094650585474017
6087,0.0058915302907495875,5.937038702491161,2.8074517463302557,0.22734322163924753,0.051906797952393426
6088,0.01728104941580976,6.040528593190473,2.69680710773114,0.19530575072163697,0.044139720287845255
6089,-0.032523202923570145,5.847231612614074,2.5848020446957056,0.16797671718882712,0.03752624996733998
6090,-0.03191579145447697,5.663559203761515,2.4732913428028898,0.14475171826572106,0.03192805698131443
6091,0.014229626643816905,5.744725651268927,2.363938231653983,0.12505073995765406,0.02720594626069256
6092,0.017572086957966606,5.846564611033284,2.258147123201361,0.10834558474712136,0.023229804288259142
6093,-0.015009043498202071,5.759468518010919,2.157027381132378,0.09417074643056475,0.01988320803168321
6094,0.026004674152002392,5.9112060112890985,2.0613867032721447,0.08212468456682182,0.017064852936514666
6095,0.008722350674319196,5.962991138733639,1.971748407142147,0.07186596652239757,0.014688206403226114
6096,0.05143776676926852,6.27773967210441,1.8883849817260059,0.06310702760952323,0.012680266636970467
6097,0.024950825316052864,6.4363448955165605,1.81136030808143,0.0556071639665496,0.010979954176777496
6098,-0.0107539072573649,6.367499879365775,1.740574230954209,0.049165649150777646,0.009536436075582147
6099,-0.04145802358484889,6.108913201951213,1.6758049601079137,0.043615420511737155,0.008307541096653371
6100,-0.005524019366201521,6.075260481831456,1.6167465612598027,0.03881751839110859,0.007258339191690739
6101,-0.0033242585273956537,6.055098276127893,1.56304026539502,0.034656313196304384,0.006359909516384651
6102,0.030643121194377933,6.243517519716634,1.5142993791393935,0.031035477974897755,0.005588294618180641
6103,-0.004945239854460666,6.212718046205814,1.4701282384323922,0.027874628602187465,0.004923625282186059
6104,0.030761163424417995,6.406798243896724,1.4301359921114858,0.025106542065521587,0.004349395194667198
6105,-0.02456218810824893,6.251350148032863,1.393946124320936,0.02267486455273021,0.003851863587622076
6106,-0.008017235033678426,6.20143197485998,1.3612026078508193,0.020532228559425485,0.003419565260256645
6107,0.0012853680411301519,6.209408222438394,1.3315734881465542,0.018638708242872795,0.003042909606287502
6108,-0.016188219265996305,6.109698201937144,1.3047525733833583,0.016960552695856706,0.002713852821058686
6109,0.03109845438803666,6.302685624930103,1.2804597766616497,0.015469146636708326,0.002425629955092227
6110,0.01055638798073745,6.369571635916674,1.2584405368850609,0.014140156744480529,0.002172535746686355
6111,-0.0015559913313668158,6.359668344382635,1.2384646419779888,0.012952829371816866,0.0019497451391094886
6112,0.022230126203248518,6.5026276891897075,1.220324693598477,0.01188941167468777,0.0017531660595627005
6113,0.024870575036382,6.6663796410884455,1.2038343855058653,0.01093467342112755,0.0015793184281437996
6114,-0.020029740451442703,6.534182147537428,1.1888267160757142,0.010075511023574447,0.0014252345086218628
6115,0.0038667183202918476,6.55949690032348,1.1751522165261379,0.009300618827189201,0.001288376645207761
6116,-0.0051426856310664276,6.525850061579632,1.1626772476950125,0.008600215514582706,0.001166569185489036
6117,0.0017528078163462004,6.537298653235182,1.1512823974336657,0.007965815774300302,0.0010579420004746683
6118,-0.001478018729914554,6.527643540359154,1.140860995969421,0.007390039227063464,0.0009608835051167163
6119,-0.0018779669186874395,6.515396345246421,1.1313177564112074,0.006866450094186392,0.0008740014792728803
6120,0.005695823665421078,6.552612782455324,1.1225675407322182,0.0063894222957751705,0.0007960903084350912
6121,-0.008924325671429848,6.494395294284983,1.1145342471418151,0.005954025638410219,0.000726103520832129
6122,0.0011293936956348009,6.501734166845432,1.107149812061486,0.005555929538361738,0.0006631307049815573
6123,0.02351205836996299,6.656414622265525,1.1003533184304457,0.005191321363476881,0.0006063780592844177
6124,-0.004086248324152571,6.629270356046539,1.0940902014064149,0.004856836993974477,0.0005551519607357737
6125,-0.047845299787709614,6.319559121540523,2.1913120303491667,0.09879913370954323,0.0005088450495938912
6126,-0.010657776321267614,6.252564315950843,2.2350719131213372,0.10496789548850162,0.0004669244159677755
6127,0.012692262520786868,6.332429264985687,2.2845905848589654,0.11232804602101511,0.0004289215467867552
6128,0.019912232057253555,6.459785834768465,2.3867135598779576,0.1289337273336025,0.003921946125831641
6129,-0.021229172134290514,6.324095323956581,2.5314454647074625,0.1564237583184881,0.012332585106786503
6130,-0.042384302096583636,6.061653941608773,2.6607132898862726,0.18599975016685377,0.022836979581688184
6131,0.018623397190610385,6.175600271148582,2.74710155634834,0.20916717933533663,0.03230892601642419
6132,0.05541513608728718,6.527481737309084,2.7901750912803935,0.22195464959987335,0.03903221781172836
6133,-0.039988306802958576,6.271608852195541,2.7976327452156546,0.22426168935439889,0.042627106323085806
6134,0.0009330724081040526,6.27746344832624,2.7773474886066287,0.21805224363148484,0.043491003304957566
6135,0.01659970838853226,6.382537195017692,2.7356685658417828,0.2059193324174579,0.04231751449105094
6136,-0.01133582509957088,6.3105944055142595,2.6775641003099233,0.19028114338506769,0.03981071881786876
6137,-0.017712616103881487,6.199801383196329,2.607045992717212,0.17305445667786784,0.036556753495500825
6138,0.00994329533157667,6.261755342158409,2.527495505647038,0.1556017837132212,0.03298971202693607
6139,0.033102538316800434,6.472504256151722,2.4418482573406775,0.1388037074181092,0.029403412339607308
6140,0.027877500797651007,6.655480103483523,2.352675192139989,0.12317017133043788,0.025979875247650268
6141,-0.030104274332438286,6.458107490088042,2.2622037889225157,0.10894865987824133,0.022819672234514726
6142,-0.018823721171565732,6.337678888566097,2.172314716731841,0.09621306749011874,0.01996793266849094
6143,-0.014352367280334056,6.247367832438663,2.0845371810795044,0.08493016703587497,0.017434322380951883
6144,0.06061241462433421,6.63774729321519,2.0000552372608715,0.07500621436348023,0.015207350287067996
6145,0.060522346241512565,7.051885226541658,2.9459862644040227,0.27693940771611836,0.013264080942073642
6146,-0.03266871221920082,6.825231615812067,2.9688042866779907,0.28638660846476915,0.011576423423464923
6147,-4.3010226652977007e-7,6.82522868026511,3.0037208362545886,0.3016806296623431,0.010115007211090501
6148,-0.008238374840261915,6.769230870219025,3.11836931123688,0.36041780388943323,0.02553978262477734
6149,0.08831097740928628,7.394218783047512,3.2472909378409107,0.4478405503837154,0.0548399329204135
6150,0.027406558025614845,7.59967138369756,3.3361791101031386,0.5278937012209982,0.08550880230188133
6151,-0.07539133765682407,7.047787020266959,3.381941615821353,0.5780865554441366,0.10876041094069483
6152,0.020634471760253334,7.194725164411161,3.3945943093299604,0.5933032211870312,0.12164727780699838
6153,-0.019917675918709778,7.052840655691221,3.382546459216238,0.5787997724149329,0.1249942413519093
6154,-0.012676274597682455,6.964001177273943,3.3511461095619466,0.5435305569273795,0.1211876270002553
6155,-0.03938492807606993,6.695055459856432,3.303680708979554,0.496255253592833,0.11280884763558205
6156,-0.019070140138959572,6.568589508343343,3.2423238752937067,0.44392131456489914,0.1020157882209628
6157,-0.05214952427917794,6.2348193081478325,3.1687542058313345,0.39135612252937546,0.09037432740511797
6158,0.0007045633276048601,6.2392136810618135,3.0845230869221076,0.34154707625238867,0.0789039803650756
6159,-0.03191541624276463,6.043230654644283,2.991252270565128,0.29609765838293617,0.06819801125979019
6160,-0.07092197802861741,5.629478265996523,2.8907124979921885,0.25566579825834124,0.058549487658927604
6161,-0.017105521249756214,5.534002019383821,2.7848172838310536,0.2203146810865574,0.05005633124824826
6162,-0.017952811055136058,5.435537627664528,2.6755598055232737,0.1897661909360812,0.04269926055210312
6163,0.03170421602932845,5.610627972032801,2.564919068494287,0.16357116530553556,0.03639534397055313
6164,0.03133511537144042,5.789221152813897,2.454759336930601,0.14121677338346733,0.03103258735937045
6165,-0.02408906504186743,5.651430514809122,2.3467421783921436,0.12218985092256078,0.02649096683325266
6166,0.011861354741534708,5.718863268246523,2.2422636270292844,0.10601108728236867,0.022654333191397237
6167,0.018307685321949513,5.824526692458269,2.1424214780673725,0.09225086298468788,0.0194164644112694
6168,0.007381313926266778,5.867678414729206,2.0480113029392957,0.08053412177929511,0.016683542001773046
6169,0.03513764940529093,6.07751992062058,1.959545515244858,0.07053910212753448,0.014374559079129
6170,0.0018567079286696013,6.088814582243002,1.8772879527884474,0.061992955234381045,0.012420619929603666
6171,-0.02171758480683122,5.958005801898109,1.801296528802008,0.05466607066154841,0.01076371849965469
6172,-0.0018155314383128908,5.94719866836895,1.7314678031784507,0.048366150866404736,0.009355339827316239
6173,0.014216297742533144,6.032349647104144,1.6675791111863447,0.042932588692808596,0.008155074484818852
6174,0.04377843173798144,6.3023023948437205,1.6093256404590832,0.03823140767963641,0.007129341879002349
6175,0.01695622146371793,6.41007677087323,1.5563512812080167,0.03415085463775551,0.006250262651949638
6176,-0.002695090760958845,6.39282429113319,1.5082730951615562,0.030597640586610218,0.005494689104095915
6177,0.033831482538650745,6.612803138425787,1.4646998808282041,0.027493779374333435,0.004843386094043137
6178,0.00333816107661788,6.634914625790104,1.4252456369373188,0.024773953762611788,0.0042803472095445105
6179,0.024474664019550604,6.799305431032981,1.3895388349934752,0.02238333442086477,0.003792228371076895
6180,0.0026329174154232915,6.8172310286688305,1.3572283873946644,0.020275780870967673,0.003367881112776988
6181,0.008082182157037987,6.872552389165528,2.090626009377667,0.08567933899284393,0.002997969210558438
6182,-0.011516656051224167,6.793857587382518,2.1124502975047994,0.088404318257227,0.0026746543020887002
6183,0.053073934194826006,7.164174502748488,2.1414430059719747,0.09212332548636082,0.0023913382317978693
6184,-0.06308635242739094,6.726174047191361,2.218472938290569,0.10259228987979051,0.0046806597521005106
6185,0.03979821107896296,6.999261901392604,2.330501775370264,0.11954206561064282,0.009932895075242204
6186,-0.05126097006206519,6.649513743895677,2.4364501958781655,0.13780663002464566,0.01650828769766768
6187,-0.018354516851347785,6.52857838202199,2.5116237796990397,0.15234291159865937,0.022564030358590514
6188,-0.05639587276459367,6.170583112557836,2.551094466053272,0.16057925410377039,0.0270068090233109
6189,-0.015362479303439262,6.076512089375772,2.5587748828013135,0.16223435855369106,0.029523429900659075
6190,0.036627093896189844,6.303203244907411,2.540657764523911,0.15835810069815046,0.030293675325219562
6191,0.03933543864968582,6.556083481491854,2.502425712989212,0.15048592841308472,0.02971147087480324
6192,-0.0006631421510037818,6.551737307414662,2.448939284477354,0.14012403930839532,0.02820478456479109
6193,-0.016720078465982828,6.443102467893768,2.384284961427992,0.12851445908290637,0.026146203143266634
6194,-0.036406495385182806,6.21275028788724,2.311914221069898,0.11657413125368975,0.02382256126707872
6195,-0.014914904861055088,6.1207753124355495,2.2347496121685935,0.10492134322815289,0.02143584121401625
6196,0.0023544801027712537,6.1352035349382845,2.1552466163357664,0.09393504518537056,0.019117204930813626
6197,-0.025210832910438522,5.982463386798007,2.075428585917982,0.08381829154655765,0.016944193609009655
6198,-0.05404323935538993,5.667732814212118,1.996912965510537,0.07465324384404186,0.014956464913106234
6199,0.0032573471309494412,5.686224688309625,1.9209404235359053,0.06644401396391225,0.013168437584136139
6200,-0.02985538166582716,5.518969437979446,1.8484115448065204,0.059147803760424125,0.011578690857136925
6201,0.03737511900007875,5.72914477603425,1.7799307216273625,0.0526963772634431,0.010176574785305861
6202,-0.012859944942136851,5.655940003192957,1.715854232405276,0.04701019365058469,0.008946651608459153
6203,0.027936065918622383,5.816172427101629,1.6563387682137571,0.04200727216750025,0.00787155275860917
6204,0.02069345381726838,5.937783054936054,1.6013871432487559,0.03760843323815665,0.006933729625933455
6205,0.04673590385097674,6.2218777140776735,1.5508889405953614,0.033740136353551796,0.006116459785955213
6206,0.006762021390293811,6.264092752909314,1.504654931141669,0.030335780255787932,0.005404368759535926
6207,-0.004878057682870869,6.233610554535522,1.4624450046090702,0.02733605806272351,0.004783647474419922
6208,-0.02929896443082806,6.053621837578982,1.4239899768868793,0.024688761286795313,0.0042420865350682
6209,-0.007949341788420505,6.005690293056534,1.3890079975602587,0.022348287386370673,0.0037690065296155516
6210,0.008752780541637523,6.058487506332292,1.357216432357269,0.020275010602318837,0.003355134813461894
6211,-0.0006932468256785399,6.054288934591529,1.3283401041731688,0.018434612767480648,0.002992459907657915
6212,0.0037091943926869024,6.076787168526551,1.3021167020085453,0.016797429798027293,0.002674081994519512
6213,0.0059649782599751,6.11314339613187,1.2783000533011997,0.015337843558329501,0.002394069872982619
6214,0.00946133420025832,6.171256368436101,1.256661830572083,0.014033732703774136,0.002147329647634023
6215,-0.0007839260428844913,6.166420455598231,1.2369921448745897,0.01286598648832829,0.0019294873255591128
6216,0.07392361116209731,6.6395363063044375,2.687400284173652,0.19283109662011635,0.001736785677234815
6217,-0.007798315008858358,6.5879604743436,2.735761658574822,0.20594554069030538,0.0015659947108013945
6218,0.010083967523114606,6.654729335534875,2.792343304119083,0.22262245266793357,0.0014143346043582947
6219,-0.07687758934199705,6.162300655380062,2.9240109620057524,0.268219874097273,0.012480751901347691
6220,-0.011360310045158136,6.092691150749953,3.0805485724425634,0.3394222647469752,0.035514899319700734
6221,0.008458969893460667,6.144447636425693,3.1941653887632127,0.408427242668746,0.061046360662690057
6222,-0.08156039540996872,5.663196329085176,3.2567495046698656,0.4554486378782979,0.08149986249732012
6223,-0.06727130183551638,5.294757358921316,3.2794954906183755,0.4745623644829291,0.09388977526511572
6224,0.033698755890764945,5.476224531016399,3.2728689243367612,0.4688705380106897,0.09846652575241728
6225,-0.06543754155846933,5.129347036608897,3.2438342832978124,0.4451076464595004,0.09695140115968626
6226,0.022865349561632355,5.247982501566139,3.196828672400855,0.4102789648195595,0.09136990208405903
6227,0.0006493544076776183,5.251391408809634,3.134863607903076,0.37014919741069585,0.08348687809496509
6228,0.012306381556077859,5.316416325252503,3.0602590104974143,0.3288553495343324,0.0746244394480878
6229,0.0041873866943018655,5.338724890932876,2.9750716065140237,0.2890550626365852,0.06567186358440773
6230,0.02594836423769273,5.479069044987534,2.8813163687923513,0.2522585004790078,0.05716915742693247
6231,0.03774781398504683,5.689845063827981,2.781050061484038,0.21917020607742316,0.04940358190108985
6232,0.020891381300388347,5.809964144557621,2.6763643787598377,0.18997271815515102,0.042493573796623205
6233,-0.0070722046498890865,5.769019843014647,2.5693253857804916,0.16453692931113728,0.0364527913915449
6234,-0.007759072243924377,5.724430809741281,2.4618897114071494,0.14256679663178454,0.03123517526592101
6235,0.000018368373475859665,5.7245359591900415,2.3558217908037418,0.12369295948763268,0.026764750733426202
6236,0.019390344007301222,5.836619841434451,2.2526289833289335,0.10752973793585024,0.022954258625531146
6237,0.042366403383120796,6.089209305396531,2.1535232630619614,0.09370737578109029,0.019716101786026383
6238,-0.025633490697425657,5.935105166895503,2.0594108625688734,0.08188834324595455,0.01696825913811679
6239,-0.030393593477743088,5.757429767532342,1.9709059572406036,0.0717738510473561,0.014637048621584494
6240,-0.018205630990408426,5.653560497429492,1.888361661357288,0.06310467411253975,0.012658009602408999
6241,0.020096036826699862,5.768323940326525,1.811910988907623,0.0556589095410442,0.010975729446001843
6242,-0.017499018427381777,5.668261979810245,1.741511317071312,0.04924828643217459,0.009543130270855224
6243,-0.03046250191119888,5.498196006983527,1.676987514552307,0.04371398252010497,0.008320526503995415
6244,0.03980018020912972,5.721438271860807,1.6180706553613973,0.03892248043078544,0.007274631593807058
6245,-0.0274409982113295,5.566570870434869,1.5644307633081675,0.03476173586886932,0.006377609618238058
6246,0.02037058539479014,5.68112801438311,1.5157031686787223,0.031137774812789475,0.0056062175438115125
6247,-0.005196531609249328,5.651682426805688,1.4715087967116183,0.027971748295885293,0.004941054780459424
6248,0.0070514721648419175,5.691675949009913,1.4314691135517221,0.02519742603611536,0.00436592057707688
6249,-0.06476370907098812,5.334744746780404,2.276276501779202,0.11106275192308007,0.0038672715972100057
6250,-0.011595526760105265,5.273242833956877,2.301900268577576,0.11500210304082353,0.0034337684509073963
6251,-0.002803078568453468,5.258482217231779,2.336134592455328,0.12045456799540936,0.0030558990144145
6252,0.014899032542408605,5.337415066325194,2.4293109245662485,0.13649845920379303,0.0067368312818368616
6253,0.0010000229304835669,5.342755273500805,2.558308143721079,0.16213327455526633,0.014842023109330891
6254,0.06604922480096224,5.707554872770837,2.6717617704015315,0.1887946453973371,0.02457393159192695
6255,0.025318973706519542,5.853909257639288,2.7463748779652946,0.2089589839023202,0.033138415667209674
6256,0.02151660154630757,5.981230337037795,2.7814878806482595,0.21930285128341936,0.039062805735709534
6257,-0.034434818194515035,5.778773544208642,2.78361022018784,0.21994720563131576,0.04206891639446613
6258,0.045195938110373035,6.045942637872007,2.7596838020790213,0.21281070968378155,0.04256090089753656
6259,0.02564024506200729,6.2029665520689505,2.715492640724355,0.20032886090568017,0.041195090663546166
6260,-0.024616176325335963,6.052137270034357,2.6556875725443208,0.18474361376818865,0.0386265969481324
6261,0.04912969731750364,6.3569021461546,2.584103083248455,0.16781974709883765,0.035396689737255974
6262,-0.014486307201252224,6.26547790742045,2.5040137207420696,0.15080489790535928,0.03190428095389114
6263,-0.037468819254547106,6.035061519563818,2.8729108239405474,0.2492585587356072,0.028418138356037098
6264,-0.07255845970302142,5.6126758733781745,2.85443576658694,0.24281952672290003,0.025103739611568233
6265,0.010490762550446526,5.671867060722558,2.8468538338185656,0.24023673945007723,0.022051500856016402
6266,-0.08277678049047589,5.22127471652694,2.904404535461457,0.2607355447930198,0.027797221607836525
6267,0.05199030504060428,5.499910809717369,2.9882929165432723,0.29479277387529246,0.03997776630459078
6268,0.0540382940146963,5.805293476620193,3.055692814345607,0.32653984512270307,0.05313780349789252
6269,0.03344049404966869,6.0027077779907145,3.0923143666183295,0.3457663572612486,0.06333021102161025
6270,-0.04827961061932758,5.719784061178916,3.099218624171708,0.3495662788722883,0.06902514032117503
6271,-0.0350194088441155,5.5229472742350945,3.081159471938555,0.33974766159847425,0.0703837722504511
6272,-0.0059626897464818,5.490113638822884,3.0426714889292406,0.320058078074663,0.06835575851100459
6273,-0.064077102059479,5.149356999871874,2.987426369999711,0.29441212635556346,0.06406646055751485
6274,0.000514479500054643,5.152006920093136,2.918433465802293,0.2660631692749301,0.058508617262257485
6275,-0.014123225909942689,5.079755375881958,2.8383246664598305,0.23737157190782304,0.05243587096811773
6276,-0.0154275518256529,5.001988604436106,2.7495473848078325,0.20986969400743336,0.04636200172981594
6277,0.07632102208359884,5.398691321532745,2.654451808418455,0.18443618208209558,0.04060328839458649
6278,0.009156354240279886,5.4483506539783795,2.555297722416919,0.16148286188959907,0.03533043852659462
6279,-0.014329420927733658,5.370835643062225,2.4542127223142667,0.14111379456668516,0.03061514021878077
6280,-0.012343353635766129,5.304948987077565,2.3531308887278004,0.12324575882802052,0.026466421316483718
6281,-0.0069235211065705425,5.268346914617219,2.253734531103067,0.10769277811136717,0.02285676327253191
6282,0.038387661337121334,5.474518333643539,2.157413444995091,0.09422190576485626,0.01973972441214447
6283,-0.010576069805195846,5.416924540422584,2.065247976784879,0.08258794646571899,0.01706119608125339
6284,-0.0011607754962981462,5.410640355120529,1.978015543040897,0.0725536395451638,0.014766184431200717
6285,0.017175920713028,5.504375776536424,1.8962159586125338,0.06390028213315117,0.01280259981672346
6286,-0.0014313172896245655,5.496502903952278,1.8201090524606913,0.056432344933569405,0.011123130389899028
6287,-0.0372250438237502,5.295656787454268,1.7497580754029345,0.0499784979033213,0.009685942828478651
6288,0.0075958227443923875,5.336034815760668,1.6850735752879222,0.04439062736344605,0.008454702739041269
6289,-0.009955852917057592,5.283173613779064,1.6258540342628047,0.039541842201042024,0.007398229895036912
6290,0.022458774417200653,5.403169656447716,1.5718211387214596,0.03532407442302486,0.006489982896935593
6291,0.006186521433123141,5.436700092773027,1.5226488247677137,0.031645623962782025,0.0057074885409403526
6292,0.00683801255333227,5.4740037122103775,1.4779861306620052,0.028428836364060447,0.00503178053362059
6293,0.002996987139305059,5.490433839077984,1.4374744222963818,0.02560800325874718,0.004446880772174899
6294,-0.014765370433514521,5.409961116407518,1.4007598164070547,0.023127517357000194,0.003939337551631697
6295,-0.009782544955965724,5.3572959482598295,1.3675016957078605,0.020940281050248147,0.0034978242047839776
6296,0.01897993825655076,5.459948179500441,1.3373781651595587,0.019006350850032147,0.003112795801972299
6297,0.03351209942344996,5.646022970063416,1.3100891949141709,0.017291792407830964,0.0027761986720437966
6298,-0.019098520134479643,5.5392154658391535,1.2853580702826877,0.01576771878229276,0.0024812264045473323
6299,-0.012265185035174484,5.471690910286332,1.2629316446568826,0.014409485470664559,0.0022221158790955782
6300,-0.0008151385327113455,5.46723254152722,1.242579779336973,0.013196018012733884,0.001993977267477669
6301,0.031136803275265013,5.640142650173892,1.2240942594564805,0.012109250839291994,0.0017926525869779912
6302,0.010640663344681731,5.700477943823028,1.2072873983681873,0.01113365898698637,0.0016145980890158158
6303,-0.020575656672283085,5.584385303633054,1.191990482536847,0.010255867083579059,0.0014567864586855358
6304,-0.018224831804458837,5.483532623763288,1.1780521628290606,0.00946432250538487,0.0013166254349811094
6305,-0.005453439814403516,5.453709900752424,1.1653368635359045,0.0087490217837035,0.0011918900208693565
6306,-0.004398823421590036,5.429772680307458,1.153723255101352,0.008101281193590998,0.0010806659335898328
6307,0.00571956306790557,5.460917590330813,1.1431028182697849,0.007513544021723488,0.00098130235268182
6308,-0.0024676575703116237,5.447458528705565,1.1333785144842197,0.006979218314563501,0.0008923723637802347
6309,0.01695852063466095,5.540627134569987,2.9212125115604373,0.26713498239668404,0.0008126397788522934
6310,0.031534522565446456,5.718132225725366,2.9726850199586083,0.2880350805182155,0.0007410312468694319
6311,0.010477248848229849,5.7783574664954696,3.031755614528691,0.31475869806459555,0.0006766127608511632
6312,-0.01968516280131511,5.665721821767256,3.167329501041348,0.39042985858484897,0.019694034172892033
6313,0.0006349999774062331,5.669320697518147,3.3144759754862605,0.5064321364509394,0.05778831736948143
6314,0.05487107802166534,5.9890953987469375,3.4111879523910953,0.6142506667915446,0.09815704710301922
6315,-0.03449678406919311,5.786013837389665,3.459999248416593,0.6833321734840105,0.1289087754883573
6316,0.066739157508771,6.185344821783978,3.4747899513588756,0.7068000577374421,0.14612849569175984
6317,-0.005122968310239701,6.153738524429011,3.465331124966138,0.6916424089984671,0.15094970171737415
6318,-0.021077303169883276,6.025391666243309,3.437247231454733,0.6496406684293421,0.1465371632587872
6319,0.01690390131882804,6.128110016908848,3.3937028595617944,0.5922103288739897,0.136270877296257
6320,-0.05088634495013998,5.824074137566355,3.33659817718876,0.5283219227421991,0.12294691408183286
6321,0.03485997182859913,6.030681437952604,3.267278936295884,0.46414912480490267,0.10857392810080237
6322,-0.026569427762665875,5.872559588518237,3.186948369804952,0.4034703864895358,0.09444550414420737
6323,-0.016535269971703195,5.776253646950999,3.096897881231431,0.34828252049015296,0.0813040590337543
6324,0.014892624346448226,5.862920972783404,2.9986162898094166,0.2993781908179395,0.06950811440909767
6325,0.04305812360186794,6.120881135322155,2.8938101070492603,0.25680176420671685,0.05916952393844693
6326,-0.10964186733468338,5.4852583575848035,2.784358326369823,0.2201748712317501,0.05025405247605905
6327,0.015111619756472468,5.568778972640335,2.672224341227528,0.18891267476316348,0.04264970821439146
6328,0.02155595446817434,5.6901224573564555,2.5593481835605787,0.16235861077951322,0.036210360901936946
6329,0.003955348512239666,5.712673443857645,2.4475406748580806,0.13986266674578607,0.030781904992534626
6330,0.01180115466626711,5.7804889503286985,2.338396345606207,0.12082270721423917,0.026216797768348808
6331,0.03267055780487351,5.972459567362895,2.2332350828405945,0.1047028162204553,0.022381230887825263
6332,-0.05090661505485418,5.676030968574085,2.1330752596227907,0.09103810414397218,0.019157859869295486
6333,0.021518603685781526,5.799494850538897,2.03863526922713,0.07943208519033522,0.016446008277101392
6334,-0.049235154404142764,5.520871148644069,1.9503568341146238,0.06955041125688592,0.014160552848404577
6335,-0.005080641896581623,5.492892713768591,1.8684422218068053,0.06111320772240127,0.012230218336505136
6336,0.03738483906363255,5.702130413627777,1.792898024336707,0.053887271617689074,0.010595701957496883
6337,0.043569562356707885,5.956061402641843,1.7235796843552753,0.047678784057306925,0.009207854147192825
6338,-0.004278602434372826,5.93063222329269,1.6602328009286518,0.04232682643752107,0.008026025583124364
6339,0.03693189766853088,6.153756567828481,1.602528962635053,0.03769778361727097,0.007016622592896215
6340,0.0015333259742179085,6.163199520325014,1.550095205507764,0.03368060710427172,0.006151875663436645
6341,0.028899106427514004,6.343909074939763,1.5025371227489441,0.030182858411618364,0.005408806739591202
6342,-0.012627311217348744,6.264306203545016,1.4594562074309994,0.027127432841832458,0.004768372712749713
6343,-0.025670542448403548,6.105544532602082,1.420462276281261,0.024449862028482577,0.004214760219935736
6344,-0.020145035229932013,5.983778729009961,1.385181894177347,0.022096100680175083,0.003734807745487812
6345,0.02672588394676229,6.145856696144818,1.3532636728336336,0.020020713956715293,0.0033175333665443193
6346,0.010308281643141768,6.209537574223594,1.3243812106889703,0.018185393897564437,0.002953749363470654
6347,0.028563412928702916,6.389460534330718,1.2982343123400486,0.016557744831585754,0.0026357478196279076
6348,-0.009178060328579256,6.331085972477964,1.2745489978522992,0.01511028803871084,0.002357044012116651
6349,-0.018875383517793845,6.21270505399174,1.2530766969193907,0.013819644871531606,0.002112166744020131
6350,-0.022256527753859636,6.075959200218679,1.2335929250966264,0.012665865079063903,0.001896486767005157
6351,0.02950879912833046,6.2579250526668355,1.2158956599970612,0.011631873322508082,0.0017060761093705811
6352,0.01239924902995741,6.3360016692136725,1.1998035729988936,0.010703011996173153,0.001537592495287947
6353,0.010011790275510168,6.399754999064661,1.185154224289569,0.009866662636756982,0.001388184158192501
6354,0.030743397899811932,6.5995608314993905,1.1718022933472294,0.009111931581538594,0.001255411256323125
6355,-0.009742901387804847,6.535574175112588,1.159617890760019,0.00842938826297893,0.0011371808286399997
6356,0.0002545278523189836,6.5372378724907305,1.148484978453336,0.007810846725232972,0.0010316928171083576
6357,-0.03133519471289164,6.335568427769365,1.138299912149923,0.007249182718540454,0.0009373951538369505
6358,-0.003108381110055583,6.315905642094674,1.1289701108005528,0.00673818015369989,0.0008529462912738881
6359,-0.00999315798670073,6.2531041146064155,1.1204128516818046,0.006272401848584323,0.0007771838589165669
6360,0.014233410099672831,6.342743533840982,1.1125541860124624,0.005847080426612021,0.0007090983756019777
6361,0.002997636456903658,6.36178529898068,1.1053279676529908,0.005458025977173856,0.0006478111443156976
6362,0.0006833357581571125,6.366134020010264,1.0986749862505012,0.0051015476954258685,0.0005925556161244433
6363,-0.00286429882069625,6.347925599471894,1.0925421957286534,0.004774387211709471,0.0005426616389107634
6364,0.03869046311994129,6.598342924119424,1.0868820290482957,0.0044736617216318,0.0004975421111408818
6365,-0.024944409387159704,6.435787016255905,1.0816517905021128,0.004196815354472113,0.0004566816457681846
6366,0.024797010028792376,6.597370404282282,1.076813117329881,0.003941577484419217,0.0004196269184248391
6367,0.0028916898531843173,6.616475563122121,1.072331503063415,0.003705926907662211,0.0003859784303620204
6368,0.014884898753145201,6.71569775616319,1.0681758756732247,0.0034880609877415373,0.00035538346262501736
6369,-0.00039300299574970783,6.713058985382842,1.064318224253445,0.003286369019190883,0.0003275300356606253
6370,0.012223011613182476,6.795616305009513,1.0607332686232014,0.003099409181286845,0.00030214171952707276
6371,-0.02986725577395567,6.595650967380313,1.0573981668264303,0.002925888554442659,0.00027897316537648043
6372,-0.026345173275755536,6.424156346494671,1.0542922560703996,0.002764645755283238,0.00025780624992399363
6373,0.032233925289252195,6.634605705119253,1.0513968231524395,0.0026146358158334487,0.000238446742026177
6374,0.010229200092090406,6.702820712072623,1.048694900884382,0.00247491699006181,0.0002207214149261375
6375,0.00673752689876607,6.748133623987184,1.04617108743658,0.0023446392192961168,0.00020447553972002258
6376,0.0036526683554895236,6.772827389747203,1.0438113858908777,0.002223034028433304,0.00018957070559367885
6377,0.0020538765572068467,6.7867522362118144,1.0416030616179526,0.0021094056587638967,0.0001758829207226973
6378,-0.0026264867405985997,6.768950309947102,1.0395345153826883,0.0020031232717343532,0.0001633009547117222
6379,0.0009327323497836798,6.775266874249255,1.03759517033538,0.0019036140819907589,0.00015172488930485946
6380,-0.021751273888907855,6.629487381166567,1.0357753712701514,0.0018103572983340836,0.00014106484902071855
6381,-0.02397972365179246,6.472405028660915,1.0340662947283883,0.0017228787683878054,0.0001312398875109012
6382,-0.010331253727047978,6.405881199066418,1.0324598686973179,0.001640746237342475,0.0001221770089393804
6383,-0.01640465045704977,6.301652214588829,1.030948700804965,0.0015635651435202062,0.00011381030663912042
6384,0.005993086085571717,6.339531953683436,1.029526014045106,0.0014909748840443578,0.00010608020380975634
6385,0.003626981016671822,6.362567064436523,1.0281855891818297,0.001422645492896201,0.00009893278314924739
6386,0.01315821888610641,6.446840341752026,2.551400508087457,0.16064486941513312,0.00009231919412372779
6387,-0.039012807594567524,6.200173860611836,2.6050075699195716,0.17258239564357725,0.0000861951281236517
6388,-0.039801909625379245,5.958241719626085,2.665339978192495,0.18716451579224905,0.00008052035307269658
6389,-0.005619117779990901,5.92485554590891,2.7933114248177953,0.22292140594937845,0.008238505240445546
6390,0.0017569119667870158,5.935274145119858,2.9569584966024083,0.28143057925708137,0.026795616556706953
6391,0.021024412381867853,6.061380810447303,3.0823412580826144,0.3403783720947895,0.048260268670266115
6392,0.043731384390007316,6.332334800728475,3.1548021304875578,0.3824197045830052,0.06607654869218339
6393,0.06830198971069983,6.779958660999717,3.1841204542797783,0.4015520058818981,0.07739957187670259
6394,0.07810539878247763,7.330739543559014,3.1812809517407135,0.39963909897633887,0.0821774309412214
6395,-0.01717687862595173,7.205895604311558,3.1540702453002005,0.38195906338546326,0.08170867648966061
6396,0.050098877470174705,7.576098840769344,3.10764944648038,0.35428612188909897,0.07763766962840465
6397,-0.011539647768826223,7.489175823763424,3.0456133695501197,0.32150702413745896,0.07144472048636895
6398,0.03622416494051562,7.765438447058642,2.9707471432171113,0.28721034829726333,0.06426519970985241
6399,-0.0021411171225719033,7.748829521008481,2.885473858939959,0.2537590357207761,0.05688016143573905
6400,-0.0530526325273137,7.348448260275,2.7920837704166317,0.22254239075437618,0.049776953288412175
6401,-0.02960817672227805,7.134063537296088,2.6928194274070933,0.19425236224815196,0.04322598706323486
6402,-0.0050414504914288024,7.098188017483581,2.589870714686108,0.16911967554083587,0.03734993231168803
6403,-0.05480362113965486,6.719649003380799,2.485320814490357,0.1470926149279518,0.032177727583730206
6404,0.005292032887611254,6.75530386704413,2.381074920820726,0.12796221442695221,0.027683276107571535
6405,-0.04624499415559144,6.450018250013891,2.2787948440949077,0.11144471997201773,0.023811484475648396
6406,-0.04337602254756786,6.176223111987651,2.179853668789418,0.09723286929392339,0.02049485310738675
6407,0.011709830635458184,6.248970738526996,2.0853161953077666,0.08502575145682245,0.017663461314732697
6408,0.021618377356299047,6.385534167326011,1.9959442127141507,0.0745446473371123,0.01525055805981491
6409,-0.005254343306902374,6.352070370740083,1.9122214377052702,0.06554009995456306,0.013195353829699415
6410,-0.021193445424970352,6.218864644028567,1.8343912088050207,0.057793763042350205,0.011444107204503956
6411,-0.023514599540956138,6.074336453104135,1.7625001790066077,0.05111733452573487,0.009950226249997696
6412,-0.029318166956307724,5.8988333288073,1.6964425266880463,0.04535002065870307,0.008673842419221528
6413,0.01682302721195804,5.998908989976847,1.636000898288124,0.04035540228172471,0.0075811376226637365
6414,-0.05145232311131593,5.698057313639337,1.5808819191261083,0.03601820372382989,0.006643589584446551
6415,-0.0008504117476480672,5.6932136785950265,1.530745407536462,0.03224123238383522,0.0058372273757054255
6416,0.006597951262647286,5.73090141919058,1.4852273293531626,0.02894261586843681,0.005141943958577174
6417,-0.00839037289508746,5.6830181792858205,1.4439570697621504,0.02605338105887204,0.0045408857613765665
6418,0.020433271169059422,5.800335335623428,1.4065698594314018,0.02351537369783921,0.004019924021407262
6419,0.004781007561140286,5.828133180623437,1.3727152605178532,0.02127949370599916,0.0035672044542454893
6420,0.05466759332994264,6.155612906160802,1.3420625715772068,0.019304211298543525,0.0031727678917864177
6421,-0.012874964529993897,6.076867617495679,1.3143039049108731,0.017554326352426115,0.002828233082987781
6422,0.001601652406318858,6.086608445766302,1.289155562956169,0.015999934872959323,0.0025265327649791488
6423,-0.0037257822004900837,6.063973261425274,1.2663582143738663,0.014615569737835506,0.0022616947213297853
6424,-0.018177105561136976,5.954743527045909,1.2456762572172302,0.013379486953611516,0.002028660458211156
6425,0.019122250912730426,6.069707306891855,1.226896660758253,0.012273072781717556,0.0018231351277906312
6426,0.007312612982426447,6.11425541034886,1.2098274998938798,0.011280350939909594,0.0016414632943906138
6427,-0.01299290871584377,6.035327311086511,1.1942963351051508,0.010387572511819373,0.0014805260165856797
6428,-0.014397988346651042,5.9490533151801035,1.1801485443177384,0.009582874159278266,0.0013376554861939738
6429,0.026219539992090198,6.107097627022164,1.1672456781203449,0.008855992743276631,0.0012105641208132382
6430,0.0009111302268582132,6.112664523967438,1.1554638842020541,0.008198026560744344,0.001097285557589977
6431,0.011539224297890395,6.183608462776268,1.1446924284574898,0.0076012351471118275,0.0009961254539550023
6432,-0.007704069674752478,6.136152548890623,1.1348323272347456,0.007058871031339069,0.0009056203789675555
6433,0.001341044920344933,6.144386925196973,1.125795096273653,0.0065650380098455545,0.0008245033891370988
6434,0.0004835565698475078,6.147358802339787,1.1175016159184938,0.006114571472132938,0.0007516751364277183
6435,-0.0009894315063202902,6.141279419922313,1.109881108364067,0.0057029371014146865,0.0006861795634389016
6436,-0.0004469350853443268,6.13853527995254,1.10287022038736,0.0053261449199445724,0.0006271834098691634
6437,-0.018789766428662705,6.024270501869617,1.0964122037701458,0.004980676177348502,0.0005739588923054725
6438,-0.005223983480414543,5.992881870515093,1.090456185095152,0.004663421012862987,0.0005258690319286112
6439,-0.012976637241877587,5.915616820946672,1.0849565165576245,0.0043716251767863465,0.0004823551966286698
6440,0.008739927169375078,5.967545476906367,1.0798721997021357,0.004102844387186846,0.0004429264991575146
6441,0.011645092398924861,6.037444294572393,1.07516637444952,0.003854905136802757,0.00040715075445293074
6442,-0.011795938848878841,5.966645361747533,1.0708058663363382,0.0036258709617060353,0.00037464674970382963
6443,0.020888418120671777,6.09258995715061,1.066760785491829,0.0034140133454657446,0.0003450776221537077
6444,0.0028846064140656234,6.110190053690831,1.0630041714866936,0.003217786566550183,0.00031814517373284846
6445,-0.00982805509113326,6.050432898530215,1.059511678779924,0.003035805907667976,0.0002935849797222067
6446,0.0015247190269841177,6.0596651451946,1.0562612980493307,0.002866828737824915,0.00027116217187967984
6447,0.02400376812079339,6.206879726110588,1.0532331092103153,0.00270973805444361,0.0002506677956910214
6448,-0.01658241919102219,6.104803320538735,1.0504090624020492,0.002563528136706676,0.00023191565736389684
6449,0.013861764750914897,6.190015901945693,1.047772783649861,0.0024272920145822657,0.00021473958945028703
6450,0.0027164157009517595,6.206853416822221,1.0453094022985003,0.0023002105026029046,0.00019899107503629286
6451,0.004580677067394273,6.2353502254401185,1.0430053976553904,0.002181542584891325,0.0001845371796679274
6452,-0.017739480538709704,6.12571367430104,1.040848462588992,0.0020706169693863064,0.0001712587479039851
6453,-0.004076919518944477,6.100790472120807,1.0388273820982967,0.001966824655724226,0.00015904882786209424
6454,-0.012053028473667463,6.027698843455606,1.036931925108563,0.0018696123836059427,0.00014781129256432338
6455,0.02497723388146191,6.180150066532062,1.035152747959011,0.001778476847406492,0.0001374596314689246
6456,0.006557563413144631,6.220809961713202,1.03348130823337,0.0016929595788303207,0.00012791588943869222
6457,0.0010186739239736937,6.227150167360011,1.0319097877468033,0.0016126424130440769,0.0001191097336625094
6458,-0.013634462513891759,6.142822509342685,1.030431023645451,0.00153714346531908,0.00011097763181284314
6459,0.017685882691548045,6.252430144523336,1.029038446699985,0.0014661135551079598,0.00010346212706926179
6460,0.013282588034737995,6.336032597679438,1.027726025984299,0.001399233022932262,0.00009651119763369927
6461,-0.01836254765533885,6.22074859049724,1.026488219226652,0.0013362088926933491,0.00009007769006302225
6462,-0.01366722200040538,6.136306596666842,1.0253199282049015,0.0012767723382243505,0.00008411881719497628
6463,-0.0025021567400002097,6.120971788804374,1.0242164586314229,0.0012206764182326336,0.00007859571268358608
6464,-0.022344293107181223,5.985719684585324,1.0231734840381532,0.0011676940483714533,0.00007347303522199449
6465,-0.0011170368221708282,5.979037148304851,1.0221870132291275,0.0011176161831364915,0.00006871861644169604
6466,-0.003749555493916772,5.956660394373948,1.0212533609178398,0.001070250183700851,0.00006430314725994265
6467,-0.002724049308843105,5.940456238223991,1.0203691212106623,0.0010254183507591979,0.00006019989812092001
6468,-0.00993657257949486,5.881720761592969,1.0195311436361496,0.000982956604014516,0.00005638446915724336
6469,0.003760204964581245,5.903878870608707,1.0187365114540008,0.0009427132921655383,0.000052834566800005615
6470,-0.004050587828621693,5.8800130586285695,1.0179825220073417,0.0009045481191870771,0.00004952980379952873
6471,-0.0036740202757527306,5.858449408329956,1.017266668908323,0.0008683311743797398,0.000046451519994854656
6472,-0.00690595882220029,5.8181305782853485,1.0165866258702485,0.0008339420551344171,0.00004358262149612186
6473,0.0011231686333067132,5.824668991238176,1.015940232019944,0.0008012690726399628,0.00004090743622731905
6474,-0.011095989745240129,5.760395770786674,1.0153254785421733,0.0007702085318847971,0.00003841158402345786
6475,-0.013236033270382782,5.684653351096711,1.0147404965239175,0.0007406640782863335,0.000036081859691045385
6476,0.0052933543114611235,5.714824016986618,1.014183545880492,0.0007125461041446281,0.00003390612762820908
6477,-0.0027567465330665527,5.699091391085196,1.0136530052580164,0.0006857712088743342,0.00003187322676464035
6478,0.010664344030121675,5.760193691226746,1.0131473628178782,0.0006602617076355844,0.000029972884724860295
6479,-0.02709194718461006,5.606233781601558,1.0126652078186893,0.000635945183571545,0.000028195640243896375
6480,0.0059306130965485595,5.639580971990027,1.0122052229200056,0.0006127540793782633,0.000026532772974634244
6481,-0.03005866036399065,5.472585132101186,1.0117661771398623,0.0005906253243897962,0.000024976239922889355
6482,-0.00785837308196481,5.42974805173657,1.011346919405118,0.0005694999937660571,0.00002351861783136304
6483,-0.013689154419775931,5.355925826923508,1.0109463726397665,0.000549322996728922,0.000022153050908604704
6484,-0.0007066763372256412,5.352142257914488,1.0105635283418832,0.0005300427911095902,0.00002087320336518854
6485,-0.027497950144267872,5.20697437368481,1.0101974416047828,0.0005116111217519398,0.00001967321627764911
6486,0.0037966555815065577,5.226781037752186,1.0098472265423515,0.0004939827805669983,0.000018547668352273198
6487,-0.011295815329557552,5.168072489087644,1.0095120520824379,0.0004771153862563664,0.00001749154020645745
6488,-0.007347317033617024,5.130240175251415,1.0091911380956904,0.00046096918192081704,0.000016500181825741236
6489,0.0035071246635426457,5.148264154797076,1.0088837518303782,0.00044550684894716503,0.000015569282890447785
6490,-0.0019646485816820092,5.138159554172053,1.0085892046265421,0.0004306933357243845,0.000014694845697666307
6491,0.008011356899695423,5.179488513643263,1.008306848885352,0.00041649569988103346,0.000013873160432565405
6492,-0.0166788949737478,5.0938168094281036,1.0080360752718096,0.00040288296286224227,0.000013100782568164789
6493,-0.019962045596332113,4.993141986799258,1.0077763101309856,0.0003898259757775279,0.000012374512195075207
6494,0.019820443965788963,5.0930955677279055,1.0075270130997989,0.00037729729555199164,0.000011691375102667823
6495,0.01617667033259554,5.176154896114658,1.0072876748980104,0.0003652710705043446,0.000011048605450935415
6496,-0.0018578021123292145,5.166547551650588,1.007057815283579,0.00035372293455683795,0.000010443629888206123
6497,-0.0029524971833716426,5.151315831426992,1.0068369811588798,0.0003426299093555631,0.00000987405298408294
6498,-0.0014390284726223947,5.143908272396576,1.0066247448154846,0.0003319703136456311,0.000009337643859699347
6499,-0.010125029605330568,5.092088828248247,1.0064207023063065,0.00032172367930522475,0.000008832323908771442
6500,0.0047825225359409765,5.11650018522771,1.006224471934893,0.00031187067349614666,0.000008356155513137113
6501,0.012076931769814715,5.178666442097221,1.006035692852549,0.0003023930264368849,0.000007907331665633985
6502,-0.012565110118260107,5.114003030195567,1.0058540237547788,0.000293273464347924,0.000007484166421394551
6503,0.01031539668468447,5.167029021972906,1.005679141669274,0.0002844956471585441,0.0000070850861060313685
6504,0.01478231142959124,5.243976987339018,1.0055107408283306,0.00027604411060009964,0.0000067086212158366
6505,0.0000698789150196968,5.244343443564914,1.005348531619192,0.0002679042123431421,0.000006353398951108841
6506,0.002678842376750428,5.258411047053295,1.005192239606358,0.00026006208186508993,0.0000060181363291160655
6507,0.019871048287560318,5.363946261960129,1.005041604620397,0.0002525045737617586,0.000005701633828069465
6508,-0.006973485916740577,5.32667097863229,1.0048963799082533,0.00024521922424022337,0.000005402769517874525
6509,-0.01395661731744837,5.25284504869179,1.0047563313404568,0.00023819421055243056,0.000005120493637391989
6510,0.015930980772842652,5.337198151964893,1.0046212366710114,0.0002314183131489293,0.000004853823581526692
6511,-0.005563160276889941,5.307588900087007,1.0044908848460867,0.0002248808803502504,0.000004601839264705232
6512,-0.012698606770476772,5.2406160466813505,1.0043650753579476,0.00021857179534999241,0.000004363678830239416
6513,-0.013141882990684344,5.172195058845919,1.0042436176408418,0.00021248144537874106,0.00000413853467773193
6514,0.007002597236726941,5.208540967028419,1.0041263305058237,0.0002066006928716883,0.000003925649783091907
6515,-0.009657793938811925,5.158480079624559,1.0040130416117359,0.00020092084849535565,0.0000037243142879154625
6516,0.0119061062977963,5.220264568277178,1.0039035869697817,0.0001954336459002786,0.0000035338623369721104
6517,0.0151013193606922,5.29969569858735,1.003797810479323,0.0001901312180769749,0.000003353669144342108
6518,0.001288824347486712,5.306530478907518,1.0036955634927256,0.00018500607520209085,0.0000031831482703898614
6519,-0.002262939159704517,5.2945357001305995,1.0035967044072283,0.0001800510838703787,0.000003021749093250514
6520,0.008254681336286698,5.338421286729241,1.0035010982819839,0.00017525944761618203,0.000002868954459865022
6521,0.00858600204944374,5.384454319902741,1.0034086164785403,0.0001706246886354555,0.0000027242785028361313
6522,0.00515169508205183,5.41226496120638,1.003319136323176,0.00016614063062608808,0.000002587264610505327
6523,0.008108343888134799,5.456327863899169,1.0032325407896143,0.00016180138267048402,0.000002457483538679208
6524,-0.0031634954032427466,5.439094069670106,1.00314871820075,0.00015760132409003527,0.0000023345316533723445
6525,-0.023918329670491154,5.310543510375986,1.003067561948124,0.00015353509020633844,0.0000022180292947907056
6526,0.009699496756534002,5.3623037281620825,1.0029889702279768,0.00014959755894880481,0.000002107619253562875
6527,-0.012778547558748996,5.294217224750109,1.0029128457927885,0.000145783838252727,0.0000020029653509422213
6528,-0.013378996692322606,5.223857629918145,1.0028390957172981,0.00014208925419592557,0.0000019037511153581733
6529,0.004663102428154937,5.248273896649568,1.0027676311780678,0.00013850933982584125,0.0000018096785482942132
6530,0.012575305850130539,5.3146892676546855,1.0026983672457166,0.00013503982463238586,0.0000017204669730192893
6531,0.0038176302607464633,5.335017564500723,1.0026312226890186,0.00013167662462504147,0.0000016358519602024209
6532,-0.015058472895976567,5.255282200228005,1.0025661197901103,0.0001284158329756334,0.0000015555843249015987
6533,0.005339169820915348,5.283416083307869,1.002502984170109,0.00012525371119090624,0.0000014794291898412154
6534,-0.004976594991601223,5.257187978747532,1.0024417446244909,0.00012218668078153467,0.0000014071651102806838
6535,-0.010666826457517306,5.2014084908692535,1.0023823329676183,0.00011921131539650996,0.0000013385832561335714
6536,0.00464274620351363,5.225613455669038,1.002324683885857,0.0001163243333939801,0.0000012734866473243146
6537,0.017154119472275273,5.316027522937977,1.0022687347987504,0.00011352259082159795,0.0000012116894386708331
6538,0.007570680712727697,5.356426199761246,1.0022144257277619,0.00011080307478125977,0.000001153016250858484
6539,0.02709369114064907,5.503535423870619,1.002161699172128,0.00010816289715481269,0.0000010973015443257555
6540,-0.007200155691170057,5.464051428003747,1.0021104999913921,0.0001055992886688769,0.0000010443890331168836
6541,-0.0017561843598284752,5.45446396748282,1.002060775294218,0.00010310959327838553,9.941311359727944e-7
6542,0.002297524340191613,5.467010138258306,1.0020124743331156,0.0001006912628497929,9.463884621310673e-7
6543,-0.0017499322902292805,5.457451606517256,1.0019655484047194,0.0000983418521261555,9.010293294893314e-7
6544,0.009977752509437124,5.5121772735405035,1.0019199507553063,0.00009605901395745162,8.579293129559983e-7
6545,0.003893653162047114,5.533681618072825,1.001875636491236,0.00009384049478058611,8.169708209686321e-7
6546,-0.0016281387873825425,5.524679346855515,1.0018325624940336,0.00009168413033452952,7.78042698304657e-7
6547,0.01459879079441829,5.6059245830072735,1.0017906873398479,0.0000895878415969745,7.410398534424926e-7
6548,0.019038194196069495,5.713673683539664,1.0017499712230304,0.00008754963092975961,7.058629088544586e-7
6549,-0.017045801352472814,5.6171049211425625,1.0017103758836055,0.00008556757842111828,6.724178727267412e-7
6550,0.00849637753747746,5.665033285637523,1.0016718645384057,0.0000836398384135626,6.406158307071105e-7
6551,0.00574967497789963,5.697699204987289,1.0016344018156724,0.00008176463620691114,6.103726563785955e-7
6552,0.0020459798637335823,5.70936851634766,1.001597953692922,0.00007994026492662382,5.816087392475913e-7
6553,0.01977449344063212,5.823392049899216,1.0015624874379006,0.00007816508254821319,5.542487291184744e-7
6554,-0.019626576561934297,5.710213090779802,1.001527971552452,0.00007643750906907056,5.282212958042461e-7
6555,-0.01443472767604535,5.6283797616563005,1.0014943757191457,0.0000747560238195728,5.034589031945049e-7
6556,0.023989484209594878,5.765034271065245,1.001461670750505,0.00007311916290583149,4.798975967686018e-7
6557,0.014530253486102613,5.849413219575393,1.0014298285407028,0.0000715255167769057,4.574768037035612e-7
6558,-0.012033766062819511,5.779444586719356,1.0013988220195853,0.00006997372790973164,4.361391447836347e-7
6559,0.003024013285901134,5.796948156109242,1.0013686251089022,0.00006846248860542468,4.158302573715242e-7
6560,0.002292455039882075,5.810252643268326,1.0013392126806253,0.00006699053889098576,3.964986287506881e-7
6561,0.003826509448696895,5.83252822158232,1.0013105605172414,0.00006555666452079623,3.780954391940141e-7
6562,-0.0032990435183888,5.813318161991403,1.0012826452739212,0.00006415969507261538,3.6057441415676735e-7
6563,-0.009833536025968705,5.7564328387455035,1.0012554444424586,0.00006279850213310173,3.438916850313523e-7
6564,0.026254912362124815,5.909568969740439,1.001228936316895,0.00006147199756816963,3.280056579382779e-7
6565,0.00908232671319842,5.963486081641987,1.001203099960734,0.00006017913187376233,3.1287689006200146e-7
6566,-0.005788275577931465,5.92906748904281,1.0011779151756726,0.000058918892602875965,2.98467973072234e-7
6567,0.01830040330160584,6.0385707360063625,1.0011533624717628,0.000057690302864907156,2.8474342320099295e-7
6568,0.0064433728802562405,6.077605120419926,1.0011294230389354,0.00005649241989361938,2.716695775733517e-7
6569,-0.021549448815671526,5.948037153107472,1.001106078719817,0.000055324333680232196,2.5921449641560673e-7
6570,0.0016639144959603484,5.957942416819659,1.0010833119837712,0.00005418516566833399,2.473478707885979e-7
6571,0.007193046831674468,6.000952677608842,1.0010611059021082,0.00005307406750750255,2.3604093551630562e-7
6572,-0.012225630067477672,5.928033897373809,1.0010394441243968,0.00005199021986269131,2.252663870007268e-7
6573,-0.00008690590236036583,5.927518738624228,1.001018310855832,0.00005093283127660085,2.1499830563350605e-7
6574,-0.008986283569145851,5.87449099240641,1.0009976908356004,0.00004990113708240876,2.0521208253296838e-7
6575,0.01925948209965727,5.988727180335969,1.000977569316197,0.000048894398364373745,1.9588435035216603e-7
6576,0.010120208966837832,6.049642066634908,1.0009579320436446,0.0000479119009639653,1.8699291791938447e-7
6577,0.006259229324332396,6.087626917592628,1.0009387652385755,0.00004695295452929701,1.7851670848734886e-7
6578,-0.013828030798153767,6.00402637267509,1.00092005557813,0.00004601689160576134,1.7043570138118863e-7
6579,0.0012475639783744317,6.011521454027483,1.0009017901786332,0.00004510306676587555,1.627308768481337e-7
6580,-0.000345614100690297,6.009444146440445,1.0008839565790169,0.000044210855776455354,1.553841639239906e-7
6581,-0.003849704286838741,5.986354037111515,1.0008665427249428,0.000043339654801331415,1.48378391142733e-7
6582,0.018657806561383324,6.099094749414438,1.0008495369536026,0.00004248887963791895,1.4169723992610424e-7
6583,0.0007033011204159749,6.103385758344045,1.0008329279791568,0.000041657964986038374,1.3532520050000708e-7
6584,-0.01606463046995011,6.006120478689258,1.0008167048787857,0.000040846363747469043,1.2924753019370382e-7
6585,0.02670784449561621,6.168692318618537,1.0008008570793216,0.00004005354635479663,1.2345021398650546e-7
6586,0.020174934325380787,6.294409181586043,1.0007853743444373,0.00003927900012818885,1.1791992717473462e-7
6587,-0.003561867650862318,6.272029210050217,1.0007702467623634,0.00003852222865880479,1.1264400003933899e-7
6588,0.005471819769877825,6.306442689794512,1.0007554647341115,0.00003778275121760887,1.0761038440164554e-7
6589,-0.004213705136274213,6.279925107712463,1.0007410189621788,0.00003706010218842303,1.0280762196141228e-7
6590,0.00010717500572749582,6.2805981947902625,1.000726900439713,0.00003635383052411006,9.82248143175824e-8
6591,-0.013525291787105216,6.196223156363257,1.0007131004401169,0.000035663499224836336,9.385159457800621e-8
6592,-0.01209467767284774,6.121733208490575,1.0006996105070713,0.000034988684837415,8.967810046989049e-8
6593,0.0017369655262987182,6.132375688169338,1.0006864224449603,0.000034328976974780834,8.569494886789105e-8
6594,-0.024793257690678222,5.982203439669068,1.0006735283096762,0.000033683977854694653,8.189321166160096e-8
6595,0.009188708814864444,6.037425486257124,1.0006609203997932,0.00003305330185681977,7.826439288872818e-8
6596,0.01758803470370936,6.144551239463101,1.000648591248089,0.00003243657509735537,7.480040706451775e-8
6597,0.00464185771376826,6.173139672418144,1.0006365336133995,0.000031833435020451416,7.149355864197738e-8
6598,-0.003076964284683618,6.1541743349180065,1.0006247404727953,0.00003124353000566725,6.833652254122405e-8
6599,0.009606399935138054,6.213578668911825,1.0006132050140608,0.000030666518990772275,6.532232568980168e-8
6600,-0.009223250259715435,6.156532756602323,1.0006019206284673,0.0000301020711092204,6.244432951913846e-8
6601,-0.0034241195853324693,6.135488102480538,1.0005908809038258,0.000029549865341662432,5.969621336543225e-8
6602,-0.023465098935506686,5.9931942656028365,1.0005800796178046,0.000029009590180890717,5.7071958726185145e-8
6603,0.005436353228048971,6.025864108537856,1.0005695107315071,0.000028480943309639356,5.4565834326365626e-8
6604,0.004195995120264066,6.051201726017018,1.0005591683832904,0.00002796363129069031,5.217238195077098e-8
6605,-0.004818875452419641,6.022111885014839,1.0005490468828218,0.00002745736926876201,4.98864030016022e-8
6606,0.008390844477367407,6.0728550806792745,1.0005391407053579,0.000026961880683681304,4.7702945742559506e-8
6607,-0.004936932368316288,6.042947691986146,1.0005294444862398,0.00002647689699436295,4.561729319292773e-8
6608,0.002718016195562888,6.0593948633955925,1.000519953015595,0.000026002157413143256,4.362495163715429e-8
6609,0.01981863689199789,6.18068171008749,1.0005106612332368,0.000025537408650034926,4.172163971733785e-8
6610,-0.01303724521005453,6.100625636322668,1.000501564223751,0.00002508240466649065,3.990327807784903e-8
6611,-0.024250582386039523,5.9544613592291045,1.000492657211768,0.000024636906438281563,3.8165979533003326e-8
6612,0.00039112694738769807,5.956790765040874,1.0004839355574062,0.000024200681727114724,3.650603973030655e-8
6613,0.012470041725861991,6.0315372718629,1.000475394751883,0.000023773504860631004,3.491992828330137e-8
6614,0.00689078160420761,6.073242804775699,1.000467030413286,0.00002335515652044075,3.340428034946412e-8
6615,0.009736759970554855,6.132665334202135,1.0004588382824993,0.000022945423537870314,3.1955888629941535e-8
6616,-0.007457522287866419,6.087100955642958,1.0004508142192738,0.000022544098697106985,3.057169576917944e-8
6617,-0.024162818891372007,5.941782163700693,1.0004429541984434,0.000022150980545443818,2.9248787133686854e-8
6618,0.0001132577030849051,5.942455154410757,3.0488909982440626,0.3231318904239263,2.7984383950302434e-8
6619,0.0565582525423998,6.288236251218739,3.1005206097674356,0.3502893950506753,2.677583678538965e-8
6620,-0.010113067116927398,6.224963376640623,3.1589979401636095,0.3850759783959905,2.5620619347387296e-8
6621,-0.05440996621969301,5.895312790241548,3.2910728902810207,0.48476201407840264,0.025344807316511696
6622,-0.045416337151658756,5.633558234181714,3.428390994184542,0.6372514173530727,0.07573608290720614
6623,0.03144850770977757,5.8135404869524265,3.514164424651156,0.7762392933594597,0.1280491009431258
6624,-0.024477933447523102,5.672964552990614,3.5555622114342835,0.8625151631508063,0.1669004324519496
6625,-0.06597564796849222,5.310766536466161,3.566788415677223,0.8887533858390881,0.18773049682788642
6626,-0.08519240934262033,4.8770658200204196,3.556794211862346,0.8653297002074256,0.1924758299809355
6627,0.04953981950316043,5.124759474641293,3.5303788186959713,0.8082191304711905,0.18551465190071761
6628,-0.03893632188553309,4.929054921871148,3.49003750137861,0.7324178272255509,0.1713348150925102
6629,0.019587116118089297,5.0265526252928865,3.4371133613792475,0.6494504916702954,0.1535595554658956
6630,-0.016441046651230463,4.944586489946732,3.3724550558749087,0.5670801138831254,0.13473772335717582
6631,0.06184068177549398,5.260015752424548,3.2968019531793846,0.48993351806734176,0.11647325597939523
6632,0.015801711816008382,5.343793175620967,3.2110130245540116,0.42035162050125074,0.09965735150445951
6633,0.05081606103013051,5.622361629152153,3.116191772089864,0.35916022932268443,0.08469419627346456
6634,0.01084288857940355,5.6836559732005645,3.013730593611877,0.30626478636093185,0.07168143252482989
6635,0.008698549270994132,5.733311185784025,2.9052889225995946,0.261067366805686,0.0605399088340099
6636,-0.01356832362637712,5.656045134938716,2.792720114248925,0.22273875371496424,0.05110029102524859
6637,0.019506495524037822,5.767457857210714,3.0862825567196697,0.3424936076348266,0.043157314983340724
6638,0.005004118764478355,5.79639123394685,3.2891897727704236,0.4830803676726778,0.03650157779932078
6639,-0.03682583851405472,5.586816826895941,3.2969610146357295,0.49007830201171293,0.03093661225038413
6640,-0.013161405973535262,5.513768228138755,3.4852700386864233,0.7242448153816663,0.03903707350910845
6641,-0.005693196307593809,5.482466451348725,3.554100591959333,0.8591962265151945,0.07606276881875651
6642,-0.0009234790151084073,5.477405845671089,3.6141171025437266,1.0161568910319276,0.12466298351207547
6643,-0.036424305703850954,5.281484942814102,3.6681329618605396,1.2059647337163275,0.19350492461599852
6644,0.07440198572325635,5.68942553776503,3.7017186210076285,1.3586426163113199,0.25790736262646075
6645,-0.00245143525760391,5.675495360845819,3.7155553393008955,1.432030047229559,0.30065819766971824
6646,0.07826328637583183,6.1375223470957225,3.713834254818045,1.4225152558489251,0.317677893416227
6647,0.0569523185592346,6.497213890279974,3.6996029733627287,1.3480174905105615,0.31291938547672293
6648,0.037376594440766596,6.744653029457365,3.674479458624708,1.232401239868901,0.293135829229729
6649,0.04324447569648783,7.042720448607575,3.6391325617500643,1.0969953016052705,0.26484514207150783
6650,-0.0038568227763606153,7.0156102372197635,3.5937078748932896,0.9575774601385882,0.2331140155784799
6651,-0.006413467182930995,6.970759828242425,3.538129818435136,0.8242997447363967,0.2013694779844957
6652,0.048330368881005455,7.315933214576535,3.472319150876301,0.7027881971598918,0.1716533370033556
6653,-0.009111132645907983,7.2495795143284045,3.396355643739446,0.5954720570695844,0.14499436268796959
6654,-0.07595488227799603,6.719330938686944,3.310596862099228,0.502738543329302,0.12175155622800636
6655,-0.03182411917500083,6.508860924449035,3.2157523157702714,0.42379831531409673,0.10188016347342349
6656,0.009614196615842502,6.571740175522064,3.1129084384836014,0.3572757080799729,0.08511783405427699
6657,0.02780488657121218,6.757030719587753,3.0035023564918637,0.3015815997474817,0.07110529311144573
6658,0.0204810172632862,6.896848500155988,2.8892488996505503,0.25513126645422796,0.059459164684211085
6659,0.07399457219491713,7.426533091560906,2.7720328406906716,0.21645931170757285,0.049812383993090514
6660,-0.0018881759200038816,7.412523720848718,2.653783969439357,0.1842702729610148,0.04183393977623523
6661,-0.010124397063509486,7.337855013094303,2.5363543071187262,0.15745145644787034,0.035236172559609875
6662,-0.004711740952137997,7.303362265387223,2.421414140464057,0.13506526729707719,0.029775064569617652
6663,-0.015664616439294125,7.189849286563502,2.3103777688323692,0.11633172297278715,0.025246941940401647
6664,-0.017768426704514326,7.063225262770344,2.204362927558699,0.10060743449019555,0.021483641357441477
6665,-0.01646291317408376,6.94789593169567,2.1041817248686954,0.08736452269869219,0.0183473062127942
6666,0.005561880908014345,6.986646965852226,2.0103568222826786,0.07617120750077218,0.01572542521328956
6667,0.0005276836802085477,6.990334678322757,1.923154801984987,0.06667479137592758,0.013526396374495027
6668,0.015851065563104633,7.102021772848643,1.8426288053080404,0.058587192184260756,0.01167571112006262
6669,0.01834775746768706,7.23353070360487,1.7686638792660136,0.05167288819399153,0.010112752450760631
6670,0.041227571434614474,7.5379844288325595,1.7010203221637048,0.04573900732498924,0.008788152478233191
6671,-0.01825071767705283,7.401658609218959,1.639372149851872,0.04062725197102235,0.007661635733057835
6672,-0.006016103278603694,7.357263144346007,1.5833393168263559,0.036207357587762,0.006700271903526931
6673,0.017375782425341393,7.486218453207063,1.532513417908859,0.032371812380286524,0.005877066937493054
6674,0.021880956791735188,7.651829330445946,1.4864772860823472,0.029031602741562794,0.005169830104162615
6675,0.00709493555611261,7.706311612025811,1.4448192687132737,0.026112787048684038,0.004560264131525913
6676,-0.002004564185092299,7.6908792884783335,1.4071431013851439,0.023553735356701282,0.004033234620168125
6677,-0.00876922539469264,7.623731083689304,1.373074290029989,0.021302902968328402,0.0035761830118114343
6678,-0.00926703750979192,7.553408028234672,1.3422638230770523,0.019317031504984573,0.0031786542798695762
6679,-0.008227245384770291,7.49151922317946,1.3143899110713337,0.017559692248368168,0.0028319162308656585
6680,0.014259618770406622,7.599110715039291,1.28915831996112,0.016000103699728395,0.002528651974724823
6681,-0.02193460533726488,7.434241995912441,1.2663017418558185,0.01461216912267789,0.0022627108871919837
6682,-0.013690793217380473,7.33315488633288,1.2455785409481979,0.013373690878414286,0.002028906399584234
6683,0.0022388434372625026,7.3495910641736035,1.2267711247167674,0.012265727149563543,0.0018228513476599144
6684,0.0319679392122282,7.588338138594673,1.2096841208016262,0.011272063623592295,0.0016408235119310234
6685,-0.0006282850429655439,7.583571996645862,1.1941424859966956,0.010378778235946464,0.0014796554861109578
6686,0.004375285380748266,7.616824980937513,1.1799896330397655,0.009573881455289531,0.0013366442002664825
6687,-0.023012120878155636,7.44354707646339,1.167085630736416,0.008847018068173191,0.0012094763664731523
6688,-0.007725030425596966,7.3862669789255735,1.1553055111128907,0.008189219179050508,0.0010961668598848623
6689,0.031192524018005676,7.620294265051786,1.14453770180212,0.0075926953348328125,0.0009950076387359407
6690,0.0053485909586073735,7.661161295148616,1.1346825911400833,0.007050663430356509,0.0009045252757157763
6691,0.022872132629413768,7.838407666739907,1.1256512262362228,0.0065572014459308586,0.0008234455461962012
6692,-0.008030615221617958,7.775712508103721,1.117364139618003,0.006107126184285913,0.0007506638162086138
6693,-0.005134064961232812,7.735893798352339,1.1097502972064195,0.0056958900696541925,0.0006852202107544426
6694,-0.007543531010790522,7.677757396151439,1.1027461588125136,0.005319493791942026,0.0006262787334597299
6695,0.001969891954605613,7.69289665513214,2.0209613490080423,0.07738312855812367,0.0005731096615445436
6696,-0.0035800800919939986,7.665404710013661,2.0583009578924,0.08175579234542524,0.0005250746632686065
6697,-0.038837780837437906,7.373404426230261,2.100515424998386,0.08690637235083502,0.00048161418449691774
6698,0.09110201309026447,8.07668521687938,2.6514818885468934,0.18369963382627386,0.0026991645965850053
6699,0.011800577305593415,8.172559337574894,2.7466475964339407,0.20903709022271197,0.00820641464577947
6700,0.02080900580823773,8.344403928956993,2.842186343528262,0.23866357939783422,0.015373964979219945
6701,0.02603223229350856,8.564479491259089,2.963592484600035,0.2841921428718494,0.029854130295712895
6702,0.008804722505831624,8.64022030570847,3.0673814341213412,0.3325123758672295,0.0475980902655997
6703,0.02219150868528813,8.83410314945803,3.132818853858762,0.3689227210513042,0.06320595212237036
6704,0.06798583620105342,9.455583614769255,3.1612867857089166,0.386536198944188,0.07367832594091026
6705,0.006569422068874213,9.517905820741804,3.1597499608991373,0.3855548694547368,0.07846612416940486
6706,-0.009465552306347066,9.428238629581955,3.134460532291442,0.3699069676063839,0.07843284134916477
6707,0.01839709950674001,9.603296212335229,3.0900440270448684,0.344529420515369,0.07494063132154245
6708,0.06076769939695537,10.204962222461374,3.0299237370501375,0.3138810547034878,0.06931791429667021
6709,0.0009068593299491059,10.214220885182403,2.9568385045669148,0.2813809529685288,0.0626334751234342
6710,0.005833470828527475,10.273979374993841,2.873204059337623,0.24936246108188104,0.055649621436918185
6711,-0.007703483369323155,10.195138012199532,2.7813126263252284,0.21924974338832398,0.04885819449223499
6712,-0.004900426896089985,10.145299697918574,2.6834094590750945,0.19179191328829903,0.042543218636874415
6713,-0.06002059503823414,9.554286665157273,2.5816867331955136,0.16727828437638967,0.03684285428771723
6714,0.0171685741183361,9.719736347508137,2.4782305179145334,0.1457083877009479,0.031800175977692774
6715,0.002134343053479688,9.740503753764049,2.3749505897026655,0.12691465696274656,0.027400758155158078
6716,-0.02977537853163538,9.454751864098569,2.2735155494199653,0.11064526665665408,0.023598619516448014
6717,0.043266350346047755,9.872803031676304,2.175307354953879,0.09661687611977285,0.020333134788087646
6718,-0.02694920267180402,9.610291980994665,2.0814012043858447,0.0845461703763617,0.017539457504821197
6719,0.021075654276326117,9.814984611137305,1.9925700716478105,0.07416722678304648,0.015154530851937546
6720,0.009613197161574499,9.909792968929636,1.9093089344282952,0.06523983500496107,0.013120232803483255
6721,0.0502525045744085,10.420509813531266,1.8318719027447607,0.05755231232401879,0.011384740048555443
6722,0.018512124478112534,10.615212205458711,1.7603155332146554,0.050921159508639305,0.009902838438185407
6723,0.0517479432308276,11.178988943881155,1.6945428380444074,0.04518905292444892,0.00863565043970351
6724,-0.018570859055236096,10.973301325086751,1.6343441651336241,0.040222091213626715,0.007550073125953268
6725,0.0003220596050022146,10.976835951326695,1.5794327419641663,0.035906835889845064,0.006618102808755292
6726,-0.0018165471168775373,10.956914111585395,1.5294739794162369,0.03214744400614289,0.005816146879384879
6727,0.0175376724614622,11.150767784972404,1.484108542779401,0.028863042246318582,0.005124376222716677
6728,-0.015923107815940574,10.974619046769044,1.4429697468615663,0.025985403163565023,0.00452614300752823
6729,-0.015446405205424134,10.80640314405463,1.4056961000269943,0.023456933863716722,0.004007472024157582
6730,0.0020244376549152106,10.828302192643772,1.3719398965357217,0.021228960634049134,0.0035566245652879354
6731,0.008749319487540931,10.923458135889613,1.341372713823061,0.01926028042354607,0.0031637292077508535
6732,0.003265973922459043,10.959192186780323,1.3136885681463575,0.01751594571798599,0.0028204718916925928
6733,0.01849140523938185,11.163728302616143,1.2886053562971025,0.015966249525905966,0.0025198372458726677
6734,-0.019508295029255093,10.948053560477845,1.2658650856375877,0.014585879663856287,0.0022558934642721183
6735,0.006170981047863843,11.015822677419141,1.2452332815651157,0.01335321498862404,0.002023613777014565
6736,0.01176553704323915,11.146195194603315,1.2264978656025576,0.012249739929536704,0.001818728434641355
6737,0.012209105421947801,11.283114396486686,1.2094677194723338,0.01125955723218109,0.0016376020056576063
6738,-0.017117010501201152,11.091624749414837,1.1939710893453988,0.010368982048378921,0.00147713160540201
6739,0.00011959911040942113,11.092951377198032,1.1798539376243418,0.009566203326690541,0.0013346624004596875
6740,0.020393906079729757,11.321502590352921,1.166978314542693,0.008841000868428197,0.0012079173593110787
6741,0.007514339598238631,11.406896643721153,1.1552207961099763,0.008184508444331464,0.00109493875033646
6742,0.008254973032532996,11.501449998656586,1.1444710163899519,0.007589015059162896,0.0009940393317252095
6743,0.012679260429811098,11.648208305796803,1.1346303090201342,0.007047797851911473,0.0009037615453249949
6744,0.02153352853696435,11.901755416469577,1.1256104638684625,0.006554981272867795,0.0008228433292144245
6745,-0.0018419412515558813,11.879853259637509,1.1173325986917382,0.006105418126202575,0.0007501894122183276
6746,0.015591138488286733,12.066525129123042,1.1097261417811628,0.005694588843327604,0.0006848471569485406
6747,-0.009837622412798022,11.948401193064958,1.1027279192305153,0.005318515988489691,0.0006259861841937807
6748,0.024158645040579442,12.240573408565552,1.0962813391811492,0.004973691519101807,0.0005728811473030929
6749,-0.002804998343564365,12.206286729949284,1.0903356648477474,0.004657014750278084,0.0005248971361856817
6750,-0.008121997171230614,12.107548820951235,1.0848453680658363,0.004365739323210921,0.00048147728128287206
6751,-0.018532107988687364,11.88523673701381,1.0797695553522721,0.004097427764569533,0.00044213220212058305
6752,-0.005892933107480668,11.815403794474182,1.0750714589105566,0.003849912460558515,0.00040643100589310183
6753,0.00011991124496814235,11.816820679201486,1.0707179855586872,0.0036212620640509586,0.00037399359145722503
6754,-0.015078093804076754,11.63998209325374,1.0666793171503057,0.0034097525139423534,0.0003444840551559376
6755,0.0024544543467365848,11.668586988242401,1.0629285566615458,0.003213841978764603,0.0003176050286855132
6756,0.011358912739213295,11.801885077083538,1.0594414147014917,0.0030321491466964333,0.0002930928071010975
6757,0.02496196120970735,12.100190934845598,1.0561959317583813,0.0028634343755059148,0.000270713148103478
6758,-0.01011511129149951,11.978413093412096,1.0531722320082813,0.002706583291998018,0.00025025764284025817
6759,0.0015156805948966653,11.996582307579782,1.0503523049840082,0.00256059249393182,0.00023154057429989876
6760,-0.008775683280224898,11.891764696570531,1.0477198118287754,0.00242455706033453,0.00021439619255600453
6761,0.017269761699285315,12.098916219320186,1.0452599132424443,0.002297659620483463,0.00019867634710331325
6762,-0.02226661502187256,11.832491505685836,1.0429591165706702,0.0021791607690345776,0.00018424842570068293
6763,-0.0010336136582162756,11.820267599341397,1.0408051397915323,0.0020683906460619737,0.00017099355681421573
6764,0.0261907914637133,12.13393949036188,1.0387867904236996,0.001964741527134889,0.00015880503919271123
6765,0.0069953379079345,12.219118076398178,1.0368938576180882,0.0018676612908185004,0.0001475869675188348
6766,0.0009510679940995282,12.230744816550583,1.0351170159045515,0.0017766476498194076,0.00013725302763599692
6767,-0.006342854511751306,12.15341249471015,1.0334477392494739,0.001691243047965645,0.0001277254386956113
6768,-0.024984168701589763,11.853531326366019,1.0318782242420537,0.001611030138777567,0.0001189340228197725
6769,-0.0025290113306808766,11.82359148638801,1.0304013213691636,0.0015356277729343054,0.00011081538562768368
6770,0.014753072615699624,11.99931886224347,1.0290104734633205,0.0014646874317900268,0.00010331219331086051
6771,-0.0006835920147187614,11.991119026677548,1.0276996605175825,0.001397890052510952,0.0000963725339290183
6772,-0.006219031881617238,11.916777281601263,1.0264633501570133,0.001334943197610019,0.0000899493522911158
6773,0.009660009360792064,12.032451268072093,1.02529645314036,0.0012755785278367575,0.0000839999492305131
6774,-0.009107748543448257,11.923360268358412,1.024194283339271,0.0012195495426909342,0.0000784855373181696
6775,-0.00751995249160735,11.834033453252829,1.0231525217069946,0.0011666295574003069,0.00007337084611551345
6776,-0.00468768982675615,11.778688995197918,1.0221671838052284,0.0011166098891452285,0.00006862377097606437
6777,-0.004728379888498515,11.723126343223699,1.0212345905075841,0.0010692982287183106,0.00006421506018475378
6778,-0.011422091682636507,11.589985540060127,1.0203513415418826,0.0010245171767540061,0.00006011803589521619
6779,-0.009571913382701821,11.479576458432994,1.0195142915719648,0.0009821029262168618,0.00005630834490417274
6780,-0.012892797439179442,11.3325226091993,1.0187205285535395,0.0009419040750542201,0.000052763735801931885
6781,0.009343303488518837,11.43890200081274,1.0179673541283822,0.0009037805548468675,0.000049463859470441456
6782,-0.002327500158214426,11.412308914307703,1.0172522658474543,0.0008676026629698855,0.000046390090274928484
6783,-0.0039059149631364156,11.36782034699617,1.0165729410366569,0.0008332501872401491,0.00004352536562018042
6784,-0.002892369429553293,11.334987915593437,1.0159272221393683,0.0008006116133059023,0.000040854041824934485
6785,-0.006710511810096643,11.259178988148916,1.0153131033879599,0.0007695834061526829,0.00003836176451359432
6786,-0.004982612736332397,11.203218390290836,1.0147287186724459,0.0007400693580800399,0.00003603535193864922
6787,0.03096740435803153,11.555580698749877,1.0141723304885368,0.0007119799963634079,0.00003386268983405576
6788,0.015797486419101888,11.73957935952382,1.0136423198598838,0.0006852320445709488,0.000031832636563151165
6789,0.0010133830252479503,11.751482079959112,1.0131371771403763,0.0006597479321697829,0.00002993493746757022
6790,0.0016386945795404662,11.770754956811702,1.01265549361221,0.0006354553476414742,0.00002816014744884731
6791,0.0010350546353455217,11.782944638696364,1.0121959538041687,0.0006122868308430563,0.00002649956092423667
6792,0.003578515220222528,11.825185620345499,1.0117573284623398,0.0005901794008059781,0.00002494514839478307
6793,-0.00465855780437595,11.770225426601602,1.0113384681123954,0.0005690742155687026,0.00002348949894855177
6794,0.011177813575412286,11.902528866217226,1.0109382971587295,0.0005489162609958227,0.000022125768096671857
6795,0.01066084988767711,12.030098733114093,1.010555808471229,0.0005296540658531667,0.00002084763040574966
6796,0.009408701943222759,12.143820494599552,1.0101900584153554,0.0005112394406893831,0.000019649236448384534
6797,-0.009915690114544445,12.0240011611856,1.0098401622855928,0.0004936272383242123,0.000018525173644932136
6798,-0.0017492048959055866,12.002987103790208,1.0095052901062245,0.00047677513396581145,0.000017470430615150427
6799,-0.007406631544250425,11.914413820632355,1.0091846627668963,0.00046064342317737736,0.000016480364698656265
6800,0.01347195803308946,12.076010370527055,1.0088775484635741,0.0004451948360897457,0.00001555067233885032
6801,0.0053396220943216005,12.140664162104784,1.0085832594182889,0.00043039436641413846,0.000014677362056685504
6802,-0.005763439300906489,12.070893433944606,1.0083011488536051,0.0004162091139499687,0.000013856729768839375
6803,0.012796209638286132,12.226347607740259,1.0080306081999988,0.00040260813940850855,0.00001308533622992406
6804,-0.026901748392194495,11.901822202500858,1.7310225657262401,0.04832722582542262,0.000012359986400694238
6805,0.03181463306155268,12.286562035620952,1.7620629002321437,0.05107803746882743,0.000011677710564115534
6806,0.01770954048351785,12.506089531467255,1.7952211981289798,0.05410210748494173,0.000011035747028913446
6807,-0.007571540202672701,12.411756744705697,1.8500075646393692,0.05930306200101531,0.0008151715548023625
6808,0.021694660414853042,12.683967677867976,1.9384589716004497,0.06828331030081487,0.003273836310143183
6809,0.036441137999095256,13.154711013075556,2.036778958635467,0.0792151472089095,0.0069026746036014944
6810,0.02083563778123669,13.431673128436863,2.1188746205692954,0.08921850447639271,0.010701012885352308
6811,0.015976964173121735,13.647993962355585,2.172875400002769,0.09628862202428994,0.0138850911198267
6812,0.009387629367815703,13.776719539939826,2.197803661814782,0.09969532479082859,0.016083951498774868
6813,0.03431995926622183,14.257743134530745,2.1974352423761205,0.09964429050148797,0.0172561416070594
6814,-0.03073550429283943,13.826190180485566,2.176785860327007,0.09681686599946558,0.017545321046942102
6815,0.020748861961446423,14.116064776436485,2.140698967633898,0.09202643475507603,0.01716476583995377
6816,0.0254253916597684,14.479572837192576,2.0934157088186534,0.08602418318529918,0.016327968233881576
6817,-0.005009857290440488,14.40721364959668,2.0385065871219554,0.07941703349374368,0.015215988465698799
6818,-0.04408231608218068,13.78590526972262,1.9789112274666834,0.07265226847802006,0.013967664381944512
6819,-0.02144638396270957,13.493395304066343,1.9170011049991604,0.06603468013352864,0.012681657071049915
6820,-0.016684062501511887,13.27013824953867,1.854643372520296,0.05975533588960709,0.011423338378297359
6821,-0.028495703564454043,12.897333220804889,1.7932631596842437,0.05392100760669345,0.010232703282970577
6822,-0.019339077217205982,12.650307026012765,1.7339051414862976,0.04857950707992349,0.009131531881917232
6823,0.0011872817054041675,12.665335423818,1.6772942123637087,0.043739561159807455,0.00812917699901676
6824,0.030507860594680008,13.057682110067692,1.623893847219507,0.03938547820071717,0.007226927631507541
6825,0.0061166571828375265,13.137796240694739,1.5739602558661465,0.03548748061036377,0.0064211400169266585
6826,-0.0005940985729654143,13.12999341275021,1.5275906935534223,0.032008698489633884,0.005705396395873471
6827,-0.010034169915402272,12.998903616395385,1.4847649295440508,0.028909719129523052,0.005071939836395422
6828,-0.00009856744408996334,12.997622410833563,1.4453795819718134,0.0261514144427522,0.004512591827902853
6829,-0.03536471759954664,12.54599801756168,1.4092756107625755,0.023696593072355623,0.004019312198796941
6830,-0.006849926947485323,12.460352515259514,1.3762596494635073,0.021510873744799354,0.0035845186846730176
6831,-0.018534359811253575,12.23153490264389,1.3461200563346858,0.0195630584473607,0.0032012494765494763
6832,0.006753642732403622,12.314421898974368,1.3186386162895074,0.017825196086506564,0.002863226344402993
6833,-0.012666467714598801,12.159425373102788,1.2935987781394276,0.016272464099257998,0.0025648572295202984
6834,0.013936381302500684,12.330070084489778,1.2707912099671312,0.014882951294679255,0.0023012040022100454
6835,0.006544899720155576,12.41103381748056,1.2500173317938628,0.013637394956217307,0.0020679319800141586
6836,0.016130368448956135,12.612851688219685,1.231091360053426,0.012518904924462483,0.0018612516443671386
6837,-0.0069276239352420955,12.525776555102897,1.2138412845551168,0.011512693984536958,0.0016778589006560191
6838,0.0003438031185469268,12.530083696506658,1.1981091009472993,0.010605825213302124,0.001514877552949455
6839,0.005837252541333405,12.603438847388782,1.1837505414393474,0.009786981452271274,0.0013698059512547952
6840,-0.03728628935682676,12.142156572721301,1.1706344826779782,0.009046258691214427,0.001240468696188476
6841,0.000016085309455880835,12.142351884638058,1.1586421601082626,0.00837498314437793,0.001124973634227864
6842,-0.014387030663563496,11.968910143238706,1.1476662804515443,0.007765550684314082,0.0010216739980863042
6843,0.02827507646063718,12.312161858671548,1.1376100957508908,0.007211286740493343,0.0009291353422441796
6844,-0.0173290028932787,12.100642374227931,1.1283864816904352,0.006706324556133819,0.0008461068278984227
6845,0.02831224415249315,12.448134646874893,1.1199170478483285,0.00624549968736526,0.0007714963818607858
6846,-0.000617213994040706,12.440453854561223,1.1121312967913652,0.005824258734483622,0.0007043492626986668
6847,0.004936110697051678,12.502013118587861,1.1049658413615315,0.005438580459318148,0.0006438295971675553
6848,0.0025195566110059473,12.533552364164338,1.0983636842933824,0.005084907630960041,0.0005892044898164607
6849,-0.016524063975922848,12.32814886699065,1.0922735607942655,0.004760088133641832,0.0005398303519256846
6850,0.009514664668637951,12.446006870006002,1.0866493424366783,0.004461324053717776,0.0004951411387827782
6851,0.026755770718538886,12.783504243875424,1.0814494992979087,0.004186127631420888,0.0004546382245872238
6852,0.009196910356489691,12.901615282248263,1.0766366164758607,0.003932283114773502,0.00041788168095570967
6853,-0.004959380330857232,12.837789663757945,1.0721769607220661,0.003697813687189236,0.0003844827576981803
6854,-0.011662909761307677,12.688933417185185,1.0680400928267642,0.003480952757588844,0.00035409739325866147
6855,0.006832441089179752,12.775926656915672,1.0641985214690628,0.0032801190035431534,0.000326420607187253
6856,-0.013682662728330183,12.602308449769506,1.0606273944386457,0.0030938946456092803,0.0003011816485601693
6857,0.014685074720226154,12.788739819965373,1.0573042233960968,0.002921006506263637,0.0002781397927634061
6858,-0.0010418644685134821,12.775422624910693,1.0542086386335878,0.002760309471226922,0.00025708069487451803
6859,0.016169623232404617,12.983675543599118,1.0513221706040394,0.0026107720259771166,0.00023781322136848032
6860,-0.015014736133142555,12.790185318669275,1.0486280552902605,0.002471463587167916,0.00022016669335963606
6861,-0.016396875388920287,12.582176253537499,1.0461110607767297,0.0023415433886719537,0.0002039884843595684
6862,-0.022467633973819456,12.302636579494726,1.0437573326601257,0.002220250716063511,0.00018914192383256496
6863,-0.007211945264240393,12.214229813441648,1.0415542561875537,0.002106896312419991,0.0001755044648849931
6864,0.00579298131911035,12.285191961327493,1.0394903332425256,0.0020008548031078223,0.00016296608042070006
6865,-0.002492053690845174,12.254614719246582,1.0375550725081752,0.0019015580083697012,0.0001514278571925535
6866,0.006966825038690814,12.340288566738552,1.035738891325694,0.0018084890305940626,0.00014080076151762232
6867,-0.009556366068013978,12.222921944213434,1.0340330279347656,0.0017211770185897282,0.00013100455411668577
6868,-0.01777833665247964,12.007538971476238,1.032429462933332,0.0016391925244035085,0.00012196683468636089
6869,-0.005255777808947857,11.944595567773531,1.0309208489278607,0.0015621433795405112,0.00011362219949754505
6870,-0.005941147342515054,11.873841354281234,1.0295004474640128,0.0014896710271590963,0.00010591149760752536
6871,0.00010432595108089465,11.875080168692623,1.028162072432696,0.001421447255154444,0.00009878117323449623
6872,0.008132057622865521,11.972042723093596,1.026900039239412,0.0013571712822193754,0.000092182683522574
6873,-0.009815720045753602,11.855103364260335,1.0257091191068584,0.0012965671551501794,0.00008607198236510667
6874,-0.010384099701962315,11.732635747387507,1.0245844979531673,0.0012393814209942457,0.00008040906218997058
6875,-0.017834404889592856,11.52524600431014,1.0235217393520508,0.0011853810422386701,0.00007515754667289476
6876,-0.01777457487761403,11.322199534336752,1.02251675113745,0.0011343515272194257,0.00007028432825926769
6877,-0.007367936769558981,11.239084851937736,1.0215657552649893,0.0010860952513780235,0.00006575924516302789
6878,0.005429066544906614,11.30026852634154,1.0206652605863384,0.0010404299479825478,0.00006155479319149019
6879,0.02644366977309165,11.603075109208412,1.0198120382312519,0.0009971873495267793,0.00005764586833288157
6880,0.015300411036165891,11.781972035912956,1.019003099326162,0.0009562119632797885,0.000054009536552185044
6881,-0.014071136658708905,11.617347242526535,1.0182356748083121,0.0009173599664255746,0.00005062482768185268
6882,0.024609300375222944,11.90678890130781,2.139650915964215,0.09189008603900493,0.00004747255067661989
6883,-0.05093481878589789,11.315505061766192,2.1854124993168718,0.09799024562364225,0.00004453512783418239
6884,-0.016436202907162117,11.131041219845974,2.2360066381811596,0.10510300080495107,0.00004179644587283902
6885,0.029137284671885727,11.460140787503523,2.333464161900153,0.12002119589164167,0.00300068645392781
6886,-0.016322998777278892,11.274595371950149,2.4771642126976663,0.14550132965890172,0.010672886058578685
6887,-0.025637483262795503,10.989216945097484,2.6092665593588453,0.17357027367698968,0.02053596212164497
6888,-0.04811981769551978,10.472939045296098,2.6996347970967185,0.19605663008768626,0.029603314393075807
6889,0.020755667931953645,10.692583438298051,2.7463381503370954,0.20894846773952636,0.03617065468805759
6890,-0.00144110253372761,10.677185426934475,2.756714982411757,0.21194436000919717,0.039808089907505506
6891,0.023966939018751247,10.93617608844239,2.738723234916909,0.2067813286169231,0.04084703560896046
6892,-0.004355856913698818,10.88864326845467,2.6989030097324,0.1958619944293678,0.039922190214490054
6893,-0.008599046326589322,10.795412741846869,2.6424039637671775,0.18146826301047533,0.037693525213955456
6894,0.013397139887498386,10.941013535858465,2.573379784775699,0.16543083099327074,0.03471792138410428
6895,-0.02558883618796601,10.664597399059755,2.495310159210798,0.14906495531595887,0.031412184794299434
6896,-0.0011671874745447948,10.652157076061414,2.4111900003042273,0.13323084578153874,0.028061399337968005
6897,0.020557129558366333,10.873401129140033,2.3236170603557946,0.11843508685164011,0.024844447810640446
6898,-0.057400157210769014,10.26684104784913,2.234820629272761,0.10493159928251589,0.02186213253678082
6899,-0.020129008175969645,10.062245778441891,2.146665798872472,0.09280564170575921,0.019161644874499905
6900,0.001301607342720232,10.075351398766916,2.060655900926646,0.0820372131046864,0.016755551223797797
6901,-0.015162121259421821,9.923739978976762,1.9779448407058675,0.07254585782768057,0.014635498607290603
6902,0.017747545758193446,10.10143416208565,1.8993627497219856,0.06422070847331852,0.012781589575117066
6903,-0.042251656828699594,9.683522727186215,1.825453118447448,0.05693966353059973,0.011168501460229416
6904,0.008393286935200984,9.765141357118956,1.7565170650047295,0.05058097745278754,0.00976929448694295
6905,0.03296014305045084,10.092364856524599,1.6926599403792435,0.04502976950608821,0.008557648830847494
6906,0.002890118697850813,10.121575179219574,1.6338362333537426,0.04018125724992357,0.007509072764840228
6907,-0.013325782022495411,9.987591972841262,1.5798900036318926,0.03594196159485363,0.006601461112084645
6908,-0.007644685880403303,9.91153107078324,1.530589352273743,0.032229715585920686,0.0058152600383577675
6909,0.03399843875968769,10.25430146549848,1.4856544784752383,0.028973015501508652,0.005133405885320234
6910,0.023214418871566788,10.495133689555228,1.4447795890574202,0.02611005221815766,0.004541144744718122
6911,-0.028438326255206987,10.200873616925369,1.4076493436136202,0.02358762746521327,0.004025798560988512
6912,-0.022754279271635418,9.971380961521707,1.3739507014567682,0.02136007319041265,0.0035765167891606796
6913,-0.0038695049524496068,9.932871208399302,1.3433810618711572,0.019388237635975004,0.0031840355403977318
6914,-0.016419626048939102,9.771108850577399,1.3156535216104928,0.01763856812924563,0.0028404554958179006
6915,0.008190857455331465,9.851471279660277,1.2904999610464314,0.01608230062022576,0.0025390434230329923
6916,-0.005476987192688456,9.79766238744964,1.2676725443809678,0.014694754676850632,0.002274058375486311
6917,0.02331325758812658,10.02876118038541,1.246944098333354,0.013454726701182796,0.002040601588901234
6918,-0.0015113299783755918,10.013615860638216,1.2281077269256813,0.012343971434684537,0.0018344880586163089
6919,0.0009543398589404402,10.023176814860344,1.210975930770074,0.011346761028221939,0.0016521373677293115
6920,-0.01755702605887713,9.848735455006713,1.195379427560851,0.010449511218068157,0.0014904812750869184
6921,-0.005765853038440543,9.79211249047412,1.1811658145372796,0.009640464955596926,0.0013468857011216734
6922,-0.016871836043698393,9.628287474585655,1.1681981710714484,0.008909424876762388,0.001219084969695301
6923,-0.001833891472798775,9.610646421121254,1.1563536677317798,0.008247527090002002,0.0011051264175315984
6924,0.0065524728800801305,9.673826688597238,1.1455222248713093,0.0076470498109631625,0.0010033237369412838
6925,-0.006835395115897923,9.607927740153919,1.1356052470240703,0.0071012513315344295,0.0009122176552846889
6926,-0.010608123726899605,9.506544348449093,1.1265144475571902,0.006604232660033956,0.0008305427681781912
6927,-0.030532776781251374,9.220669634863151,1.118170769850174,0.006150820906415939,0.0007571995303804097
6928,0.02102168018383805,9.416555312424085,1.1105034057741725,0.00573647011706096,0.000691230569105547
6929,0.011655323948680817,9.526950410657005,1.1034489086770187,0.0053571767983092485,0.0006318006212173749
6930,0.005048651454148886,9.575170282943033,1.096950395886502,0.005009407818030079,0.0005781795110148661
6931,-0.0050654053065649,9.52679079887291,1.0909568345124516,0.0046900387518248165,0.0005297276819389736
6932,0.0055716161874263355,9.58001856534948,1.0854224037565907,0.004396301055770043,0.00048588387620771754
6933,0.013043955782804005,9.705798454174179,1.080305926810187,0.0041257367106163,0.0004461546235809889
6934,0.009102859004339794,9.794552313099354,1.0755703655777957,0.0038761592015220357,0.000410105256333814
6935,-0.007029912870556436,9.725938919392647,1.0711823718010867,0.0036456198799681098,0.00037735221394674613
6936,-0.004914906148758442,9.678254121539021,1.0671118885934467,0.00343237890660247,0.0003475564395944115
6937,0.010513296218016714,9.780541219127583,1.0633317968814648,0.0032348801005614596,0.00032041770256633126
6938,-0.009041432952106515,9.69250967679914,1.0598176017485315,0.00305172912660649,0.00029566970740643
6939,-0.012426712344030179,9.572808930899015,1.0565471541658933,0.0028816745397802967,0.0002730758727391753
6940,-0.000255059877170725,9.570367602784579,1.0535004040635312,0.0027235912811924565,0.0002524256812317464
6941,0.011110192784199573,9.677289091210541,1.050659181129071,0.0025764662804448842,0.0002335315175601322
6942,-0.00001961489568597568,9.677099274056124,1.048007000123608,0.0024393858721354356,0.00021622592412860324
6943,-0.002445425218729195,9.653463562907918,1.0455288878675473,0.002311524777510139,0.0002003592150704631
6944,0.011758803738731718,9.76764675957532,1.0432112293778872,0.0021921364390596406,0.00018579739809122873
6945,-0.021290529199119848,9.561886535369196,1.0410416309323653,0.0020805445268209793,0.0001724203612985951
6946,0.0016320889849669748,9.577505127057847,1.0390087980978742,0.001976135461301695,0.0001601202885403412
6947,-0.00896092670804509,9.492065187807203,1.0371024269930527,0.0018783518200765177,0.0001488002721429732
6948,-0.03138768413730558,9.198758433525407,1.0353131072607011,0.0017866865138702422,0.00013837309647675252
6949,0.009581592454104603,9.287320794592413,1.033632235407289,0.0017006776338759316,0.00012876016960455157
6950,0.017456038490211653,9.450863878243915,1.0320519373268737,0.0016199038856161282,0.00011989058351686805
6951,-0.025608049731102974,9.211918210010259,1.0305649989676005,0.0015439805362117886,0.00011170028620805178
6952,0.0036431601413243367,9.245539910690692,1.0291648042227934,0.001472555811792364,0.0001041313511881039
6953,-0.020522434043737506,9.057732650256135,1.0278452792374588,0.0014053076902225408,0.00009713133201585729
6954,-0.0012671751288116056,9.046262185796818,1.0266008424165878,0.0013419410415556451,0.00009065269113759354
6955,-0.0047480972335861675,9.003411463539763,1.0254263595055801,0.0012821850748341496,0.0000846522937658466
6956,0.006933976088920479,9.066057846604673,1.0243171031868012,0.0012257910551983012,0.00007909095877446828
6957,-0.02463034184039568,8.84548528234532,1.0232687167010173,0.0011725302598642484,0.00007393305964997888
6958,-0.020051195956739865,8.669889063881664,1.0222771810593243,0.0011221921455024557,0.00006914616945264718
6959,-0.00545121111682701,8.622756250408692,1.0213387854611626,0.0010745827029778406,0.00006470074452621028
6960,0.0032239547931739022,8.650600486914964,1.020450100577957,0.00102952297838293,0.00006056984237166115
6961,-0.0133269105317917,8.536079508563741,1.0196079544005887,0.0009868477418704088,0.00005672886968413171
6962,0.020163921209853695,8.709947381311709,1.0188094103829433,0.0009464042880277279,0.00005315535705612567
6963,0.006387824386790042,8.765763076237079,1.01805174764376,0.0009080513534815485,0.000049828757286668545
6964,0.00019650825404712513,8.767485790292803,1.0173324430154496,0.0008716581391141951,0.00004673026461405733
6965,0.024959375628445836,8.98907056701003,1.0166491547518597,0.0008371034257525424,0.00004384265251805576
6966,-0.005619077465129497,8.938701928324123,1.01599970772757,0.0008042747734812877,0.000041150128022605494
6967,0.008577394233732874,9.015702458565539,1.0153820799794828,0.0007730677958626437,0.00003863820067838171
6968,0.006592638358986312,9.075336079889542,1.0147943904575782,0.0007433855013346572,0.0000362935646209065
6969,-0.00021853988604984706,9.073352973678574,2.030801003651428,0.0785193120829443,0.00003410399228879899
6970,-0.028969996065412666,8.814268925329243,2.0732611814112287,0.08355526740754617,0.00003205823855180778
6971,0.014653369138284682,8.944378606065492,2.1198649565071417,0.0893445096177791,0.000030145954142732712
6972,-0.01580444321790369,8.804128885926373,2.2065813745488594,0.10091743423083996,0.002210324793648208
6973,0.02579761716545092,9.034209437322545,2.3384917347523175,0.12083825546478288,0.008094779205738725
6974,-0.07941655244372722,8.344493562647578,2.465997009497431,0.14335014519924194,0.015910198735329395
6975,-0.002782649012997395,8.321306042198968,2.55764445068006,0.16198964791460166,0.023319412582451033
6976,0.04609052288788017,8.713815386559993,2.6080601290512946,0.17328982694726108,0.028883311608915777
6977,-0.02471800647609863,8.501067426085214,2.622642982926203,0.17671267828295356,0.03215728066848843
6978,-0.005569929956164077,8.45384870054279,2.608712736612678,0.17344147168026214,0.03333027367239758
6979,0.05424897082884216,8.9251289525288,2.572786509028589,0.16529971013216416,0.03286821677509514
6980,-0.03715877444204706,8.59956827640958,2.5201992560928845,0.15409499512202285,0.03128469851854511
6981,0.046369701960242364,9.007717442791952,2.455311861695148,0.14132093970361695,0.029027919010495326
6982,-0.03924397216107728,8.66106532178674,2.3817574807805806,0.12807945635803922,0.026442513574746033
6983,0.005839519869376692,8.711789743816654,2.3026069294183467,0.11511242905321659,0.02377055223459069
6984,-0.04814274008181404,8.302315992900107,2.2204577638869267,0.1028740205587381,0.021168758846391054
6985,-0.046098338260481785,7.928280464941006,2.137477223350266,0.09160778361564545,0.01872951706268868
6986,-0.04389900547362564,7.587765650983801,3.157684482715674,0.38424161227710263,0.01649997844992454
6987,0.006568754470987982,7.637771880041027,3.1831203566560444,0.4008767462461088,0.014497323835197182
6988,0.08931080980820126,8.351295960864627,3.2195124922984153,0.4265627195304903,0.01272003943456702
6989,-0.006197510626379713,8.299698767630012,3.333091237664379,0.5247549671172829,0.03928444645179806
6990,0.06010591984348501,8.813856989700234,3.4485788008171285,0.6660730865386327,0.08718673399080157
6991,0.021148670653376552,9.002243387784565,3.5212738341581105,0.789994577502628,0.1351466987745403
6992,0.03362288558780252,9.310070811040081,3.5556565628867096,0.8627301596338581,0.16972202648443546
6993,-0.08295013185476864,8.568961659211233,3.562771719662029,0.8792106440419554,0.18726036319418551
6994,-0.0015123644065263768,8.55601206132066,3.549981471142949,0.8499588264574401,0.18986958466980353
6995,0.005405998746661879,8.602391101365214,3.5213698320345594,0.7901831102975778,0.18175557009069718
6996,-0.0021199676049729974,8.584173627954591,3.479114433222816,0.7139133596736679,0.16713552254288228
6997,0.024391180332361203,8.796126132837141,3.424425468913995,0.6318275057288094,0.1493795089973776
6998,0.035533576862445154,9.114303468491826,3.358111421864397,0.5510562507702619,0.13084020357107073
6999,-0.02092446285578422,8.925572992019312,3.2809214104852615,0.4758008603811681,0.1129854544903299
7000,0.05383612029661836,9.419261106280088,3.1937508335893603,0.4081401119499648,0.09661981568489562
7001,0.09507311554535573,10.358731240862053,3.097750872589772,0.3487535995647434,0.08209684160225669
7002,-0.027618670434325063,10.076551507911084,2.9943610275485097,0.29747669126527093,0.0694877399449817
7003,-0.03474692816863487,9.732435406857011,2.8852780444057733,0.25368811051193285,0.058702144784654145
7004,0.0054150595711204026,9.785280073737093,2.7723764736797727,0.2165618899866349,0.049568464666097274
7005,0.07133400845837015,10.508802419799023,3.122315902487339,0.3627129468054517,0.04188402665530594
7006,0.007317310558024383,10.58598061474539,3.101117131513661,0.3506213999358684,0.03544431016723584
7007,0.017540861657117036,10.77330595714584,3.0947236792434465,0.3470857954441224,0.030058513122740608
7008,0.11594515344675509,12.097714582960199,3.160859340350706,0.3862628956485923,0.04098615088993631
7009,-0.02932247456949795,11.748130044218074,3.2487162088455594,0.4489747220667697,0.063190361421765
7010,-0.016930094006758968,11.55090730866778,3.313311894241208,0.5053193454585163,0.08625786166566417
7011,-0.03825861103805995,11.117332508394945,3.3456461692103674,0.5377013304208345,0.10328363475008268
7012,0.029965814918850378,11.455514074372507,3.3500546774858684,0.5423659335823834,0.11202187158631252
7013,0.07153410245640893,12.304995216305711,3.332027767727815,0.5236806984764516,0.11318709677484257
7014,0.018021656887172853,12.52876188494045,3.295642054440531,0.4888797100067733,0.10871324086619628
7015,-0.010942028243002586,12.39241911211544,3.243701058554958,0.44500281613537074,0.10067892837735348
7016,-0.017575564973569675,12.176518192778179,3.178263387644538,0.39762072570930035,0.0908189889118377
7017,0.11551194727510347,13.667507575096817,3.1010668247166557,0.35059338377200244,0.08039087412630881
7018,0.03776973154725416,14.19359827961534,3.0137970386678985,0.30629552703042795,0.07021120168615515
7019,0.029394506386135687,14.617004517452948,2.9182265203135227,0.2659835755359989,0.06075209584341534
7020,0.028527355849310314,15.039993702594675,2.816254364256962,0.23014923680587393,0.05224267199854481
7021,0.06309297270097997,16.019486260805657,2.709874750609299,0.19880334309597114,0.04475391662753931
7022,-0.022691512691421476,15.66007312075172,2.6011008068729016,0.1716815065809498,0.038261875583564205
7023,-0.024227717502127002,15.285224492073327,2.4918693315096805,0.14838263315105343,0.032691202963405004
7024,-0.015196403695884226,15.054700057540755,2.3839484883496325,0.12845647045027944,0.02794336426412781
7025,0.034012902693743644,15.57556190384921,2.278864609159404,0.11145531745775192,0.023913825564161436
7026,-0.006778891343640173,15.470333929553584,2.1778568121497277,0.09696193087377558,0.020501796648022524
7027,0.008413234904901364,15.601038536274027,2.0818610189921216,0.08460239558008947,0.01761518310872553
7028,-0.015728318377598048,15.35758005031972,1.991519576061782,0.07404998059062101,0.015172600160634524
7029,-0.0036025189635941566,15.302353613823948,1.9072096906483806,0.06502393144175889,0.01310368104473173
7030,-0.026960456525236206,14.895306912343447,1.8290831160213807,0.057285688052363004,0.011348468090941177
7031,0.04166829743257849,15.529081447594766,1.7571103162569146,0.050634031741146404,0.009856370873573635
7032,-0.038421569336492226,14.943746516356107,1.6911239521925228,0.04490002524272481,0.008584976469447917
7033,0.015331647563266033,15.17462411573317,1.6308583271225554,0.0399422078264538,0.00749887013237943
7034,0.016346312391073415,15.424711698187792,1.575983020101467,0.03564226394933775,0.006568546780905246
7035,0.010847795457860363,15.592946655141015,1.5261301396294265,0.031901241940266084,0.005769447472919699
7036,0.0186204349940795,15.886014159240908,1.4809154283964883,0.028636320936837212,0.005081128842367027
7037,0.006687269745825378,15.992604222139585,1.439953901314853,0.025778084711491074,0.0044865595838832865
7038,-0.018229654630448035,15.703705830007046,1.4028708946207356,0.023268244180831937,0.003971531523407459
7039,0.0118994888085138,15.891688130270524,1.369309431356892,0.021057746343807707,0.003524170482642789
7040,0.031135421959138227,16.394265931949388,1.3389347391291122,0.01910521008895825,0.0031345321144243214
7041,0.01101577035584453,16.57585976225325,1.311436640430697,0.017375635168995294,0.0027942690062887437
7042,0.018228726013543986,16.880787345420085,1.286530406740748,0.015839337620690924,0.0024963569548132063
7043,0.018351880998678835,17.193441668517952,1.2639565438931264,0.014471071903333969,0.0022348700334010154
7044,-0.020850423857172385,16.838662621880413,1.243479867226753,0.013249306489653447,0.0020047957184651443
7045,0.008866046005706243,16.988618756056777,1.2248881341081996,0.01215562533922918,0.0018018828144095817
7046,0.0042673257219703635,17.061269628074605,1.2079904284709124,0.011174232563089127,0.0016225161959009212
7047,0.01841597983029474,17.378380617967245,1.1926154352181828,0.010291541688009841,0.0014636134673863077
7048,-0.01338820040234071,17.1472659325956,1.1786096991870099,0.009495834330447463,0.0013225395406678195
7049,0.003509887129727456,17.2075566455061,1.1658359312833622,0.008776975887556278,0.0011970358737978775
7050,-0.009791712433335651,17.039887423199215,1.1541714010125017,0.008126178140209502,0.0010851617220530006
7051,0.006552922979048044,17.15191514669717,1.1435064379222117,0.007535800526248682,0.0009852452464136272
7052,-0.022038173884221614,16.77805300900539,1.1337430528026426,0.0069991833565419236,0.0008958427265432982
7053,-0.031338467538762356,16.260408004225486,1.9598370902909548,0.07057062103152148,0.0008157044506685153
7054,-0.03425680385120343,15.712811402022401,1.992638826270975,0.07417490479007632,0.0007437461182467776
7055,0.014142881123580711,15.936614707132142,2.0301900482087625,0.07844843462730738,0.000679024804649215
7056,0.0006370306687534137,15.946770053746889,2.1073649474875165,0.08776374605480466,0.0025275121825364703
7057,-0.018062246464805393,15.661321246545215,2.2221180684867368,0.10311017116697827,0.007090374655432444
7058,-0.02258782367814098,15.311531450831243,2.335239884673492,0.12030921503771239,0.013089717470197298
7059,0.020943472543289477,15.635589696829612,2.4191413414408682,0.1346554292273991,0.018830360261652943
7060,-0.02955855501434913,15.18018792463406,2.466807297744986,0.14350517996735943,0.02322137481268068
7061,-0.021065306774915648,14.863757165788883,2.4814947264922758,0.14634404822349195,0.025888497252415803
7062,-0.00995946988692037,14.716456758446716,2.469251670222126,0.1439738631400625,0.026937760950741924
7063,-0.007806066480592322,14.60202632547959,2.436029751358471,0.13772925852705437,0.02669982769966688
7064,0.015320611007479465,14.827460778008971,2.386965027115208,0.1289772122517646,0.02555668318509328
7065,-0.06670924164551652,13.870602574927167,2.326360840697829,0.11887516194806824,0.023851322397619043
7066,-0.032583584934430615,13.425932432634317,2.257816547972433,0.10829656427759449,0.021853804126432452
7067,0.03433750480473621,13.894951847490931,2.1843419495611593,0.09784402541614927,0.019758291422541235
7068,-0.01840046705533006,13.64161613922998,2.1084328927171665,0.0878979832475563,0.01769386527722831
7069,-0.007580212059773904,13.538600728653721,2.032120415860387,0.07867252835327664,0.015739354347518227
7070,0.009378234640440571,13.6661661371965,1.957009630529083,0.07026535549285953,0.013937463172620219
7071,-0.012486047409518,13.496590606044402,1.8843190754275152,0.06269747946086501,0.012306393873795245
7072,0.0027408096638065664,13.533632931799483,1.814924903293107,0.05594257866843613,0.010848636624852573
7073,0.018657854095767167,13.788511833205053,1.7494096639602257,0.04994753944951056,0.009557245993555386
7074,0.03207525184858294,14.237951231728598,1.6881130729902696,0.044646197762813866,0.008420121770445016
7075,0.00823241658831137,14.355647776408857,1.6311815582838602,0.039968125912591315,0.007422809319066976
7076,0.0023001296035709334,14.388705630938084,1.5786138613673448,0.03584396466980387,0.006550252145914368
7077,0.025955984132099028,14.7670677849522,1.5303009125701519,0.03220843271570518,0.005787829939282612
7078,0.00020443184405817994,14.770086952447281,1.4860591751728904,0.02900182675578599,0.005121925063621076
7079,-0.014182852308612567,14.56208351831145,1.4456574407768588,0.0261705760157947,0.004540187917006163
7080,0.01001258323139925,14.70861997156829,1.4088375859646085,0.02366723041462489,0.0040316170565134965
7081,0.007631810085596195,14.821302805878874,1.375330086872183,0.021450130833303663,0.003586530858517239
7082,-0.010857198876876625,14.661255379251042,1.3448651899080861,0.019482919771001077,0.003196480272294256
7083,0.01928767001844411,14.946781550756334,1.3171806162339306,0.017733990116137507,0.002854133786647738
7084,-0.016553753266833074,14.701392872214244,3.0473773804779127,0.3223801333058378,0.002553153504679776
7085,0.038819548898890124,15.283316236982389,3.094072053810108,0.3467282463164849,0.002288073282502454
7086,-0.05729825717356168,14.432224721163122,3.148849281571159,0.3786960232268448,0.0020541848406976297
7087,-0.006871523152785851,14.33339330491138,3.280509819450677,0.47544286519161344,0.027153030058687567
7088,-0.01985727028503656,14.051578536136356,3.575935579407603,0.911159527062828,0.07497285334331334
7089,0.04435676198110309,14.688891131808719,3.739198666092081,1.5754512975722803,0.12413432874502933
7090,-0.08911306113605934,13.436547795412041,3.7624754074740494,1.7445406671978005,0.16048003736523353
7091,0.031249108013293267,13.863057241794687,3.7893281473781655,1.9860233671451573,0.22248282293517332
7092,-0.01931489632829639,13.597863071834858,3.8252136151485203,2.4245712423903902,0.37280343137735505
7093,0.022698901163454785,13.910049360465264,3.849540693401353,2.8408419104999756,0.5371774831504746
7094,0.005850445560002723,13.99166786649763,3.860681340853795,3.080005246660874,0.6559889057466904
7095,-0.010517596465165872,13.845280322008099,3.8619013753778244,3.1085407800487195,0.7103328046001086
7096,-0.02583772820656784,13.492131657974667,3.8555155575660742,2.964522175671541,0.7074240825876944
7097,-0.03825854429679413,12.985691936697197,3.842587688400155,2.7087344625491356,0.6642836912875764
7098,0.0761020753665992,14.012505857906381,3.823366450462107,2.397647381696663,0.5981585545556738
7099,0.05481889031240695,14.802100505683644,3.797611524763066,2.0734467623375816,0.5226107402901923
7100,0.0012504123646609661,14.820620811775687,3.764795076379637,1.763225255124043,0.4467949210257002
7101,-0.06558835734755863,13.879752892363316,3.7242385805755354,1.4818453862733378,0.376106420582047
7102,0.04650148741974429,14.540424095683534,3.6752241862136263,1.235571156773374,0.3132016539852853
7103,-0.012617570265836642,14.358111860396734,3.6170994223852913,1.0252398045552424,0.2589463255228796
7104,0.04070465681180796,14.954611678428929,3.5493805240908225,0.8486252793270248,0.21314646998706313
7105,0.012085120507465878,15.136436436807697,3.4718505005361506,0.7020314805880101,0.1750544628163235
7106,-0.0402930939945015,14.538666454532905,3.384642045965907,0.5812816825555628,0.14369185653984934
7107,0.06779463418268893,15.558488694616214,3.2882926479304126,0.48228235410444537,0.1180399029887516
7108,0.03354972445705604,16.089326645827576,3.183760350194902,0.4013086752247961,0.09714175069872123
7109,-0.03610100626366366,15.518845197840783,3.072393616920847,0.33511955955525297,0.08014934725141509
7110,0.08591757345301194,16.911141720127045,2.9558565417164506,0.280975261521772,0.06633785758180526
7111,-0.012648981033059066,16.69858018675194,2.836019081007996,0.2366042756007509,0.055102423815838214
7112,-0.051503585280825784,15.8603155467763,2.714828499558422,0.20014782061801276,0.04594641064486909
7113,-0.01344124034909089,15.64855955320154,2.5941808523659655,0.170098072897457,0.038466481971654226
7114,0.009355730614440344,15.795650258493803,2.4758095503283024,0.14523869546415774,0.032337435778618175
7115,0.024061139648279748,16.180320853446872,2.361202838455362,0.12459163986826491,0.027298250112545556
7116,0.03968656551874745,16.835374660184076,2.25155526735627,0.10737158950376373,0.023139935338079856
7117,-0.015048535626156224,16.583923654785732,2.1477519433623664,0.09294802112891959,0.019695316319644825
7118,-0.018775745969689613,16.27545306181567,2.7768171710090046,0.2178926725706291,0.016830629784681188
7119,-0.011254790225205796,16.09330320374987,2.7774702394147517,0.2180891987321245,0.01443871875930207
7120,0.0042577562927756255,16.16197064762143,2.792402087837427,0.22264059126612568,0.012433576992010285
7121,0.05483439417081315,17.072950788105064,2.882600058424144,0.2527206224526648,0.020230246290402182
7122,-0.025420581694150877,16.644416322082755,2.9996556162112,0.29984508064675386,0.03610804387752885
7123,0.047592608093732516,17.455720412175214,3.090350012832019,0.3446957690847531,0.053463836462070924
7124,0.031072357890894384,18.006625439356537,3.1413911613766636,0.37410361943340165,0.06723603686264784
7125,-0.008454729961922586,17.855026052736427,3.1574750325932768,0.3841088008170155,0.0754025957485062
7126,0.004837194329425248,17.941603510690012,3.1458216844618914,0.3768220836494925,0.07811411292654563
7127,-0.02335731236869455,17.527392136717847,3.112209852199237,0.356876541843522,0.07653970438834513
7128,0.031816323575307746,18.09401545420366,3.0608387035180598,0.3291509208116663,0.07208013057695399
7129,-0.025461622787269336,17.639128117692472,2.994881718349751,0.2977085017906247,0.06597337093753004
7130,0.012355434717379802,17.858419141907884,2.9169692263333795,0.26550065883771407,0.0591592214936763
7131,-0.004238596358300273,17.782884704649057,2.829490466998323,0.23444795818621952,0.052278437787767765
7132,0.025392527428034353,18.240218955430233,2.7347423612682,0.20565878934431597,0.04572616522365159
7133,0.00922595515757687,18.40928107817143,3.2293093190900617,0.433891840327814,0.0397170633479393
7134,0.03706851816582121,19.10449145333549,3.227158013468171,0.4322665018749823,0.03434338980046606
7135,-0.04207440579833758,18.31735655956472,3.2377778422278167,0.4403790586661196,0.029620150089754004
7136,-0.06670794172741644,17.135307733323536,3.4610741938008016,0.6849943439777876,0.05004427973588693
7137,-0.027204944091065903,16.675426528851048,3.5950816207188034,0.9613350814029021,0.08745638793763107
7138,0.040067899915297814,17.357142103949652,3.637454182425162,1.0912224281338154,0.12477752360251113
7139,0.023087689353960692,17.76254025452765,3.67784870131068,1.2468591833428426,0.1754768533758003
7140,0.0037655799886166575,17.829552611668642,3.7158511988830836,1.4336772783526261,0.2464146568905558
7141,-0.02417265750603825,17.403732281714486,3.73928690249305,1.5760352636790833,0.31064217471471123
7142,0.021962974006808272,17.79019843960918,3.7474423937764283,1.6317717182576004,0.3506449460971668
7143,0.009619109826777298,17.962149996848247,3.742839665095895,1.5998810622089277,0.36303881341304106
7144,0.007896426285880697,18.104548269045083,3.727472293929815,1.501208262414647,0.35267953153834414
7145,0.06017746527480011,19.227482918549917,3.702360081702831,1.3618939777113872,0.32707085973716093
7146,-0.020983535555479334,18.828225908508372,3.6678219030715598,1.2046949788713541,0.29323389761168545
7147,0.015004207595255519,19.112858522266674,3.623776300510822,1.046096898231006,0.25651442405211405
7148,0.04281028493085847,19.948852333392605,3.569976199632603,0.8964537070169964,0.22045423956822296
7149,0.041487591117199726,20.793890251518565,3.5061913438911665,0.76128414707421,0.18710486164917509
7150,0.007591879830659126,20.952355731844566,3.432354446332612,0.6427482160173448,0.15744585268465108
7151,-0.018450118444791785,20.569326618565363,3.348675296326957,0.540899634947509,0.13175965144403637
7152,-0.015872098294200023,20.24542553934286,3.2557183674630323,0.4546098416618509,0.10991715189238951
7153,0.0634363676091775,21.57133254839781,3.15443646588057,0.38218945926828574,0.09157483331847795
7154,0.0015915931944332404,21.60569267089193,3.0461553909091554,0.3217749575886547,0.07630077944996883
7155,-0.018837144205200943,21.202512426501404,2.9325110024562604,0.27155001225814657,0.06364943910751791
7156,0.014001834053947204,21.501474612167527,2.815348058526946,0.2298584075593107,0.05320206957131983
7157,0.0749007336908042,23.173798213506196,2.6965968480359765,0.1952500474023871,0.04458555819485798
7158,-0.0657070350640323,21.700064177290777,2.5781467235753723,0.16648835183019978,0.03747841740510762
7159,-0.02159731236853286,21.236425805837914,2.4617342880098105,0.14253723624756312,0.03160970572969383
7160,-0.02451782280040531,20.722085893331773,2.3488589859932016,0.12253880570018183,0.02675445586665741
7161,-0.05524678166905215,19.608306964801113,2.240732066476413,0.10578821248603565,0.02272773010813946
7162,0.04302762194317032,20.470420119391182,2.1382583703822817,0.09170915708233962,0.019378485248360965
7163,0.00581314826356248,20.589764253054515,2.0420456303370607,0.07983170954973134,0.01658385091330766
7164,-0.005856555915046267,20.469531565814062,1.9524335123830874,0.0697730831801894,0.014244083783131764
7165,0.0024809857474116094,20.520379231970704,1.8695342629205822,0.061221420822702134,0.012278268569069144
7166,0.017475608574484974,20.88213711017015,1.7932778930986495,0.05392236910694838,0.010620736582606262
7167,-0.010815402425469961,20.657505325045555,1.7234566020500404,0.04766809646819277,0.00921812665079551
7168,0.006411491033649497,20.790376230361236,1.6597650204169307,0.04228838297262394,0.008026997435720122
7169,-0.03302585576631048,20.114970576535494,1.6018344846046657,0.03764342874216424,0.007011900615447283
7170,0.018895042567573697,20.498657274737155,1.549260775740426,0.03361806737555097,0.006143832482963829
7171,-0.02032990744835683,20.086129008502116,1.5016255646076773,0.030117116804125453,0.005398992577213857
7172,0.0256622153300997,20.608254369528886,1.458512260718571,0.02706164505331486,0.004757789439308729
7173,-0.010474324012982721,20.39352338010059,1.4195171623074283,0.02438596894617719,0.004204044241600816
7174,0.009485324117362547,20.587882883467774,1.3842568328585618,0.022035238647597565,0.003724352352437683
7175,0.008723846392858487,20.768274119953908,1.3523725601356944,0.019963490038108645,0.0033075707537028277
7176,0.013677842341488434,21.054290886120953,1.3235326366352373,0.018132070713642284,0.0029444056973822073
7177,0.022788661698549866,21.539598754391946,1.2974330690311193,0.016508364637864217,0.0026270802326524498
7178,0.01450963603801239,21.854408859698083,1.273797197785933,0.01506475587015595,0.002349065442840173
7179,0.02468106895504012,22.400510496373627,1.2523745963549033,0.013777784046913433,0.002104862583070237
7180,-0.0013522835335362349,22.37023912723662,1.2329395258924505,0.012627454011512685,0.001889825966275808
7181,-0.012064887116611285,22.10196631218484,1.2152891461380804,0.01159666967790449,0.0017000185453957335
7182,0.00454503064476344,22.20264905614215,1.1992416244500996,0.010670768292051283,0.0015320937971796927
7183,-0.003674579274098181,22.12121337465636,1.1846342402772438,0.009837136061608513,0.0013831988207053214
7184,0.01854168700266174,22.535204172499313,1.1713215490969966,0.009084889926723835,0.0012508945956911466
7185,-0.012859015791786076,22.24727881201614,1.15917364559435,0.008404613257028085,0.0011330901608661795
7186,-0.015117518975899018,21.913484579802823,1.148074548533638,0.007788135650118589,0.0010279881174978637
7187,0.002279091713719928,21.96348437634572,1.137920717687202,0.0072283489073589145,0.0009340393741946234
7188,0.01024800183539093,22.189723473894787,1.1286197049751854,0.006719052777406856,0.0008499054549039309
7189,-0.01079894900676779,21.951386989571517,1.1200889365910376,0.006254825267879333,0.0007744270150230249
7190,0.015401922553134577,22.292097616027224,1.112254619538356,0.005830913294738475,0.0007065974682572776
7191,-0.008755391584169325,22.097773505363044,1.1050507640881415,0.005443140217364767,0.0006455408330236176
7192,0.022962722384201995,22.611069324065383,1.0984183127393765,0.00508782743416193,0.0005904930725556974
7193,0.0067768288203422285,22.76482105647968,1.0923043660079024,0.004761727719821925,0.0005407863358595879
7194,0.0033086196712610386,22.840265931614532,1.086661495546969,0.004461968395425405,0.0004958356139233207
7195,-0.005527926014801968,22.71435496527111,1.081447135552918,0.004186002755599298,0.0004551274123206449
7196,-0.014848060304696835,22.379582365285522,1.0766230440160904,0.003931568448224721,0.0004182101116878636
7197,0.00286152057931964,22.443713713606318,1.0721548260610723,0.0036966517237658476,0.0003846857447500503
7198,0.008892495948827205,22.64418436808145,1.0680115123287135,0.0034794566527816383,0.00035420296521161763
7199,0.014150955805652753,22.966899196694346,1.0641651860503507,0.0032783785592501247,0.0003264510219583067
7200,0.0028801352850288484,23.033142322248562,1.0605906531308367,0.003091981040104535,0.0003011545832781414
7201,-0.024883244172747614,22.467075020849556,1.0572651501788741,0.002918976042762819,0.0002780692815036846
7202,-0.008007726586776037,22.28788324379204,1.054168085994562,0.0027582065563735592,0.00025697786965285453
7203,-0.007833845549518261,22.11396552055635,1.051280812542928,0.002608631542182479,0.0002376868991402823
7204,0.008650359271086398,22.30608903791419,1.048586421909181,0.0024693127864145333,0.00022002384212163273
7205,0.008263005854234014,22.4911679833686,1.0460695661487882,0.0023394034074488007,0.00020383459406497493
7206,0.011676197672257912,22.755318442066272,1.0437162973165848,0.0022181377895279597,0.00018898130215755588
7207,-0.001333863243310428,22.724986193239715,1.0415139252876755,0.0021048227491680246,0.00017534047351123154
7208,0.009464522487840247,22.94108837493094,1.0394508912729101,0.0019988297689413565,0.00016280132411651354
7209,0.008325692359550226,23.132886135805062,1.0375166551870334,0.0018995881573168115,0.0001512643353510592
7210,0.0012185010515127972,23.161090762079734,1.0357015952519943,0.0018065790135100813,0.00014063998976744858
7211,0.0032490192573981186,23.236463970186303,1.0339969184148106,0.0017193298934457346,0.00013084766202616914
7212,0.0065000078117916455,23.387993104278863,1.032394580332006,0.0016374100874719843,0.00012181464433335415
7213,0.014107421751745322,23.720275701426644,1.030887213823877,0.0015604264328228595,0.0001134752886963953
7214,0.010511814933452086,23.970933978375683,1.0294680648342736,0.0014880195943405784,0.00010577025081267686
7215,0.004130217806277246,24.070143894975672,1.0281309350475412,0.001419860755944398,0.00009864582253061299
7216,0.005898245756640083,24.212535035228182,1.0268701304157852,0.001355648673003123,0.00009205334162861763
7217,0.00519187086605036,24.33857028673395,1.025680414938524,0.001295107042338553,0.00008594866919700862
7218,-0.027850568439427868,23.67007940403799,1.0245569691146583,0.0012379821522251519,0.00008029172622209992
7219,-0.00289165020450091,23.60173267912351,1.0234953525549266,0.0011840407795983597,0.00007504608209585644
7220,-0.0015136789370430877,23.56603425827936,1.0224914703028267,0.001133068305858763,0.00007017858873771547
7221,-0.010243805598521434,23.325860630809984,1.0215415424644658,0.0010848670262614576,0.00006565905484200087
7222,0.025362703167832016,23.925033716012493,1.0206420767938593,0.0010392546309934076,0.00006145995547531586
7223,0.012893886204168111,24.23551774953066,1.0197898439206532,0.0009960628387372505,0.00005755617286066751
7224,-0.007563331981232446,24.052907922924806,1.0189818549428173,0.0009551361658578486,0.00005392476471339636
7225,-0.0015688372204999165,24.015202410353396,1.0182153411381367,0.0009163308163787475,0.00005054475695053388
7226,0.0024144482388375973,24.07325592892403,1.017487735575883,0.000879513679682694,0.000047396957990364735
7227,0.0010156564043631326,24.097718506165855,1.0167966564343147,0.0008445614244102286,0.00004446379220151978
7228,-0.00415960540759565,23.99768969038589,1.016139891851078,0.0008113596783743302,0.000041729150358323306
7229,0.005592522050466485,24.132273279210782,1.015515386152465,0.0007798022854838769,0.00003917825521770352
7230,-0.008275114509602381,23.933399939140763,1.014921227324201,0.0007497906316970833,0.00003679754055814114
7231,-0.005369417729959706,23.805235908200203,1.0143556356011916,0.0007212330329276591,0.00003457454221747883
7232,0.01805714180089342,24.238994866201164,1.013816953066744,0.0006940441786179364,0.00003249779983787195
7233,0.016640726923298724,24.645724110103128,1.0133036341633521,0.0006681446253890648,0.00003055676817609144
7234,0.017836070095253356,25.089250599633036,1.0128142370274156,0.0006434603357909692,0.00002874173696867082
7235,0.0025570622337718757,25.153487468649452,1.012347415569384,0.0006199222577147644,0.000027043758456495595
7236,-0.024768176807948628,24.53813349937593,1.0119019122289152,0.0005974659405069882,0.000025454581774485632
7237,0.0008317813738355386,24.55855235260305,1.0114765513418558,0.0005760311842462902,0.00002396659350085155
7238,0.0013699235916425168,24.592218747776855,1.0110702330622539,0.0005555617190160193,0.000022572763738587557
7239,-0.012368975671363898,24.289911661073976,1.010681927788349,0.0005360049113364762,0.00002126659717075842
7240,0.01503273760062161,24.65781388996786,1.0103106710465675,0.0005173114952136204,0.000020042088591922442
7241,0.006816055017071145,24.826456993468646,1.0099555587921185,0.0004994353255212933,0.00001889368247172354
7242,-0.021632116466164863,24.29517527588296,1.0096157430888444,0.0004823331516654367,0.000017816236154166816
7243,-0.0075152269290251475,24.11327588412622,1.00929042813462,0.00046596440968482185,0.0000168049863381288
7244,0.00794551371188032,24.30563141809989,1.0089788666018584,0.0004502910311264173,0.000015855518521911954
7245,-0.0056125649288163715,24.169596592875763,1.00868035626559,0.0004352772671973597,0.000014963739127712228
7246,-0.013809235428806844,23.838126882391084,1.0083942368942058,0.0004208895268418237,0.000014125850051233177
7247,0.021113399141335774,24.346781589621536,1.0081198873803026,0.0004070962275219368,0.000013338325407790954
7248,0.011113064579090011,24.61885794666509,1.007856723091178,0.0003938676575990036,0.000012597890269495732
7249,0.014942580501153383,24.989489412423804,1.0076041934204223,0.0003811758493162496,0.000011901501208803475
7250,0.003775149498493805,25.08400676716577,1.0073617795237624,0.0003689944614784198,0.000011246328482201834
7251,0.002334910805930441,25.142644115471594,1.0071289922238469,0.0003572986710080804,0.000010629739704283258
7252,-0.0010013514706053688,25.117480092929817,1.0069053700700559,0.00034606507263441774,0.0000100492848771941
7253,0.0024558236043441075,25.179239998100282,1.0066904775406638,0.00033527158603865575,0.000009502682653629383
7254,-0.018488861867954065,24.71798171771078,1.0064839033758137,0.00032489736984172787,0.000008987807723343728
7255,-0.002933107091537205,24.645587452214194,1.00628525903079,0.0003149227418752881,0.000008502679223724542
7256,0.000935630515677208,24.668657406705023,1.0060941772399847,0.00030532910522716006,0.00000804545008445898
7257,-0.01659932898176281,24.262554092815673,1.005910310682808,0.00029609887959748237,0.0000076143972248417555
7258,-0.005725765510006875,24.12402935594058,1.0057333307435319,0.00028721543754262166,0.000007207912529922307
7259,-0.013960373866594794,23.789588776359373,1.0055629263577555,0.0002786630452208339,0.000006824494538570571
7260,0.016274897089512342,24.179929648422902,1.0053988029387955,0.0002704268072870737,0.00000646274078273372
7261,0.010442456688997482,24.4337504664846,1.005240681377876,0.0002624926156146237,0.000006121340722734789
7262,0.004746523855974893,24.55000152191232,1.0050882971125006,0.0002548471015486716,0.000005799069228493364
7263,-0.0061501211869372345,24.39947937657602,1.0049413992578602,0.0002474775914218735,0.000005494780561086198
7264,-0.009435771257939233,24.170334250996287,1.0047997497965548,0.00024037206508457289,0.000005207402813162753
7265,-0.03253456056520864,23.39661756059109,1.0046631228222918,0.00023351911722291026,0.000004935932770433274
7266,-0.017549264469978614,22.98960595426498,1.004531303833579,0.00022690792125676948,0.000004679431159795272
7267,0.009029415903662331,23.19812867030934,1.004404089073752,0.00022052819562653925,0.000004437018252694628
7268,-0.014766720695901783,22.858085225872987,1.0042812849139662,0.0002143701722931857,0.000004207869795062018
7269,0.024429814104938375,23.42338091857483,1.004162707276054,0.00020842456729028123,0.000003991213237652902
7270,-0.003254984702292791,23.347262121974218,1.0040481810923938,0.00020268255317954114,0.0000037863242428753875
7271,0.02859633694322708,24.024546062727058,1.0039375398001589,0.00019713573327320824,0.0000035925234462380887
7272,-0.004336376213148754,23.920592147189367,1.0038306248675166,0.0001917761174973924,0.000003409173452409979
7273,0.0006181118842573529,23.93538231999391,1.0037272853495465,0.0001865960997803208,0.000003235676047574657
7274,-0.0036499931046320784,23.848177584725445,1.0036273774718025,0.00018158843685846092,0.0000030714696112989117
7275,0.011361475984426356,24.12067312619313,1.0035307642396165,0.00017674622840173042,0.000002916026712534658
7276,-0.014282443304068184,23.778619475305764,1.0034373150713727,0.00017206289836656298,0.0000027688518756476104
7277,0.0028803823860316254,23.84720972766178,1.0033469054541266,0.00016753217749252913,0.0000026294795035272355
7278,-0.007067044284927855,23.67927454207448,1.0032594166200524,0.0001631480868645676,0.0000024974719458913713
7279,-0.0027188448473142324,23.614981709221283,1.0031747352423241,0.000158904922468717,0.000002372417701865023
7280,-0.010206270549112478,23.37518660531497,1.0030927531491347,0.00015479724067459877,0.000002253929746794878
7281,0.0034340290262493264,23.455595659104958,1.0030133670546508,0.00015081984458282792,0.000002141643974066856
7282,0.0030910606477061488,23.52821049843399,1.0029364783057897,0.00014696777118005942,0.0000020352177434305643
7283,-0.014427385841274648,23.191196885875996,1.0028619926437874,0.0001432362792485478,0.0000019343285280081607
7284,-0.009284200334813074,22.976881580529593,1.0027898199795964,0.00013962083798093664,0.000001838672652781641
7285,0.011037948370217442,23.231904086506486,1.0027198741822223,0.00013611711625453258,0.0000017479641179170506
7286,-0.031499993359611705,22.511505110510598,1.0026520728791735,0.00013272097252257854,0.000001661933500801315
7287,0.019041425575608964,22.944263351018837,1.0025863372682502,0.0001294284452830507,0.000001580326931141484
7288,0.017679580572095413,23.35351534555349,1.0025225919399618,0.00012623574408827771,0.0000015029051339110224
7289,0.006112392324957154,23.496698343047775,1.0024607647098995,0.0001231392410612465,0.0000014294425353268358
7290,-0.002899805119188008,23.428661191824585,1.0024007864604518,0.00012013546288682639,0.0000013597264274071098
7291,-0.011216954336911769,23.167331371430855,1.002342590991276,0.00011722108324833308,0.0000012935561869966385
7292,-0.014353134433607152,22.837182552855122,1.0022861148779945,0.00011439291568188062,0.0000012307425454556955
7293,-0.03045002456943387,22.152270497758593,1.0022312973386078,0.00011164790682284233,0.0000011711069054929834
7294,0.0027315026885336414,22.212862199705295,1.0021780801071594,0.00010898313002047813,0.0000011144807018849822
7295,0.004403645967290513,22.31089547424754,1.0021264073142124,0.00010639577929839363,0.0000010607048030649467
7296,0.005171365740183394,22.42657212006227,1.0020762253737314,0.00010388316363998556,0.0000010096289507867227
7297,0.002903256320555456,22.491776814488553,1.0020274828759859,0.00010144270157941134,9.61111235273023e-7
7298,0.0017381204843574798,22.530904226727234,1.0019801304861224,0.00009907191607990146,9.15017603446298e-7
7299,0.009367502444918279,22.742954165703505,1.0019341208480665,0.0000967684296824242,8.712213980141684e-7
7300,0.0023001796787323783,22.79532725737898,1.0018894084934489,0.0000945299599088173,8.296029253418098e-7
7301,0.00832570758151907,22.98590673999893,1.0018459497552572,0.00009235431490452789,7.900490501917445e-7
7302,-0.0027422630080594394,22.92295968637429,1.0018037026859488,0.00009023938930705683,7.524528155482583e-7
7303,-0.007388528746428979,22.754216887930234,1.0017626269797582,0.00008818316032709095,7.167130858700154e-7
7304,0.004644016785252747,22.860133602234814,1.0017226838989703,0.00008618368403013326,6.827342122312487e-7
7305,0.004165911659554415,22.955565541845324,1.001683836203927,0.00008423909180720953,6.504257179199133e-7
7306,-0.005123742378880904,22.838247947072333,1.0016460480865585,0.00008234758702394561,6.197020031611229e-7
7307,0.021985802011137444,23.34592554454549,1.0016092851072451,0.000080507441837978,5.904820677266784e-7
7308,0.009170282430656594,23.560998909948456,1.001573514134819,0.00007871699417527999,5.626892502771443e-7
7309,0.022082855607253853,24.087080358602428,1.0015387032895364,0.00007697464485656754,5.362509833622478e-7
7310,-0.0016834786747151238,24.04656438593941,1.0015048218888527,0.00007527885486548864,5.110985630789056e-7
7311,-0.002036480787042693,23.99764384934665,1.001471840395851,0.00007362814275080511,4.871669324543245e-7
7312,0.01475773209243486,24.354420782120265,1.0014397303701765,0.0000720210821552472,4.6439447768483813e-7
7313,0.018053155606819214,24.798087674138184,1.0014084644213428,0.00007045629946416129,4.427228364197819e-7
7314,-0.01908482407720576,24.329308050318993,1.0013780161642825,0.00006893247156748264,4.2209671733414116e-7
7315,0.015620162369253177,24.712319354246027,1.0013483601770208,0.0000674483237289493,4.0246373028424726e-7
7316,-0.018958869814014873,24.248215056624776,1.0013194719603609,0.00006600262755683351,3.837742263877368e-7
7317,-0.00871903721223544,24.037712988455745,1.0012913278994733,0.00006459419907080244,3.6598114741261365e-7
7318,-0.02321877583113402,23.48601636448226,1.0012639052272905,0.00006322189685983593,3.490398839007976e-7
7319,0.016446237734519087,23.87546669124948,1.0012371819896104,0.00006188462032642298,3.3290814148924524e-7
7320,-0.010192819635495514,23.633344416134324,1.0012111370118217,0.00006058130801253517,3.175458149268052e-7
7321,0.0005022165744866842,23.645216454328317,1.0011857498671661,0.000059310936003133975,3.029148693176008e-7
7322,0.0022687323107425496,23.698922019632526,1.0011610008464595,0.00005807251640321095,2.889792281521152e-7
7323,-0.03367612322183179,22.914122865419245,1.0011368709291957,0.000056865095884587845,2.757046677154423e-7
7324,-0.005062450901544767,22.798414374855888,1.001113341755964,0.00005568775429891637,2.6305871748851697e-7
7325,0.0018027847564717858,22.839552078833858,1.0010903956021127,0.00005453960335351763,2.510105661826907e-7
7326,-0.007927318213906893,22.659211434896072,1.0010680153525986,0.00005341978534688945,2.3953097307091017e-7
7327,0.009944506653245984,22.885670258137942,1.0010461844779581,0.00005232747196088554,2.2859218430009035e-7
7328,-0.005297586168079937,22.76475201812063,1.0010248870113503,0.00005126186310673681,2.1816785388918413e-7
7329,0.00037592639983442913,22.773311498156378,1.001004107526613,0.00005022218582224025,2.0823296913601862e-7
7330,0.007881315160522031,22.953504288684087,1.0009838311172865,0.00004920769321758775,1.9876378017330184e-7
7331,-0.011400046965339748,22.693319141047606,1.000964043376555,0.000048217663467444154,1.897377334303876e-7
7332,0.028365913353747156,23.346252612687998,3.022241324006199,0.3102362638640018,1.811334087724953e-7
7333,0.011917750165795658,23.626151991166566,3.0743795400165697,0.33616038587571356,1.7293046010320324e-7
7334,-0.008730988970582805,23.420770216408403,3.133410844097788,0.36927721104645245,1.651095592292225e-7
7335,-0.002555294242884536,23.36099965531862,3.2663294597008994,0.46335432633910245,0.023791373827384485
7336,0.011024478966015746,23.619967373839202,3.4062844007522988,0.6079386503743484,0.07147545677631868
7337,0.12310487766014383,26.714254707974764,3.4946452731365847,0.7404636210548872,0.12126817094349338
7338,0.007255914211808013,26.90879598224522,3.537698490968249,0.8233907227395487,0.15847426978000173
7339,0.015139988905999203,27.319294485129557,3.549715062038863,0.8493672052135985,0.17862914561022472
7340,-0.002111849136576177,27.26166113455005,3.5398709029223854,0.8279864017686622,0.18347586722859868
7341,-0.027795743721248177,26.51433731372768,3.5131506307277514,0.7743105329943601,0.17712566869459626
7342,0.05907555436134378,28.127877650585667,3.4721871896916836,0.7025749872140028,0.16382947120929686
7343,0.00891862827762711,28.379861741536484,3.4184326634272084,0.623771103879174,0.14703670118994805
7344,0.0257865179200344,29.121196700070442,3.352830832027557,0.5453359681979805,0.12918452135878455
7345,-0.008161468906696383,28.88449220077992,3.276209858867146,0.471727175360076,0.11181402449121276
7346,0.08238042274215876,31.364769475634073,3.189512828101589,0.4052216192959125,0.0957874397920869
7347,-0.0925074519439511,28.593454266931555,3.0939202699097095,0.3466450358128612,0.08150132393065831
7348,-0.0018214008868703247,28.541421524597496,2.990889921165289,0.2959374744523869,0.06905787965295637
7349,-0.05504091801732436,27.012926236513717,3.285030594569954,0.4793975610457488,0.058388601259277625
7350,0.013077409116321924,27.36850528313155,3.264153116452306,0.4615402674948382,0.04933710245573845
7351,-0.05190924869141927,25.984070088985177,3.256885814554807,0.4555596956885023,0.04171119838803245
7352,-0.00922520315207148,25.74546405048491,3.3188412514816537,0.5106389494061967,0.05746895559466677
7353,0.004084436666168663,25.85083481145171,3.397369549660118,0.5967262892975311,0.088307057691314
7354,0.041823325000904486,26.95493021297891,3.4521057438201983,0.6713263689559908,0.11928671793074137
7355,0.007121898609125098,27.14758571513518,3.477517217386583,0.711272399731789,0.1411925318698867
7356,0.04031391697735933,28.264370979034258,3.478524173085434,0.7129354934101749,0.15145516174719525
7357,0.042922942454006935,29.503974347671928,3.460049998529553,0.6834104987026829,0.15145974120652025
7358,-0.018471512668153344,28.963993793783782,3.4253862398364463,0.6331347440616726,0.14407598302224564
7359,-0.01593106737825217,28.506222531304502,3.3765883117877196,0.5718343969302816,0.13222015158994577
7360,0.0022647295188237835,28.5708545743644,3.315037490145095,0.5069702626430214,0.11824534933327992
7361,-0.03912636153643442,27.474567699869528,3.2418577631385177,0.44355616679910415,0.10380759985364364
7362,-0.026418320856291883,26.758239510579145,3.158185287218529,0.3845594382796403,0.08994739949403865
7363,-0.05747031794620144,25.26378954017203,3.065322379048245,0.3314494216110343,0.0772385339457565
7364,-0.023868245964302922,24.667926587184006,2.964800172984824,0.2846986816038205,0.06593423732580421
7365,0.005752190645011072,24.810230089794477,2.8583682826354866,0.24417265056268478,0.056085055690515716
7366,0.02602893144121124,25.464491795994224,2.747929886648416,0.2094047930713918,0.04762425854604056
7367,0.035485153537617116,26.384326923452882,2.916678485286674,0.26538914707060085,0.04042528360684846
7368,-0.024556485001980592,25.74431102704359,2.865119818176021,0.24651762997284904,0.03433798803335746
7369,0.00942430571295995,25.988080157692114,2.825931394505033,0.23328254234367152,0.02921005283681803
7370,0.11624510658993005,29.19166093341659,2.8430890844203898,0.2389668546990507,0.03105208485182887
7371,0.02145955642719094,29.82487093135111,2.890430709952199,0.25556277470568217,0.037754583929323675
7372,-0.018497432901185815,29.278258431956036,2.9332270223086674,0.2718329573494372,0.04548254663288561
7373,-0.02869858213819262,28.44995632446589,2.9549740562748052,0.28061131898399494,0.05150085764207558
7374,-0.04656634847525415,27.155518270094433,2.9525942863212267,0.27963294368471403,0.05468510614498779
7375,0.016607092898427087,27.61025798584565,2.92817708725498,0.26984547507714296,0.055053741933062714
7376,0.007606165804295408,27.82106689339765,2.8850192119605635,0.25359439806247464,0.053182772283245305
7377,-0.02696258938257383,27.080961308421795,3.2082959493248784,0.4183942119738615,0.04979639814147223
7378,-0.027489164763326503,26.346667107000318,3.1988857409463707,0.41171762631162384,0.04555210381359658
7379,0.011916668342800526,26.66250975927407,3.196192955270069,0.4098358498477634,0.04095965531059339
7380,0.08653201727286859,29.072434787989682,3.254514628411963,0.45363357505112056,0.05403384119916736
7381,0.011962699657538961,29.42230813615292,3.328197573339446,0.5198397953649763,0.07830081982165268
7382,-0.06120797334659613,27.675434910963418,3.3803981854772434,0.5762728892209728,0.10242970729605333
7383,-0.015473738465186671,27.250488701433387,3.4042346978407236,0.6053309975740979,0.11938918424975013
7384,-0.02824611193850046,26.491537516894073,3.4033848148383576,0.6042550226543101,0.12718921310572134
7385,-0.0012434679123164965,26.458616612330015,3.382341554699643,0.5785579974239202,0.12688831623533992
7386,0.08232945405390009,28.729122488817286,3.344406695980903,0.5364011533389483,0.12071697911045778
7387,-0.06944566424284032,26.801709288543083,3.2918362246138875,0.48544622817602634,0.1109634755283469
7388,-0.005085490590625028,26.665755437165018,3.226294570856235,0.4316167019766176,0.09949020256101208
7389,0.026863106420024107,27.391788555840694,3.149223187657804,0.3789283787144434,0.08761965116415994
7390,0.03447423349460091,28.352565339060554,3.062078892920574,0.3297844899783162,0.07619153185772017
7391,0.01587662032443719,28.806300614584405,2.966459475898501,0.28539657082261416,0.06567574999860402
7392,-0.005835990436543171,28.638676920577748,2.864139092006203,0.24617526832119618,0.05628568617605118
7393,-0.06486554923496296,26.839980749813762,2.757035283321298,0.21203762983911165,0.04807071843923172
7394,0.0173995773968687,27.31107157787826,2.6471304336534933,0.18262630130356763,0.040983978173482
7395,-0.005451526004811038,27.16258965521288,2.536371278173987,0.15745502140637357,0.03492838547601306
7396,0.00903599425174786,27.409142908519236,2.426568430562145,0.13599909188346404,0.02978602357801994
7397,0.015530674497925508,27.838148132507925,2.3193131025426674,0.1177476695277349,0.025435720050996112
7398,-0.0074749999572900514,27.630833779115118,2.2159212741941756,0.1022310218102882,0.0217627538775712
7399,0.009499321885682305,27.894558583411175,2.117408352516493,0.08903218767677146,0.018663561281983456
7400,-0.012347887338367468,27.55223753699932,2.024491499086499,0.0777894525849492,0.016047421153816785
7401,0.00009355691032590949,27.55481535980054,1.9376132178415904,0.06819379560270862,0.013836423632036859
7402,-0.009678888114319316,27.289401910472797,1.8569785137863495,0.059983895586167166,0.01196454548517177
7403,0.03340108182024532,28.216290832203054,1.7825984167337667,0.052940235722728136,0.010376331782262927
7404,0.00111234182295094,28.247694455127846,1.7143341539815804,0.046879172335663244,0.009025472580850622
7405,-0.023481759053911713,27.592116089877983,1.6519380751025259,0.041647415780846075,0.007873430865518428
7406,-0.03240993928002995,26.7121934243981,1.5950891219210686,0.037117121096589156,0.006888197477914549
7407,0.032358617723095146,27.59070005585797,1.5434219676008154,0.033181642946026615,0.006043201762484742
7408,-0.0447467300150569,26.38332103261661,1.4965498640748247,0.0297519325599421,0.005316380580532617
7409,0.0077307712387142714,26.588074884877887,1.4540817816046483,0.026753517355175387,0.004689395005033387
7410,-0.014855966302837274,26.196002855581458,1.4156346849576074,0.024123989894446647,0.004146978156300444
7411,0.016831802789671474,26.640660506537532,1.3808418588085614,0.021810931506143355,0.003676396007118765
7412,0.007866118436082686,26.851045469002678,1.3493581474050196,0.019770200964513422,0.0032670035896754
7413,-0.03802212343281604,25.849277068396365,1.3208628669696538,0.01796452650820802,0.002909880702179987
7414,-0.002445777324012587,25.786132742656903,1.295061021344921,0.016362348116164972,0.0025975332713471634
7415,0.0019224963085220817,25.83575417088866,1.2716833244641261,0.014936865296846326,0.0023236486151057938
7416,-0.004910827667373684,25.70919025564072,1.2504854190922718,0.013665253177685077,0.002082894786830009
7417,0.01617749272281123,26.12848290134533,1.231246584716097,0.012528016224174224,0.0018707558913430898
7418,0.00968077079585395,26.382655061745623,1.2137681491805619,0.011508454462486249,0.0016833967248327144
7419,0.01365399679739032,26.74535426145495,2.3027217812036747,0.11513036873773745,0.0015175513163111147
7420,-0.04109256993934753,25.66859386075815,2.3435563995843722,0.12166635790502484,0.0013704309616806578
7421,0.02894275918316392,26.422369344566352,2.3915435256158832,0.12977132559481067,0.0012396481717908549
7422,-0.01470499526783857,26.036671322338467,2.499804000504959,0.1499608052224295,0.005748975669038182
7423,-0.006949396807807135,25.856359416921478,2.6467446172362306,0.1825314687320583,0.015927414002455367
7424,-0.06089724404646727,24.328763632309606,2.7721758468553768,0.21650199366699965,0.02818098556898298
7425,0.021027076447191862,24.845742635722583,2.8525219504870103,0.24216436444338796,0.03889855632379535
7426,-0.01698233138663867,24.427366556257244,2.889916383303395,0.2553748683717299,0.046234476626935875
7427,-0.046834086872659,23.309709653664203,2.8927951502566973,0.2564288556036663,0.04988991621027892
7428,0.015354824487713435,23.67038814530167,2.868936105878344,0.24785550784419114,0.05041952336470679
7429,0.03399248145474325,24.488835089301766,2.8243511140494664,0.23276734268001004,0.04867378005564506
7430,0.00935609187508511,24.71903006377436,2.763657635615995,0.21397685055806362,0.04548181039925732
7431,0.017017911938781837,25.143296162933307,2.6905787871616083,0.1936632884727359,0.04151686433124171
7432,0.008225004655463716,25.35095270827864,2.6082891580080387,0.17334302961663595,0.037267249036176536
7433,0.0016878453033195436,25.39377732523965,2.5196002374714324,0.1539719482468616,0.033056369620226116
7434,-0.03275985200626829,24.575359750539526,2.42703299778735,0.13608356015542428,0.02907910441443212
7435,0.016634721502643286,24.987583120677005,2.3328256160210086,0.11991777484368454,0.02543841587990575
7436,-0.0421698497329328,23.955769117404756,2.238913813278607,0.10552412107539327,0.02217583988914085
7437,0.042155942308596844,24.987235610171915,3.2926764845090166,0.4862011019634145,0.019294446062052217
7438,0.02548844828730531,25.63230749070689,3.317780962167335,0.5096121993745595,0.016775006156638617
7439,0.03553450788474135,26.55951529639578,3.35322824602976,0.5457632228644079,0.01458679304693719
7440,-0.0019126618584741721,26.5087644745611,3.4614313114592115,0.6855480175040276,0.05301914232320759
7441,0.004384480901325707,26.625246816818567,3.564220738002726,0.8826328929411402,0.12024807538813179
7442,0.04167077030923004,27.758182578219667,3.6252390660367837,1.0507654993307505,0.1857130775414371
7443,0.019851551476865282,28.314731470936433,3.652561975726359,1.1451950234600152,0.23138896092273922
7444,0.0009358731594694002,28.341242871856913,3.656901393681891,1.1615762982224866,0.25313595269752587
7445,0.11807249531030577,31.893128668841868,3.64461053832571,1.1162164991611905,0.25452337668086056
7446,0.015478088978424096,32.39061347736307,3.6189206896937973,1.0308565509327139,0.24168013606851843
7447,-0.030191118484980087,31.427319262360662,3.581353504460956,0.9248925520577588,0.22050211850965312
7448,0.016867405784214713,31.96191253522725,3.53257503727047,0.8127213689491954,0.19557696267525135
7449,-0.0934995275627253,29.108942607628723,3.4728920750996175,0.7037151098326684,0.17003058682265754
7450,0.026704985087883645,29.896769113712747,3.4025587214056108,0.6032120998715101,0.14575861397258894
7451,-0.10219012528658945,26.99253355803655,3.3219761582547864,0.5136934755003796,0.12375592027907202
7452,0.025004550483121283,27.675978737105503,3.231819084430102,0.43579950488115665,0.10441825062889624
7453,-0.07292666743955271,25.729499546689635,3.133099523766022,0.3690907287938142,0.08777550587307023
7454,-0.030334841127237156,24.960718640920586,3.0271715776502237,0.3125687219469462,0.07365531707182389
7455,0.048368610462727765,26.197708503747574,2.9156824653017486,0.2650075836643442,0.06178969162068146
7456,0.02373351096906809,26.82690914162946,2.8004809794938237,0.2251503663611002,0.05188007576108086
7457,-0.06258783017145418,25.199335523398982,2.6835002671276817,0.19181548903029177,0.04363417253164793
7458,0.02766245223396758,25.906141866218093,2.5666347013056297,0.16394648692130181,0.03678464170129196
7459,-0.024516768099220744,25.27872948205007,2.451629288267333,0.14062807542803388,0.031096783350395698
7460,-0.0020719134926127066,25.22640836249399,2.339995084122207,0.12108353457016402,0.02636991375341987
7461,0.019875586426470426,25.732813904979658,2.2329572512048355,0.10466276936810198,0.0224354143962203
7462,-0.02409447247820761,25.120205207149198,2.1314357205491143,0.09082660947165344,0.019153259298687893
7463,0.01853851656393429,25.590239959406656,2.0360534702688176,0.0791304743727388,0.01640806079910331
7464,-0.02445533879142583,24.97201226660033,1.9471648006430746,0.0692090237642884,0.014105194873536423
7465,0.008367207732307059,25.181834871247197,1.8648954971481602,0.06076251743131966,0.012167278096098218
7466,-0.029434613709492824,24.45141976752365,1.7891877732551946,0.05354510191151734,0.010531101257411028
7467,-0.004477295615469721,24.34218824638463,1.7198446287156377,0.047354972238810515,0.009145033215542879
7468,-0.03531213458383678,23.49761325175496,1.6565701403161326,0.042026229477465885,0.00796686256662352
7469,-0.004208468457756613,23.39893208149544,1.5990038443228438,0.03742220762660318,0.006962025069703324
7470,0.04334421839106895,24.435441579828026,1.546748609217754,0.033430039697852805,0.0061021596624849005
7471,0.016262710353309392,24.83607696740565,1.4993922183113635,0.029956250354511535,0.005363938306876784
7472,0.010684328010337831,25.102856401864795,1.4565233487048994,0.02692318888434328,0.004728120714841856
7473,-0.003630580414300969,25.01188370484197,1.4177428381714723,0.02426614461642135,0.004178791948804885
7474,0.022357513124533848,25.577385271697956,1.3826711641264922,0.021931013723698538,0.003702747773123843
7475,-0.022895407104042195,24.998433580875624,1.3509529911645184,0.01987241015319676,0.0032889988884211296
7476,0.016635391193923047,25.417770549553403,1.3222595274465827,0.018052133734563436,0.0029283705950735803
7477,0.010123231068474823,25.67638732417652,1.2962892991153292,0.016437925423292227,0.0026131789787357377
7478,0.017944235813126562,26.141289152541514,1.2727678254753307,0.015002453477739097,0.0023369684533172917
7479,-0.016082212564876255,25.724241893639153,1.251446565760764,0.013722485578874753,0.0020942985365615114
7480,0.006120006306217711,25.882157144530762,1.2321014145989044,0.01257821091186785,0.0018805701799833017
7481,0.014416821635008192,26.257998295334996,1.2145309478583308,0.011552683435490908,0.0016918839322708368
7482,0.006971477738473653,26.441694920380154,1.1985545617008855,0.010631363312653179,0.0015249237751089047
7483,-0.02789207305718553,25.714371662847253,1.184010602843352,0.009801738051419012,0.0013768617106362138
7484,-0.00797971247381675,25.509994888965736,1.1707545546628768,0.009053008547436063,0.0012452791648266412
7485,0.03235758428308695,26.34893656432005,1.1586573194342282,0.008375828117429124,0.001128102053363326
7486,-0.00047227352530589237,26.336495597161708,1.1476036195906407,0.007762084922930185,0.0010235469781434458
7487,-0.046853024819793365,25.13101190952742,1.1374905287482096,0.007204720026031083,0.000930076516963257
7488,-0.003826166060055003,25.035040203628093,1.1282261349711944,0.006697574791630138,0.0008463619627923816
7489,-0.018697065139078282,24.571307158900854,1.1197283333305899,0.006235262530063902,0.0007712521833764057
7490,-0.020537863123762937,24.071811856075147,1.1119237414205414,0.0058130602206947594,0.0007037475232859922
7491,-0.003192990060886499,23.995073377867193,1.1047467295472104,0.005426816918723092,0.0006429778720197394
7492,0.004405484072613318,24.101016485443264,1.098138556349683,0.005072876061902817,0.0005881841836549913
7493,-0.002059311232683695,24.05143605976102,1.0920466003296867,0.004748009390734518,0.0005387028639336918
7494,0.006275323054812313,24.202841152044627,1.086423677923792,0.0044493605986374125,0.000493952545965193
7495,-0.013674572138199224,23.874130267343205,1.0812274391833336,0.004174397156211089,0.0004534228609772103
7496,0.0038183095348720978,23.965463344593868,1.076419832717962,0.003920869020790716,0.0004166648797476105
7497,0.0016642843462645115,24.005381898787682,1.0719666322290335,0.0036867731608444705,0.00038328295667270853
7498,-0.008919374776945764,23.792220945355222,1.067837017655595,0.003470323003738146,0.0003529277543898128
7499,0.010750797702553666,24.04938618846796,1.0640032046435959,0.0032699220624912064,0.0003252902644772863
7500,-0.011902556470531038,23.764833820979597,1.0604401167064934,0.003084141118369183,0.0003000966706037964
7501,-0.0027898041194261134,23.698626984681354,1.0571250950598847,0.002911698436314297,0.00027710392586905244
7502,-0.0003498404896654893,23.69033769546168,1.05403764167789,0.0027514425731834913,0.0002560959369969343
7503,-0.022100087864652427,23.172522111324064,1.0511591916324503,0.002602337407666217,0.00023688026533301372
7504,-0.006650749568283433,23.01891882457995,1.048472911239044,0.0024634490781207524,0.00021928526892638184
7505,-0.008174907353535507,22.831508371062732,1.0459635189457428,0.0023339345624468527,0.00020315762187708236
7506,0.014935040004370554,23.17505693185381,1.04361712627025,0.0022130316741699524,0.00018836015703983222
7507,-0.0020383135842390572,23.12786700876315,1.041421096415246,0.002100050282505133,0.00017476998644484735
7508,0.016596717710737275,23.51491668144241,1.0393639184799013,0.001994364592406631,0.00016227686071451799
7509,-0.006298412244666332,23.367275482926807,1.0374350954386544,0.0018954063443985811,0.00015078173455453775
7510,0.0001778966564087463,23.371432812881192,1.0356250442809118,0.0018026588140704707,0.00014019551027133609
7511,-0.014642908395140972,23.031700468220755,1.0339250069007124,0.0017156515081196851,0.00013043793537120685
7512,0.01347424792803329,23.34413549704686,1.0323269704966898,0.0016339554682393764,0.00012143663375927369
7513,-0.00932038251940188,23.127570028874334,1.0308235963927732,0.0015571791064009786,0.00011312625298452396
7514,0.007665592366945622,23.305537795864428,1.0294081563215358,0.001484964505513477,0.00010544771245817764
7515,0.008799644078636025,23.51152320348218,1.0280744753272082,0.001416984128343826,0.00009834753967908048
7516,-0.015442710616126279,23.151230661343767,1.0268168805461935,0.0013529378851942363,0.0000917772832916803
7517,-0.003604040600656113,23.06794286254217,1.0256301552111902,0.001292550517352187,0.00008569299332935024
7518,0.0026913040430175507,23.130109327338012,1.0245094973023763,0.0012355692589249877,0.00008005476029988946
7519,0.004856759455358452,23.24271994450097,1.0234504823368789,0.001181761744482399,0.00007482630588560892
7520,0.005443084587562539,23.36957696875963,1.022449029847177,0.0011309141340756625,0.0000699746189864514
7521,0.011692795927737157,23.644436469606383,1.0215013731512255,0.001082829430778034,0.00006546963165535873
7522,0.007148054528612836,23.81405368513136,1.0206040320628458,0.0010373259689838085,0.00006128393018093911
7523,0.011138830477178448,24.080797239743163,1.0197537882311363,0.0009942360543801437,0.00005739249718051847
7524,-0.00192154348338215,24.03456936938805,1.018947662832999,0.0009534047388281843,0.00005377248109130116
7525,-0.008628930344642906,23.82806896454742,1.0181828963739716,0.0009146887154074779,0.00005040298990078424
7526,-0.0049372531694038945,23.71071370024888,1.017456930379938,0.0008779553206332202,0.00004726490635005844
7527,-0.0067450687922989425,23.551321465328964,1.0167673907864172,0.0008430816323858852,0.00004434072218389958
7528,0.013527067716091457,23.872066263042633,1.0161120728534205,0.000809953653428334,0.000041614389317004665
7529,0.010191127773725604,24.116593427982863,1.0154889274526453,0.0007784655715529857,0.00003907118604264283
7530,0.01073497154079691,24.376878951340625,1.0148960485903953,0.0007485190884237633,0.00003669759663372343
7531,-0.007568667870192352,24.19307490416881,1.014331662044286,0.0007200228100736768,0.000034481202881398785
7532,-0.0017881125015055126,24.14985361825976,1.0137941150048047,0.0006928916928057134,0.000032410586286714635
7533,0.008673999709526222,24.36024057061724,1.013281866624314,0.0006670465389364842,0.000030475239769834404
7534,-0.002910177903255945,24.28945099188507,1.0127934793862983,0.0006424135374311178,0.000028665487891852825
7535,0.020538000085775034,24.793465749617614,1.0123276112167359,0.0006189238450148253,0.000026972414698633677
7536,-0.00997675140686535,24.54733732789886,1.011883008267526,0.0005965132038205348,0.000025387798396564636
7537,0.0033101262853233483,24.628726744731768,1.0114584983090849,0.0005751215920509247,0.000023904052158434998
7538,-0.004716900861647804,24.512829036214246,1.0110529846755913,0.0005546929045039491,0.000022514170435374718
7539,0.0007081939882349891,24.530195022890204,1.0106654407120672,0.0005351746601394702,0.00002121168021929671
7540,-0.0069993760004326425,24.35909844771131,1.0102949046775387,0.0005165177341560701,0.000019990596760726816
7541,-0.014382203347470701,24.01126821865596,1.0099404750630605,0.0004986761123060039,0.000018845383300299412
7542,0.008954020946387819,24.227231042167297,1.0096013062874316,0.0004816066654064628,0.000017770914419416497
7543,-0.004886867183204818,24.109124602136564,1.0092766047370503,0.0004652689422102789,0.000016762442657376777
7544,0.005132155725917649,24.233174433256668,1.008965625119598,0.00044962497898188284,0.000015815568079339327
7545,-0.009658449881061364,24.000246206073797,1.0086676671041481,0.0004346391242873254,0.000014926210512369522
7546,-0.0037976680981723445,23.909274087001354,1.0083820722228944,0.00042027787765277607,0.000014090584196025272
7547,-0.025951442452587698,23.296775916875216,1.0081082210120385,0.00040650974087610726,0.00001330517461991614
7548,-0.0011377439150850829,23.270285224504313,1.007845530371472,0.00039330508089272523,0.000012566717343789261
7549,0.003555501223423892,23.353170013257106,1.0075934511247804,0.0003806360032012352,0.000011872178616298707
7550,-0.01289092538948097,23.054058097790307,1.0073514657627933,0.0003684762349482072,0.000011218737626991026
7551,0.009661297560744547,23.277869627056152,1.0071190863554371,0.0003568010168554181,0.000010603770242446669
7552,-0.016429767403491804,22.898544289764164,1.0068958526180298,0.0003455870032485323,0.000010024834092179466
7553,0.0090017568649676,23.105601961247068,1.0066813301194004,0.00033481216951419454,0.000009479654883012263
7554,-0.007893924409466258,22.923926097111167,1.0064751086203363,0.0003244557263737355,0.000008966113832390352
7555,-0.011948386811603463,22.651652018105455,1.0062768005318887,0.0003144980404168897,0.000008482236121618774
7556,-0.006435791492979482,22.506338813055123,1.0060860394839741,0.0003049205603887089,0.000008026180279449547
7557,-0.01153068599938704,22.248315737556847,1.0059024789955497,0.00029570574876781425,0.000007596228414920199
7558,0.01177861528589608,22.51191948535644,1.0057257912383903,0.00028683701821475985,0.000007190777225960303
7559,-0.003961246695451124,22.42292060831754,1.0055556658871787,0.00027829867250602907,0.000006808329717131481
7560,0.001495634365154206,22.456482190618157,1.0053918090492449,0.00027007585160245483,0.000006447487566030777
7561,0.01746725111720225,22.852181028986827,1.0052339422678442,0.00026215448053100134,0.000006106944083440346
7562,-0.015316470944927281,22.504833124729284,1.0050818015933873,0.0002545212217861769,0.000005785477717312821
7563,-0.019935229825040885,22.060636396855575,1.0049351367174868,0.000247163430982159,0.000005481946055198873
7564,0.012803705155682361,22.344910276775853,1.0047937101651225,0.00024006911550924085,0.000005195280283802425
7565,0.01100642653702114,22.592206316583187,1.0046572965406022,0.00023322689596869643,0.000004924480068035102
7566,0.0074329105493306565,22.760757803295654,1.0045256818233494,0.00022662597017878726,0.000004668608815275044
7567,0.010331814890965369,22.997136748738598,1.0043986627098733,0.0002202560795616018,0.00000442678929355234
7568,0.0043501150739071555,23.097394848999794,1.0042760459985611,0.00021410747773587037,0.000004198199575115986
7569,0.009141912141881715,23.30951732861688,1.0041576480142078,0.00020817090115499094,0.000003982069279314029
7570,-0.008012885016286503,23.12348716100725,1.0040432940694368,0.0002024375416423562,0.000003777676090965117
7571,-0.00845395018882724,22.92882633816039,1.00393281796039,0.00019689902068781396,0.0000035843425324387638
7572,0.00034891540013716894,22.93682795463928,1.0038260614942696,0.0001915473653798172,0.0000034014329695136927
7573,-0.00535027424503809,22.814437338408535,1.0037228740465007,0.0001863749858576303,0.000003228350832767076
7574,-0.013084692931184519,22.517861961662618,1.0036231121454557,0.0001813746541769309,0.0000030645360377784803
7575,-0.0023033721251408726,22.46605463478407,1.0035266390828361,0.0001765394844903639,0.000002909462588825883
7576,0.003354212853324094,22.541537085337005,1.0034333245479556,0.00017186291445213394,0.0000027626363520201397
7577,0.015586270624866,22.89562789191977,1.0033430442842948,0.00016733868776262444,0.000002623592984980791
7578,-0.0140559490506719,22.576059294157417,1.003255679766825,0.0001629608377753632,0.0000024918960112106963
7579,-0.013471289739493394,22.273969992955482,1.003171117898706,0.00015872367209446964,0.000002367135028289226
7580,0.02394528770884857,22.813763577349064,1.0030892507260647,0.00015462175809605785,0.0000022489240398822863
7581,0.0014151334417700958,22.846070951351116,1.003009975169664,0.0001506499093119772,0.0000021368999023700663
7582,0.020188219433376904,23.31197955359156,1.0029331927723433,0.00014680317261878917,0.0000020307208776270535
7583,0.0030811718520916817,23.383918540085304,1.0028588094612088,0.00014307681617903116,0.0000019300652841598883
7584,0.004451817091283927,23.4882515316891,1.0027867353236124,0.00013946631808564445,0.0000018346302394227684
7585,-0.01692303747842108,23.09410346853885,1.002716884396033,0.00013596735566396992,0.000001744130486692418
7586,0.00562973039301809,23.224483703165674,1.0026491744650337,0.00013257579538896146,0.000001658297300399889
7587,-0.00028610400244122184,23.21784003585879,1.0025835268795307,0.0001292876833782675,0.000001576877464288738
7588,-0.0035888420356475575,23.1346642172721,1.0025198663736545,0.0001260992364245965,0.0000014996323172023566
7589,-0.029629834404923703,22.459243660569005,1.0024581208995447,0.0001230068335333364,0.0000014263368617007709
7590,0.013861033694644191,22.7727195245125,1.0023982214694558,0.00012000700793375995,0.0000013567789310722782
7591,-0.014046185971197563,22.455085665418586,1.0023401020065992,0.00011709643953432875,0.0000012907584106406355
7592,0.00012923152138087684,22.457987757818728,1.0022836992041844,0.00011427194779462892,0.0000012280865095767524
7593,0.002969506535312768,22.524776014239457,1.002228952392158,0.00011153048498833797,0.000001168585079707312
7594,0.00101444713065717,22.54763780271306,1.0021758034111734,0.00010886912983335276,0.0000011120859780735429
7595,0.005169435420025057,22.664498150981323,1.0021241964933538,0.00010628508146681146,0.0000010584304702334623
7596,-0.015553622241001345,22.314710393334398,1.0020740781494453,0.00010377565374422666,0.0000010074686715220243
7597,0.011886259163402031,22.58153143481461,1.002025397061973,0.00010133826984332447,9.590590236873443e-7
7598,-0.009904447698898772,22.358977792549982,1.0019781039840518,0.00009897045715446345,9.130678045090053e-7
7599,-0.017678325350535495,21.967181860331237,1.0019321516435142,0.00009666984244069128,8.693686681776832e-7
7600,-0.0052798455490271805,21.851504181825828,1.001887494652046,0.0000944341472516012,8.278422143751701e-7
7601,0.0014590875417206898,21.883410710894335,1.0018440894190406,0.00009226118357617202,7.883755841414436e-7
7602,-0.008637327352721517,21.69521047255388,1.0018018940698965,0.00009014884972072792,7.5086208075171e-7
7603,0.003288187693592208,21.766665811540463,1.0017608683685042,0.00008809512639903905,7.152008139522802e-7
7604,-0.020419995027385274,21.32669796245511,1.0017209736436852,0.0000860980730224073,6.812963660205301e-7
7605,-0.013175141593794452,21.047558585321482,1.0016821727193563,0.00008415582417834808,6.490584782218548e-7
7606,-0.01619824124332667,20.709371565749525,1.0016444298482106,0.00008226658628719283,6.184017563361111e-7
7607,0.012580343065396645,20.97154824321433,1.0016077106487185,0.00008042863442660161,5.89245394018226e-7
7608,-0.00971804863757266,20.768732798721548,1.0015719820452633,0.00007864030931459583,5.615129128430066e-7
7609,-0.01901663393349797,20.377513041024958,1.0015372122112376,0.00007690001444229848,5.351319179632483e-7
7610,0.007259417977672245,20.525980165986212,1.0015033705149377,0.00007520621334810841,5.100338683835179e-7
7611,0.0044833256891855695,20.61821141703979,1.001470427468103,0.00007355742702553936,4.861538609199095e-7
7612,0.010866181231799306,20.843474296139693,1.0014383546769576,0.00007195223145742354,4.6343042697908446e-7
7613,-0.001838367673759375,20.80519152646963,1.0014071247956162,0.00007038925526961823,4.418053413483468e-7
7614,-0.022352952282949003,20.34529326402453,1.001376711481729,0.00006886717749776546,4.2122344224277066e-7
7615,0.00487539320564229,20.44472676031024,1.0013470893542453,0.00006738472546103623,4.0163246190576903e-7
7616,0.011979777701224145,20.69112298124704,1.001318233953185,0.00006594067273715108,3.8298286710628535e-7
7617,-0.016024675354899053,20.362196957833458,2.9141800645515734,0.2644333561293079,3.6522770891927347e-7
7618,0.08152996930566637,22.091878686946433,2.967941426377237,0.2860217641721596,3.4832248121654766e-7
7619,-0.01599366517250702,21.741359094494147,3.0286975921408805,0.3132954642744686,3.322249873326695e-7
7620,-0.023048913195001436,21.24597535534061,3.163648574801229,0.38805133397489106,0.01848086067218192
7621,-0.017799019312025408,20.87116336773414,3.313070246225994,0.5050888173465932,0.05675835965142565
7622,0.004210307018090023,20.959222621500903,3.4116324547885277,0.6148280461123331,0.09769386866896279
7623,-0.011511573158849328,20.719332402949522,3.4615428574488147,0.6857211084022774,0.12904365535394624
7624,-0.027674654481225233,20.15379367645428,3.4770217452395737,0.7104564260633417,0.1467222946254715
7625,0.025050292464614383,20.665028661486982,3.468063885951996,0.6959662506753403,0.1518244180226264
7626,0.049102368085435125,21.70505544016706,3.440399540697103,0.6541451584235155,0.14753880857550228
7627,-0.0009376438177228575,21.68471336741999,3.3972378938688648,0.596563188731873,0.13728866666915227
7628,0.020913993153610592,22.143002942495503,3.3404937824043697,0.5323286695318361,0.12391147956819945
7629,-0.04378906742403009,21.194304393918895,3.2715124194879865,0.4677181492699162,0.10944812603566685
7630,-0.03141525192501519,20.53882983857115,3.191488659675258,0.4065784640933491,0.09521438698216053
7631,0.01427456750717316,20.834115273547596,3.1017020592359223,0.350947380127842,0.08196654586258964
7632,0.04300222729436169,21.749570882384916,3.0036292244597185,0.3016390996674787,0.07007092232334218
7633,0.020957495714633054,22.210197350115838,2.898966462274294,0.25870689636713495,0.05964311553990474
7634,-0.00027687070278654654,22.204048848375766,2.7895862582746074,0.2217737038895019,0.050650121579354654
7635,-0.01477806569196511,21.87832864102561,2.677450106471301,0.19025181371369948,0.04297973763156566
7636,0.0354250606895053,22.667261250506105,2.564500849424515,0.1634798093190073,0.03648487986974775
7637,-0.012756413546248508,22.379944752216105,2.4525562222284716,0.1408021644883566,0.031010177482225638
7638,0.021863210723968324,22.874630201623066,2.343220678468792,0.12161130885198798,0.026406760205688586
7639,0.04372597429578882,23.897035635978494,2.2378257352062674,0.10536634428869822,0.022539562919096395
7640,0.0028068886891180066,23.96420618102918,2.1374018464684412,0.09159800606844928,0.01929011699615001
7641,-0.00903608886779499,23.74863889368392,2.0426789081999237,0.07990607002867962,0.016556774982177957
7642,-0.01753723041529683,23.335784285767673,1.9541088513003633,0.06995305091672097,0.014253593679447533
7643,0.010007170321245951,23.570481824200424,1.871902459900931,0.06145647298622001,0.012308615875098166
7644,0.003269540232987678,23.64767258321826,1.79607302288065,0.05418099359542938,0.010661977272915556
7645,0.021820706429607862,24.169352517380506,1.7264809288095129,0.04793104254206483,0.00926406901800103
7646,0.007816288094042851,24.35900737262718,1.662875162936576,0.04254427186072818,0.0080738676414262
7647,-0.023513701063096755,23.79291845983844,1.6049293911570661,0.03788590129181887,0.007057475363433351
7648,0.0010098293974669904,23.81695738391401,1.5522716826684104,0.033843932683906314,0.006186875699883306
7649,0.002762026085436454,23.882831372443217,1.504507868929036,0.03032515286148319,0.005438889985167692
7650,0.012280839987590345,24.177940990977916,1.4612391043248776,0.027251824213376075,0.004794311995892307
7651,0.0031928879272231547,24.255261819555688,1.422074470517082,0.02455896023895668,0.004237195530185066
7652,0.018200485071883297,24.700761204816978,1.3866395441657215,0.022192090454029558,0.003754270668596028
7653,-0.002485972187092916,24.63943206231784,1.354581805029247,0.02010543015675262,0.003334466814391673
7654,-0.011187876496161132,24.365305446162658,1.3255736565099512,0.018260382678089777,0.0029685235228531807
7655,-0.007950854639210653,24.172348546946218,1.2993137023856542,0.01662431338193851,0.0026486730658577635
7656,-0.021834535167379456,23.650276889673414,1.2755267951128835,0.015169545140982555,0.002368381386444232
7657,-0.004068577876271707,23.554249376524663,1.25396325506242,0.013872534054612192,0.002122136474344785
7658,0.020082827938124843,24.032067221398343,1.234397561538776,0.01271319179570117,0.001905275214987681
7659,0.011264921425954913,24.304317128253516,1.2166267363595349,0.011674327291421293,0.0017138414498806048
7660,0.006741812343459064,24.46872585714156,1.2004685777760007,0.010741185624025505,0.001544469372544625
7661,0.001347981397481361,24.50173148490542,1.185759854245967,0.00990106625368651,0.0013942875139485058
7662,0.003796708540214772,24.594934237968737,1.172354531403871,0.009143006079689417,0.0012608394864793192
7663,0.012136945151427572,24.895260440510647,1.16012207902879,0.008457515612538902,0.0011420183937083349
7664,-0.004135270822837237,24.792524363537694,1.1489458857169792,0.007836358750828339,0.001036012407311064
7665,0.003240316064255394,24.87299027559473,1.138721795523044,0.007272368445647304,0.0009412594900219696
7666,0.01227817143369186,25.180267656193532,1.1293567716013455,0.006759291976183959,0.0008564096271926797
7667,-0.011868842618211368,24.883173591261794,1.1207676857326312,0.006291660721550402,0.000780293237922687
7668,0.010714421433344713,25.15121579403959,1.1128802287008728,0.005864680251042012,0.0007118946848334479
7669,0.0004940624983293694,25.163645136734047,1.105627934145771,0.005474137312470743,0.0006503300014056904
7670,0.0015327523227452759,25.202244346223253,1.0989513072784045,0.005116320911468778,0.0005948281170368298
7671,-0.014832479193996852,24.83119120302051,1.0927970493606773,0.004787955172183817,0.000544714990299071
7672,0.00010971628297082581,24.833915738481263,1.0871173688602715,0.004486142074295575,0.0004994001664281573
7673,-0.011745457790637103,24.54393633351617,1.0818693705210543,0.004208312490915077,0.0004583653607410956
7674,-0.010799946355262718,24.28028938682558,1.0770145141072023,0.003952184221178863,0.0004211547393696637
7675,-0.020890855582976812,23.778314961513978,1.0725181351996451,0.003715725931811568,0.0003873666255172949
7676,-0.021716986583404752,23.267488496752804,1.0683490210860818,0.003497126102886373,0.0003566464058856215
7677,-0.007860901817324892,23.085302067126637,1.0644790354513505,0.0032947662219096696,0.0003286804499613764
7678,0.012933982011739821,23.385826246470305,1.0608827862181922,0.0031071975931773084,0.0003031908860969005
7679,0.02100163137409451,23.882160419365217,1.057537331494397,0.0029331212309119275,0.00027993110403607704
7680,0.01840080881585351,24.32567952833472,1.0544219191428137,0.0027713703888801555,0.0002586818747596423
7681,0.013306450913811451,24.651531145225437,1.0515177560022375,0.002620895349146792,0.0002392479960774092
7682,0.008024510446041437,24.850143431830414,1.0488078032494157,0.002480750150896079,0.00022145538694847032
7683,-0.014017243704484568,24.504242865142132,1.0462765948068597,0.002350080988905276,0.000205148565604868
7684,-0.0029250118667846995,24.432672387251518,1.0439100760706075,0.002228116051975839,0.0001901884566282456
7685,-0.013262432086085145,24.110775018284645,1.0416954605598812,0.002114156605785365,0.0001764504805392289
7686,0.016409571691219534,24.509686541763138,1.0396211023804365,0.00200756915334195,0.00016382288649624993
7687,0.018411095783767838,24.965116344552868,1.0376763826489592,0.001907778530421842,0.00015220529460142852
7688,0.007585896502243464,25.155219272241276,1.0358516082507245,0.0018142618138071813,0.00014150741927009927
7689,0.0035526412173799314,25.24474567449209,1.0341379215002826,0.001726542937435817,0.00013164794929683706
7690,0.02454528855166907,25.8720524603143,1.0325272194482564,0.0016441879262431799,0.00012255356377527981
7691,0.008925107010201647,26.10399682154405,1.031012081729309,0.0015668006699420334,0.00011415806600950934
7692,0.005585354648519504,26.250204833240918,1.0295857059795037,0.0014940191696017138,0.00010640162008025604
7693,0.0025311115582829463,26.316731187396698,1.0282418499679364,0.0014255121989468654,0.00009923007687341151
7694,-0.028752474912800266,25.570834606163732,1.0269747796897009,0.001360976330040282,0.00009259437820235215
7695,-0.0020787149252570864,25.51773533885676,1.0257792227567732,0.0013001332796485116,0.00008645002921014983
7696,-0.009988049423586194,25.264131549020956,1.0246503265018363,0.00124272753828231,0.00008075663056513924
7697,-0.003804355855277138,25.168200396057603,1.0235836202788122,0.001188524248799222,0.0000754774630987905
7698,-0.010898357356632643,24.89539760542374,1.0225749815041727,0.0011373073056720052,0.00007057911850787531
7699,0.014968965504713197,25.270859077541775,1.021620605035991,0.001088877649664861,0.00006603117057821702
7700,0.001254839450077522,25.302589852800253,1.0207169755341408,0.0010430517358042052,0.0000618058821056012
7701,-0.0028654281237435065,25.230190876800524,1.019860842485852,0.0009996601552535603,0.000057877943308125475
7702,0.018956270555902342,25.713023091958156,1.019049197616703,0.0009585463940635919,0.00005422423805806733
7703,-0.004106217155907034,25.60765631289488,1.0182792544386867,0.0009195657138196749,0.000050823634722640784
7704,0.0044718686867647305,25.722426817353217,1.01754842971478,0.0008825841409942159,0.00004765679880227413
7705,-0.010313128737116557,25.458511354407648,1.0168543266439407,0.0008474775533663203,0.00004470602490115042
7706,-0.003169286943283591,25.37795374928897,1.0161947195920493,0.0008141308532288918,0.000041955085865237955
7707,-0.007905611177549164,25.17811647316341,2.4282269295480097,0.13630087158230472,0.000039389097184304554
7708,-0.03715615474262481,24.259761405633917,2.4806034820718414,0.1461702193536798,0.000036994394981905126
7709,-0.034259578092978776,23.44270808067026,2.5391989514741917,0.15805016224086432,0.000034758426115706036
7710,-0.019672210075674827,22.986044718502292,2.6598661302752022,0.18578734943279165,0.006117966771084439
7711,-0.0019742610428204336,22.940709032850474,2.822058766863757,0.23202245353266462,0.02057937143194341
7712,-0.05485345666874563,21.716222517539304,2.9532363383504507,0.27989646706961974,0.037837086677244225
7713,0.017069178677421942,22.090082262107284,3.0327902860054645,0.31525587314618553,0.05259327135280635
7714,0.06448117342325882,23.561403181551345,3.0675887741494283,0.3326196720116677,0.062349969012487565
7715,0.04471225693682803,24.63879348443903,3.0681859482623746,0.33292896974546615,0.06686896013504726
7716,-0.07143448494790534,22.940127892884245,3.0427863415064205,0.32011447862976594,0.06707286636775511
7717,0.027655845919765092,23.583410801270837,2.9971376239483063,0.29871560719195267,0.06423217055445751
7718,-0.02081827648554333,23.097520087005453,2.9353879711310085,0.2726891936192616,0.05953170907201439
7719,0.02316905194278174,23.638915318348197,2.8607918345991052,0.24501121363683542,0.05390327538024949
7720,-0.030661430058406554,22.92511141498409,2.7761442448447635,0.21769039006800361,0.04800299459637057
7721,0.03409550506707221,23.720232671706626,2.684004377694174,0.19194642624382813,0.04225139935098494
7722,0.022787503528001452,24.26696321124044,2.586778927366103,0.16842151855357662,0.03689102008909968
7723,-0.018563033959837508,23.820650028473402,2.4867213954628746,0.14736758231485328,0.03204060574198714
7724,0.0108708836684154,24.081014173943913,2.3858898556038364,0.12879138332802204,0.027738574468978126
7725,0.017693262680592257,24.510877511758288,2.28609424552659,0.11255819424461905,0.023974789095650356
7726,0.0010587548917638577,24.536842265955087,2.188853572777311,0.09846141274731424,0.020712349419351093
7727,0.028834965365274898,25.254660661691332,2.095373634953688,0.08626681235668915,0.01790175979973025
7728,-0.005958110226414352,25.10463797938242,2.006547810331031,0.07573904823607867,0.015489665618735741
7729,-0.0015956256566472507,25.064612316401256,1.922977930338952,0.06665634013866598,0.013423912750792393
7730,-0.002974466861092014,24.990169226817475,1.845009362024896,0.05881761250843944,0.011656221585420793
7731,0.013667170969624314,25.334058787957915,1.772773767628623,0.052045034069518416,0.010143376192605358
7732,-0.030750728277094536,24.56687422567682,1.7062338125271868,0.04618390159277452,0.008847531423905633
7733,-0.00977389073315043,24.327929891419064,1.645225594465008,0.041101108854528445,0.00773602763870004
7734,-0.003017984004471247,24.254619268932025,1.5894961817037658,0.036682965023496224,0.006780956706318917
7735,-0.020648032806177715,23.758944063953336,1.5387350315937889,0.03283281392957741,0.0059586261503811406
7736,-0.0246568589712844,23.18028638768319,1.4925990762778947,0.029468706317615365,0.005249005977204192
7737,-0.013645866784074779,22.866119701055077,1.450731906813282,0.026521253767969363,0.0046352036859728316
7738,-0.005118233617006984,22.749384552227923,1.4127778272864524,0.023931719025130353,0.004102989211663796
7739,0.02023543661490866,23.214417485495048,1.3783916731664707,0.021650355010706668,0.0036403776179484352
7740,0.0007311876435765741,23.231397787850373,1.347245273245678,0.01963498187809491,0.0032372695748562326
7741,-0.011945032329435255,22.955548782782486,1.3190313444381143,0.017849780364436085,0.00288514563642636
7742,0.0032437685561376326,23.030132170339233,1.2934654866021433,0.016264275505231907,0.0025768085503027425
7743,-0.009434461785719725,22.81387699809095,1.270286817270249,0.014852484446733625,0.0023061673273497975
7744,0.004250600906796801,22.91105607276198,1.2492576684897276,0.013592203764476628,0.0020680569872775314
7745,0.02225422432075541,23.42663953058909,1.230162666625343,0.01246441427364917,0.00185808842361994
7746,0.030684026981382624,24.156605039151803,1.2128074327554623,0.011452784170157668,0.001672523493259465
7747,-0.013323101380238903,23.836898610901493,1.1970170753144322,0.010543254130055031,0.001508171117834687
7748,0.020084348840171434,24.320487223298922,1.1826345957397897,0.009723690551301392,0.001362300827383654
7749,0.00021212407622158075,24.32564673139302,1.1695192895109536,0.008983595377426063,0.0012325707532815414
7750,0.018763029465944547,24.78637840206363,1.1575451966151096,0.008313862885040393,0.0011169675790974971
7751,0.006283667633818438,24.942618130965386,1.1465996349280496,0.007706575462869875,0.0010137563855104165
7752,-0.007881070660876947,24.74681617299915,1.1365818353956754,0.007154831789014063,0.0009214386848891094
7753,-0.003984286054911014,24.648413939914263,1.1274016877495574,0.006652601960022153,0.0008387172405807132
7754,-0.011414027047446302,24.36867578298974,1.118978598615031,0.006194605074323746,0.0007644665137972841
7755,-0.0027933840914562886,24.300699697586875,1.1112404593733853,0.005776205555131921,0.0006977077852554816
7756,-0.017741245099064534,23.873376856133085,1.1041227183423103,0.005393325142012272,0.0006375881666087624
7757,-0.01637532378311852,23.485626017697374,1.0975675502363755,0.005042368009856089,0.0005833628544736892
7758,0.008752565968444872,23.692087725546724,1.0915231150914082,0.0047201569092555065,0.0005343800928129823
7759,0.0019133686022908636,23.73746281811913,1.085942898614312,0.0044238785801474865,0.000490068402055726
7760,0.00016823012458032097,23.741456510366493,1.0807851260602408,0.004151036985051411,0.00044992570930633784
7761,-0.006734684759007027,23.582102486910394,1.0760122421055083,0.0038994131507706763,0.00041351007636219333
7762,-0.004082864708965064,23.486016239954786,1.071590449681768,0.003667030607483934,0.0003804317735189617
7763,-0.014552331643615437,23.14671474440095,1.0674893012993245,0.0034521255794170225,0.00035034648932937967
7764,-0.006118249155354307,23.005529719460906,1.0636813369709528,0.00325312121804555,0.0003229495012551063
7765,-0.001964084716775783,22.960389254497514,1.0601417634236314,0.0030686052821548623,0.0002979706608635864
7766,0.007699020165566117,23.137843991626667,1.0568481698362115,0.0028973107632565423,0.00027517007097181375
7767,0.00563055896108233,23.26849044758152,1.053780275855878,0.0027380990332366343,0.0002543343518210793
7768,-0.014009949043043824,22.944773009394115,1.050919708120015,0.002589945156472224,0.00023527340970947903
7769,0.0013943629828028611,22.976788667063992,1.0482498019409452,0.0024519250632729127,0.00021781763510555442
7770,-0.01965723239404066,22.52953884105532,1.0457554251993841,0.0023232043272418696,0.0002018154686009801
7771,0.015698492024389048,22.886009330669534,1.0434228218401254,0.002203028327531319,0.00018713128252804352
7772,0.00970407129332486,23.109177867234937,1.0412394726730962,0.0020907136092399893,0.00017364353399215786
7773,-0.009230940426716192,22.896839970050237,1.03919397145751,0.001985640282393164,0.00016124315171573214
7774,-0.016485726724568685,22.522463337816287,1.037275914489603,0.0018872453229060073,0.00014983212467478964
7775,-0.009423236538696417,22.311225672702463,1.0354758021285284,0.0017950166583561723,0.0001393222652124965
7776,0.004056131181787548,22.401906713631078,1.03378495088342,0.001708487937859503,0.00012963412328141595
7777,0.01744029659793328,22.796029429833254,1.0321954148503034,0.0016272338993309793,0.00012069603182026764
7778,0.0023750386964307008,22.850235226806397,1.0306999154329772,0.001550866259318506,0.00011244326611162668
7779,-0.006118269689004124,22.710858133332348,1.0292917784096507,0.001479030060749429,0.00010481730237746673
7780,0.012963088246088127,23.007177448688672,1.0279648775190788,0.0014114004226034329,0.0000977651629187109
7781,0.005885502432923807,23.14298550483746,1.0267135838381387,0.0013476796429498978,0.0000912388368503386
7782,0.007035973625217008,23.306393132213493,1.0255327203088984,0.0012875946131545633,0.00008519476697286443
7783,0.008361616786414108,23.502089288189925,1.0244175208487607,0.0012308945065299696,0.00007959339459400094
7784,0.0009594006012871145,23.524648026487714,1.0233635935435244,0.0011773487094114458,0.00007439875520436016
7785,0.02521176599876901,24.125285700885968,1.0223668874813714,0.001126744966698681,0.00006957811884603615
7786,-0.01198717544651054,23.837818073170514,1.0214236628368427,0.0010788877174076584,0.00006510166981625946
7787,0.02093698687055187,24.342171554509935,1.0205304638587482,0.0010335965988095435,0.00006094222103970377
7788,0.005870393333042503,24.485489932159133,1.0196840944553838,0.0009907051003601648,0.00005707495903902903
7789,-0.018435214903559722,24.038229996723366,1.0188815961051432,0.0009500593509037148,0.00005347721594784827
7790,0.005821677348412449,24.178580958401614,1.0181202278511503,0.0009115170246162704,0.000050128265455321765
7791,-0.004527949264051702,24.06934905542814,1.0173974481654606,0.0008749463528802992,0.00004700913995701686
7792,0.004078119797486346,24.167707166086245,1.0167108984921052,0.0008402252307859805,0.00004410246652100771
7793,-0.01076513101764217,23.908933994649434,1.016058388299205,0.0008072404082691745,0.0000413923195686307
7794,0.01500475531985835,24.270386672180834,1.0154378814888743,0.0007758867570450668,0.00003886408842199073
7795,-0.009211116477823838,24.04785576600771,1.0148474840299908,0.000746066605503041,0.00003650435809045381
7796,-0.004645173650965107,23.936408346746553,1.0142854326933746,0.0007176891346111487,0.00003430080186042329
7797,0.01732315789822647,24.354674917163436,1.0137500847817442,0.0006906698286539342,0.00003224208442049204
7798,-0.002305362379179813,24.298593234990463,1.0132399087581625,0.0006649299753093454,0.000030317774400855678
7799,0.003428469828389839,24.38204319987029,1.0127534756867795,0.0006403962101710793,0.00002851826533446165
7800,-0.019682580907390466,23.90683367823651,1.0122894514086163,0.000617000101352373,0.00002683470416015983
7801,-0.003915107781215285,23.81341883159751,1.011846589383101,0.0005946777702749475,0.000025258926487179186
7802,0.004407946978518109,23.918618806804652,1.011423724133138,0.0005733695451603182,0.000023783397927364033
7803,0.016881316028246718,24.325823979083715,1.0110197652378017,0.0005530196441067312,0.00002240116087829705
7804,-0.007434395812921131,24.14564675940066,1.0106336918223586,0.0005335758849594275,0.000021105786208042824
7805,-0.005520592518807613,24.012715749120098,1.0102645475003411,0.0005149894194698249,0.000019891329351911615
7806,0.005608019979191446,24.147757844258205,1.0099114357268661,0.0004972144894950056,0.000018752290384362866
7807,0.006597595857643741,24.30760170416672,1.0095735155263983,0.0004802082032163829,0.00001768357767580347
7808,0.00038865884830088565,24.317050904788786,1.0092499975617324,0.0004639303295590307,0.000016680474785335524
7809,0.0020973662408897507,24.368106188532987,1.0089401405141778,0.0004483431091737479,0.000015738610277122945
7810,0.02359377245266875,24.949877847657163,1.0086432477477996,0.0004334110805051219,0.000014853930180542913
7811,0.005732982999803864,25.093325872856777,1.0083586642331446,0.00041910091961284827,0.00001402267284315997
7812,0.04499398419061872,26.24816005637394,1.0080857737082003,0.00040538129254236106,0.000013241345951239272
7813,-0.006879351779105844,26.068209411373793,1.0078239960564033,0.0003922227191561304,0.000012506705515377575
7814,0.0047157009187985596,26.19142959687166,1.0075727848833949,0.0003795974474403237,0.000011815736639205072
7815,0.0023806343471052534,26.253856091615443,1.0073316252758953,0.00036747933739423563,0.000011165635907287506
7816,-0.002951074831235063,26.176493205658517,1.0071000317275876,0.000355843753693143,0.000010553795244588524
7817,0.005668398792114713,26.325293338953813,1.006877546218268,0.0003446674663900737,0.000009977787114359298
7818,0.004650283091925804,26.44799849117909,1.0066637364337543,0.00033392855898931224,0.000009435350934301511
7819,-0.0033443952050387638,26.359693677247744,1.0064581941151565,0.0003236063432850989,0.000008924380602472137
7820,-0.03804857563774378,25.375585555824326,1.0062605335271204,0.00031368128041364213,0.000008442913034815608
7821,-0.0022769330820539817,25.31787277460015,1.0060703900355665,0.0003041349076158781,0.0000079891176255543
7822,-0.0007068756499490954,25.299982510668187,1.0058874187862696,0.00029494977025294706,0.000007561286550059234
7823,0.01412094602148228,25.65977653545623,1.0057112934763748,0.0002861093586566108,0.000007157825837363567
7824,0.014012210726308663,26.02185758515333,1.0055417052116165,0.00027759804943324503,0.000006777247146263881
7825,0.010958667237721658,26.308590700200366,1.0053783614426295,0.00026940105087301484,0.000006418160185059578
7826,0.01945515744484491,26.825439863026865,1.0052209849742924,0.00026150435214570964,0.000006079265720481153
7827,0.012381522077089787,27.159644349522907,1.0050693130425534,0.0002538946759918166,0.000005759349126317614
7828,0.005899978587051125,27.320359310828504,1.0049230964536513,0.0002465594346419931,0.0000054572744267286605
7829,-0.023705214485743423,26.680340199292637,2.560749038137079,0.16266263627681324,0.000005171978793268737
7830,0.032385702487495276,27.558545653246302,2.6149896367858685,0.17490731618477215,0.000004902467458302742
7831,0.01563051712171357,27.99268403788539,2.6757971319784093,0.1898270845556444,0.000004647809010796881
7832,0.020486391005196367,28.572067583881072,2.8035638895849995,0.22611703298048327,0.008237441328796943
7833,0.02068516409342072,29.169240507454443,2.96774789350256,0.2859400161719272,0.027198352360863022
7834,0.008601612057975952,29.421225181886452,3.0932831974499,0.34629608576172344,0.049164476111244845
7835,0.006628245312411455,29.61688400077517,3.1656375734854105,0.3893339701067321,0.06738951955364131
7836,-0.03566207408068465,28.579295727738344,3.194846203977483,0.4088994329071203,0.07895660828025931
7837,0.0044759667914628645,28.70750241673633,3.191986965735583,0.4069217090781986,0.0838198550864207
7838,-0.00822010693016927,28.472490910341087,3.164848291605858,0.38882425848744917,0.08331631231797312
7839,0.030831701464169494,29.364019296221556,3.1185599980302943,0.3605282253975422,0.07913384462116899
7840,0.005489434057889615,29.525654380500153,3.0566768011310517,0.32703692704637555,0.07278917628112293
7841,0.004465421564343002,29.657793683547542,2.9819443314049865,0.29201905051128574,0.06544380298732679
7842,-0.01791759032753049,29.131129849654926,2.8967511286217222,0.2578862092447186,0.057895472130853526
7843,0.01315480359121599,29.516875784496754,2.8033604763577675,0.2260530979541167,0.05064098215091048
7844,-0.03415570281269093,28.52572915715779,2.7039972108068198,0.1972214749477083,0.04395519862774403
7845,0.06833555292563488,30.543198029014988,2.600843428750139,0.1716223325156647,0.037962077818974885
7846,0.006222849556705661,30.733856359130968,2.495984004383044,0.14919894556401136,0.032690004913175176
7847,0.05325323861792523,32.41489691831085,2.391333834757501,0.12973485718969205,0.028111379254166697
7848,0.07514302496525668,34.94450121948142,2.2885702645023156,0.112938051540363,0.024169211546221335
7849,-0.02992447934932844,33.91429626353659,2.189085283064943,0.09849320389952848,0.02079404225209281
7850,0.011464032197852057,34.30532796530807,2.093963640688553,0.08609203350274064,0.017914103373187096
7851,-0.008411203699490506,34.01798899119621,2.0039862285538215,0.07544934631085232,0.015460991798269168
7852,0.011282829824860395,34.403981621747796,1.919653701847594,0.06631014047981018,0.013372488261842362
7853,-0.05412452680242536,32.591378027142795,1.8412234383872947,0.058451401595646976,0.011593640386355254
7854,0.012541859034072872,33.002708528887595,1.7687529859226887,0.05168094216412373,0.010076845318697614
7855,-0.0059876392573445965,32.805690640343805,1.7021443852135583,0.04583475876565122,0.008781398729615966
7856,-0.018005718564216285,32.22028673224152,1.6411854472134815,0.04077379333123296,0.007672795915168539
7857,-0.017327591353437012,31.666795950020948,1.5855857069724575,0.036380606385379204,0.006721952739841224
7858,-0.014257978659518979,31.218494976571133,1.5350061062726867,0.032556233159488975,0.005904439482785303
7859,0.011087709094588389,31.566562637861665,1.4890823889300173,0.029217349870846843,0.005199774771705875
7860,0.004625147276207588,31.712900795960177,1.4474427572209243,0.02629379371334537,0.004590799543038197
7861,-0.0011011234817479487,31.67800019468153,1.4097206153803934,0.02372643378624749,0.004063135477890462
7862,0.009620391888889215,31.98422561326784,1.375563306015914,0.021465366656212705,0.0036047241100389095
7863,-0.0013059744195377497,31.94248229657309,1.3446377049313951,0.019468400163591852,0.003205438879690197
7864,0.007269758429349612,32.17554254593574,1.3166334371113395,0.017699786612669213,0.0028567609865729885
7865,-0.002608668283880203,32.09171661314298,1.2912643502534722,0.01612916806485311,0.0025515098519367594
7866,0.008202901645577635,32.356044453633466,1.2682687556314776,0.014730699964602021,0.0022836196535664767
7867,-0.02449791952637126,31.57301908716205,1.247408831573407,0.013482323550875978,0.0020479543548577806
7868,-0.012546128504198442,31.179374453972574,1.2284694876354751,0.012365161773407126,0.0018401546857391873
7869,-0.0002573177341329196,31.171352480128732,1.2112569085527545,0.011363017403825497,0.0016565115319775974
7870,-0.019616959529636796,30.56582405179864,1.1955969349127877,0.010461955559161296,0.0014938610941431858
7871,-0.010545411152358197,30.24518845841282,1.1813333898851235,0.009649955899417268,0.0013494979674870725
7872,0.014832449558342327,30.697142195260152,1.168326425654806,0.008916622338455643,0.001221102967651385
7873,0.008128914323289237,30.947693609941105,1.1564509369946074,0.008252940262049776,0.0011066830926127413
7874,-0.028092552723701054,30.090392169002314,1.1455950705282074,0.007651073032329879,0.0010045214808539
7875,-0.014237806125971426,29.665006464624803,1.1356588449115657,0.007104191028567127,0.000913135612872541
7876,0.0022611864141417136,29.732160469466745,1.1265528879749875,0.006606327681065353,0.0008312423206870211
7877,-0.00608174232605499,29.551885878160526,1.1181972907194724,0.0061522579428580065,0.0007577284296575168
7878,-0.014117207110862567,29.13762675559404,1.110520574104533,0.005737395451619219,0.0006916260688592281
7879,0.0009231175260164568,29.1645366280952,1.1034587621670373,0.005357705294286073,0.0006320918590400734
7880,0.0021997093421317277,29.228760743070936,1.0969545537021586,0.005009629826453535,0.0005783893280652655
7881,0.013586799520528279,29.628596146434152,1.0909565841745654,0.004690025439965288,0.0005298740186382737
7882,0.012801851412836357,30.010335302342376,1.0854187694619877,0.004396108533551827,0.0004859808468615513
7883,-0.025602828868693632,29.251738375168557,1.0802997232867553,0.004125409237749738,0.0004462133468301462
7884,-0.006300512205342088,29.068016818221743,1.0755622406386574,0.0038757316887721572,0.00041013449916045254
7885,-0.004490541767285257,28.93777831418293,1.071172840047618,0.0036451198463060713,0.0003773588927571379
7886,-0.006158612290338396,28.760109415492945,1.067101358168049,0.0034318280153454042,0.0003475460113278669
7887,-0.005489546725278407,28.60266200388511,1.0633205907489665,0.0032342953685800314,0.00032039447087805974
7888,0.0021907139457264368,28.665390939911855,1.0598059746597621,0.0030511238787808244,0.00029563706304015466
7889,-0.02463278240990418,27.967908338275137,1.056535306205555,0.0028810591642943174,0.00027303648273358725
7890,0.010826124074239269,28.27233730354083,1.0534884914896618,0.002722973828636283,0.0002523816382202636
7891,-0.00987419518959889,27.994544473907368,1.0506473250600583,0.0025758529400569043,0.00023348445785159266
7892,-0.010012362937430793,27.71565145329284,1.047995293510837,0.002438781351127214,0.00021617712129486777
7893,-0.007234838884418821,27.51585679302519,1.0455174010997264,0.0023109326037324927,0.00020030965426518396
7894,-0.0034505509107020742,27.42107554610935,1.0432000147910416,0.002191559202878683,0.0001857478351703335
7895,0.0025028841354152506,27.489793281461438,1.0410307264429473,0.0020799840746718733,0.00017237136992366046
7896,-0.00913084965671788,27.23993057727655,1.038998230131946,0.0019755930507439653,0.0001600722977581584
7897,-0.0006747658445905384,27.221556202411442,1.0370922128494227,0.0018778282441129005,0.00014875359640088173
7898,-0.010111890148151444,26.94768184378648,1.0353032570181497,0.0017861822006780858,0.0001383279596179236
7899,-0.009325026137362727,26.697562005717003,1.0336227534640547,0.0017001927268346475,0.00012871672406314266
7900,-0.018250963630616443,26.21472529274295,1.03204282364311,0.00161943830751841,0.00011984892567912497
7901,-0.009385548573615758,25.969836719616417,1.0305562500676297,0.001543534040760617,0.0001116604687061674
7902,-0.024873724112837416,25.331837764729276,1.0291564140028968,0.0014721280248642381,0.00010409339273680176
7903,0.009983119278045183,25.58599505309992,1.0278372396160897,0.0014048981428843802,0.00009709522527790686
7904,0.024926032116233142,26.23176722153572,1.0265931438568052,0.0013415491964308191,0.00009061840900656632
7905,-0.00431524408045033,26.118814627596677,1.0254189914337963,0.001281810347100716,0.00008461979437680005
7906,0.006963131294605761,26.301318023268824,1.024310054327369,0.00122543282925301,0.00007906018949156173
7907,0.01609168696760521,26.727974201995668,1.0232619753424936,0.0011721879024861456,0.00007390396023090174
7908,-0.008373060000842772,26.50511358498736,1.022270735265268,0.00112186501618971,0.00006911867455053976
7909,0.010015459318128243,26.771908277349205,1.021332623235923,0.001074270162002679,0.00006467478565841296
7910,-0.00438801752007576,26.65469004070379,1.020444209995961,0.0010292243930059043,0.00006054534945952038
7911,-0.0006893868337758707,26.636320980752885,1.0196023237060572,0.000986562491071602,0.00005670577224794277
7912,-0.01766472492925322,26.169929166827874,1.0188040280656827,0.0009461317660449792,0.00005313358513309776
7913,0.01382953250804026,26.534361207048818,1.0180466024956365,0.0009077909723911133,0.00004980824212676056
7914,-0.014370739501163556,26.155769650113584,1.017327524171301,0.0008714093306449898,0.00004671093919802265
7915,0.0021326258902187897,26.211609643391924,1.0166444517179118,0.0008368656424891875,0.000043824451933549644
7916,-0.011412445812434299,25.91417154505491,1.0159952103998575,0.0008040474895819931,0.00004113298972735134
7917,0.00289338952279667,25.989259915062078,1.0153777786543143,0.0007728505073942428,0.00003862206467384374
7918,0.02980555442030061,26.775543821219827,1.0147902758357088,0.0007431777263077926,0.000036278373555422734
7919,-0.0067712776047437395,26.59485162987989,1.0142309510518104,0.0007149389731009304,0.000034089691505485406
7920,-0.010777305426521918,26.30976975765295,1.0136981729849293,0.0006880503267123455,0.000032044776093589785
7921,0.0064750017904787755,26.480678283325233,1.01319042060294,0.0006624336228493025,0.000030133280724461663
7922,0.017578043837430023,26.950271984878967,1.0127062746748134,0.0006380160025993283,0.000028345676369599377
7923,0.005252612992506666,27.092203763687042,1.0122444100142007,0.0006147295007282855,0.000026673180761668427
7924,-0.002561316906877569,27.022900835411065,1.0118035883824767,0.0005925106698100573,0.000025107694279758262
7925,0.004324890690242554,27.14002501974055,1.0113826519896612,0.000571300236741877,0.000023641741839651865
7926,0.008570855735870957,27.373637960167507,1.0109805175378657,0.0005510427885612523,0.000022268420179050683
7927,-0.008525956340564111,27.141243617809494,1.0105961707574753,0.0005316864848012358,0.000020981349994513844
7928,-0.00464868310269069,27.015365387905856,1.0102286613912388,0.0005131827939054914,0.00001977463244584359
7929,-0.012875565951060222,26.669756995558796,1.0098770985858592,0.000495486251477557,0.00001864280959576016
7930,-0.008057905407857559,26.45571812704064,1.0095406466546522,0.00047855423836371685,0.000017580828398810213
7931,0.0008195540567364237,26.477408905324115,1.0092185211783629,0.00046234677676927865,0.000016584007894282012
7932,0.007301303035794069,26.671435954537582,1.0089099854144208,0.00044682634278670586,0.000015648009294100984
7933,0.003700436413090584,26.77031474183487,1.008614346987743,0.0004319576938735009,0.000014768808688810347
7934,-0.010492213985997959,26.490903256918564,1.0083309548387542,0.0004177077099602059,0.000013942672123291144
7935,-0.05065783965464629,25.182355257631812,3.0608058725473057,0.32913417135656603,0.000013166132819269838
7936,0.03547151734121369,26.091643181014458,3.1121302288433697,0.35683108561493637,0.00001243597034427167
7937,0.01313122675037341,26.436517821947927,3.1703182887554693,0.3923766655347815,0.000011749191546829917
7938,-0.010137294692113403,26.16987684268251,3.3021298546726965,0.4948191013944989,0.026147339995814745
7939,0.006934331293359076,26.35197808409099,3.643182020853899,1.111147213144619,0.07779634608478532
7940,-0.01563681591959223,25.943121988177765,3.6890487068702917,1.2971719846242604,0.13123855121639533
7941,0.05300615788079292,27.355365361842733,3.718262188248078,1.4472296980720418,0.17080388091207635
7942,-0.025708479631144955,26.661063471394865,3.7584340660490874,1.7128454461275227,0.2623661642091419
7943,-0.0025459317942514766,26.593272554377062,3.7881881024877204,1.9745265506103657,0.36653350385074107
7944,0.041256474526650405,27.71336386459833,3.8027306396950027,2.131144924403145,0.4448686307412716
7945,0.08028946344861021,30.030220069372678,3.804729820838536,2.1544993451248162,0.4829913662619574
7946,-0.11429336147074913,26.786843393259424,3.7967870070928758,2.064425335518121,0.48383233269148007
7947,-0.07316252280998328,24.89702518882233,3.7802974873442636,1.8982241853334125,0.45756508793769046
7948,0.006608971505438437,25.06211385109615,3.755742824590338,1.6923204937389076,0.4151743889166409
7949,0.07987956658441979,27.14619431771329,3.72304671925646,1.4748227816326218,0.3656084831708894
7950,-0.023171363092007954,26.52441158926587,3.68182947016333,1.2643358916081988,0.3150869994472904
7951,0.016276081209802232,26.959657506882014,3.6315913934687907,1.0714698354553187,0.2673977113684628
7952,0.023879406548650315,27.611186228923483,3.571859610022767,0.9010571077489997,0.2245045146066314
7953,-0.00925449377667599,27.356837427819602,3.5023148447975636,0.7541861009837832,0.18714796707566145
7954,-0.09308889747234764,24.925156570978697,3.422900572819399,0.629761647309995,0.15532372926995916
7955,-0.004829295952528728,24.805075799404268,3.3339079524286013,0.5255823037382297,0.12862193608934808
7956,-0.05193575021017273,23.549687514467813,3.236026206436979,0.4390254401283715,0.10644871072332639
7957,-0.03690736987362514,22.696374123255183,3.130349249356403,0.3674491020297186,0.08816029963895741
7958,0.03941750641901004,23.608874698610094,3.0183347509621976,0.3084047366870488,0.07313762641084687
7959,0.029695039119746296,24.32045405661605,2.9017197999695408,0.25973150566451075,0.06082276436848357
7960,-0.009906711899792555,24.080707834162528,2.782405347802844,0.21958112388878565,0.05073250080406653
7961,-0.03165930857941583,23.330271107892816,2.6623270725895813,0.18640510380302627,0.042459041964286376
7962,-0.01657589563379328,22.946738449151336,2.5433315590357135,0.15892410883983232,0.035664176669362835
7963,0.021083047347941707,23.435661506153416,2.42707365577974,0.13609095502375645,0.030070675103023213
7964,0.034457525927765825,24.257270434417844,2.3149449000635003,0.11705358181875358,0.02545305302121119
7965,-0.04238958528993208,23.25050375981782,2.208036041910569,0.10112112214566207,0.021628810190677222
7966,0.02808160057451108,23.91266893513304,2.107130823209892,0.08773433764878644,0.018450644816631678
7967,0.047418727266432766,25.073891530980347,2.0127243655458105,0.07644065684607143,0.015799802504160406
7968,-0.03833495113156439,24.130875837409747,1.925057999408411,0.06687353182484136,0.013580537030246665
7969,0.01952463102191032,24.606651845709724,1.8441626853326967,0.05873560214326544,0.011715574687209558
7970,0.014585413517965452,24.96818014897334,1.7699046167946109,0.05178509107229318,0.010142442627733372
7971,0.017596986435769627,25.411433399229924,1.7020284669655412,0.04582488013059826,0.008810519208353846
7972,0.019914299719395626,25.922556740311073,1.6401955506001022,0.04069376706804488,0.007678675908776725
7973,-0.011627443285309616,25.62288924160791,1.5840156478369085,0.03625948450249842,0.006713397575317441
7974,-0.008011426987159969,25.418433420238372,1.533072290486004,0.03241312798284369,0.005887285975604773
7975,-0.002105645181056345,25.364967528250446,1.4869419701393811,0.02906470708316998,0.005177868722668662
7976,0.002947476684889558,25.439840467568807,1.4452080717262321,0.026139588911280848,0.004566650587489101
7977,0.01501589215129254,25.82472482754168,1.4074704586781768,0.02357564989233012,0.004038356825733079
7978,0.007170955965312661,26.01057836945667,1.3733516189800363,0.021320989612343477,0.003580328502323904
7979,0.024037283537255875,26.643376927388257,1.3425001882496987,0.01933209101663786,0.003182038165353508
7980,-0.01553928921597428,26.232557971562716,1.314592540174453,0.01757233556997472,0.0028347009039560137
7981,-0.027811539355664487,25.513041954262366,1.2893330033098853,0.016010801234337044,0.0025309611210641925
7982,-0.012032612101869759,25.207892968287858,1.2664531415197584,0.014621286298411793,0.00226463952782076
7983,-0.015287398245704133,24.82546051613347,1.2457104301866746,0.013381514032491208,0.0020305281484052583
7984,-0.008884564225877722,24.605874027301013,1.2268865737429822,0.012272482524230173,0.0018242236990629343
7985,0.023921239271490858,25.201573556939916,1.2097856412638304,0.011277931421666098,0.001641991724232887
7986,0.016265536123405602,25.61484257161239,1.1942321436967867,0.010383903104836719,0.0014806554562666555
7987,0.0011741914799957708,25.6449369663547,1.1800691361834308,0.009578380368857008,0.0013375046083679023
7988,0.014853629595276911,26.028700445537737,1.1671563992958816,0.008850986298061098,0.0012102202876463383
7989,-0.010767999252509515,25.749927028209573,1.1553687315721128,0.008192734852660474,0.0010968129848246998
7990,-0.0027662625544170247,25.67879440041493,1.1445943705539623,0.0075958229399800325,0.0009955712045614479
7991,0.02118033202351228,26.228480509689266,1.134733549043185,0.007053456529227456,0.0009050187808771469
7992,0.008770763250336263,26.459536088359474,1.12569718625928,0.006559704791282579,0.0008238793032738839
7993,-0.00478962987163276,26.33310771816502,1.1174057090573732,0.006109377380625813,0.0007510463821921169
7994,-0.008900223229854424,26.09977706882226,1.1097879956259686,0.00569792088572479,0.0006855587241061531
7995,-0.0062344391677025875,25.937565770038574,1.1027804325970636,0.005321331204241239,0.000626579179801073
7996,0.004841081566955332,26.063436069948608,1.0963260758711357,0.004976079187336849,0.0005733770843421742
7997,-0.007540246871992416,25.867650391444386,1.090373905401175,0.004659047372217538,0.0005253133318811731
7998,0.020256190497381976,26.39697338024501,1.08487816448866,0.004367476006732916,0.0004818277289685076
7999,0.016410725424131998,26.833740896124514,1.079797774675719,0.004098916882384284,0.0004424282513543634
8000,-0.007684586552755266,26.62832497076857,1.0750958179713053,0.0038511937467581893,0.00040668189522185714
8001,0.009445908113595173,26.881045389505708,1.0707390788566873,0.003622368274507138,0.0003742068674540343
8002,-0.012920117397551958,26.535973114668387,1.0666976392314915,0.0034107107465398074,0.00034466590330847313
8003,-0.011109371515211512,26.2428065938834,1.0629445201568575,0.003214674727231529,0.00031776053567913657
8004,-0.007701926836545869,26.041462780474806,1.0594553649093206,0.0030328751449552674,0.00029322616949392514
8005,-0.018516006638263482,25.563715517766205,1.0562081584680927,0.002864069276660004,0.00027082783894966735
8006,0.004670735305605283,25.683396147070837,1.0531829791150815,0.0027071402162821235,0.0002503565452022929
8007,0.012290334878187864,26.001001426239426,1.0503617783304624,0.002561082472444208,0.00023162608859429048
8008,0.030115326495119783,26.795939910644787,1.0477281856183374,0.002424989395581811,0.00021447032314680453
8009,0.008217855606425392,27.017052366419072,1.0452673352998052,0.002298042180293068,0.00019874077238055587
8010,-0.00800507977142012,26.801642045750782,1.042965712668205,0.0021795002269135314,0.00018430455497154202
8011,0.011459008742192887,27.1105286836443,1.0408110172173235,0.0020686926783709545,0.00017104257662963328
8012,-0.0026546919556678372,27.03865402598241,1.0387920409319538,0.0019650109753265557,0.0001588479511836554
8013,-0.003587450490517703,26.94182797650761,1.036898559875256,0.0018679022953245262,0.00014762461938793806
8014,0.0031834285811161225,27.027732023867816,1.035121237522581,0.0017768637608591763,0.00013728613861462862
8015,0.0015430906464297517,27.06947045916056,1.033451538480164,0.0016914373175127154,0.00012775462051250192
8016,-0.005264998495454863,26.927324266026847,1.0318816513925146,0.0016112051970976272,0.0001189597970191104
8017,0.020509962258944223,27.485305194532863,1.0304044199871814,0.001535785892453923,0.00011083819790985215
8018,-0.0019154425416655755,27.432709060210108,1.0290132813324133,0.0014648305805331125,0.0001033324254382037
8019,0.008691744287633333,27.672186382667302,1.0277022104942775,0.0013980199389216055,0.00009639051363489603
8020,0.014672775789951794,28.081207568991562,1.026465670876993,0.0013350613082445245,0.00008996536154735531
8021,0.024233443261029778,28.770024412052432,1.0252985696153774,0.0012756861591369621,0.0000840142311617699
8022,-0.010926631976863997,28.45737615020127,1.0241962174628523,0.0012196478278327205,0.00007849830199822571
8023,0.012440017355925032,28.813597509480722,1.0231542926838177,0.0011667194890338894,0.00007338227543746682
8024,0.012604948369827965,29.179090086716784,1.022168808516482,0.0011166923387002487,0.00006863402275358102
8025,-0.016687352133330207,28.696208548170564,1.0212360838225114,0.0010693739628296521,0.00006422427161339227
8026,-0.006259280796079586,28.517151888638587,1.0203527165839963,0.0010245868712686899,0.000060126326479974864
8027,0.01333107148822813,28.899861375037972,1.0195155599469934,0.0009821671781641424,0.00005631581894080784
8028,-0.0027567316901394405,28.82030192375986,1.0187217005449993,0.0009419634128968284,0.000052770484484420035
8029,-0.00976786914887349,28.540159410834676,1.0179684388657104,0.0009038354472785452,0.00004946996268455068
8030,0.020422998834663728,29.129027814699125,1.0172532714508322,0.0008676535264808217,0.00004639561812769102
8031,0.004710076915883392,29.266551395267758,1.0165738747419966,0.0008332973926359565,0.00004353037974670475
8032,0.008702476235824565,29.522354308281955,1.0159280904063837,0.0008006554913359739,0.00004085859650711367
8033,-0.00913544446320308,29.25388265116842,1.0153139119937857,0.0007696242523790256,0.000038365907639590097
8034,-0.024252049020139225,28.552949937174578,1.0147294727928853,0.0007401074370971064,0.00003603912582733595
8035,0.02787070196423226,29.359934065656372,1.014173034768701,0.0007120155454622819,0.00003386613194471672
8036,-0.01662347450160632,28.875904225544964,1.0136429784757164,0.0006852652769269036,0.000031835780107488335
8037,-0.020736386290172385,28.283287916551387,1.0131377938523338,0.0006597790396202289,0.000029937811938399135
8038,0.004887037810349362,28.42184771170942,1.0126560718121786,0.0006354845031112372,0.000028162779077606073
8039,-0.009736147763091035,28.146471131526848,1.012196496556539,0.0006123141904654636,0.000026501973077564797
8040,-0.009411534439570558,27.882812312321022,1.0117578385400268,0.0005902051057810983,0.000024947361918857578
8041,-0.01567377175317935,27.44919059737479,1.0113389480284793,0.0005690983937940698,0.000023491532468552532
8042,-0.01534919289440369,27.031084678997434,1.010938749194293,0.0005489390284998813,0.00002212763827764321
8043,0.0012016658951690597,27.063586535841008,1.0105562346998878,0.0005296755280573735,0.00002084935218019513
8044,0.004785523184572601,27.19341034633313,1.010190460724911,0.00051125969352124,0.00001965082321514685
8045,0.018397584718107023,27.698333861774337,1.0098405423971724,0.0004936463692003944,0.00001852663744324846
8046,-0.03597413076451659,26.719620112619705,1.0095056495912242,0.0004767932226619123,0.00001747178227721171
8047,0.0037949657697830884,26.821212804797202,1.0091850030620086,0.0004606605425985332,0.000016481613983524498
8048,0.023525453895078534,27.459674616040076,1.0088778708841273,0.0004452110529544691,0.000015551828050183967
8049,-0.0002761460613008806,27.452092781945247,1.0085835651701134,0.00043040974186204367,0.000014678432146380172
8050,0.018912563829852357,27.97622293876864,1.0083014390436,0.0004162237040826542,0.00001385772142839844
8051,-0.006422086338098522,27.79713290100437,1.0080308838455547,0.0004026219957716443,0.000013086255971124664
8052,-0.005050857377175814,27.6570875195775,1.0077713265537802,0.0003895755004995863,0.000012360840126900868
8053,0.016610174933299353,28.120313059854443,1.007522227397718,0.00037705680556366516,0.000011678503633411143
8054,-0.002484292769762496,28.050540672839244,1.00728307765224,0.0003650400877136668,0.000011036484310061602
8055,-0.012570719814851382,27.700132242853307,1.0070533975955966,0.000353501007498613,0.0000104322121982001
8056,-0.019586790668897347,27.162854501205757,1.006832734618033,0.0003424166115134071,0.000009863295014718489
8057,0.00876499870653436,27.40198333681721,1.0066206614687918,0.00033176524189081763,0.000009327504801283491
8058,-0.00108272665999673,27.372330534758138,1.0064167746303176,0.00032152645244355423,0.000008822765662818901
8059,0.01909776043640816,27.900104353975163,1.0062206928094566,0.00031168093091475343,0.000008347142499060203
8060,0.050852166959745544,29.3555784914685,3.1199539507281724,0.3613368787603117,0.00000789883064215254
8061,0.008498655938268623,29.606124597494713,3.169962304868232,0.3921440527813172,0.000007476146321479702
8062,-0.031160881347966216,28.69779729899359,3.2266945137208087,0.43191750606245366,0.000007077517884296667
8063,-0.012809545317050542,28.332535974200532,3.3559822108308657,0.548738462769107,0.030149736582736075
8064,0.049347268705675615,29.76574078385457,3.485671415904438,0.7249270678613314,0.08868770169019093
8065,0.00916795435821023,30.039886494288403,3.564384088659506,0.8830201176886368,0.14848294351597013
8066,0.011534462826362946,30.388386464535085,3.6014106634499665,0.9789815324588165,0.19215101709588764
8067,0.0028400167924440556,30.474812660222575,3.663083419089623,1.1856421900758387,0.21489388860844352
8068,-0.030141654233733144,29.56995682557664,3.659586640696207,1.1719222680341672,0.2192498559129818
8069,-0.05612748632767771,27.955987191837686,3.647546526844017,1.1267642661329274,0.21040255925271148
8070,-0.026282176603162066,27.23081430276874,3.6460693628302696,1.1214355660151527,0.21753564280184187
8071,0.0001331438578775258,27.234440159813097,3.6471048372120913,1.1251662461025336,0.23088379641837262
8072,0.01016435418062823,27.512672285003408,3.6423099223486726,1.1080723596103066,0.23931056624133634
8073,-0.03071537259738394,26.680456638804124,3.628080698318956,1.0599398927832946,0.23804501422816912
8074,0.0010698369481482778,26.709015651129143,3.603409991065636,0.9846730625139757,0.22734204921837628
8075,0.0015391136250827188,26.75015551236958,3.568116291505471,0.8919471518585895,0.2097788326301353
8076,0.004470976293266344,26.87002258525238,3.522178063420711,0.7917734213325056,0.18837075268955952
8077,0.04243338172666646,28.03474531203927,3.4656053266682636,0.6920742616958184,0.1656615694684532
8078,0.0298914049670943,28.885393434445284,3.398497378206624,0.5981264149079318,0.14345035154766062
8079,-0.0004225918972027558,28.873189280102366,3.3211447481517045,0.5128806343838407,0.12283458828798088
8080,-0.03996203794804276,27.742108462341704,3.371507068107784,0.5659985055761507,0.10436790749621486
8081,0.023807428752684507,28.410501523316018,3.319209662653442,0.5109964556105714,0.08823043053730698
8082,0.04077462502931432,29.592870587703857,3.2728484707120225,0.4688531301593182,0.07437080008976979
8083,0.055484364825779786,31.281217533386084,3.270195311202025,0.46660332813313754,0.07502872043513087
8084,0.03094624998574175,32.26438817167663,3.290652863465912,0.4843861514670048,0.08441464222395868
8085,0.06339180453914271,34.375905351774904,3.30769378811379,0.5000013899542525,0.09479035861576297
8086,0.033189308208614245,35.53596212584488,3.3093401123375923,0.5015507966201139,0.10150478948149254
8087,-0.025679372708226282,34.635038000569885,3.29317451368148,0.4866493692011755,0.10312353059448155
8088,0.019089222321237224,35.30254476382586,3.260125983372756,0.4582116548048947,0.10014937650775278
8089,0.011117105926167254,35.69719652154853,3.2118434207075297,0.420952538902823,0.09385990609438027
8090,-0.01232862841661031,35.25980083471858,3.1499872107664197,0.37940379921312195,0.08560948934433492
8091,-0.008861284091462468,34.94873398385472,3.076168625273605,0.33710188061460183,0.07651619742560639
8092,-0.021693537389933504,34.19873677544424,2.9920368160628144,0.2964448773240542,0.06737879094236654
8093,-0.0026126184255514415,34.1095051404772,2.8993528593864557,0.2588503784683911,0.05870357251825128
8094,-0.025799594788362887,33.240748699368005,2.800009432697246,0.22500294774106028,0.05076958589695821
8095,0.008055048352924874,33.509585831883165,2.6959958321685935,0.19509092156381835,0.0436966729107033
8096,-0.039030392221254345,32.22688847540587,2.5893235886642136,0.16899590606600529,0.037502237358565914
8097,0.03588746639351458,33.40443301939851,2.481933459854578,0.14642969402177367,0.03214342672685849
8098,0.022959806752056458,34.180264737831905,2.37560419014185,0.12702607780014907,0.027546126283862105
8099,-0.0606834558871323,32.16776831329441,2.271878903857571,0.11039841826160532,0.02362364189971979
8100,-0.019806456556981586,31.536906994858793,2.1720182327710336,0.09617313370808617,0.02028797676796402
8101,0.012025932066664219,31.91845734687505,2.0769823519486668,0.08400721280743421,0.0174561012095638
8102,-0.0007304828328597141,31.895149975585504,1.987438648820321,0.0735956681450873,0.015053005762192454
8103,0.01504039723020771,32.37849141304651,1.9037885666579113,0.06467300141691518,0.013012789778177264
8104,-0.012048225839460119,31.990728653428402,1.8262061910473022,0.05701135413427433,0.011278620255116249
8105,-0.014207494124029068,31.53943403809381,1.7546817997630675,0.050417027730196406,0.009802094826677621
8106,-0.022062747790201745,30.851207460977534,1.6890651267875474,0.04472638766944163,0.008542336805027332
8107,0.005337467478213698,31.01631501358751,1.6291048622797957,0.039801730511248655,0.007465014445510831
8108,0.006086650443672959,31.205676184142586,1.5744825073222448,0.03552741893574347,0.006541390193907353
8109,-0.008223817824519508,30.950098739700213,1.524839930569188,0.0318064235754587,0.005747452477256041
8110,0.025240393010848225,31.74123367319902,1.4798007983412291,0.028557313923365395,0.005063151059001923
8111,0.012458115669798731,32.13914308812462,1.4389865243218298,0.025711687686780945,0.004471739167355748
8112,-0.007243317483368522,31.907190139646705,1.4020275978280883,0.02321200164551357,0.0039592162539032125
8113,0.022115149734460632,32.62068284688,1.3685711887061045,0.021009756398741884,0.0035138609406765125
8114,0.012303324603251658,33.02450477895624,1.3382858644307714,0.01906398549210242,0.003125842317479195
8115,-0.04144013943776098,31.683933270967326,1.3108641430658872,0.01734000211988008,0.00278689793177572
8116,-0.01908409212378293,31.08500732595582,1.2860234782155318,0.015808361416524065,0.0024900677752780383
8117,-0.03157818505584686,30.118736053030243,1.2635061487088364,0.014444001870377258,0.002229474852057382
8118,0.0077558621731984734,30.353241037335632,1.2430784164393796,0.013225534844127052,0.00200014425545545
8119,0.006605043451438889,30.554389077769642,1.2245292242379548,0.012134656192316087,0.0017978539518071456
8120,-0.017004274789342376,30.039226248048397,1.2076686320106729,0.011155658371603408,0.0016190116070529308
8121,0.01613763774876308,30.527920983214738,1.1923261319092984,0.010275025213670146,0.0014605527777292444
8122,0.004711828809975492,30.6721027339234,1.1783489395638846,0.009481094707170432,0.0013198566225476715
8123,0.0000353897250059284,30.673188230412105,1.1656003258296401,0.008763777776582202,0.0011946759874977798
8124,-0.0017361622678133102,30.619980800104436,1.1539580297138803,0.008114323224390253,0.001083079293122016
8125,-0.0027859025749843963,30.534795231190905,1.1433127761252333,0.007525120789957161,0.0009834021250774258
8126,-0.008185000729425643,30.285887952689993,1.1335669101633716,0.006989535738874559,0.0008942068150606349
8127,-0.028776035377810434,29.426800022411843,1.1246331515244987,0.006501769587622091,0.0008142486135480868
8128,0.009674563347383721,29.712873047843928,1.1164334672141663,0.006056742538640804,0.0007424473114401419
8129,0.006003690487214612,29.891796504204972,1.1088980573583442,0.005649993991158367,0.0006778633754154774
8130,0.019307709173591245,30.474546296155804,1.1019644469050733,0.005277598136926656,0.0006196778305786487
8131,-0.016846419677461623,29.965459484734136,1.0955766749835993,0.004936092175013413,0.0005671752611905585
8132,-0.0175339339578645,29.444626565734826,1.0896845733228917,0.004622415108383471,0.0005197294119194595
8133,-0.01384224081242554,29.0398548907706,1.0842431252016178,0.004333855435431817,0.0004767909630159367
8134,-0.0028820409790249945,28.95628132801471,1.0792118967467377,0.004068006336637821,0.0004378771270434293
8135,0.004196924716636358,29.07806403849751,1.0745545329055033,0.00382272719201717,0.00040256277547030773
8136,-0.006143478811431467,28.8999711831774,1.070238311008237,0.003596110458684196,0.00037047285311780475
8137,-0.021192846717841024,28.293942937890183,1.0662337454644215,0.003386453097380783,0.00034127587922999636
8138,-0.0064671199092982854,28.11155302062036,1.062514237757919,0.0031922318685659286,0.00031467836745648146
8139,-0.010028576520181524,27.831043068768416,1.0590557665067717,0.0030120819276786754,0.0002904200246620491
8140,0.010835466394747813,28.134245101885156,1.0558366129161458,0.002844778239606348,0.000268269611288147
8141,0.03999451079468681,29.282264689007434,2.705228672844571,0.19755171864103258,0.00024802136486804074
8142,0.0025879793165705578,29.358144730001825,2.759043013617495,0.21262336643253693,0.000229491903953654
8143,-0.03813417808524231,28.259673768812114,2.820069349222364,0.23137834600993415,0.00021251754272523057
8144,0.00027222539348510476,28.267367816833698,2.9540456098655095,0.28022908479033976,0.01185773308733138
8145,-0.01005087477382229,27.98467905714908,3.1143917579107914,0.3581253522871693,0.03695112029248925
8146,0.0006284356266429922,28.00227115363988,3.2294501449764343,0.4339985525482162,0.06490972825740092
8147,-0.021624897820802905,27.403225397269516,3.292214972024452,0.485786265904944,0.08729375506379515
8148,-0.054058254430224946,25.961183165093875,3.315028299612282,0.5069614478164344,0.10081617967577093
8149,-0.0018715459998846697,25.912641055153784,3.30875602539398,0.5010002495956384,0.10577973487942563
8150,-0.03503314569736695,25.02055721483288,3.2803992334244154,0.4753467490612146,0.10409734117106903
8151,0.028439966017860915,25.742356332449575,3.2343013674188,0.4376985812068549,0.09800108544412009
8152,-0.014956561541067614,25.360204160873806,3.1733398227505196,0.3943591119839237,0.08942491908824567
8153,0.02379586684755967,25.970909516935876,3.0996935508660606,0.34982980843121,0.07981032705306883
8154,0.025936989413898298,26.653328411572712,3.0152875042957876,0.3069861781617635,0.07012170305087596
8155,-0.02251194985377817,26.060013414525073,2.922025108238657,0.2674494261779403,0.060940781807767165
8156,-0.0014303492583718944,26.022765139036583,2.821880455861742,0.23196463358831287,0.052573838715483955
8157,-0.011423712930834246,25.727180094281028,2.7168971234656563,0.20071233042158584,0.04514412864440248
8158,0.0015574043889788197,25.767278934425708,2.609129260635721,0.17353833268911817,0.038662017215650796
8159,0.02016737967384741,26.292212911485983,2.500555061886322,0.1501110534716308,0.033074069690962785
8160,-0.023152700428682393,25.69047004845216,2.392987591529537,0.13002272890245142,0.028295350204990764
8161,0.04423459504686667,26.852386587461986,2.288001233505014,0.1128506566750017,0.0242294962334269
8162,-0.030231051796396076,26.05275839682575,2.1868841741871488,0.09819153503238393,0.02078042606478225
8163,-0.025931661388041385,25.385851461701872,2.0906197771825887,0.0856785697381931,0.017858593993561756
8164,0.00021835012918467519,25.391395070849857,1.9998938816800007,0.07498806232240322,0.015383850301604829
8165,-0.016875652787215905,24.966494028910677,1.9151216437876677,0.06583993073702865,0.013286288747691907
8166,0.00844274218365788,25.17817201519477,1.8364864428500982,0.05799499892795038,0.01150597472659684
8167,-0.038754611103722726,24.221067642493473,1.7639839735847909,0.05125079368122509,0.009992110013673327
8168,0.04330738336281234,25.293063837978043,1.6974661677612841,0.04543686772344726,0.008701966623872005
8169,-0.010936817459661444,25.017945418084153,1.6366813770923587,0.04041021199517965,0.007599779127038449
8170,-0.010872569833950982,24.747409435169658,1.581308872053031,0.03605104008545669,0.006655695774399827
8171,0.02025818233708065,25.253859526808846,1.5309869654876922,0.03225906210693064,0.00584483527600553
8172,-0.011797360675761686,24.95768113428798,1.4853349153849043,0.028950271649744848,0.005146465138959573
8173,-0.00907083972157109,24.73231767206177,1.4439692507917634,0.0260542200595174,0.004543300555764273
8174,0.023289452890732188,25.315079581853183,1.406515386948473,0.023511729252376115,0.004020914364148454
8175,0.007595490020341092,25.50809210058077,1.3726154396093835,0.021272986369798092,0.0035672450666345075
8176,0.02109882633449934,26.052000644828126,1.3419330877137492,0.019295963890144124,0.003172189122108934
8177,-0.01133922902915006,25.75825958878624,1.3141562213473195,0.01754511322536294,0.002827264386211351
8178,-0.008259571220914147,25.546383616051916,1.2889979830402636,0.015990285947722838,0.002525332908283326
8179,0.005171681929947204,25.678843611823478,1.2661966852282172,0.014605843283779138,0.002260372850908109
8180,0.0019325688889525836,25.728517729959275,1.2455149754762447,0.013369920690639466,0.00202729084760122
8181,0.0093465608519829,25.970118194462774,1.2267385277544243,0.012263819875456715,0.001821767538782355
8182,-0.017103024906544678,25.529727358840383,1.20967446287596,0.011271505425782816,0.0016401302783327096
8183,0.02067780356871164,26.063121753365873,1.1941496424796019,0.010379187291255448,0.0014792480731367272
8184,0.007349095076749918,26.25536766461503,1.1800089361939854,0.009574973756354856,0.0013364447157003581
8185,0.004383006376097056,26.37069766993893,1.1671135282629927,0.008848582352147302,0.0012094268136270227
8186,-0.0373994347937419,25.402663282712346,1.1553393055349872,0.008191098458802382,0.0010962240306044036
8187,-0.0002744536677688148,25.395692385241265,1.1445753512583927,0.007594773232176213,0.0009951393524537929
8188,-0.009118575026241053,25.165172462765383,1.1347225568858619,0.007052854019928945,0.000904707597718775
8189,0.022494469879699,25.73766448913534,1.12569235572211,0.006559441678363944,0.0008236607217959409
8190,-0.01221944615438297,25.425078188974545,1.1174055767119926,0.006109370213348023,0.0007508987308012655
8191,0.01831674891409299,25.895074221581964,1.1097914131610185,0.005698104991157255,0.0006854652379391125
8192,-0.0025360091230274082,25.829487276810713,1.1027864991152563,0.005321656433873492,0.0006265268707376836
