"Time","Return","Volatility","LogPrice","Price"
1,-0.0076461150008310524,0.013781061539960924,4.5975240709872605,99.2383042176103
2,0.002316914250539601,0.012604767656493779,4.5998409852378,99.46849742483774
3,0.02370024781248766,0.013503247088979113,4.623541233050288,101.85408328679533
4,0.00016107292659161223,0.013509231113484559,4.62370230597688,101.87049054342265
5,-0.01887495501105732,0.010639845803089699,4.604827350965822,99.96572237389415
6,0.0055684358304401455,0.009610413938377114,4.610395786796262,100.52392780736726
7,0.007347357868121928,0.01091159195826692,4.617743144664384,101.26523306191288
8,0.01329530241429276,0.011745984501840601,4.631038447078677,102.62057483419578
9,-0.0012090764236916767,0.009535701109725661,4.629829370654986,102.49657369511105
10,0.007013683048938729,0.00857550973607448,4.636843053703924,103.21797907368457
11,0.011745711461456683,0.010797790666244696,4.648588765165381,104.43749569819529
12,0.005048056440447702,0.011007726299115356,4.653636821605828,104.96603499669246
13,0.0009924786847327698,0.01015115928522936,4.654629300290561,105.07026326265823
14,-0.004727141213023461,0.010709018694406266,4.649902159077538,104.57475338622129
15,-0.0019667543737323444,0.0087655289458142,4.647935404703806,104.36928265407974
16,-0.00855906008512483,0.008628265308338878,4.639376344618681,103.4797917261018
17,-0.0071426557585876635,0.0083398525065388,4.632233688860093,102.74330456410998
18,-0.0036468097278630116,0.008245292842279657,4.62858687913223,102.3693016547724
19,-0.013127912440437338,0.008914340390285436,4.615458966691793,101.03418922024574
20,-0.002902110862071899,0.0092599805388456,4.6125568558297205,100.74140185845441
21,-0.00170213790233619,0.011539776849689463,4.610854717927385,100.5700719549438
22,0.004307611557445168,0.01021243116711121,4.615162329484829,101.0042231652908
23,-0.01210247810910863,0.010747493559814901,4.603059851375721,99.78918905781437
24,-0.00814458655871132,0.0110172373473085,4.5949152648170095,98.97974812524829
25,-0.0072660660813369015,0.00978845601155368,4.587649198735673,98.26316127109742
26,-0.004796099622344587,0.008544179717609776,4.582853099113328,97.79300970852479
27,-0.011405075965173147,0.007788316021879317,4.571448023148156,96.68400914293221
28,0.003869861432786504,0.00858879857452251,4.575317884580942,97.05888775738462
29,0.007933780594921076,0.010827831607348116,4.583251665175863,97.83199445182943
30,-0.004943356231051481,0.010875289910050535,4.578308308944811,97.3495694342269
31,0.00032449593836454975,0.009594217782480072,4.578632804883176,97.381164100003
32,0.009025348956529143,0.009245217067643337,4.587658153839705,98.26404123186914
33,0.005501892001479682,0.01425931510209358,4.593160045841184,98.80616937204053
34,-0.015124712942406067,0.014875936776969814,4.578035332898779,97.32299896039623
35,0.0000732960427983506,0.012538680688613952,4.578108628941577,97.33013261252438
36,0.0062011533964163494,0.01338204515685772,4.584309782337994,97.93556695042015
37,0.004406507615542151,0.009468049768157138,4.588716289953536,98.36807299276254
38,0.002319688236600077,0.01004424691156109,4.591035978190136,98.59652111631425
39,0.00894941420688873,0.010772380424636581,4.599985392397024,99.48286242516265
40,-0.016157353804289336,0.010143558185664302,4.583828038592735,97.8883984660768
41,-0.0018753139105172519,0.00839283985644204,4.581952724682218,97.70499901027873
42,0.00769744744680625,0.008522854614704155,4.589650172129024,98.45998009128851
43,-0.011531360964955474,0.00914675831889745,4.578118811164068,97.3311236546352
44,-0.014046010377078267,0.010436450221337643,4.56407280078699,95.97356613462591
45,-0.008899559616565612,0.01173030046679886,4.555173241170425,95.12323306844863
46,0.008798528294040514,0.011970737659225848,4.563971769464465,95.96387028811225
47,0.009117491924738595,0.011419580701607032,4.573089261389204,96.8428209243711
48,-0.006507964718476314,0.009636762684156499,4.566581296670727,96.21461764217703
49,-0.01455673491505677,0.009257519778254378,4.552024561755671,94.82419154263204
50,-0.0003902598274419686,0.010281672843958626,4.551634301928229,94.7871926900558
51,0.002880082610133145,0.011470255335470313,4.554514384538361,95.0605811370648
52,-0.0008488357633403566,0.011279946713469559,4.5536655487750215,94.97992455305123
53,0.0003641926630648817,0.012932750707157645,4.554029741438086,95.01452184436928
54,-0.01717661183872772,0.013277112738878074,4.536853129599359,93.3964307278515
55,0.029140395371608934,0.016928791445795732,4.565993524970968,96.158082029468
56,0.03569373005236482,0.014931440913531577,4.601687255023332,99.65231274036263
57,-0.011993349678970566,0.0188968592845472,4.589693905344362,98.4642861569584
58,-0.013637641017121508,0.019166071439857962,4.57605626432724,97.13058053929473
59,-0.011165752020818527,0.021516412255759995,4.564890512306421,96.05207692042738
60,0.000049615711582741405,0.01972722413606995,4.564940128018004,96.05684273080135
61,-0.0009163295629122985,0.020604094049520724,4.564023798455092,95.9688633213101
62,-0.01785135136257402,0.019857435411934243,4.546172447092518,94.27089007179583
63,0.016436997332085427,0.021530573270226994,4.562609444424604,95.83322531536128
64,0.0052362557821933825,0.01954343867931583,4.567845700206797,96.33634868730954
65,0.0053161690910542075,0.021290045757828023,4.573161869297851,96.84985273434533
66,0.007527376756366955,0.02002740568016313,4.580689246054218,97.58162878641326
67,0.0007160058719993789,0.01774917194316084,4.581405251926218,97.65152282490858
68,0.02410672533882591,0.019397944015032725,4.605511977265043,100.03418496942454
69,-0.020100845687638265,0.02009180631228657,4.5854111315774055,98.04348763086332
70,0.015031939879970285,0.0192839300423251,4.600443071457375,99.52840406909185
71,0.00981223758568101,0.01846509889430747,4.6102553090430565,100.50980742366856
72,0.02833338053463703,0.02108335159888644,4.638588689577693,103.39831743753766
73,0.01808346928327602,0.024989023187530587,4.656672158860969,105.28512634317863
74,0.013594862467145055,0.024555308271346672,4.670267021328114,106.72623680947584
75,0.03589164703701864,0.018388278940672537,4.706158668365133,110.6263900159553
76,-0.027968900881793,0.020772558989678433,4.678189767483341,107.57516015333393
77,0.03845190736971721,0.025366473799688476,4.716641674853057,111.79218703297529
78,0.00003424777111733016,0.03024697114371458,4.716675922624175,111.79601573177136
79,0.05148568029373199,0.026598784905294073,4.768161602917907,117.70265871433051
80,-0.05456563480557972,0.02533314980722521,4.713595968112327,111.45221879994223
81,-0.0028990324795339075,0.016173125564309717,4.710696935632793,111.12958308939002
82,0.014290043757434461,0.0172313187656429,4.724986979390228,112.72903056379634
83,-0.007987140530613342,0.01829299899072174,4.716999838859614,111.83223414187317
84,-0.008686842573614215,0.017898775424935422,4.708312996286,110.86497243686243
85,-0.01711215213756477,0.02201896770493451,4.691200844148435,108.98397402744574
86,-0.007722191639727072,0.019974560165112464,4.683478652508708,108.14562002555247
87,-0.005836600918695619,0.020384798210568763,4.677642051590013,107.51625566132647
88,0.02567336249946628,0.01945593837552077,4.703315414089479,110.31229779316585
89,0.01710771891474057,0.014800657475045045,4.7204231330042195,112.21572480034332
90,0.011474866133715884,0.013852256242420199,4.731897999137935,113.51080142550586
91,-0.002627953229225373,0.016004830334394225,4.72927004590871,113.21289196586136
92,0.022339871636006235,0.013967050122571531,4.751609917544716,115.7705155628239
93,-0.01077722756562463,0.011830142951667956,4.740832689979092,114.52952957694716
94,0.006762686872698208,0.012253557512429116,4.747595376851789,115.30668177980355
95,0.01086115408192989,0.013118983018354687,4.75845653093372,116.56587116395279
96,0.00413989133816449,0.013974450786904158,4.762596422271884,117.04944147794015
97,0.003112716444256723,0.00891394849235605,4.765709138716141,117.41435083426266
98,0.0008633174525062314,0.009794304039847525,4.766572456168647,117.51576046056412
99,0.0016358045094470486,0.009535645234997187,4.768208260678094,117.70815058487237
100,0.007782640954364848,0.00988053204720698,4.775990901632459,118.62780488597846
101,-0.007931813659063957,0.010842685202091891,4.768059087973395,117.69059305126946
102,-0.003258336236605132,0.011657391200139118,4.764800751736789,117.30774159532893
103,0.006892493470632792,0.010051083860377088,4.771693245207422,118.11907728934442
104,0.009883221352255151,0.008718393531492145,4.781576466559677,119.29226214942882
105,-0.011131242627720271,0.01108451265485316,4.770445223931958,117.97175411819708
106,-0.0073269899028775105,0.010913012186224168,4.76311823402908,117.11053519099916
107,0.008166737569639265,0.010200208846533622,4.771284971598719,118.07086223054058
108,0.000649780980664262,0.009495307068083474,4.771934752579384,118.14760736225185
109,-0.013764947856612716,0.012035402472495455,4.758169804722771,116.53245346448209
110,0.009116970080616457,0.011504019534342297,4.767286774803387,117.5997341465505
111,0.0019973664001196414,0.012784871920733062,4.7692841412035065,117.83485864091169
112,-0.005160220509035246,0.01386595617166866,4.764123920694471,117.22837093760548
113,-0.0004930878456336783,0.013831404581070688,4.763630832848838,117.17058130158718
114,-0.005606483428851183,0.014095128626328142,4.758024349419987,116.51550443387235
115,-0.019811285621799516,0.01131912366615979,4.738213063798187,114.22989765594367
116,-0.006181957782811175,0.010357525377794823,4.732031106015376,113.52591149944452
117,-0.0011590032116349908,0.011435822466055911,4.730872102803741,113.39441082298633
118,-0.004801007029703745,0.012352699596161918,4.726071095774038,112.8513082223919
119,0.021714858879116786,0.012065041863352662,4.747785954653154,115.32865876779634
120,-0.009515118074409757,0.013267960211668813,4.738270836578744,114.23649722538988
121,0.010871195731266095,0.009942581708672363,4.749142032310011,115.48515947471951
122,-0.01489614414134802,0.009863915727866577,4.734245888168663,113.77762530489764
123,0.013987468921834254,0.01108230175007233,4.748233357090497,115.38026863515383
124,-0.014439525481168223,0.011308619098098388,4.733793831609328,113.72620300684235
125,0.004530244804032069,0.011072763580746832,4.7383240764133605,114.24257931951273
126,-0.001367333805430099,0.013453874986481224,4.736956742607931,114.08647832419422
127,-0.0014226616389585581,0.013208812677861295,4.735534080968972,113.92428726681204
128,0.009777974182437473,0.012850541630142926,4.74531205515141,115.04369988149053
129,-0.02186428751405215,0.013443686869916647,4.723447767637357,112.55565018385278
130,0.005989840241991131,0.01329306868557669,4.7294376078793485,113.23186373056957
131,0.010374158546223443,0.012352627548193357,4.7398117664255714,114.41266334852172
132,-0.004429798509583936,0.013862075007036938,4.735381967915988,113.90695921361173
133,0.012573997617447171,0.012098390210486407,4.747955965533435,115.34826756140193
134,0.002406358871873753,0.012303285093002686,4.750362324405309,115.62617112215159
135,-0.0031550459645169233,0.012594606810286344,4.747207278440792,115.26194012247205
136,0.0061755008609222515,0.01288150161012129,4.753382779301714,115.97594272562812
137,0.007738582052003723,0.012415612654703163,4.761121361353718,116.87691369709844
138,0.0053085306744935935,0.014245209574935415,4.766429892028212,117.49900812135628
139,0.01017745958802084,0.01569464102294267,4.776607351616232,118.70095553891845
140,0.021089064676649207,0.015826612279208035,4.797696416292881,121.230830250667
141,-0.0060228438874925655,0.018322826386121826,4.791673572405389,120.50287028088303
142,0.01136493229511363,0.01636342784649182,4.803038504700503,121.88018898520187
143,0.0005938531314238805,0.015600100842943401,4.803632357831926,121.95258941257174
144,0.021453782407471953,0.016709954603242396,4.8250861402393985,124.59720075364551
145,0.0029437659631644164,0.01866983743549296,4.828029906202563,124.96452614706219
146,-0.007265743489524026,0.01794217870151812,4.820764162713039,124.05985648351349
147,0.05114602650914412,0.021153108886631803,4.8719101892221826,130.57009241777058
148,0.02703238275763134,0.021931316470932695,4.8989425719798145,134.14785296094414
149,-0.026078929295863622,0.01818690590531334,4.872863642683951,130.69464429216208
150,0.0190700251576006,0.01655486292080235,4.891933667841551,133.21091082358214
151,0.006753211031920803,0.015027595026812156,4.898686878873472,134.11355666456154
152,0.014131587089556766,0.01502469392234952,4.912818465963029,136.0222487305454
153,-0.005601032928607327,0.011793231592131416,4.907217433034422,135.2625132742099
154,0.0006472828551161558,0.01250631465575992,4.907864715889538,135.3500947219191
155,0.007279226243475371,0.013398213282208218,4.915143942133013,136.33893330705908
156,0.00935604681195186,0.013778746577780982,4.924499988944965,137.62051265893714
157,0.002696114789946503,0.013478146304314343,4.927196103734912,137.99205399249698
158,0.01391447789886829,0.013840337064372613,4.9411105816337795,139.9255620597545
159,-0.030302034898860884,0.018552342304837256,4.910808546734919,135.7491295630493
160,0.01844202238198894,0.020627804805317968,4.929250569116908,138.27584531031468
161,0.004900199379812457,0.01702763841617174,4.93415076849672,138.95508737335513
162,-0.00436176628117285,0.01720699299040312,4.929789002215547,138.3503176495591
163,0.0009200455932505085,0.017062013164334984,4.930709047808798,138.47766482325727
164,0.0159124063255792,0.01704873312560001,4.946621454134377,140.6988026500692
165,-0.00018100036318105626,0.01898793502961959,4.946440453771196,140.67333842027736
166,-0.026586040250785967,0.01804304892336469,4.91985441352041,136.98266891016425
167,0.011560667695292641,0.015269415949056184,4.931415081215703,138.57546920324967
168,0.018188021593690422,0.01327258527126097,4.949603102809393,141.11894309290247
169,-0.0019717866421593002,0.010989135356455359,4.947631316167234,140.84096079691025
170,0.005324924087633629,0.012524456044280593,4.952956240254867,141.5929285303067
171,-0.014507017788838611,0.014363945082466124,4.938449222466029,139.55366497772553
172,0.0025912239768755185,0.012262935195271071,4.941040446442904,139.9157486978861
173,-0.006665360994545505,0.013476567407034398,4.934375085448359,138.9862608512084
174,-0.0027097934567365117,0.014057864354936387,4.931665291991623,138.61014661707284
175,-0.034629307842944095,0.01707420090671991,4.897035984148678,133.89233196093352
176,0.004811048976196522,0.014821834183231528,4.9018470331248745,134.53804656433985
177,0.008558847355067241,0.015462376190057813,4.910405880479942,135.6944789731444
178,0.007937062861412122,0.01595134557253041,4.918342943341354,136.77578008359214
179,-0.013367834668021071,0.015533921510195777,4.904975108673333,134.95955064273934
180,-0.002901302947987239,0.01665421440784386,4.902073805725346,134.56855956664722
181,0.011124437463469224,0.017452017735133267,4.913198243188815,136.07391669335033
182,-0.021508511612592252,0.01626652385118495,4.891689731576223,133.17841981452375
183,0.0251050042879577,0.015000961922667855,4.916794735864181,136.56418663571435
184,0.021677539766901354,0.015641297598037462,4.9384722756310815,139.55688216848102
185,0.005825077623236741,0.014105798517696201,4.944297353254319,140.37218413321597
186,-0.0009928739633285673,0.014896546368306979,4.9433044792909895,140.23288141288015
187,-0.008594557421473428,0.015329482419040443,4.9347099218695165,139.03280630550373
188,0.012334586208178804,0.014315543062656519,4.9470445080776955,140.75833842588497
189,0.002549915681179322,0.010661493830313062,4.9495944237588745,141.11771831978123
190,-0.018696880320301805,0.012325972522198603,4.930897543438573,138.50376971814993
191,0.007525760003911464,0.011508917956387366,4.938423303442484,139.55004792987253
192,-0.023857046648753787,0.011760530196888134,4.91456625679373,136.26019504927243
193,0.0075959727088667685,0.010061838156380702,4.9221622295025975,137.29916476938715
194,-0.002421971718705944,0.01040836728275598,4.919740257783891,136.96703244521757
195,-0.0115201904729258,0.008915507666789066,4.908220067310966,135.39820011712303
196,0.0019255823083477626,0.009009311459386573,4.910145649619313,135.659171676322
197,-0.005596289624162387,0.008626460172792064,4.904549359995151,134.90210402222434
198,-0.0010394461839271423,0.008210129992196622,4.903509913811224,134.76195339712964
199,-0.002868264695176449,0.007047572910838674,4.900641649116047,134.37597425374167
200,0.005908577633885176,0.007547800739704385,4.906550226749933,135.17229537561886
201,-0.002678546796140052,0.005566452335255716,4.9038716799537925,134.8107145287066
202,0.004605066576505349,0.005271646718572899,4.908476746530297,135.43295848211216
203,-0.0070001711295728155,0.005535325663696265,4.901476575400725,134.48821513658666
204,-0.001886012143276199,0.005394723369063454,4.899590563257449,134.2348077695123
205,-0.001622081133817367,0.006343586959617378,4.897968482123631,134.01724452065187
206,0.004394040480468898,0.005637195794613721,4.9023625226041005,134.60741739032872
207,0.009984145172092652,0.006823646402735063,4.912346667776193,135.95808881668066
208,-0.005483145629781316,0.006450144214083786,4.906863522146412,135.21465086803548
209,-0.004593442529986379,0.008222659406812872,4.902270079616425,134.59497445364187
210,0.004605682116918886,0.008206389027800538,4.906875761733344,135.21630584963745
211,-0.0001257182635600428,0.008981349109876165,4.906750043469784,135.1993077589686
212,-0.00955611430618539,0.011031303919708066,4.897193929163599,133.91348125747194
213,0.006441104246645567,0.013269651744595542,4.903635033410244,134.77881581358926
214,0.014150773766861786,0.013365576502562551,4.917785807177106,136.69959857382193
215,0.012505176353319998,0.011974559179817747,4.930290983530426,138.41978435796284
216,-0.0070282712927489015,0.011789585363227786,4.923262712237677,137.45034329918047
217,-0.010331782462954438,0.012819971257251919,4.912930929774722,136.03754717135715
218,-0.007994326658826397,0.011169265552648494,4.904936603115896,134.95435405005992
219,-0.0004434624623286728,0.01120763917917719,4.9044931406535675,134.89452012794072
220,-0.008311754722901455,0.012614909079981633,4.896181385930666,133.77795669204585
221,-0.009744526810519434,0.013295556514998882,4.886436859120146,132.4806847224234
222,0.011769390984708741,0.011979751945789364,4.898206250104855,134.0491133188705
223,0.00552282252842201,0.013372444925058595,4.903729072633277,134.79149090467828
224,-0.017073042162684553,0.012278384752859327,4.886656030470593,132.50972387516097
225,-0.00015043441091625135,0.016536586888492303,4.886505596059677,132.48979135221546
226,-0.004960909212027051,0.01769756781434435,4.88154468684765,131.83414916113566
227,-0.0013340366265502798,0.017112932990791658,4.880210650221099,131.65839483494395
228,0.0006246830119141909,0.01801596473336549,4.880835333233014,131.7406652913762
229,-0.005889717741894608,0.01660661966326226,4.874945615491119,130.96703043950606
230,0.011089177449079488,0.016884328028055656,4.886034792940198,132.4274294263943
231,0.022457856869792556,0.021773159702079544,4.908492649809991,135.43511232745712
232,0.019220030646891584,0.021132711829021038,4.9277126804568825,138.06335589027117
233,-0.04493212157325339,0.019749233564480398,4.8827805588836295,131.99718002136083
234,-0.019254767232053074,0.018285433275696195,4.863525791651576,129.47991746863693
235,0.015288472008520418,0.016295241582550236,4.878814263660097,131.47467712207842
236,-0.0037090864957221733,0.014497171622489393,4.875105177164374,130.98792942531853
237,0.008415702266658361,0.01897418343299481,4.883520879431033,132.094936427003
238,-0.008328143067536703,0.01828860241178921,4.875192736363496,130.99939912564514
239,0.0049335603164632575,0.01882749590918159,4.8801262966799595,131.64728945151464
240,0.016031921761253967,0.018593628498238812,4.896158218441213,133.77485742854634
241,0.012921521155641377,0.015822435630156652,4.909079739596854,135.51464824376487
242,0.0014669248201411964,0.017598220319636253,4.910546664416996,135.71358392093407
243,0.005313037195137735,0.01723041044770648,4.915859701612134,136.43655412329144
244,-0.0011533125703742503,0.015718027583639365,4.9147063890417595,136.279290834658
245,-0.0020303445972899466,0.014610310097050962,4.91267604444447,136.00287761478802
246,-0.01614929548416584,0.01570639521034767,4.896526748960303,133.8241666316107
247,0.002612489454361604,0.013861287115801185,4.899139238414665,134.17423793536318
248,0.001385972661835667,0.013499358052965971,4.9005252110765,134.36032868962442
249,0.0007517324355859606,0.012063386367077997,4.901276943512086,134.46136967989307
250,0.014170166222883173,0.012136538787054046,4.91544710973497,136.3802731206526
251,0.0005397250565791499,0.012229103770188302,4.915986834791549,136.45390083885377
252,0.006741174645138344,0.011429437853322946,4.922728009436687,137.37686786113323
253,-0.018247295375619244,0.010601152179579996,4.9044807140610684,134.8928438591239
254,0.002198614800321372,0.010277369350616168,4.906679328861389,135.18974753089307
255,-0.0027735016757365135,0.009486880532702576,4.903905827185653,134.81531802003073
256,-0.007492782023806304,0.008807258672985247,4.896413045161847,133.80895118058305
257,0.008859055155708909,0.010442125635359057,4.905272100317555,134.9996384541661
258,-0.012122663106232197,0.010059955424037923,4.893149437211323,133.37296305779157
259,-0.010894278675481267,0.012250741690690908,4.882255158535842,131.92784687249585
260,-0.017814299436071962,0.011243043381783481,4.86444085909977,129.59845455274942
261,-0.017674861240540136,0.011521241876699327,4.84676599785923,127.3279444359462
262,0.015965611611708456,0.010547645596164022,4.862731609470939,129.37712764775762
263,0.01750649393332633,0.010865898396866478,4.880238103404265,131.66200932658708
264,-0.012321800904508837,0.011531687882896154,4.867916302499756,130.04965024466298
265,0.010298520142391705,0.01685334050203585,4.878214822642148,131.39588942443797
266,0.02347046035490681,0.015965233459776254,4.901685282997055,134.516286777983
267,0.009381953602893865,0.015549885155526662,4.911067236599949,135.78425102964175
268,0.006905971685894592,0.015650099335525483,4.917973208285843,136.7252186306971
269,-0.003616102678468167,0.011660225247344478,4.914357105607374,136.2316990479149
270,0.0035862008411094905,0.011852484825649434,4.917943306448484,136.72113035657046
271,-0.010710431788292372,0.01210360372020562,4.907232874660192,135.26460196344695
272,0.010562537568169451,0.01245402977716757,4.917795412228362,136.70091158677863
273,-0.004179992380900687,0.0169705401250748,4.913615419847461,136.13069539779693
274,0.01102745658799554,0.01849408898157691,4.924642876435456,137.64017831358564
275,-0.006871119914631131,0.01439631902791164,4.917771756520825,136.6976778682422
276,0.004956489822991317,0.014424321483613712,4.922728246343816,137.3769004066964
277,0.004566751153355654,0.015511790482110654,4.927294997497172,138.00570122068004
278,-0.0015366303698883452,0.015412359886755322,4.925758367127283,137.79380031734394
279,0.014991891232853055,0.014300743904125906,4.940750258360136,139.87515270554394
280,0.013825056765713441,0.014758894429384375,4.95457531512585,141.8223637690936
281,-0.014446244294054634,0.010242509082731064,4.940129070831795,139.78829098665983
282,0.002909131229748012,0.010469617643980892,4.943038202061543,140.19554556080448
283,0.0006363627341686414,0.011475224873729241,4.943674564795712,140.28478917413912
284,0.022179748124627294,0.013532111725217488,4.96585431292034,143.43103293124665
285,-0.009280143387131503,0.0159345568639081,4.956574169533208,142.10612953472076
286,0.0014152194803828207,0.015179255586376093,4.957989389013591,142.30738327303555
287,-0.016442558278518895,0.0151008564429435,4.941546830735072,139.9866177772335
288,-0.012501227269104938,0.01450046322028599,4.929045603465966,138.24750641602031
289,0.023984224448490604,0.011696692244979157,4.953029827914458,141.60334840591426
290,0.004726345284185585,0.011193518222773008,4.957756173198643,142.2741988103936
291,-0.02694689399720234,0.01291902255310344,4.930809279201441,138.49154532807194
292,-0.015045538581316013,0.01389334729998856,4.9157637406201244,136.42346216438014
293,0.0019601458274038793,0.013106481317230695,4.917723886447528,136.69113429700508
294,-0.008018876925230274,0.013283878150136066,4.909705009522298,135.5994079738624
295,-0.01425489410307576,0.014238937441277001,4.895450115419222,133.68016457783827
296,-0.018146310035893218,0.01578770358197831,4.877303805383329,131.27624001105005
297,0.00940381569684428,0.012327775600765556,4.886707621080173,132.51656030893744
298,0.009048819266597863,0.01305814488124702,4.895756440346771,133.7211204171443
299,0.008235834366902438,0.011285831398065467,4.903992274713674,134.8269729747766
300,0.0005733276927517171,0.011395850526312876,4.904565602406425,134.90429517547432
301,0.027364069015493202,0.013050548065628094,4.931929671421918,138.64679713327646
302,-0.01755876636583333,0.013760563372080056,4.914370905056085,136.23357898322973
303,0.00017539881935020872,0.014223215316763908,4.914546303875436,136.25747628785751
304,-0.027324753202413368,0.013341377770201428,4.887221550673022,132.58468199419835
305,-0.022199921703210612,0.014329897459588157,4.865021628969812,129.6737432909568
306,-0.026256995743165985,0.013543714397886684,4.838764633226646,126.31321215981576
307,-0.022045516127965577,0.012689111507233666,4.81671911709868,123.5590422961194
308,-0.009719258116167393,0.013957647875426653,4.806999858982513,122.36395714965495
309,0.016164037244671525,0.01603824663671151,4.823163896227184,124.35792457783381
310,0.01007097103266091,0.016462591541061108,4.833234867259845,125.61665732562025
311,-0.0012806429680672054,0.012858638634949906,4.831954224291778,125.45589020135975
312,-0.008590111830703856,0.015672589407117448,4.823364112461074,124.38282554585298
313,0.005938201232514289,0.0156377789085161,4.829302313693589,125.12363314924849
314,-0.017452732212174058,0.017746503885934555,4.811849581481415,122.95882970316138
315,-0.00786074740543964,0.013320514435592734,4.803988834075975,121.99607036310007
316,-0.014038342854302832,0.014052323609601191,4.7899504912216715,120.29541283685576
317,-0.002138746791939013,0.012776957710417041,4.787811744429733,120.03840634244108
318,0.00828716012388606,0.012627946585595013,4.796098904553618,121.0373171870309
319,-0.004323301158277956,0.013468510307723489,4.791775603395341,120.51516593528808
320,0.005297407780597034,0.014733977532838238,4.797073011175938,121.15527788307055
321,0.015717011064960644,0.014406224909207963,4.812790022240899,123.07451958956838
322,-0.0024486197589490702,0.012508564530498992,4.810341402481949,122.77352554944528
323,-0.00403043562489958,0.01045838707954326,4.80631096685705,122.27969061174386
324,-0.007859999703043123,0.011335326007025484,4.7984509671540065,121.32233959791425
325,0.006075471224998536,0.011667249130501945,4.804526438379005,122.06167360819344
326,-0.005816658632019049,0.011065048869411368,4.798709779746987,121.35374341088783
327,-0.010601710443522214,0.011623257118438719,4.788108069303464,120.07398197875604
328,0.009199897202891468,0.010959337039090935,4.797307966506356,121.18374730580781
329,0.009647582013280382,0.011672712725457283,4.806955548519636,122.3585352661982
330,-0.0025844707203157547,0.014005727494661441,4.8043710777993205,122.04271150884391
331,-0.00124530849514916,0.011349794437119707,4.803125769304171,121.8908252756678
332,-0.012581729469764784,0.012990056042440077,4.790544039834407,120.36683520649083
333,-0.011909641710745133,0.01470530587973735,4.778634398123661,118.94181192735101
334,0.012096846436858604,0.015352178785708943,4.7907312445605195,120.38937055620492
335,-0.011622036704137853,0.017743186459717276,4.779109207856382,118.99830006677948
336,-0.0015492471514225888,0.017122771436572242,4.777559960704959,118.81408502353794
337,-0.008429969873109889,0.01885333068681032,4.769129990831849,117.81669575360185
338,-0.01348195879200428,0.016575409431599002,4.755648032039845,116.23895532998789
339,-0.011022382596245148,0.017681761251752855,4.7446256494436,114.96476032462493
340,0.02592523822820669,0.017528022129859273,4.770550887671806,117.98422011352395
341,-0.02485286658306247,0.017276228325760017,4.745698021088744,115.08811140106525
342,-0.011703908960778137,0.017118430897933037,4.733994112127966,113.74898243082448
343,-0.001976520514981922,0.018868927032090282,4.732017591612984,113.5243772749617
344,-0.00015002105486127624,0.020344205637134825,4.731867570558123,113.50734750557434
345,0.008742201691870222,0.01735608561470779,4.740609772249993,114.50400175970634
346,-0.02549874477366496,0.018567537664320958,4.715111027476328,111.62120350628062
347,-0.010614094011777422,0.016149734277275164,4.704496933464551,110.44271093797458
348,-0.03147637548133555,0.016138624629445215,4.673020557983215,107.02051638345388
349,0.0262630002519711,0.014790688742363011,4.699283558235186,109.86842991644438
350,0.0029765261679030076,0.012686415303611137,4.702260084403089,110.19594335747473
351,0.006656565725498018,0.015247577245584584,4.708916650128587,110.93191670703234
352,0.007462728912503381,0.01619313680564369,4.716379379041091,111.76286825577031
353,0.0049910019973302125,0.015327759745125558,4.721370381038421,112.32207128536447
354,0.028732663072406708,0.01650913876669236,4.750103044110827,115.59619542067553
355,0.0017154705489398848,0.015151031678927783,4.751818514659767,115.79466747730059
356,0.030954436056905295,0.01601204272838508,4.782772950716673,119.43507887307865
357,-0.008207344113919882,0.01255553556992332,4.774565606602753,118.45884570223488
358,0.006123062713575223,0.012475989756993837,4.780688669316328,119.18640180615326
359,-0.008187760928954863,0.011702038336897055,4.772500908387373,118.21451625500198
360,-0.0046197048281413945,0.013428952902763308,4.767881203559232,117.66965959099538
361,-0.019798618531238456,0.014835567709921655,4.748082585027993,115.36287382543813
362,-0.013649282623532833,0.01465261844620214,4.734433302404461,113.798950849888
363,-0.008536196186636149,0.012501670082129272,4.7258971062178246,112.8316749813952
364,-0.003234765552403385,0.011371802900214362,4.722662340665421,112.4672806488056
365,0.006419202585543993,0.011190967956315299,4.729081543250965,113.1915530461195
366,0.009812183732985476,0.010586670085509894,4.73889372698395,114.30767620948768
367,0.009272093966757447,0.010456979792072474,4.748165820950708,115.37247656032866
368,-0.00034615871467615924,0.01112851909895695,4.747819662236032,115.33254628363896
369,-0.005809786123823373,0.00928676947272557,4.742009876112208,114.66443153777772
370,0.012900103616615026,0.009751783461313066,4.754909979728823,116.153196551501
371,0.010003380501760183,0.010367655199399714,4.764913360230583,117.3209521872188
372,0.0035420190909968645,0.010162967917554203,4.768455379321581,117.73724205774687
373,0.0008172433473501482,0.007435706988917243,4.769272622668931,117.83350136383513
374,0.0007415853640645006,0.00815157513391574,4.770014208032995,117.92091737305333
375,0.0006103643808403518,0.009304453572826206,4.770624572413835,117.99291407064854
376,0.024045586378848297,0.010247280126496863,4.794670158792684,120.86450911198368
377,0.00958312745938832,0.01055716537518725,4.804253286252072,122.0283367556537
378,-0.0066188684763397055,0.009138301952324587,4.797634417775733,121.22331435194846
379,0.008110877536423634,0.009902318320391797,4.805745295312156,122.21054003034834
380,-0.004590541864362736,0.010517811592932923,4.801154753447793,121.65081313786914
381,-0.0040557724821656555,0.01107484931197264,4.797098980965628,121.15842430101277
382,0.008941669664309525,0.011235464684347773,4.806040650629937,122.24664089426382
383,-0.006375319889295468,0.010792954847520167,4.799665330740641,121.46975852133727
384,-0.0023456734031732777,0.010720429615912507,4.797319657337468,121.18516405281255
385,0.007587207915444946,0.0113070536943882,4.804906865252914,122.10811798289224
386,-0.0051839939511682575,0.013503068450677084,4.7997228713017455,121.47674816049174
387,-0.018490884633860644,0.010601276778427933,4.781231986667884,119.25117544105056
388,0.004636743015207419,0.010732892176838276,4.7858687296830915,119.80539639294541
389,-0.0029906254597812736,0.012688456296235695,4.78287810422331,119.44763855077315
390,0.015544142070408487,0.013412778614171228,4.798422246293719,121.3188551659871
391,0.007637238200255058,0.009461745066051247,4.806059484493974,122.24894329255888
392,0.002741397340613254,0.010596997857483949,4.808800881834587,122.58453600690903
393,0.013503142656115822,0.009725596069172166,4.822304024490704,124.25103867395161
394,-0.0030706349263238952,0.008535174451078159,4.8192333895643795,123.87009426489169
395,0.006001453503632771,0.0084597357313201,4.825234843068012,124.61573008748292
396,0.004902090642328874,0.008643457006155077,4.830136933710341,125.22810743014196
397,0.017068134397089808,0.012554962733089595,4.847205068107431,127.38386262322037
398,0.025648514822056472,0.015314476820312086,4.872853582929487,130.69332954274375
399,0.004139831808345171,0.017425956531584307,4.876993414737832,131.23549941725128
400,-0.02597663485571206,0.017607240746276766,4.85101677988212,127.87033975859124
401,-0.012720340309264519,0.01439574361303659,4.838296439572856,126.25408695759504
402,-0.005983019826692885,0.014129935070929342,4.832313419746163,125.50096148106078
403,0.016234921614960856,0.017131330692901854,4.8485483413611234,127.55508893495018
404,0.022944806934187066,0.01875744471003486,4.871493148295311,130.5156506984086
405,0.019770762165349197,0.018289911407824416,4.89126391046066,133.12172170371255
406,0.016660197886813805,0.018117307028101104,4.907924108347474,135.3581337354525
407,0.0015200653682690502,0.016102636068482324,4.909444173715743,135.5640434052885
408,0.02078894252698544,0.013175495733015049,4.930233116242729,138.4117746122317
409,-0.014905357041642796,0.0110894709023917,4.9153277592010856,136.3639970335435
410,0.008055207356795503,0.01087271654919734,4.923382966557881,137.46687329065722
411,-0.0029434046247609398,0.012052262616783733,4.9204395619331205,137.0628475573622
412,0.006281607176411695,0.011869398254641278,4.926721169109531,137.9265323485089
413,-0.007795230117288774,0.01349476220830813,4.918925938992243,136.85554301699023
414,0.01158873120803684,0.01468474745178,4.93051467020028,138.45075048179314
415,0.01171950321070228,0.013778451724202188,4.9422341734109825,140.08286962890142
416,-0.027467331617284898,0.012490973365887136,4.914766841793697,136.28752954184483
417,-0.0029457900016309655,0.008080830803647339,4.911821051792066,135.8866458494549
418,0.006142023248686269,0.007717501074863931,4.917963075040753,136.72383316756634
419,0.0026852173735382027,0.009585538069941996,4.920648292414291,137.09145973749662
420,0.0007584156971517474,0.009528328744486515,4.9214067081114425,137.19547148959413
421,-0.0007496034609403782,0.00941605093281265,4.920657104650502,137.0926678251453
422,0.011282839567465135,0.008329937380165017,4.931939944217967,138.64822143086195
423,-0.014747882689328189,0.009731366076471177,4.917192061528639,136.61845787287433
424,-0.000059995252152865466,0.010469563576781105,4.917132066276486,136.6102616599149
425,-0.002785322404055774,0.011803072743418318,4.91434674387243,136.2302874584717
426,-0.008592434740802535,0.011799439681210819,4.905754309131628,135.06475216766688
427,-0.009586681515619845,0.013565916174998199,4.896167627616008,133.7761161454848
428,-0.006156346133724527,0.015341724133129012,4.890011281482283,132.95507397313358
429,-0.0076616432255686975,0.012381259869505966,4.882349638256715,131.94031196748375
430,0.008330700999885357,0.013487510301845106,4.8906803392566,133.0440583635399
431,0.004754201967377643,0.013049420464146361,4.8954345412239775,133.67808263306716
432,-0.0011025820715210685,0.011946422881152281,4.894331959152456,133.5307728013139
433,0.012244973891790988,0.013023236938710329,4.9065769330442475,135.17590537492697
434,0.005005582543581757,0.010784737299881534,4.911582515587829,135.8542358303826
435,-0.0007887950754513662,0.009505039492496434,4.910793720512378,135.74711693116456
436,-0.0016155115051802646,0.010039708526902988,4.909178209007198,135.5279929482822
437,0.005972155363391459,0.009548830627598745,4.915150364370589,136.33980891089135
438,-0.0025635361968869277,0.009662815863952519,4.912586828173702,135.99074448647784
439,0.019387860543805785,0.012934235681516004,4.931974688717508,138.65303877761554
440,-0.022578468667047775,0.01397695123845805,4.909396220050461,135.55754276839266
441,0.0027945082656811795,0.012550088392684802,4.9121907283161415,135.9368892386893
442,-0.002644634046575381,0.014282465866678851,4.909546094269566,135.57786087180085
443,0.023968203111522753,0.014133085372698678,4.933514297381089,138.86667461294076
444,0.0172789381078183,0.016133321122438583,4.9507932354889075,141.2869933399856
445,0.005191440635746738,0.01573955069674205,4.955984676124654,142.02238359431004
446,-0.010260345802019365,0.011598050339817834,4.945724330322634,140.57263500638888
447,0.004170212564826213,0.01014390878361241,4.949894542887461,141.16007680240895
448,0.008793868718332612,0.01018097770331016,4.958688411605793,142.40689412509553
449,0.009869403700637769,0.014097850429582295,4.968557815306431,143.81932370703626
450,0.0012259532111052137,0.013655308562316783,4.969783768517536,143.99574759037054
451,0.010508880710533311,0.014642792128793396,4.98029264922807,145.51696084918532
452,-0.011427514437122237,0.01728513546344581,4.968865134790947,143.8635289796843
453,-0.001325085413155142,0.01592810147475469,4.967540049377792,143.67302376166595
454,-0.019364904708944718,0.015936697975969832,4.948175144668848,140.91757495617975
455,-0.006808160179745404,0.01763632052024243,4.941366984489102,139.96144397331523
456,-0.05241430740698993,0.018879370959301565,4.888952677082112,132.8144016181245
457,-0.022656298377034863,0.016846679316779273,4.866296378705077,129.83915026473716
458,0.01715617912018509,0.01646900364424518,4.8834525578252626,132.0859117971243
459,-0.018232363179176484,0.0182479887275353,4.865220194646086,129.69949460206698
460,0.007419949528812683,0.018368926806568996,4.872640144174898,130.66543749798063
461,-0.013823187584494523,0.0158714147583863,4.858816956590404,128.8716511304031
462,-0.003080739490885089,0.014905445372581089,4.855736217099519,128.47524207555006
463,0.007849405588277328,0.013338645415271197,4.863585622687796,129.4876646180264
464,-0.0318922140986426,0.01205016887513369,4.831693408589154,125.42317360189551
465,-0.000988769337418868,0.014538251341515013,4.830704639251735,125.29922030434484
466,0.003704262781330556,0.01724500034747042,4.834408902033066,125.76422225564606
467,-0.01766123885348974,0.016409040629869108,4.816747663179576,123.56256947287946
468,0.033879921588236536,0.017799379008415776,4.850627584767812,127.82058293027761
469,0.01974482903926381,0.023509144507471515,4.870372413807076,130.36945924362104
470,0.035497760405296126,0.020247968823004007,4.905870174212372,135.08040236272052
471,0.0002746832924352845,0.017252296278851675,4.906144857504808,135.11751178882145
472,0.006339746704261747,0.01778861051339227,4.9124846042090695,135.97684368393277
473,-0.03199983720190474,0.02282361009125254,4.8804847670071645,131.69448955785333
474,0.0008179362012023498,0.019026374518206223,4.881302703208367,131.8022513134742
475,0.0015682858861229135,0.018078712656313455,4.8828709890944895,132.00911709391096
476,0.007414712937927877,0.019582196315692274,4.8902857020324175,132.99156458433424
477,0.001566838141559812,0.022351516927119543,4.891852540173978,133.2001041714569
478,-0.005898922781356154,0.022916687503809235,4.885953617392621,132.41667999359782
479,0.0028887640240815235,0.02269638707514396,4.888842381416703,132.79975357314493
480,-0.0007466022620700424,0.01959992601156309,4.888095779154633,132.70064197979863
481,0.018996753614227768,0.02111092515125834,4.907092532768861,135.24562000539032
482,-0.003480560677631518,0.01982558066176848,4.903611972091229,134.77570767216034
483,-0.0032126925275023474,0.01999797996021899,4.900399279563727,134.34340955552426
484,0.001015994667991972,0.022218368628628127,4.901415274231718,134.47997110446815
485,-0.007488408521559758,0.026135730368548077,4.893926865710159,133.47669131567437
486,-0.008320523239951113,0.029787518135110665,4.885606342470208,132.37070298511992
487,0.00504317835215601,0.021076188112412256,4.890649520822364,133.03995821715702
488,0.018500116183839455,0.022827743875857898,4.9091496370062035,135.52412069765214
489,0.003789439106255019,0.02270166359022291,4.912939076112458,136.03865538367512
490,0.03063611613220959,0.025813792998097263,4.943575192244667,140.27084940939255
491,0.02074583420794238,0.019423893189778375,4.96432102645261,143.2112805841033
492,0.02748322652160155,0.022210048708196005,4.9918042529742115,147.201773281894
493,-0.008182044950027225,0.02221498511244614,4.983622208024184,146.00227561984798
494,0.009804129079838129,0.023826641311638565,4.993426337104022,147.44074070244804
495,-0.02045690763709857,0.021130116897066994,4.972969429466924,144.45520066264152
496,0.03598977998141073,0.018914779772003513,5.008959209448335,149.7487978796283
497,-0.005670919753194966,0.015756386941659862,5.00328828969514,148.9019878290396
498,0.00021491906253974212,0.018279761635742086,5.00350320875768,148.93399314382702
499,-0.0029838907647359025,0.02003084600810133,5.000519317992944,148.49025274281283
500,-0.013979507684367856,0.019129059355036806,4.986539810308576,146.42887421262242
501,0.014519816649925814,0.016368620374391657,5.001059626958502,148.5705050362322
502,0.02324081972249212,0.014060929154104677,5.024300446680994,152.06384213041883
503,-0.02645160352536947,0.01612437446808832,4.997848843155625,148.0942422626309
504,0.006012691519727843,0.014989219978304746,5.0038615346753526,148.98736961610854
505,0.004295961916722085,0.012615922151738658,5.008157496592074,149.62879045533384
506,-0.009539486597938483,0.013088679260765198,4.998618009994136,148.20819526156967
507,-0.00949155090302454,0.016151593606939237,4.9891264590911115,146.80812456410666
508,0.0015103836017603947,0.017699489655008255,4.990636842692871,147.03002868604182
509,-0.012049825922067062,0.01932776714400962,4.978587016770804,145.26897394505457
510,-0.00978448614516,0.020873109309141123,4.968802530625645,143.85452280545002
511,0.016967797620726754,0.019068677050470745,4.985770328246371,146.31624315987168
512,0.009707067280816769,0.015761283034657285,4.995477395527188,147.74346061757495
513,0.0041579918766946845,0.01821619243813863,4.999635387403883,148.3590556593361
514,0.0024781213780208,0.021124142474246876,5.002113508781903,148.72716332614598
515,0.026980269883630847,0.024626777498406877,5.029093778665534,152.79448431493324
516,0.001572071195434347,0.02627440468652518,5.030665849860969,153.0348770302687
517,-0.00010070408314971849,0.02465824688214854,5.030565145777819,153.01946656924864
518,-0.041969133555385695,0.026877501700477327,4.988596012222433,146.73027130446945
519,-0.021640228861863602,0.026937586575022203,4.96695578336057,143.58910501411387
520,-0.03125909976594876,0.02724121570400917,4.935696683594621,139.17006626760087
521,-0.019446951733523087,0.021385139579266684,4.916249731861098,136.4897788854228
522,-0.01542825444486725,0.018116017542083977,4.900821477416231,134.4001410296472
523,-0.0055683317977662595,0.015623685347521513,4.895253145618464,133.65383621548736
524,-0.01946319109986116,0.015775958306108763,4.875789954518603,131.07765771150923
525,-0.008943696286547911,0.013613489989713838,4.866846258232055,129.91056578843563
526,0.0051817967921440325,0.012529521766863665,4.8720280550242,130.58548307343102
527,-0.008046108706971936,0.01341264832217432,4.863981946317227,129.53899381004834
528,0.005967222096509772,0.01328952281557889,4.869949168413737,130.31429264589178
529,0.006124870522647421,0.013007588507293924,4.876074038936385,131.11490012132808
530,0.005917723072604741,0.014862909729923853,4.881991762008989,131.89310211186
531,0.0015491128883750307,0.013537125011819936,4.883540874897364,132.0975777532641
532,-0.017592875101435458,0.0126177252940923,4.865947999795929,129.79392492143847
533,-0.003442019575940247,0.011255186172505911,4.862505980219988,129.34793967631026
534,-0.0073690001867783616,0.011926141460510862,4.85513698003321,128.39827801055867
535,0.0019347042075003684,0.010221291494442718,4.857071684240711,128.64693115684497
536,-0.011330085924204494,0.010688485068187318,4.845741598316506,127.19757653370031
537,-0.01413938601563045,0.011203990718979538,4.831602212300876,125.41173599554048
538,0.002281365100266638,0.01043422110254366,4.833883577401142,125.69817256216487
539,0.005205705700013844,0.009656871795307565,4.839089283101156,126.35422638556388
540,0.009142510823933962,0.009726978810827866,4.84823179392509,127.51471808857589
541,-0.003592441210382023,0.01305375898634789,4.844639352714708,127.05745080507782
542,0.0022142327514596827,0.015162704921238298,4.846853585466168,127.33909727431376
543,0.003194199598888755,0.013942552736473131,4.8500477850650565,127.74649407471232
544,-0.009143675530298398,0.013427474604953634,4.840904109534758,126.58374558136222
545,0.013528397920669297,0.01933858271257821,4.854432507455428,128.30785679803765
546,-0.004682052448186692,0.018728332131108364,4.849750455007241,127.70851684840858
547,-0.005791419846096651,0.01859132302400788,4.843959035161144,126.97104078744272
548,0.004826108867280043,0.01937137318084347,4.848785144028424,127.58529789687796
549,-0.014095813961013056,0.014387954012960752,4.834689330067411,125.79949501478823
550,-0.01834121103501247,0.015926842337197523,4.816348119032399,123.51321063261092
551,-0.0028545823081891158,0.015926436636378393,4.813493536724209,123.1611347605674
552,0.013181599117635093,0.020428243718285596,4.826675135841844,124.7953425392423
553,-0.002268948362033771,0.017723357740664095,4.824406187479811,124.51250933949956
554,-0.005457884745121037,0.016135283038572656,4.8189483027346895,123.83478556568602
555,0.004688169433659955,0.014959523168102342,4.82363647216835,124.4167070295749
556,0.023902589914568704,0.012496823782081647,4.847539062082919,127.42641517166275
557,0.00008367882810601188,0.011349842553398416,4.847622740911024,127.43707851089569
558,-0.010237994585054646,0.011990974648420298,4.83738474632597,126.13903441340699
559,-0.008255488716099537,0.012651831405712946,4.82912925760987,125.10198161683381
560,0.005024685204091189,0.011999910167846467,4.834153942813962,125.73216159500271
561,-0.011852968534245433,0.015629072862225354,4.822300974279716,124.2506596826462
562,0.012741366840282311,0.017540919204013482,4.8350423411199985,125.8439114662263
563,0.013712836810377623,0.02193986036769496,4.848755177930376,127.58147472061479
564,0.02520596267381403,0.022923335378725266,4.87396114060419,130.83816013222167
565,0.0016455260761703194,0.023444012977712227,4.87560666668036,131.05363497259054
566,-0.020375008237103465,0.02333645206894808,4.855231658443257,128.4104351308728
567,0.02156933064170608,0.018249855988443534,4.876800989084963,131.2102487701103
568,0.0068101740316998055,0.01980879304335798,4.8836111631166625,132.10686298309528
569,-0.022811070578922475,0.01835543748102056,4.86080009253774,129.12747471698523
570,0.02046885205297875,0.018335954844027547,4.881268944590719,131.79780192676995
571,0.017386079101347537,0.022974758689467408,4.898655023692067,134.10928452093037
572,-0.011799257039094008,0.0221994662993281,4.886855766652973,132.53619350491945
573,0.01197924768838993,0.019937216399692106,4.898835014341363,134.13342511060296
574,-0.012784925468948995,0.01913053310082201,4.886050088872413,132.42945504287002
575,-0.008501560107957542,0.017240915850480175,4.877548528764456,131.30837030772423
576,-0.0011563691152316864,0.01754701193894824,4.876392159649225,131.15661712198778
577,-0.026109249703175734,0.011134474538811542,4.850282909946048,127.77653398535556
578,0.016325714376896838,0.01004752086972203,4.866608624322946,129.87969830057887
579,-0.006205344038900238,0.00834434212754102,4.860403280284046,129.07624551758812
580,0.010871969618096005,0.007676465392261459,4.8712752499021414,130.48721464603548
581,0.010413411131324036,0.008227082224176742,4.881688661033465,131.8531312418558
582,-0.004714226594059563,0.009496705173089409,4.876974434439406,131.23300855194697
583,-0.00046906067935034474,0.010125500736883392,4.876505373760056,131.17146674235227
584,-0.005034587922378348,0.011269612711826926,4.871470785837677,130.51273208033314
585,-0.005986485920434929,0.01431482244856392,4.865484299917242,129.7337534460291
586,0.00019100193124787335,0.01413402550788426,4.86567530184849,129.75853521009245
587,-0.004438885392882394,0.014062344305365864,4.861236416455608,129.1838284159974
588,-0.00670046639417486,0.017549697505549796,4.8545359500614325,128.32112998361032
589,-0.01220437107811753,0.014782130905851464,4.842331578983315,126.76456904014016
590,-0.00033926166140431976,0.014329033888207525,4.84199231732191,126.7215699762197
591,-0.011291000318954135,0.014363222398163188,4.830701317002957,125.29880402985475
592,-0.007903533963020714,0.015957965940228462,4.822797783039936,124.31240383508757
593,-0.0006383195395121817,0.010708635370587853,4.822159463500424,124.23307811898671
594,0.009905514705936943,0.008952208595092341,4.832064978206361,125.46978570178344
595,0.013592949192986072,0.008973846841273524,4.845657927399347,127.18693424104272
596,-0.0036560165896561136,0.009925112042765753,4.842001910809691,126.72278568388418
597,-0.0010960414950228713,0.0070416388177746555,4.840905869314668,126.58396834109055
598,-0.005935103293109777,0.00766366377229043,4.834970766021558,125.83490449821618
599,0.01482535716527903,0.01086865253106304,4.849796123186837,127.71434919706734
600,0.00536831227662225,0.01108804998648598,4.855164435463459,128.4018032889185
601,0.008816530590572575,0.013641444054927085,4.863980966054032,129.53886682780262
602,-0.020471929594572086,0.013406570512233866,4.8435090364594595,126.91391683775238
603,-0.00850229760656179,0.011653274472971816,4.835006738852898,125.83943121743127
604,-0.005131115990168174,0.011897834156603164,4.82987562286273,125.19538824237021
605,0.00441733119962141,0.013287507303467819,4.834292954062351,125.74964099463719
606,-0.010717179678916234,0.013765319314184468,4.823575774383435,124.40915544023639
607,0.011278920129257686,0.012027620221794192,4.834854694512693,125.82029949861166
608,0.007746432710248595,0.0113487178182024,4.842601127222942,126.79874281210506
609,0.01220500384881145,0.012594275931022638,4.8548061310717525,128.35580460015524
610,0.01255868076836755,0.012867095434978514,4.867364811840121,129.9779488504061
611,-0.004073960511935908,0.01234539699416086,4.863290851328184,129.44950098812282
612,-0.01458483381029011,0.01459918676381378,4.848706017517895,127.57520291685606
613,-0.00838981702844249,0.015712164173155154,4.840316200489451,126.50934772407562
614,0.0119375331032311,0.01591160296956721,4.852253733592683,128.02860731446694
615,-0.02717931004534761,0.016318981318606148,4.825074423547335,124.59574089516465
616,0.013365789550908076,0.015872401562811726,4.838440213098243,126.27224025772219
617,0.0026638798360970233,0.0159820785068105,4.841104092934341,126.60906276055888
618,-0.013568265945923745,0.016109619323122038,4.8275358269884165,124.90279902248761
619,-0.00711993660499264,0.01849307841210294,4.8204158903834236,124.01665739124509
620,-0.012450328683499821,0.01736888854986474,4.807965561699924,122.4821814311547
621,0.011366614182806144,0.014159754522919921,4.81933217588273,123.88233153988556
622,-0.01814924466501873,0.014490710040200333,4.801182931217712,121.65424103478712
623,-0.009863052775496036,0.015124547248658875,4.7913198784422155,120.46025667965058
624,-0.015588031107950455,0.0155598488863131,4.775731847334265,118.59707782339818
625,-0.02518779716496597,0.017372041644189328,4.7505440501692995,115.64718528578571
626,-0.0035797175457458826,0.017065185257192184,4.746964332623553,115.23394111749074
627,-0.0023382151170937733,0.018136597439117667,4.744626117506459,114.9648141353719
628,-0.006705887167242504,0.017165493762075216,4.737920230339217,114.19645221710603
629,-0.004980749613811513,0.013934471761268328,4.732939480725405,113.62908241821609
630,0.020677743930972214,0.015868376365325673,4.753617224656377,116.00313593418899
631,0.010577955914044599,0.015207542667590428,4.764195180570423,117.23672491442458
632,0.02664860444638688,0.01661313803788215,4.7908437850168095,120.40291999331541
633,-0.02285014317062747,0.01644659167367,4.767993641846181,117.6828909097852
634,0.005180530588120454,0.015727308668530976,4.773174172434302,118.29413263703798
635,0.0064398751698047365,0.015744850443756855,4.779614047604107,119.05839030525907
636,0.02063557808089721,0.016687088880297917,4.800249625685004,121.54075342609644
637,0.01958157350211225,0.016446587490737435,4.819831199187116,123.94416713774466
638,0.003007064780616013,0.01502046399040913,4.822838263967732,124.31743621838852
639,0.01619705238869921,0.017694574314405354,4.839035316356432,126.34740764327796
640,-0.005199701092876694,0.01692057625661466,4.833835615263554,125.69214395369154
641,0.018348089060112368,0.017828832469666992,4.852183704323667,128.01964187860875
642,-0.008933815935786677,0.020818299587821318,4.843249888387881,126.8810316022041
643,-0.0026949941347477286,0.0187488543423954,4.840554894253133,126.53954832062843
644,0.013164548309344484,0.018893812907658302,4.853719442562477,128.21639758191859
645,0.020001006177933312,0.01922424235178301,4.873720448740411,130.8066722411976
646,0.01616726105622957,0.017908549089284905,4.88988770979664,132.93864550559553
647,-0.01381752057293529,0.017345276920903135,4.876070189223705,131.1143953676061
648,0.0009347743877426263,0.015351844284020127,4.877004963611448,131.23701504819982
649,0.013051412368601708,0.013423257886969813,4.890056375980049,132.96106965060488
650,-0.029073093393066317,0.015148843431462944,4.860983282586983,129.1511317522378
651,0.006915884753419777,0.0165441479179617,4.867899167340402,130.04742184227422
652,0.050118465797530785,0.019971965815642853,4.918017633137933,136.731292763232
653,-0.008457662572224028,0.017018263350145595,4.909559970565709,135.57974220340168
654,0.015893145407624678,0.01673311236834164,4.925453115973334,137.75174501983062
655,-0.00846372773456967,0.017251159052130535,4.916989388238765,136.59077176627162
656,-0.022387510502130573,0.016920655633670255,4.894601877736634,133.56682010315208
657,-0.017593623622598514,0.017751319446856283,4.877008254114036,131.23744688464794
658,-0.00478305609153403,0.017025641443679598,4.872225198022502,130.61122962489162
659,-0.01185607137015372,0.016347116460670826,4.860369126652348,129.07183717031873
660,0.009827069628173759,0.018133320462421748,4.870196196280522,130.3464878840124
661,-0.016509207428370302,0.016511559926098426,4.853686988852151,128.2122365516132
662,0.012241238175181903,0.016561545199009837,4.865928227027333,129.79135856156796
663,0.00036761714995077845,0.01283030184518822,4.866295844177284,129.8390808621212
664,0.022305172866643595,0.011763506392764467,4.888601017043928,132.7677043118495
665,-0.005102986187658598,0.009299617266816987,4.883498030856269,132.09191828045243
666,0.010929397267080898,0.008831430330977497,4.8944274281233495,133.54352145531655
667,-0.00702364582351376,0.008847077923417762,4.8874037822998355,132.60884531808273
668,0.00744937599456539,0.009321524217558967,4.894853158294401,133.60038706539262
669,0.0030434389814551293,0.010810343762507852,4.897896597275857,134.00761105768447
670,0.01385375075604779,0.011828497016738741,4.911750348031904,135.87703849227967
671,-0.00445047564562908,0.01086423830128252,4.907299872386275,135.27366468778564
672,0.01565624837924051,0.011421664683557698,4.922956120765516,137.4082086554706
673,0.023588699978963904,0.01183406421427107,4.94654482074448,140.68802083699643
674,-0.0015878361079542725,0.013282288661386707,4.9449569846365256,140.46480857669548
675,0.003257398838096047,0.0116736213042351,4.948214383474621,140.9231045020192
676,0.014375503104614183,0.01106021977629129,4.962589886579235,142.96357629321545
677,0.011152110811636497,0.012679021963277737,4.973741997390872,144.56684523807678
678,-0.009419906179256721,0.012534485781086685,4.964322091211615,143.21143306968514
679,0.0024745720023851055,0.012224708176758492,4.966796663214001,143.56625891236402
680,-0.011875637874758005,0.012659074300084996,4.954921025339242,141.8714016847018
681,-0.014383559388723394,0.012948366383180065,4.940537465950519,139.8453915013456
682,-0.008105739506528013,0.010375966085593878,4.932431726443991,138.71642293059972
683,-0.011945998486193809,0.013002166798678546,4.920485727957797,137.06917535022822
684,0.009754988555867393,0.010758785035690738,4.930240716513665,138.41282658321714
685,-0.01702006723016767,0.014300628341323684,4.913220649283497,136.07696561256856
686,0.004007409543852816,0.01389226686133641,4.91722805882735,136.62337585682832
687,-0.019688740468037494,0.012796553249956159,4.897539318359312,133.95974151549538
688,-0.010373749688887157,0.014038165181140438,4.887165568670425,132.5772598459419
689,-0.003826585193772226,0.013495448864427488,4.883338983476653,132.07091107759607
690,0.006482938066499274,0.013735384789574557,4.889821921543152,132.9298999919659
691,-0.01825961409565985,0.011494369457231075,4.871562307447492,130.52467736229187
692,0.021568478313975563,0.011876440602551027,4.893130785761468,133.3704754818575
693,-0.003976965807985176,0.015442602427058213,4.889153819953482,132.84111897513816
694,0.021325119268024426,0.013984465594214958,4.910478939221507,135.70439300316437
695,0.00047741940918887503,0.014101841146727755,4.910956358630696,135.76919638226093
696,-0.01529854096614573,0.016257575319487207,4.89565781766455,133.7079331318726
697,-0.010768405863759038,0.01865875151784777,4.884889411800791,132.27583637887076
698,-0.00013493130506251992,0.01897582327987962,4.884754480495729,132.25798943172293
699,0.016555058446662694,0.017254041505261265,4.9013095389423915,134.46575257752804
700,0.01649262449506641,0.015163433753419187,4.917802163437457,136.70183448633168
701,0.01341799284258506,0.013890225105579334,4.931220156280043,138.5484600212982
702,-0.011121591648159899,0.01379631966455776,4.920098564631883,137.01611746411587
703,-0.007652621240624516,0.01465784880438355,4.912445943391258,135.97158680957077
704,-0.0257157485763457,0.015795817364627464,4.886730194814913,132.51955173638214
705,0.028485621363504677,0.020784117450459834,4.915215816178417,136.34873288990556
706,0.01079639757452198,0.018572191516763537,4.92601221375294,137.82878324855255
707,-0.008385289981070153,0.020798967028991613,4.917626923771869,136.6778810014326
708,0.006533912448441355,0.020394851689187497,4.92416083622031,137.57384620107598
709,0.002700015948601987,0.01514300592972259,4.926860852168913,137.94579969414679
710,-0.003310325465037073,0.014129090701680499,4.923550526703876,137.48990918991066
711,0.0010285688182975414,0.013180633690871371,4.924579095522173,137.63139977726283
712,0.010087901180990481,0.015334339540235851,4.9346669967031636,139.02683842725153
713,-0.0020098044922834293,0.015147125357982304,4.93265719221088,138.74770226135243
714,-0.0029576304410862987,0.014329601592807627,4.929699561769794,138.33794408883497
715,0.022214640105765782,0.013228233703242154,4.951914201875559,141.44546011175944
716,-0.02494721693791841,0.012747586058151869,4.926966984937641,137.96044104075233
717,0.022290097638258264,0.015137348770617804,4.949257082575899,141.07012153037445
718,0.002365235358748396,0.014477549049686381,4.951622317934648,141.40418047816212
719,-0.016867724729382354,0.016619311245538625,4.934754593205265,139.03901722539828
720,-0.00821811147452131,0.01810529906284348,4.926536481730745,137.90106141093707
721,0.014892496753376951,0.01708656428193533,4.941428978484121,139.97012101133512
722,0.018730666450211556,0.015436115484428392,4.960159644934333,142.61656209137675
723,0.014700322555949321,0.01442592015604647,4.974859967490282,144.72855702604784
724,0.026113007035274645,0.015376776470373481,5.000972974525557,148.55763159827242
725,0.03291704540946069,0.019239512797847903,5.033890019935018,153.52908377625803
726,0.0023269834932472377,0.016986464407001224,5.0362170034282645,153.8867594111912
727,0.029535142394721107,0.01884921982587261,5.0657521458229855,158.4996120726203
728,-0.008600287694599579,0.01680317651539853,5.057151858128386,157.14231474907342
729,0.01022796191745587,0.01343459803988141,5.067379820045842,158.75780787784822
730,-0.007546738573020302,0.012487064980209371,5.059833081472822,157.56421374174013
731,-0.018745403215439632,0.011970111748985216,5.041087678257382,154.63812010820047
732,0.021200163108490034,0.011797255537568748,5.0622878413658725,157.9514711717544
733,-0.010605232510901553,0.012253545779750746,5.0516826088549704,156.28521025390174
734,-0.00793407919408619,0.012072083346345847,5.043748529660885,155.0501370820025
735,0.007377799511863521,0.012758642158477034,5.051126329172748,156.19829614332377
736,0.005396280957962514,0.013393581496176218,5.056522610130711,157.04346436613187
737,0.0027496629405120506,0.014869355960493508,5.0592722730712225,157.47587517970155
738,0.0107134926057467,0.018104399596778536,5.069985765676969,159.172061620629
739,0.010819146752677434,0.019605590710803134,5.080804912429647,160.90351706003628
740,-0.013695235823560902,0.01865912481341188,5.067109676606086,158.71492628989066
741,-0.01416494701175403,0.020192572259377834,5.052944729594332,156.48258558856955
742,0.005915709884439842,0.017370148524554412,5.058860439478772,157.411034676967
743,-0.022380234567658974,0.019133981272490243,5.036480204911113,153.92726796518087
744,-0.006414043107145814,0.019470856979411255,5.030066161803966,152.94313135435135
745,0.009075387670431192,0.018177069185325828,5.039141549474398,154.33746706137703
746,0.03004061608256072,0.018524501484866573,5.069182165556959,159.04420231356633
747,0.0014587083938239266,0.019528126752809297,5.070640873950783,159.27637071830264
748,-0.042503388909019994,0.019225124502361766,5.028137485041762,152.6484377666567
749,-0.004282341326982904,0.020253048402778397,5.02385514371478,151.996142724956
750,0.00854891284540574,0.019825439571371877,5.0324040565601855,153.30111459966648
751,-0.0040013695941651635,0.019917364838596102,5.02840268696602,152.6889257946015
752,-0.0007439316543258652,0.016964506402074118,5.027658755311695,152.57537791060736
753,-0.0007310905163919602,0.01372877056144815,5.026927664795302,152.4638722641088
754,-0.03388501992472323,0.014006568253590115,4.993042644870579,147.38417968705247
755,-0.0016378443111070673,0.013463572030068845,4.991404800559472,147.1429849204608
756,0.015144416462214535,0.012869680027081273,5.0065492170216865,149.38833893696366
757,-0.0076361063282204475,0.011014705512360274,4.998913110693466,148.25193805758522
758,-0.012577456154049007,0.010904677272137214,4.986335654539417,146.39898296451958
759,-0.002654387625088373,0.013180010439393148,4.983681266914329,146.0108986068342
760,0.004703180193523296,0.014389829630312675,4.988384447107852,146.69923158138548
761,-0.024712242538191403,0.012145638082021138,4.963672204569661,143.11839210867151
762,-0.008034146976739341,0.01615013062540448,4.955638057592921,141.97316453484723
763,-0.0004289082626462426,0.014851869134904161,4.955209149330275,141.91228412849222
764,-0.01192921212976497,0.015532387469302328,4.9432799372005105,140.22943984704818
765,-0.014207232326762468,0.01832886069158509,4.9290727048737475,138.25125316883734
766,0.029069457723367977,0.01798954993969372,4.958142162597116,142.3291257427355
767,0.002540064613324374,0.01715478779596627,4.96068222721044,142.6911104561356
768,-0.001035140416091681,0.016056997017820582,4.959647086794349,142.54348154219545
769,0.006052449657550676,0.01435442257365876,4.9656995364519,143.4088349004156
770,0.017505130736989692,0.014447446544266121,4.983204667188889,145.94132643300333
771,0.02728285429474456,0.01568135298348597,5.0104875214836335,149.97783574578187
772,0.016125113061169562,0.015142136088078665,5.0266126345448034,152.4158490970098
773,0.0031952967773011165,0.01870115468399052,5.029807931322104,152.90364187475726
774,0.027728942668215274,0.018994849150484484,5.057536873990319,157.20282868149704
775,0.0028444312344441786,0.015127828996370319,5.060381305224763,157.65061786840255
776,0.03551025612630403,0.014372633954181256,5.095891561351068,163.34941574775138
777,-0.015562938455586147,0.015248132440805166,5.080328622895482,160.8268986465728
778,-0.025313970040601094,0.015025632610647627,5.05501465285488,156.80682799502944
779,-0.009424765254711672,0.01505278632426899,5.045589887600169,155.33590290074198
780,-0.011950935911911223,0.017844337342661894,5.033638951688258,153.49054233683597
781,0.004725775514865592,0.015995093927859937,5.038364727203123,154.21762083530712
782,-0.007350679308607639,0.01807317937975844,5.031014047894516,153.08817275170892
783,0.0001528628517556906,0.01598275655684786,5.031166910746271,153.11157603506652
784,-0.0034198721382335344,0.013646762743126118,5.027747038608037,152.58884836250922
785,-0.0016532123549573622,0.013372049586232223,5.0260938262530805,152.33679499944213
786,-0.0017221698318127616,0.012746845273426784,5.024371656421268,152.07467094267594
787,-0.0054831875679311705,0.01240168370114421,5.018888468853336,151.24309891372855
788,0.022748688017609812,0.012432984361664252,5.041637156870946,154.72311379701037
789,-0.023947207950053104,0.013536566366606401,5.017689948920893,151.06193962822877
790,0.0009059225922509913,0.012907544182597158,5.018595871513144,151.19885205883566
791,-0.007898905201030487,0.014574575935994179,5.010696966312113,150.00925111764417
792,0.0007977752364249098,0.014106349492886836,5.011494741548539,150.1289725324609
793,-0.012235985303692878,0.01843544523127223,4.999258756244846,148.30318953737097
794,-0.016592546015580648,0.018754780829201033,4.982666210229265,145.86276446310666
795,0.016422098284849335,0.019988588901312054,4.999088308514114,148.27791374941566
796,-0.014219085593233217,0.018433887961392455,4.9848692229208815,146.18445619983794
797,-0.009489828378501645,0.01783716142162619,4.975379394542379,144.80375248136434
798,-0.017813288428632855,0.017124048457213697,4.957566106113747,142.24715973787008
799,0.003923688660741441,0.017177628169863592,4.961489794774488,142.80638971024612
800,0.0009065767306311141,0.01702609537909033,4.962396371505119,142.9359133628365
801,0.027425141178930832,0.016041632683952194,4.98982151268405,146.91019954824037
802,-0.007701840622276567,0.015354049618353243,4.982119672061773,145.78306667603678
803,-0.0006328257860081472,0.013443674078055735,4.981486846275765,145.69084057688553
804,-0.010971791964208045,0.014895083031632107,4.970515054311557,144.10108814731464
805,0.0059594062875441755,0.012443893127229069,4.976474460599102,144.9624090094273
806,0.003512044070677839,0.015828550637142072,4.979986504669779,145.47241844203802
807,0.014179500658606925,0.015065760956543252,4.9941660053283865,147.54983827635272
808,-0.0052649707921208965,0.014090962597888931,4.988901034536266,146.77503413781648
809,-0.014255272237878073,0.012248164290060343,4.974645762298387,144.69755873783302
810,0.0024973675283002273,0.01287600206805004,4.977143129826687,145.05937332640315
811,0.0006951776043696,0.010384572539238177,4.977838307431057,145.16025041372694
812,-0.022726885311647294,0.011174340957114554,4.95511142211941,141.89841611442904
813,-0.004773578282612636,0.009580325818529049,4.950337843836797,141.22266707060152
814,0.0008294872496228963,0.010556885508782752,4.95116733108642,141.33985806979473
815,0.0002562025317684551,0.010228482051005138,4.951423533618188,141.37607433842365
816,0.002359409637504046,0.009203457353990911,4.953782943255693,141.7100322275379
817,-0.0029427585878060527,0.009468632090954134,4.950840184667887,141.29362680403997
818,-0.014189246284139522,0.010731743492328217,4.936650938383747,139.30293335428416
819,-0.008438939205379557,0.011950388083149473,4.928211999178367,138.13231072240478
820,0.015067698521374222,0.01127869493088845,4.943279697699741,140.22940626199346
821,-0.005197954363331842,0.012312928198789453,4.93808174333641,139.50239133995723
822,0.00339603362483515,0.012289943117935229,4.941477776961245,139.97695150674076
823,-0.001818652377597254,0.012227975806261185,4.939659124583647,139.72261343744327
824,-0.01044669644496175,0.010839669272858083,4.929212428138686,138.27057143488608
825,0.002752002867815803,0.01198411163987528,4.931964431006501,138.6516165221081
826,-0.0014216102716795502,0.011977828452152615,4.930542820734822,138.45464799928536
827,0.017619542659330887,0.014374592283553035,4.948162363394153,140.9157738614551
828,0.006228303744465908,0.014824194870730181,4.954390667138619,141.7961789726387
829,-0.0015070638990369555,0.011987119773762166,4.952883603239582,141.58264401611547
830,0.01382151427870303,0.01278037650845964,4.966705117518285,143.55311664087898
831,-0.01032228945548043,0.014118082720903253,4.956382828062805,142.0789413401398
832,-0.004147900918630454,0.014159368781660341,4.952234927144174,141.49083252059813
833,-0.018478371872996436,0.017689808354187733,4.933756555271177,138.90032023583026
834,-0.0002565882718659707,0.01616359194921676,4.933499966999312,138.86468461473618
835,0.008594606222145435,0.015281360326408946,4.942094573221457,140.06331539867082
836,0.008291060698419188,0.013317816500533968,4.950385633919876,141.22941627486472
837,-0.0009558533934523434,0.010073314518025891,4.949429780526424,141.0944861550429
838,-0.018843443187661436,0.009658304151068891,4.930586337338762,138.4606732064633
839,-0.008703914337073484,0.009616540001516048,4.921882423001689,137.2607529447051
840,-0.001716942145593232,0.009635121256429761,4.920165480856095,137.02528637212373
841,-0.00879157754689934,0.009696920663261506,4.9113739033091965,135.82589792460442
842,-0.003644238631129708,0.010286703377161817,4.907729664678067,135.33181676191234
843,-0.016326783515472256,0.010899209029368563,4.891402881162595,133.14022300836032
844,0.004050929510472543,0.011571910248991714,4.895453810673067,133.68065856089314
845,0.008628541703347356,0.011181348822810256,4.904082352376414,134.839118420385
846,-0.003460514934847468,0.011877157081955105,4.900621837441567,134.37331206705304
847,0.0008723790542741923,0.014698721813330514,4.901494216495841,134.49058767690894
848,0.019032304285586544,0.012142428172962218,4.9205265207814275,137.07476690297025
849,0.005047702715756459,0.012588182492637812,4.925574223497184,137.76842880282146
850,-0.0020303099996594014,0.012744101439470945,4.923543913497524,137.4889999437765
851,-0.011974181073406323,0.013375970252382453,4.911569732424118,135.85249919454495
852,0.0010190917047391006,0.013679217140008264,4.912588824128857,135.9910159181762
853,0.029589000321663513,0.015945762500783195,4.942177824450521,140.07497632721115
854,0.004675322095695584,0.01624806623112849,4.946853146546217,140.7314052717424
855,-0.0029452215359789652,0.015604120221316985,4.943907925010238,140.31752988267624
856,0.0026415520998341055,0.013023968571707881,4.9465494771100715,140.688675933381
857,0.011446583427415875,0.014182177093097771,4.9579960605374875,142.30833268331077
858,-0.002926880550411869,0.01354720063018795,4.955069179987076,141.89242214935734
859,-0.029770511471505553,0.013768084149990508,4.92529866851557,137.73047125589136
860,-0.00424533478951972,0.013775719380951372,4.92105333372605,137.1469986892053
861,0.017951721791436597,0.012756115605031421,4.939005055517487,139.63125507874597
862,-0.030907502126670698,0.015727995701794548,4.908097553390816,135.38161296894452
863,-0.0007609602520465788,0.014100558631128754,4.90733659313877,135.27863212974924
864,-0.009478402447018985,0.013220525404834881,4.897858190691751,134.0024643819333
865,0.004336402480163732,0.016942417123890767,4.902194593171915,134.58481474103652
866,-0.014735547055320269,0.01482754601580127,4.887459046116595,132.61617399151442
867,-0.005960220034722104,0.017010940716142918,4.881498826081872,131.8281032847348
868,0.009251946871574736,0.020092609261984685,4.890750772953447,133.05342947843116
869,-0.0032960360362473654,0.016360571262252398,4.887454736917199,132.61560252320888
870,-0.01220435541976435,0.012967373775727785,4.875250381497435,131.00695082121084
871,-0.01198584487464568,0.014977081932919993,4.86326453662279,129.44609460746003
872,0.015918701931204683,0.01680015747756728,4.879183238553995,131.52319692786443
873,-0.006906733194105729,0.02044157376130957,4.872276505359888,130.6179311112327
874,0.0003126288302982632,0.017594858157815172,4.872589134190187,130.65877242600558
875,0.009358398782278713,0.01719627588390949,4.8819475329724655,131.8872687360327
876,-0.012923184599042582,0.01750927734985124,4.869024348373423,130.19383108773084
877,-0.028553022740443596,0.01781771039981202,4.840471325632979,126.52897402702612
878,0.022759744026286218,0.0169646313821144,4.863231069659266,129.44176251222493
879,0.015277207019034561,0.01999356451813289,4.8785082766783,131.4344537366731
880,0.010498409875223144,0.021499751904304674,4.8890066865535236,132.82157504746655
881,-0.014566995240372645,0.023341424808967826,4.8744396913131505,130.90078781057676
882,-0.020214262993351773,0.021698487705310545,4.854225428319799,128.2812896688015
883,0.0008040739507170161,0.019586012490987723,4.855029502270516,128.38447879247212
884,-0.0010633726743385593,0.017906638337809547,4.853966129596177,128.2480308063025
885,0.022989729300575,0.018775823652428508,4.8769558588967525,131.23057085023996
886,-0.021615320269391572,0.018878409937339264,4.8553405386273605,128.42441724386435
887,0.013121939859979557,0.018473134549946923,4.8684624784873405,130.12069964179148
888,-0.009995192010525214,0.018614569140281877,4.858467286476815,128.82659644311178
889,-0.00005628970127682257,0.015864599375396665,4.858410996775539,128.81934503657322
890,-0.014334306375885971,0.016720655816887028,4.844076690399652,126.98598047437919
891,0.003380836617155419,0.014152944701924226,4.847457527016807,127.41602587402922
892,0.025791545281576848,0.0162826415933147,4.8732490722983846,130.74502758750344
893,0.0015303799001632344,0.014715242816424157,4.874779452198548,130.94527033442546
894,0.012542437735804142,0.013578551320482498,4.887321889934352,132.59798611070474
895,0.003925514199791383,0.01322120858492222,4.891247404134143,133.11952437124256
896,0.0035262571697084076,0.016957798219473897,4.8947736613038515,133.58976665883543
897,0.00040360495196070623,0.01952498340391138,4.895177266255812,133.6436950323375
898,-0.012690833855626476,0.01905254859024115,4.882486432400186,131.9583618639806
899,0.0021826576372438265,0.014185360844229812,4.88466909003743,132.2466963435595
900,0.002386870244127418,0.014785449130589759,4.8870559602815575,132.56272906245215
901,-0.01789343223500243,0.016438427263775587,4.869162528046555,130.21182247174752
902,0.011594557464445557,0.018001145955544057,4.880757085511,131.73035728771472
903,-0.010014215804690217,0.02315478451276476,4.87074286970631,130.4177643257767
904,-0.020569990740511624,0.020816775761375236,4.8501728789657985,127.7624753815234
905,0.009571027027491486,0.021634449815250083,4.85974390599329,128.99116401310752
906,0.001181201114957662,0.021585686444431266,4.8609251071082475,129.1436185418633
907,0.013935705498562123,0.01832812295974151,4.874860812606809,130.95592452848865
908,-0.050310217137583386,0.018602665644593813,4.824550595469226,124.53049123896405
909,0.017815102082017205,0.01874059563630304,4.8423656975512435,126.76889413948253
910,0.00185625259546798,0.019414956335095178,4.844221950146712,127.00442776557496
911,-0.019185982692237247,0.016898756889075776,4.8250359674544745,124.59094952191212
912,-0.008834948922290966,0.016292557765588758,4.816201018532183,123.49504311380197
913,-0.003118574445797968,0.01387824703648715,4.813082444086385,123.11051453031614
914,-0.01189067342164081,0.013224624110063136,4.801191770664745,121.65531639575988
915,0.026014686950830875,0.01577287268152746,4.827206457615575,124.86166664015278
916,0.008720004507049068,0.01944962470417426,4.835926462122624,125.95522191010613
917,0.004566088437223225,0.01700040456290337,4.840492550559848,126.53165962374729
918,-0.006995428116285757,0.018297008730748795,4.833497122443562,125.64960526536025
919,-0.010686555757389082,0.016534047999908864,4.822810566686173,124.31399301103885
920,0.036573590669365406,0.016980554899445596,4.859384157355538,128.94476796352993
921,0.020103634556849704,0.017261324658349113,4.879487791912388,131.56325885938372
922,-0.010125481552878691,0.013400187150897346,4.869362310359509,130.2378390895584
923,-0.00491754962041901,0.013451562586262511,4.86444476073909,129.59896020016194
924,-0.0016093241610831148,0.013724162544790721,4.862835436578007,129.39056119801336
925,-0.014211172215840263,0.01543452551979857,4.848624264362167,127.56477366774281
926,-0.015565482425640202,0.014101270117958016,4.8330587819365265,125.59454002322416
927,-0.02712933035735378,0.014501095190563444,4.805929451579173,122.23304793961313
928,0.016065061328847344,0.01623460910815097,4.82199451290802,124.21258748917207
929,0.01031424769122875,0.010172576108207052,4.832308760599249,125.50037675500549
930,0.015648511491482324,0.011297709257188721,4.847957272090731,127.47971731871604
931,-0.013469543072807932,0.012754459161620936,4.834487729017924,125.77413626082989
932,0.00323303444163751,0.012656217399983703,4.8377207634595605,126.18142641200451
933,-0.004993281406586575,0.013528038777932547,4.832727482052975,125.55293745858265
934,-0.003255965791982231,0.013185945698326504,4.829471516260992,125.14480618043528
935,-0.019440440408661653,0.014273623090257773,4.81003107585233,122.7354315661495
936,-0.0023798302862044905,0.014856405337225907,4.8076512455661256,122.44368935508521
937,0.010795071018939591,0.017359954194494237,4.8184463165850655,123.7726378184496
938,0.002023650556178488,0.018223397980376917,4.820469967141244,124.02336399132646
939,-0.0065904454051256035,0.021111372484145175,4.813879521736118,123.2086822883609
940,-0.011656662349557718,0.017633709654968886,4.802222859386561,121.7808185112335
941,0.010962821916084326,0.014470751412363474,4.813185681302645,123.12322477320235
942,0.005935598566626758,0.01635550883970324,4.819121279869272,123.85620800479742
943,0.004845689723046868,0.01425308970756578,4.823966969592319,124.45783322642353
944,-0.0021585341829174556,0.014240982825689556,4.821808435409401,124.18947647188187
945,0.0011243902494586515,0.014567172677149786,4.82293282565886,124.32919244122944
946,0.0125629335176405,0.016041890382752465,4.8354957591765,125.90098430593613
947,0.020818742810183293,0.017637654391315174,4.856314501986684,128.54955885248057
948,-0.00036014195543866034,0.015724425636588806,4.8559543600312445,128.50327109856602
949,-0.0031105175243950926,0.01671735238856922,4.85284384250685,128.104180432904
950,0.00959381509995993,0.015773208292970103,4.86243765760681,129.3391025889522
951,-0.01604157510313736,0.01715359264416344,4.846396082503673,127.28085258464421
952,0.00231182135209684,0.01645019985390989,4.848707903855769,127.57544356702012
953,-0.001797252083565226,0.017798174470502703,4.846910651772204,127.34636425355693
954,0.004728562038947047,0.01862409870021784,4.851639213811151,127.94995537173267
955,-0.03210995602280859,0.02276212802808501,4.819529257788343,123.90674891188928
956,-0.0135773992541273,0.022357736607807824,4.805951858534216,122.23578684070813
957,0.020644276409067554,0.021078052136258324,4.826596134943283,124.78548398446786
958,-0.029961102626157907,0.020478563358567757,4.796635032317125,121.10222605136262
959,0.026869978509702006,0.02118372464021462,4.8235050108268265,124.40035211740371
960,0.012994574615462141,0.023365562825881,4.836499585442289,126.02743047524612
961,-0.002723374383606945,0.02745854393937721,4.833776211058682,125.68467753359182
962,0.010279054943191904,0.02420427098496482,4.844055266001874,126.98325990536459
963,0.02058327392320418,0.022243993923369832,4.864638539925078,129.62407621457626
964,-0.004922268273500136,0.020513079507525397,4.859716271651578,128.98759947645542
965,-0.00611151423293234,0.019260004064598654,4.853604757418646,128.2016939090829
966,0.022967828130645306,0.020148306184661836,4.876572585549291,131.18028330761393
967,-0.026477577646634384,0.012885090799697333,4.850095007902657,127.75252676909537
968,-0.01562786868963715,0.01441955174917148,4.834467139213019,125.7715466225624
969,0.008077989134952526,0.014842624229758877,4.842545128347972,126.79164242396871
970,0.012279449676687048,0.014850005173662324,4.854824578024659,128.3581723954772
971,0.015389662535114295,0.014710326688705264,4.870214240559774,130.34883991365956
972,-0.00586827322163831,0.01499057643883646,4.864345967338135,129.58615731055446
973,0.006641965017663403,0.017675824223420646,4.870987932355798,130.44972876512776
974,-0.013965775741489326,0.0178834455564794,4.857022156614309,128.64055973748282
975,0.016402207840892732,0.016551257764924165,4.873424364455202,130.76794817422325
976,0.018066380411122573,0.01639627079542337,4.891490744866324,133.15192171540755
977,0.020096027468136476,0.013099476493799495,4.911586772334461,135.8548141286742
978,0.0012214962767098164,0.014257913640636843,4.912808268611171,136.02086167088677
979,-0.0173767307079345,0.019676402358514495,4.895431537903236,133.67768115551178
980,-0.008992432031401284,0.017609578102343235,4.886439105871835,132.4809823739599
981,-0.01982449703725383,0.019764322746870382,4.866614608834581,129.88047556947035
982,0.01843323703984324,0.017833161532469416,4.885047845874424,132.29679503871054
983,-0.038617399753730214,0.018514790091436185,4.846430446120694,127.28522649026775
984,-0.003162329924418712,0.01779818379651022,4.843268116196276,126.88334438641554
985,0.0073640334512525855,0.019930386229011807,4.850632149647528,127.82116641719568
986,-0.017434835936839192,0.02358999459435994,4.833197313710689,125.61194006288002
987,-0.0009658437816917677,0.023494067605284594,4.832231469928997,125.49067712161968
988,0.016632867575762343,0.022669446501375288,4.848864337504759,127.59540222024062
989,-0.021993731491202567,0.020462077051043064,4.826870606013557,124.81973869055967
990,0.0012297969917771164,0.021025210916917784,4.828100403005334,124.973336057147
991,0.001252963887402795,0.018608253279637606,4.829353366892737,125.13002127407552
992,0.0059440584705731415,0.01825728134745902,4.83529742536331,125.87601635971012
993,-0.016841510034706277,0.028472515476552804,4.818455915328603,123.77382588595898
994,0.011511508047598481,0.028093589884504788,4.829967423376202,125.20688177084311
995,-0.027966221837360625,0.025537948691746533,4.802001201538841,121.75382782856765
996,0.010906853013533677,0.02827960477398573,4.812908054552375,123.08904721694728
997,-0.031144705096631548,0.02900593648916971,4.781763349455743,119.31455791614138
998,0.012208641339565547,0.029217304439793385,4.793971990795309,120.78015482985982
999,-0.03392604528887498,0.02941275957704235,4.760045945506434,116.75128997290604
1000,-0.009001685667974603,0.028130274174633024,4.7510442598384595,115.70504759651398
1001,-0.008828213320803852,0.02447977814745409,4.7422160465176555,114.68807438726245
1002,0.02344316882126015,0.023401472365927965,4.765659215338916,117.40848925965035
1003,0.0026457040206828283,0.025960332561276073,4.768304919359599,117.71952864939578
1004,-0.021266678060806017,0.023870128940788847,4.747038241298792,115.24245822016138
1005,0.030394494275858268,0.028353065985346974,4.777432735574651,118.79896984762387
1006,-0.0034914122892213953,0.028784241663756926,4.773941323285429,118.38491689973362
1007,0.01795538429609623,0.02718616336664419,4.791896707581525,120.5297617101684
1008,0.011422809904006848,0.021647412576518213,4.803319517485533,121.91444368932808
1009,0.006939343659227315,0.020357866430429097,4.81025886114476,122.76339207669595
1010,0.005166582673992608,0.018555700170486942,4.815425443818753,123.39930061365915
1011,-0.0022345681873815284,0.01847367415232387,4.813190875631371,123.12386431736655
1012,0.021130894918189112,0.019451702246798427,4.83432177054956,125.75326470976955
1013,0.03174828215280827,0.02199072683393398,4.866070052702368,129.80976761401698
1014,0.023065055836478103,0.02076557926983766,4.889135108538847,132.8386333531352
1015,0.022226890302882912,0.021467799603663056,4.91136199884173,135.82428099924576
1016,-0.00029600568580044086,0.02170280259353267,4.911065993155929,135.7840821896318
1017,-0.0006359782798017802,0.019510924895675345,4.910430014876127,135.69775391697925
1018,0.009614886395379022,0.019640744841107675,4.920044901271506,137.00876491610995
1019,0.032562040517197965,0.020269555021827264,4.952606941788704,141.54347897438134
1020,-0.004575185523571184,0.018389409866578738,4.948031756265133,140.89737045863134
1021,0.013997128755003892,0.020261975535174427,4.962028885020136,142.88339599675913
1022,-0.00008824796621903986,0.021673377331928343,4.961940637053917,142.87078738400635
1023,-0.00042266891630756456,0.018679178330128256,4.96151796813761,142.8104131031955
1024,-0.011281176779237461,0.017317497259069267,4.950236791358373,141.208396891115
1025,0.02167368307109715,0.031150345285734897,4.97191047442947,144.30231006663425
1026,-0.014277397030407977,0.03411989587182834,4.957633077399062,142.25668653199736
1027,0.025506918818422535,0.0406295220025156,4.983139996217484,145.93188857083595
1028,-0.050104929490609275,0.03554990085758583,4.933035066726875,138.80014138927092
1029,-0.04385017200679727,0.03554285880758209,4.889184894720078,132.84524704604368
1030,-0.021027750508205326,0.039728121291356625,4.868157144211873,130.08097539713833
1031,-0.0068351447602411795,0.035702425008055226,4.861321999451631,129.19488482818468
1032,-0.024674536540722165,0.03561777087875555,4.836647462910909,126.04606847067727
1033,0.001923032300876072,0.032581306164061845,4.838570495211785,126.28869234374763
1034,0.021011553049222243,0.03503204187437156,4.859582048261007,128.97028748537514
1035,-0.006258769764133835,0.03572772450518704,4.853323278496874,128.16561291277026
1036,0.02708913847384873,0.03522811660236608,4.880412416970723,131.68496180140554
1037,-0.0767300566605593,0.04261877368966851,4.803682360310163,121.95868749672819
1038,-0.03512407119047437,0.04396885738859677,4.768558289119689,117.74935899702201
1039,0.05569994760353586,0.04341777145113211,4.8242582367232245,124.4940889822248
1040,0.04447526240351819,0.0434455278253922,4.868733499126742,130.15596981626456
1041,0.041528985079424055,0.04216566081605873,4.910262484206167,135.6750222855294
1042,0.031073096081464517,0.0411021153755649,4.941335580287632,139.9570486649465
1043,0.02925402962091491,0.041468360499754664,4.970589609908546,144.11183209047388
1044,-0.002436776021317929,0.04010599365291928,4.9681528338872285,143.76109134552075
1045,0.008502306649968004,0.03505600726028565,4.976655140537196,144.98860317482198
1046,-0.00617416665269437,0.031494576449993934,4.970480973884502,144.09617720437555
1047,0.01559105708502754,0.03693022111994976,4.986072030969529,146.36039382872892
1048,0.0038116299589223187,0.030464337246108784,4.989883660928452,146.91933004294626
1049,-0.027366798743531533,0.03745966978921773,4.96251686218492,142.95313684581927
1050,0.003511120523285914,0.035976781863510096,4.966027982708206,143.4559447314602
1051,0.01888397889280863,0.04147131039477494,4.984911961601015,146.19070406406377
1052,-0.03695999303966442,0.038963388713161684,4.94795196856135,140.8861290294433
1053,0.03661585398503261,0.03462377459335254,4.984567822546383,146.1404027891842
1054,0.0031393634043772474,0.03204026743364571,4.98770718595076,146.59991152666413
1055,0.00030446627243393726,0.03285038722225348,4.988011652223194,146.64455305084016
1056,0.020900437078476962,0.0295729306739559,5.008912089301671,149.74174186055114
1057,0.03785131627175957,0.02912054151865439,5.04676340557343,155.51829937652786
1058,0.04486134404512933,0.02953638996796414,5.09162474961856,162.65391937534656
1059,0.06172536934708412,0.030980269111587973,5.153350118965644,173.01012502921876
1060,-0.047444866502725426,0.03308247950645772,5.105905252462919,164.99336359624957
1061,-0.01151374429247757,0.036597522169733984,5.094391508170441,163.10456662636952
1062,-0.01739945687928089,0.03287792710726085,5.07699205129116,160.29118240812988
1063,-0.04339311933733007,0.03255998170104812,5.03359893195383,153.48439980900648
1064,0.036450277037005326,0.02965363989535738,5.070049208990835,159.182160344038
1065,-0.0170584843710021,0.03685811549432386,5.052990724619834,156.48978317460964
1066,0.03753483782136301,0.0317315613843209,5.090525562441196,162.47523049707434
1067,0.00017044180527576674,0.02869053088727478,5.090696004246472,162.50292542879288
1068,-0.039017900875937934,0.03249959596885036,5.051678103370534,156.28450611490558
1069,0.001642960077780865,0.027475257897504105,5.053321063448315,156.5414863655685
1070,0.0049315524391186265,0.029362057456452994,5.058252615887434,157.31538560837842
1071,-0.0030691421891499747,0.02943017537416827,5.055183473698284,156.83330249064343
1072,-0.012066867535364042,0.027730599957195585,5.043116606162919,154.95218820837448
1073,-0.032517597052900846,0.02703362312760804,5.0105990091100185,149.99455735080824
1074,-0.027578253878956904,0.02454658336307787,4.9830207552310615,145.91448854591096
1075,0.009998920576950333,0.024352272039995845,4.9930196758080125,147.38079444948593
1076,-0.028223073807266394,0.02407488339949586,4.964796602000746,143.27940456513218
1077,-0.01900147541603669,0.022835237185743967,4.945795126584709,140.58258737578848
1078,0.007772510726172311,0.025119046094203228,4.953567637310881,141.67952449952531
1079,-0.06104443047719441,0.02405580495237054,4.892523206833687,133.2894670033809
1080,0.03221520302907731,0.023338975500736058,4.924738409862765,137.65332817967118
1081,0.00046368415115198374,0.020118876257882303,4.925202094013916,137.71717064652753
1082,0.004476469366371131,0.023006585185560754,4.929678563380287,138.33503924530012
1083,0.004617708350388534,0.027943100051180992,4.934296271730676,138.97530725893623
1084,-0.00813311371089342,0.03118947514201786,4.926163158019783,137.8495892834262
1085,0.04574992287032141,0.037962965524540655,4.971913080890104,144.302686185415
1086,-0.00851467494342382,0.02969900903314326,4.9633984059466805,143.07921185398368
1087,-0.03347890469332339,0.026948386340364817,4.929919501253357,138.36837341099715
1088,0.006566680228018078,0.026364445537705297,4.936486181481375,139.2799841250673
1089,-0.008232017807311824,0.02281858093985797,4.928254163674063,138.13813512441632
1090,0.021446470394739486,0.020210724997876954,4.949700634068803,141.1327072723569
1091,-0.004780206138464765,0.021660254565668016,4.944920427930338,140.45967373981557
1092,-0.008231267170626336,0.021184847070766143,4.936689160759712,139.30825794513444
1093,-0.023768437726240037,0.027310839861218593,4.912920723033471,136.03615867839872
1094,-0.018246025109817893,0.02672590423985834,4.894674697923653,133.57654681811783
1095,-0.02607438599013079,0.026335650582884822,4.868600311933522,130.13863586231986
1096,-0.016541853167778727,0.022846320251514986,4.852058458765744,128.00360899118147
1097,0.01670110152930039,0.02201592257267275,4.868759560295045,130.15936187709985
1098,0.019043474721483815,0.01899423725951673,4.887803035016528,132.66180033034627
1099,0.005223320888873852,0.017063412217303568,4.893026355905402,133.35654834951637
1100,-0.01834626732015847,0.01763051355663141,4.874680088585244,130.93225978561819
1101,0.008496204186923774,0.0221448636106759,4.883176292772167,132.0494261157799
1102,-0.025129812443497025,0.022331459145856,4.85804648032867,128.77239682385024
1103,0.001256430429945949,0.02758044133222945,4.8593029107586165,128.93429206551338
1104,-0.002363915506567394,0.02780989653348009,4.856938995252049,128.62986225810786
1105,0.040575081484086506,0.036937555605024444,4.897514076736135,133.95636019685426
1106,-0.025184799418917464,0.03185064795740401,4.872329277317218,130.62482425700057
1107,0.05344931185181911,0.03203973119782132,4.925778589169037,137.79658681750166
1108,-0.00012344453208005892,0.028346954210178386,4.9256551446369565,137.77957763218672
1109,-0.0110751550755545,0.018660413583642805,4.914579989561402,136.26206629172265
1110,0.021151211793530134,0.01954702438311405,4.935731201354932,139.17487018950064
1111,0.041943865253434624,0.024586645229342226,4.977675066608367,145.13655626900604
1112,-0.012428827295285163,0.024505598239949935,4.965246239313082,143.34384281734955
1113,-0.006802437640493985,0.022840847655532875,4.958443801672588,142.37206424427666
1114,0.01878268919624844,0.0200064016763537,4.977226490868836,145.07146613096452
1115,0.02144411333029848,0.023297498338313224,4.998670604199135,148.21599035876048
1116,-0.011142017132854225,0.025614905541040914,4.987528587066281,146.57373128395142
1117,-0.0176184398004779,0.02486267474452825,4.969910147265803,144.0139467426755
1118,-0.004157338011274067,0.02580390175074716,4.965752809254528,143.4164748944726
1119,0.029399535595362614,0.020241718603049075,4.995152344849892,147.69544430992454
1120,-0.012570475428942993,0.02110981573391653,4.982581869420948,145.85046279842197
1121,0.014782989905747678,0.020077072043490907,4.997364859326696,148.02258438624384
1122,-0.02373133621026201,0.02006733944051397,4.973633523116434,144.55116430493615
1123,-0.03061186385136721,0.016602636801979657,4.943021659265066,140.19322635361047
1124,0.0014500795027726841,0.016261584194792383,4.94447173876784,140.3966651431348
1125,0.004100742345512442,0.017780785437263285,4.948572481113352,140.97357776962366
1126,0.0025067396238099542,0.017686225522588136,4.951079220737162,141.32740511416125
1127,-0.01307792757351107,0.019634756663931507,4.9380012931636506,139.4911687999073
1128,-0.041423869547706514,0.018915261551275844,4.896577423615945,133.83094829699908
1129,-0.004800843183699491,0.01479234236676452,4.891776580432245,133.18998671020995
1130,0.03318031947560259,0.014762886206759519,4.924956899907848,137.6834073474307
1131,0.007004093909083584,0.016368057844159654,4.931960993816931,138.65113995103692
1132,0.02643690266948572,0.017327738549801394,4.958397896486416,142.36552877816897
1133,0.009146686525044561,0.018097582318572957,4.9675445830114615,143.67367512400037
1134,-0.002841121801730923,0.019028090470369265,4.96470346120973,143.26606002952465
1135,0.04332632754877672,0.017297222900813033,5.008029788758507,149.60968290678335
1136,-0.019592780516122336,0.01458288496906267,4.988437008242385,146.70694246207702
1137,-0.05251801029311811,0.01961678762912922,4.935918997949266,139.20100921047185
1138,0.0019472954229091,0.02286709541731907,4.937866293372176,139.47233879225894
1139,-0.006973823242809285,0.019157311748006195,4.930892470129367,138.50306704748232
1140,0.02104765918532516,0.01921342037919575,4.951940129314692,141.44912747785955
1141,-0.014009878018870147,0.019164612680284125,4.937930251295821,139.48125943872398
1142,-0.0013876366432509924,0.018350037331025477,4.936542614652571,139.2878443580424
1143,-0.021527778951544774,0.01914865276494395,4.915014835701026,136.32133221007075
1144,0.0012216967582242715,0.018113151407207248,4.91623653245925,136.487977313873
1145,-0.01026919290470832,0.023066719652914274,4.905967339554541,135.09352813391118
1146,0.03736640931268659,0.020823340188390868,4.943333748867229,140.23698602996382
1147,0.02686817786811348,0.019683220098822785,4.970201926735342,144.05597318659096
1148,-0.010013527658731106,0.01711960209889101,4.9601883990766105,142.6206629672526
1149,0.019832893618975677,0.01458751459045874,4.980021292695587,145.47747922831192
1150,0.0006680562907639565,0.016600816034927086,4.98068934898635,145.57469884394695
1151,0.005748762953191302,0.01349475384602916,4.986438111939542,146.41398339213436
1152,-0.01482546269209524,0.012978194567908182,4.971612649247446,144.25933960403273
1153,0.01004676548555809,0.0198247238736787,4.981659414733004,145.7159843899298
1154,0.022222562088978375,0.021873356574109572,5.003881976821983,148.99041526889405
1155,-0.0323511109176505,0.022808747797381308,4.971530865904333,144.2475420753918
1156,0.008414173121890014,0.022549100432365087,4.979945039026222,145.4663864596484
1157,-0.029532911537955658,0.024335900008089842,4.950412127488267,141.2331579956291
1158,0.01222426501178649,0.022014116501179404,4.962636392500054,142.9702251005777
1159,-0.03900430555213328,0.02044030730516748,4.9236320869479195,137.5011233577667
1160,0.006794935761144229,0.02039857809081469,4.930427022709064,138.43861615263597
1161,0.023024868555448903,0.017015305875586674,4.953451891264513,141.66312660372733
1162,-0.0058736214389272885,0.019622019985803853,4.947578269825586,140.83348989733946
1163,0.031832510262676535,0.017106917193364924,4.979410780088262,145.38869049923832
1164,-0.004363686903255026,0.021711449762177114,4.975047093185007,144.7556419918954
1165,-0.003714815121902806,0.019310009125687408,4.971332278063104,144.21889911157487
1166,0.00014671772202563252,0.022390238759797,4.97147899578513,144.24006013223598
1167,-0.0012896425962994392,0.020479672561786514,4.970189353188831,144.05416190349897
1168,-0.01577268184436805,0.018708256814317124,4.954416671344463,141.7998663176076
1169,0.013393015812721246,0.016522685473379744,4.9678096871571835,143.71176866006093
1170,-0.0446415923269406,0.017105655430141073,4.923168094830244,137.43733871928617
1171,0.0030982663660862305,0.01335038859591543,4.92626636119633,137.863816533062
1172,0.00038454965687724106,0.015748810583386345,4.926650910853207,137.91684221125524
1173,0.014999466438856817,0.01784413940765371,4.9416503772920635,140.00111366001568
1174,-0.015447750676523549,0.01930127633841388,4.92620262661554,137.8550301205113
1175,-0.022152869202070696,0.018570685664640693,4.904049757413469,134.8347234159445
1176,-0.0013361906949766328,0.017811439578854133,4.902713566718493,134.65467882689637
1177,-0.002800485970857036,0.018048008882627628,4.899913080747636,134.27810782494714
1178,-0.02140870869614406,0.018967944989686226,4.878504372051491,131.4339405351834
1179,-0.05302945248872552,0.020828168607544384,4.825474919562766,124.64565098666216
1180,-0.016181531820616196,0.019809401057983705,4.80929338774215,122.6449244846886
1181,-0.016418139137506598,0.019603661818170307,4.792875248604643,120.64776275152236
1182,0.021481402760222566,0.020172403769249374,4.814356651364866,123.26748282782394
1183,0.01284227463865423,0.020121334077622764,4.82719892600352,124.8607262340605
1184,-0.012260149787235119,0.0186799609567215,4.814938776216285,123.33926078278857
1185,-0.00048770020443536483,0.027118468613416002,4.814451076011849,123.27912286591905
1186,0.030318914147824616,0.025107698782566842,4.844769990159674,127.0740503500523
1187,0.0018428759119242127,0.02832615373228246,4.846612866071598,127.30844797300136
1188,0.024977615842866018,0.03197066932221271,4.871590481914464,130.528354877309
1189,0.01832559595350795,0.030020943062214308,4.889916077867972,132.94241677206554
1190,0.024705456956997423,0.0239761500186449,4.9146215348249696,136.26772745277736
1191,0.01840097726563597,0.02117961179522038,4.933022512090606,138.79839881492038
1192,-0.00039719788510717875,0.01889914333834608,4.932625314205499,138.74327933185057
1193,0.013404295014028138,0.018466577340334463,4.946029609219527,140.61555541635124
1194,0.013504091746400647,0.019145230124904173,4.9595337009659275,142.52732004771426
1195,0.031344162897696266,0.021991880684365073,4.9908778638636235,147.0654703066103
1196,-0.009737963043576237,0.024189630519520167,4.981139900820048,145.64030256928066
1197,0.0023967756410118632,0.022060599490365693,4.98353667646106,145.9897883510299
1198,-0.009338147118347606,0.021649349703152833,4.974198529342711,144.6328596898113
1199,0.0066546029508386464,0.019891632372767764,4.98085313229355,145.59854350219345
1200,-0.02315549975988677,0.021078884866151826,4.957697632533663,142.26587022796858
1201,0.0020173629630636267,0.020171295009844943,4.959714995496727,142.55316181374303
1202,-0.01586855613790161,0.02001503421508562,4.9438464393588255,140.30890263317562
1203,-0.0068359204574243845,0.024077934183497175,4.937010518901401,139.35303298205565
1204,0.0198059470974791,0.022715176048846507,4.95681646599888,142.14056551934763
1205,-0.027062675485727987,0.023354124505268792,4.9297537905131525,138.34544618511455
1206,0.006549324356713728,0.022013860019208457,4.936303114869866,139.25448894405187
1207,0.005948194387335562,0.02255760545135703,4.942251309257202,140.08527008798023
1208,-0.023588619517650247,0.021069516893219318,4.918662689739551,136.8195206392043
1209,0.035349117491859774,0.02360298805761697,4.954011807231411,141.74246826049082
1210,-0.0035265477929430533,0.023437684007093118,4.950485259438468,141.24348702959293
1211,0.0026552624508553273,0.02496894840329369,4.953140521889323,141.61902391097954
1212,0.008900120058164006,0.025875252951980517,4.962040641947487,142.8850758763406
1213,0.020397271156695262,0.02152436589596442,4.9824379131041825,145.8294682141867
1214,0.004070203222975442,0.023256053993104906,4.986508116327158,146.4242333721478
1215,-0.051807917346595476,0.023701662932624747,4.934700198980563,139.0314545115388
1216,0.029106173585392726,0.022935753654521867,4.963806372565956,143.13759530477208
1217,-0.004120590548561056,0.019390269091189852,4.959685782017394,142.5489974007254
1218,-0.017351264348949832,0.020576176233371605,4.942334517668445,140.0969268457062
1219,-0.008540142089978914,0.015494715463149742,4.933794375578466,138.90557358796514
1220,0.011668283325844877,0.01540518326768616,4.945462658904311,140.5358559778294
1221,-0.004484236524570131,0.01672213574513285,4.94097842237974,139.90707082377256
1222,-0.0017832546001850828,0.019456324155975886,4.939195167779555,139.65780321598766
1223,-0.01988782063198118,0.020393111397936904,4.919307347147574,136.90775079280198
1224,-0.02718321339446908,0.01588956606180207,4.892124133753105,133.23628537755823
1225,-0.005182386827918192,0.01511416024298993,4.886941746925187,132.54758949282325
1226,0.0036276479300493564,0.01381708802279017,4.890569394855236,133.02929868889643
1227,0.019584390459645103,0.015526290727147965,4.910153785314881,135.66027536253335
1228,0.0018645420599607786,0.015633472636299415,4.912018327374842,135.91345561107494
1229,-0.00201870313784429,0.016805045465957465,4.909999624236998,135.63936344020124
1230,0.0018478849162333604,0.014532513404592681,4.911847509153231,135.89024109908183
1231,0.0030586161742312094,0.014671811200089905,4.914906125327462,136.30651347261136
1232,0.003936727694683158,0.01434781401261694,4.918842853022145,136.8441727137983
1233,-0.0040768786798707594,0.010326300158663315,4.9147659743422745,136.28741131908473
1234,-0.010577910248743813,0.01045207440948259,4.904188064093531,134.85337324856565
1235,-0.008478586461190556,0.010938433103227606,4.89570947763234,133.71484065781118
1236,-0.006521977059603756,0.011846775401190899,4.889187500572737,132.84559322163497
1237,0.0049118574903241445,0.011162887924254856,4.894099358063061,133.49971701003793
1238,-0.0016616071537677562,0.009527256933575867,4.892437750909293,133.27807711543983
1239,-0.007359717471705789,0.010316846973142741,4.885078033437587,132.30078881684796
1240,0.006609042265348391,0.010562027467445884,4.891687075702936,133.1780661099858
1241,-0.014424749307288131,0.012088974910679267,4.877262326395647,131.27079491843693
1242,0.0032912449396406097,0.01099446017884163,4.880553571335288,131.7035510204553
1243,0.0015646378879430993,0.01322871735518511,4.882118209223231,131.90978068165683
1244,-0.0013558172582306906,0.012769761652080804,4.880762391965001,131.7310563106508
1245,-0.019989091348617666,0.01028649728256077,4.8607733006163825,129.12401519018135
1246,-0.0012100778684023396,0.009661240515121164,4.859563222747981,128.9678595764014
1247,-0.011475208039985715,0.011061092187011158,4.8480880147079946,127.49638544019943
1248,-0.011343547670724128,0.011406124242321587,4.836744467037271,126.05829605248395
1249,-0.014919166506281134,0.016739654794123194,4.821825300530989,124.1915709601644
1250,-0.01347293983425115,0.015514310708449377,4.808352360696738,122.52956657973307
1251,-0.02622253314101426,0.01598214920989079,4.782129827555724,119.3582921019477
1252,-0.0014941973443328854,0.0176023529294979,4.780635630211391,119.1800804337222
1253,0.009312078264748051,0.013647513069690021,4.789947708476139,120.29507808579885
1254,0.009920961953941482,0.016005716847434785,4.79986867043008,121.4944606556883
1255,0.010334255192618236,0.022200964621673452,4.810202925622699,122.75652543431653
1256,-0.002759037593874839,0.02048435347153135,4.807443888028824,122.4183023653852
1257,0.01197662784839316,0.020366624675260674,4.819420515877217,123.89327578777117
1258,0.01740888537322643,0.022205006520658488,4.836829401250443,126.06900316936691
1259,-0.0014675955982664337,0.020221609016263485,4.835361805652177,125.88412055487721
1260,-0.009271474138495626,0.020101057378359943,4.826090331513681,124.72238301839185
1261,0.01091091487892102,0.020170972406421777,4.837001246392602,126.0906693767013
1262,-0.008541063477715174,0.020518857976098634,4.828460182914887,125.01830704203357
1263,-0.016733334636771995,0.024861100821648677,4.8117268482781155,122.94373949817155
1264,0.007204367198224577,0.02520789645129987,4.81893121547634,123.83266958679057
1265,0.029968295209716122,0.02063849228386263,4.848899510686056,127.59989023538402
1266,0.0020281823845979523,0.019534291540446582,4.850927693070654,127.85894870514487
1267,-0.03018493485928844,0.018756775636628274,4.820742758211366,124.05720107252677
1268,0.007363001453662406,0.01611809954002744,4.828105759665028,124.97400549857201
1269,-0.02171306059956678,0.01723775018807522,4.806392699065461,122.28968520933607
1270,0.021658998582181174,0.019430593835795294,4.828051697647642,124.96724933434159
1271,0.002148337814061332,0.01804926532793506,4.830200035461703,125.23600979236448
1272,-0.009748655181084144,0.02040782184349042,4.82045138028062,124.02105880776897
1273,0.0024487131433881862,0.015083610566984271,4.822900093424008,124.32512293550582
1274,0.009882506515077995,0.016499364152973955,4.832782599939086,125.55985786180767
1275,0.008651802331312502,0.01350326349794646,4.841434402270398,126.65088982357256
1276,-0.010087331711233648,0.01521754635173394,4.831347070559165,125.37974230842367
1277,0.013025831979089788,0.017556025923364048,4.844372902538255,127.02360083475665
1278,0.008717753337155796,0.01737496924812795,4.85309065587541,128.13580215937515
1279,0.004719052957797623,0.020955481117064013,4.857809708833208,128.74191080013313
1280,0.035415316385657085,0.019303059604116206,4.8932250252188645,133.3830448353549
1281,-0.007885043975955753,0.01180073252295693,4.885339981242909,132.3354492575359
1282,-0.01668359274288928,0.011078141609337653,4.86865638850002,130.14593379480732
1283,0.0028416280285811397,0.015580941972124292,4.871498016528601,130.5162860805907
1284,0.005282243211910725,0.01352195179692599,4.876780259740512,131.20752889585876
1285,-0.005892978532382159,0.011960589724997193,4.870887281208129,130.4365995109628
1286,-0.011320982461450673,0.012153415377157877,4.859566298746679,128.96825628197973
1287,-0.01754730763870615,0.011794715757878894,4.842018991107973,126.72495016534778
1288,0.014771882159845583,0.011551444539190625,4.856790873267818,128.61081075868663
1289,-0.030545867521487358,0.01841474506465983,4.826245005746331,124.74167584929289
1290,-0.0051188937689910455,0.018406235359971435,4.82112611197734,124.10476798464903
1291,0.01537319328559846,0.01576869303049935,4.836499305262938,126.02739516496742
1292,0.014821905152583807,0.016458296232463688,4.851321210415522,127.909273320312
1293,0.03940705863669839,0.015329564902064703,4.890728269052221,133.05043529088698
1294,0.004343002180732201,0.014395603120336617,4.895071271232952,133.62953021654067
1295,-0.0035883223327716576,0.015013858228977462,4.891482948900181,133.1508836715803
1296,0.018087370072917577,0.015263716935861694,4.909570318973099,135.5811452450674
1297,-0.007012143633679221,0.013304451704723148,4.902558175339419,134.63375627628886
1298,-0.01984546144393076,0.014653567239850493,4.882712713895488,131.98822497802846
1299,-0.00965457782083531,0.015746554026718738,4.873058136074653,130.72006600877486
1300,0.004480573047575941,0.014610133307186154,4.877538709122229,131.30708091283708
1301,-0.014199457383669536,0.013482398146718831,4.86333925173856,129.4557665487202
1302,0.00961492625884719,0.013759171141688575,4.872954177997407,130.7064773083949
1303,0.010966522487403634,0.011804586657552461,4.88392070048481,132.14776132323306
1304,0.011587959972173923,0.012392530105012713,4.895508660456985,133.68799111722188
1305,0.0020340351759586994,0.014113763267944088,4.897542695632943,133.96019393496192
1306,-0.006880912039860326,0.014081534601453805,4.890661783593083,133.0415896656641
1307,0.0038670220555579306,0.016745010167501972,4.8945288056486405,133.5570604533038
1308,-0.007520513789093824,0.01699956179848039,4.887008291859547,132.55641015694766
1309,-0.04158623405878504,0.015284810387749618,4.845422057800762,127.15693824762855
1310,-0.02579317596323129,0.017530157188094815,4.819628881837531,123.91909361884223
1311,-0.019095318399882575,0.018053009010601376,4.800533563437648,121.57526833428976
1312,0.012079963406640599,0.018763775570439737,4.812613526844289,123.0527994202322
1313,-0.00821403728008304,0.01495906975693499,4.804399489564206,122.04617900692794
1314,0.006047153320024657,0.012403592399265067,4.81044664288423,122.78644696457907
1315,0.019488280112673607,0.012311783230261686,4.8299349229969035,125.20281256582044
1316,0.006015469296523686,0.012823523751515796,4.8359503922934275,125.9582360761446
1317,-0.03752330653556774,0.015412209377979822,4.79842708575786,121.31944228565692
1318,0.010514780863223232,0.01642984661636387,4.808941866621083,122.60181977989157
1319,0.008880352884279873,0.01742942846204942,4.817822219505363,123.69541577617203
1320,0.018683881837892637,0.015551588264833233,4.8365061013432555,126.02825166017752
1321,0.009216277629021644,0.015969151903838665,4.845722378972277,127.19513190318399
1322,-0.022972270494822943,0.019056419940012163,4.822750108477455,124.30647743689413
1323,-0.00639841020847129,0.017418372118582312,4.816351698268983,123.51365271640424
1324,-0.025071854700490982,0.01769930228612269,4.791279843568492,120.45543416502072
1325,-0.025893387779369052,0.014312057925411277,4.765386455789123,117.376469340046
1326,0.01843928812919373,0.015467295372617243,4.7838257439183165,119.56088552472771
1327,-0.0022615916469530995,0.015199662791148696,4.781564152271364,119.29079315916394
1328,-0.004643976586321194,0.013768416271651906,4.776920175685042,118.73809386337976
1329,-0.008052238376620226,0.0182958074128937,4.768867937308422,117.78582551836475
1330,0.000004052270588594699,0.018112668780528314,4.768871989579011,117.7863028193683
1331,-0.025249438727292448,0.01960281930672852,4.743622550851718,114.84949715525357
1332,0.04074437442676322,0.01718334696535523,4.784366925278482,119.62560715886991
1333,0.004169148434657598,0.016974081000386654,4.788536073713139,120.12538517214227
1334,-0.01754624998716145,0.017432925537568082,4.770989823725977,118.03601900892474
1335,0.00806466296434547,0.016196681265621213,4.779054486690323,118.99178851920216
1336,-0.014971827662987752,0.01798072482852669,4.764082659027335,117.22353399937566
1337,-0.002964569024925278,0.021757569560834415,4.761118090002411,116.87653135227944
1338,-0.03988246348938861,0.022624782725469538,4.721235626513021,112.30693639772673
1339,-0.0142608586910144,0.02414351403238767,4.7069747678220075,110.71670900238833
1340,-0.02221600616174549,0.02160771668233289,4.6847587616602615,108.284146869271
1341,0.004977380928095699,0.023532112663526672,4.689736142588357,108.82446187802876
1342,-0.029480243709946286,0.02249945659864605,4.660255898878411,105.66311777064725
1343,-0.018933317771083882,0.019240144614730358,4.641322581107327,103.68138398206567
1344,-0.013693036495804244,0.02067896162743009,4.627629544611523,102.27134688366068
1345,-0.017150394487634484,0.020542790769746036,4.610479150123888,100.53230816579773
1346,0.022465242700943317,0.01949560921301483,4.6329443928248315,102.81635059199023
1347,0.011912054712501143,0.016754077258925144,4.644856447537333,104.04842830516512
1348,0.02499558671082249,0.019056450989759114,4.669852034248155,106.68195598872697
1349,-0.018263122231580508,0.0196632242647546,4.6515889120165745,104.75129400719335
1350,0.039329988073631805,0.01882465798584646,4.690918900090207,108.9532509748212
1351,-0.007492805354372665,0.019304529256005294,4.683426094735834,108.13993628198159
1352,0.012786782845496114,0.01615779965868668,4.69621287758133,109.53157650354427
1353,0.007645667116289342,0.018264480986217677,4.70385854469762,110.3722280520574
1354,0.034443046922827486,0.01837807050627086,4.738301591620447,114.24001062765316
1355,-0.012833150190821555,0.015809657192767872,4.7254684414296255,112.78331838046368
1356,-0.002486665549960508,0.015382537917019183,4.722981775879665,112.50321239732249
1357,-0.004551830761129245,0.020080541812538263,4.718429945118536,111.9922805342651
1358,-0.0032397285965397693,0.021764140745178708,4.715190216521996,111.63004303285476
1359,0.005803142458513229,0.0202231131999403,4.720993358980509,112.27973136894235
1360,0.022768298540143655,0.021238925050576223,4.743761657520653,114.8654745974903
1361,0.01590821948411218,0.022229165819650162,4.7596698770047645,116.70739174510571
1362,0.04628959950204897,0.021138222880065432,4.805959476506814,122.23671803312973
1363,-0.014238745864765256,0.023324280984342347,4.791720730642049,120.50855311775314
1364,0.036727593074498646,0.02123493270765806,4.828448323716548,125.01682443392554
1365,0.005739061079800282,0.01751331206793094,4.834187384796348,125.7363663980442
1366,0.012812127661715826,0.017234398521718007,4.846999512458064,127.35768084161874
1367,-0.004703278794889565,0.01717215011833581,4.842296233663173,126.76008858504683
1368,-0.003050366026033894,0.016353161046147653,4.83924586763714,126.37401305257464
1369,0.0011950843663083954,0.015050115105154388,4.840440952003449,126.52513094120866
1370,0.011192250546529711,0.016124058261657057,4.851633202549978,127.94918623344569
1371,0.013855070366084883,0.01702810540828128,4.865488272916063,129.7342688791026
1372,0.011587013867480355,0.020478915626293292,4.877075286783543,131.24624437590833
1373,0.023112791267320444,0.02416548949137782,4.9001880780508635,134.31503902023834
1374,0.019843916330071404,0.02356820389715274,4.920031994380935,137.00699657038578
1375,-0.01493784363816035,0.026845221174586233,4.905094150742775,134.97561746323362
1376,0.014564524986121442,0.027083052566259085,4.919658675728896,136.95585884903278
1377,-0.026541807377620283,0.013686101816926205,4.893116868351276,133.3686193231593
1378,0.010674689749399275,0.012688036871342767,4.903791558100675,134.79991367713637
1379,0.01568228704664896,0.01613406598343034,4.9194738451473246,136.93054755721454
1380,0.014558702718919138,0.016695771035642407,4.934032547866243,138.93866098630588
1381,0.009616843031309363,0.01617219666232856,4.943649390897553,140.2812577035938
1382,-0.012849403724925386,0.015386318634067935,4.930799987172628,138.49025846662119
1383,0.012787939867614896,0.01258420096461718,4.943587927040242,140.27263574135912
1384,0.017128037309698235,0.01368766653343936,4.960715964349941,142.6959245272406
1385,0.006768364159658272,0.011405288010491652,4.967484328509599,143.66501839908094
1386,0.010491886101046215,0.012135334621637923,4.977976214610645,145.18027043487038
1387,-0.02113381885584204,0.013373823747314379,4.956842395754803,142.14425123730297
1388,0.006300527430197765,0.013220197902777097,4.963142923185001,143.04266225089586
1389,0.0138135429455631,0.010656511172834322,4.976956466130564,145.0322985346397
1390,0.013440993342705407,0.010185499137535668,4.990397459473269,146.99483637678892
1391,-0.0066353247167677334,0.00861507538944941,4.9837621347565015,146.02270667057812
1392,0.012428694360328781,0.007686588273925486,4.996190829116831,147.84890337375916
1393,0.0012880931616612616,0.006658490787588945,4.997478922278492,148.0394692421013
1394,-0.004410114945924593,0.006889839061975002,4.993068807332567,147.38803567049194
1395,0.007151162023236658,0.007958701286770797,5.000219969355804,148.4458090404385
1396,0.0006014090832092043,0.009975371246603186,5.000821378439013,148.53511254963877
1397,0.0020655889978861285,0.012807965641579783,5.002886967436899,148.8422421364674
1398,-0.0006005658577462779,0.012197617997012694,5.002286401579153,148.75287940443874
1399,0.0024441449283284147,0.015207546609677472,5.004730546507481,149.11689767569942
1400,-0.01751501986003861,0.01481201051794623,4.987215526647443,146.5278520321086
1401,0.0049870136756636875,0.014050567309342107,4.992202540323106,147.26041356299288
1402,-0.0069791363524293,0.014432105809890492,4.985223403970677,146.23624113407843
1403,-0.02890401823238528,0.014701606195523817,4.956319385738292,142.0699278077596
1404,0.0009709937745612689,0.013805350033304993,4.957290379512853,142.20794381871318
1405,0.01589790503026435,0.011890288223597011,4.9731882845431175,144.48681887636616
1406,0.007905344244390265,0.012014355835063039,4.981093628787508,145.63356365237397
1407,0.003121336579495708,0.011634151903503078,4.984214965367003,146.088845195631
1408,-0.005211431347300406,0.013966043332013102,4.979003534019703,145.3294935812937
1409,0.008906943454090786,0.01200183560670488,4.987910477473793,146.62971707545998
1410,0.014587347474828857,0.011645195236956802,5.002497824948622,148.78433256427004
1411,-0.007310219660445204,0.011955595985707121,4.995187605288177,147.70065220783954
1412,0.0046435023425149685,0.012197292508668784,4.999831107630692,148.38809536909557
1413,0.017382584875070096,0.015669678301428954,5.017213692505762,150.99001253962697
1414,-0.010008804544101562,0.012906643213038528,5.00720488796166,149.48632064794563
1415,0.010255088468062473,0.014453352617494874,5.017459976429723,151.027203531978
1416,0.016768370105269572,0.013584052873874998,5.034228346534992,153.58103553700505
1417,0.005997802512406298,0.011651146322450259,5.040226149047399,154.50495222299867
1418,0.01032355227124548,0.01317826314375269,5.050549701318644,156.1082538179554
1419,0.009670370139953045,0.013607857927878345,5.060220071458597,157.62520131460366
1420,0.0025371892749298493,0.010061219514604884,5.062757260733528,158.0256340568575
1421,-0.007536879675468282,0.009067769760008627,5.055220381058059,156.83909090058006
1422,-0.0034679639152620733,0.009276189214669805,5.051752417142797,156.29612063765538
1423,-0.016855040649979034,0.008602497307987423,5.034897376492818,153.68382022991872
1424,-0.009545861299834616,0.009460880459727065,5.025351515192983,152.22375567201638
1425,0.005562020332326307,0.01195184881528121,5.030913535525309,153.072786270047
1426,0.002728388166702023,0.015083654406441455,5.033641923692012,153.4909985119819
1427,-0.015084405466989734,0.016235176378787866,5.018557518225022,151.19305319690244
1428,0.020442187314000524,0.014533628256379846,5.038999705539022,154.3155767802116
1429,0.007673748660767375,0.012199693399433808,5.04667345419979,155.50431092102258
1430,-0.0039447364375809,0.01107258511203956,5.042728717762209,154.89209570724933
1431,-0.0016373352216296007,0.011962665797413955,5.041091382540579,154.63869293265145
1432,-0.0169649221486038,0.012645085530911981,5.024126460391976,152.037387408279
1433,-0.000006451818230960923,0.017257299867846063,5.024120008573744,152.03640649385537
1434,-0.00008994105373131165,0.01646035936218013,5.024030067520013,152.02273279417253
1435,-0.0055645305449081445,0.0162695696644384,5.018465536975105,151.1791469104592
1436,-0.01063434913704106,0.014979764505854372,5.007831187838065,149.57997323633253
1437,0.016609725671323898,0.013024090464906645,5.024440913509388,152.08520355628715
1438,0.00604711999701925,0.012550084687301009,5.0304880335064075,153.00766734554955
1439,-0.0039021509540532154,0.01309988029040092,5.026585882552354,152.4117717239047
1440,0.0036021011079087014,0.014133084263181345,5.030187983660262,152.96176430544796
1441,0.013558643760326538,0.011751993058374747,5.043746627420589,155.04984213966435
1442,0.0003192968544823103,0.012372988845001938,5.044065924275071,155.09935697109185
1443,-0.021318792012339337,0.009693224403462831,5.022747132262732,151.8278225257243
1444,-0.0021229398198070537,0.008684905258310886,5.020624192442925,151.50584308794137
1445,-0.004117551165603838,0.0071469811639428725,5.016506641277322,150.8832925984573
1446,-0.014818997206842535,0.007265481095608637,5.001687644070479,148.663839160376
1447,0.0019092630763946075,0.00699894368341934,5.003596907146873,148.94794867287578
1448,-0.0012413670600673456,0.007139561432981016,5.002355540086806,148.76316431206737
1449,-0.000011240694616153078,0.009090223873522513,5.00234429939219,148.76149212016554
1450,-0.014595251452586468,0.009627781714453824,4.987749047939603,146.60604861897943
1451,-0.004043285087589995,0.011244556887062466,4.983705762852013,146.01447532451505
1452,0.008264500232286793,0.011514084532485586,4.9919702630843,147.22621229298713
1453,0.0036159405390418296,0.010138802479614807,4.9955862036233425,147.75953717685806
1454,-0.008285409192847823,0.009261873186528076,4.987300794430494,146.5403466698941
1455,0.007587126249546451,0.009430801972982936,4.994887920680041,147.65639522766025
1456,0.00032715725183400787,0.009419767507019495,4.995215077931875,147.70470999097034
1457,0.02259553265652369,0.010826889514020081,5.017810610588398,151.08016811347855
1458,0.01325236852682314,0.010421786398094646,5.031062979115221,153.095663726147
1459,-0.0037897895802731767,0.010987251157245146,5.027273189534949,152.51656140605522
1460,-0.021018831786229996,0.010450878207667866,5.006254357748719,149.34429689337642
1461,0.0045481532357675315,0.012297128576053454,5.010802510984486,150.02508463046297
1462,0.012076991195020374,0.011798895166854772,5.0228795021795065,151.8479212921627
1463,0.015614436985282802,0.016456044298926206,5.038493939164789,154.23754888406216
1464,-0.008274546466191557,0.017967522075595432,5.030219392698598,152.96656876281818
1465,-0.002983800565038954,0.012821057001129446,5.027235592133558,152.510827287472
1466,-0.0011517438822539125,0.011935653404532733,5.026083848251305,152.33527499021443
1467,0.0036079662093936368,0.011094809861496514,5.029691814460699,152.88588821453493
1468,0.012940173072026722,0.009980874849230303,5.042631987532725,154.87711368390524
1469,0.005269352634575332,0.014756304290702953,5.0479013401673,155.69536975751697
1470,0.017060087774568265,0.015643021366482865,5.064961427941869,158.3743331318811
1471,0.008714436977846662,0.012698034778467676,5.073675864919715,159.76050736855558
1472,-0.019536633074762732,0.012751705792523896,5.054139231844952,156.66961607116576
1473,-0.014824309266658483,0.011488867772002672,5.039314922578294,154.36422734677868
1474,0.006312884770669964,0.012708448536535584,5.045627807348964,155.3417933108396
1475,0.0002993072980445298,0.017082399752113127,5.045927114647009,155.38829520209944
1476,-0.03128546936014337,0.016541019397324972,5.014641645286865,150.6021581015761
1477,-0.01840228813065505,0.013403364411666917,4.9962393571562105,147.85607836525708
1478,0.0019073286827920664,0.014509217163730126,4.998146685839003,148.1383576185311
1479,-0.00013183311595734275,0.017110004201554518,4.9980148527230455,148.11882936451704
1480,0.0026724040403852474,0.016749422125579033,5.00068725676343,148.51519210737217
1481,-0.002793000043461419,0.014365934706370844,4.9978942567199685,148.10096790274733
1482,-0.01012007243774098,0.014549069362265337,4.987774184282228,146.60973380516418
1483,0.0023556496954441368,0.014739709315857752,4.990129833977672,146.95550207451927
1484,-0.01596551514302008,0.01571433205468648,4.974164318834652,144.62791181083446
1485,-0.007216377347486528,0.011881752359986066,4.966947941487166,143.58797901094516
1486,0.003438980844426055,0.010838240786273417,4.970386922331592,144.08262537243647
1487,0.008129586176051858,0.010678880312942693,4.978516508507643,145.25873164309817
1488,0.004306385519270882,0.01252363362085593,4.982822894026914,145.88562058552364
1489,-0.010427914744018394,0.010850103304669957,4.972394979282896,144.3722421760773
1490,-0.015874655335248802,0.01034257354355792,4.956520323947647,142.09847795296795
1491,-0.012923868865125244,0.009703450664071685,4.943596455082522,140.27383199742835
1492,-0.004199632191120249,0.011419878769076075,4.939396822891402,139.68596876568344
1493,0.02294946798632973,0.012411971749146879,4.962346290877731,142.92875522186256
1494,-0.011950165739565921,0.013125192673142402,4.950396125138165,141.23089795127194
1495,-0.016703752946694957,0.010291487442816463,4.93369237219147,138.8914054715968
1496,-0.006497421531475025,0.010334601061454366,4.927194950659995,137.99189487741256
1497,-0.008969859305794347,0.013839943444607499,4.918225091354201,136.75966173592317
1498,0.0033207158606434833,0.011871512101455347,4.921545807214844,137.2145565839981
1499,0.005647790176693699,0.012292539672714237,4.927193597391538,137.99170813746022
1500,0.0300826203240151,0.01317713264961634,4.957276217715553,142.20592991289877
1501,0.00038687015045438185,0.011333339824183795,4.957663087866008,142.26095578564724
1502,-0.0007778011886550566,0.011223086464578383,4.956885286677353,142.15034806612204
1503,0.017965546918161993,0.012418346770030009,4.974850833595514,144.72723509667526
1504,-0.004318797398993737,0.013736962522524413,4.970532036196521,144.10353527619512
1505,0.027342897692834926,0.01645888076330907,4.9978749338893556,148.09810620047912
1506,0.014339656663335724,0.018836912318407343,5.012214590552691,150.23708163027766
1507,0.02354467941393002,0.017618683106841046,5.035759269966621,153.81633641081632
1508,-0.012301429872729067,0.015439782751983558,5.023457840093893,151.93576610181023
1509,-0.010948533873510073,0.020064177093982283,5.012509306220382,150.28136537733874
1510,0.021051516537993482,0.019590988944348915,5.033560822758376,153.47855075346706
1511,-0.00902017959172555,0.018645277573239506,5.024540643166651,152.10037171785768
1512,-0.012638062346898345,0.01676876321970589,5.011902580819752,150.19021351059564
1513,0.006360600074578856,0.01701581372103793,5.018263180894331,151.1485579858274
1514,-0.01300561489767491,0.014252549217443048,5.005257565996656,149.19550589915323
1515,-0.016777078875561922,0.013970472939000209,4.988480487121094,146.71332125410444
1516,0.018853253684668596,0.015311234396495468,5.0073337408057625,149.50558362653362
1517,-0.000617747182750754,0.011675176656537473,5.006715993623012,149.41325549410084
1518,-0.01807232382818127,0.011616148377480397,4.988643669794831,146.7372642796299
1519,-0.017544011859245548,0.01222944374289566,4.971099657935585,144.1853547945657
1520,0.010470299089410164,0.01127459694814784,4.981569957024995,145.70294955498787
1521,0.0012868003812552483,0.010069544537001054,4.982856757406251,145.89056084927975
1522,-0.009999392778275742,0.011274232850116748,4.972857364627974,144.43901322088226
1523,-0.006104118896332197,0.009617570822472958,4.966753245731643,143.56002576216534
1524,-0.002334624253152012,0.01043329996510653,4.96441862147849,143.22525797478906
1525,0.000738743956341441,0.012091768378831986,4.965157365434832,143.33110386020383
1526,0.00018972106557412128,0.012013325655341654,4.965347086500406,143.35829936965703
1527,-0.0044594796573377725,0.009808179547411665,4.960887606843068,142.7204193135985
1528,0.025878880997615667,0.010870152433952342,4.986766487840684,146.46207011069816
1529,-0.023541120097982593,0.013176956354265875,4.963225367742702,143.05445582606882
1530,-0.013653112248751497,0.012770879164969115,4.949572255493949,141.11459001949052
1531,-0.008885568705569958,0.013202701911823139,4.94068668678838,139.8662609048727
1532,0.0011217342084920005,0.011598951808793067,4.941808420996872,140.02324170324874
1533,0.013749018856614139,0.010114776507406774,4.955557439853486,141.96171944060697
1534,-0.007174259938844025,0.008903277579842175,4.948383179914642,140.94689382809614
1535,0.00022481398261801238,0.008965628496638916,4.94860799389726,140.97858422272364
1536,0.004231696863650919,0.008847240656080294,4.952839690760911,141.57642690778525
1537,-0.0021998954600066043,0.010715808146172384,4.950639795300904,141.2653159003028
1538,0.005369675613683034,0.009305287479206807,4.956009470914587,142.0259050531338
1539,0.000959398468219341,0.010953629011598827,4.9569688693828065,142.16222987334447
1540,-0.010434293101234702,0.011314036973902401,4.946534576281572,140.68657957116784
1541,0.01293165749441306,0.014951252550714264,4.959466233775985,142.5177044543128
1542,0.014538829639802324,0.014518547320533126,4.974005063415787,144.60488086610954
1543,-0.007890940593718207,0.013653252496480202,4.966114122822069,143.46830257511908
1544,0.003952667754779407,0.015735195564441067,4.9700667905768485,144.03650733106656
1545,-0.012000251679512899,0.010186701285836099,4.958066538897335,142.3183626946362
1546,-0.01045735930471437,0.012496326757152862,4.947609179592622,140.83784309498083
1547,-0.0011275360149582746,0.012509963366295493,4.946481643577663,140.6791328471968
1548,-0.004426093393724373,0.010489806378978344,4.942055550183938,140.05784980930167
1549,-0.0023588693525608616,0.010807951380049887,4.939696680831378,139.7278609930657
1550,-0.006575698617072972,0.01247660489100984,4.933120982214305,138.81206698336305
1551,-0.0009037657510578848,0.012559059905548708,4.932217216463247,138.68667006464537
1552,0.012787686067133472,0.012406346881677343,4.94500490253038,140.47153951574808
1553,-0.0055138964024331934,0.01582912606467676,4.939491006127947,139.69912546188223
1554,-0.011904086839715026,0.01669108414377135,4.927586919288232,138.04599397303696
1555,-0.010858623112515791,0.014396076421202431,4.916728296175716,136.5551136551052
1556,-0.018123499132771177,0.012657816498222396,4.898604797042945,134.1025488301098
1557,-0.013631567809526936,0.011334372520358172,4.8849732292334185,132.28692386453048
1558,0.005029138846415758,0.011571199396676047,4.890002368079834,132.95388889633315
1559,0.0010363936371477992,0.011280712338690069,4.891038761716982,133.09175288916174
1560,0.021096313419510872,0.010990559129166152,4.912135075136493,135.92932412908476
1561,0.019584339172273087,0.013320434305561749,4.931719414308766,138.61764872240119
1562,0.00205324998806959,0.014606730680161625,4.933772664296836,138.90255780267537
1563,0.000255870527562605,0.016358956439445623,4.934028534824398,138.93810342076415
1564,0.022095913004176418,0.016255497079982306,4.956124447828574,142.0422356922083
1565,-0.008984172849179614,0.015176488304701771,4.947140274979395,140.77181906133342
1566,-0.007261545280817059,0.01473470658080183,4.939878729698577,139.75330060743195
1567,0.00792598972775046,0.014145234649997465,4.947804719426328,140.86538519610036
1568,0.016426514334009355,0.014276962250090302,4.964231233760337,143.1984218349753
1569,0.00552226896579148,0.013902670739883155,4.969753502726129,143.9913895110611
1570,0.016146938567187234,0.01195253369679671,4.9859004412933166,146.33528205066403
1571,-0.00279930231025757,0.013078755651937054,4.983101138983058,145.9262181714003
1572,0.010944893693036311,0.01446605174087835,4.994046032676095,147.53213739274167
1573,0.0009480106342327114,0.012003914830170635,4.994994043310328,147.672065744184
1574,-0.006291800298608967,0.013237698454216124,4.988702243011719,146.74585940495575
1575,-0.011383852062224292,0.013784426401254329,4.9773183909494945,145.08479882303152
1576,-0.0051920272209375635,0.012943001045304237,4.972126363728557,144.33346675428783
1577,-0.02095126344941253,0.01063218011044777,4.951175100279144,141.3409561706573
1578,0.0005688805929157963,0.01040358979287581,4.9517439808720605,141.42138517268714
1579,-0.0008319726965862232,0.011294319757302211,4.950912008175474,141.30377537236532
1580,0.006809578221972738,0.012630644577946808,4.957721586397446,142.26927808606052
1581,0.0015969550793185187,0.014927959592085592,4.959318541476765,142.49665724115633
1582,0.019575248998039616,0.014749034220416062,4.978893790474805,145.31354548260634
1583,0.009727949070149232,0.016482452210951425,4.988621739544954,146.73404633004338
1584,-0.012732163348222912,0.018262810592301847,4.975889576196731,144.87764754771234
1585,0.025922651949621282,0.019542972068467765,5.001812228146353,148.68236146116152
1586,-0.04704193558241013,0.020244094045113126,4.954770292563943,141.85001862619455
1587,0.029628639965148494,0.021806201808022167,4.984398932529091,146.1157232181553
1588,-0.024605880484009322,0.02461057423706419,4.9597930520450815,142.56428945579827
1589,-0.011159870792651088,0.02024177109384745,4.94863318125243,140.98213514511488
1590,-0.019829194079633034,0.022455441924113636,4.928803987172797,138.2141076009916
1591,0.012261501850521462,0.018928907370945568,4.941065489023319,139.91925259314726
1592,0.0007049190212315656,0.01884230969952184,4.94177040804455,140.01791910760235
1593,-0.010391291504762671,0.017139065102152806,4.931379116539787,138.5704854710296
1594,0.03081628304008385,0.015494121622082269,4.962195399579872,142.907190143518
1595,0.0022544501487649473,0.016782327267871315,4.964449849728637,143.22973071881003
1596,-0.020818039618057664,0.015374103454175286,4.9436318101105785,140.2787914703648
1597,-0.011690660105835575,0.01569687249635397,4.931941150004743,138.64838861115467
1598,-0.005627820994685548,0.013702727049446617,4.926313329010058,137.87029184718122
1599,0.007309672718817714,0.01510261325867053,4.933623001728876,138.88177084473196
1600,-0.005319460404675469,0.014216131727608801,4.9283035413242,138.14495622932682
1601,0.006258482062161061,0.017335993388736863,4.934562023386361,139.01224508486644
1602,-0.016073918705879656,0.019843975040117024,4.918488104680481,136.79563608011586
1603,0.019595070034588557,0.020823730432634073,4.93808317471507,139.50259102084613
1604,-0.011531856785477242,0.019188961741311256,4.926551317929593,137.9031073536825
1605,0.02420826790460618,0.015145486451200924,4.950759585834199,141.28223916143352
1606,0.015713274457677253,0.016428345939705196,4.966472860291876,143.5197792637389
1607,-0.012742832681593803,0.017429201621610782,4.953730027610282,141.70253374811665
1608,0.022168020543375088,0.018027860834010125,4.975898048153657,144.8788749501012
1609,-0.0023312885389289773,0.02444867002818794,4.973566759614728,144.541513885183
1610,-0.010941338045757431,0.024130383466809634,4.962625421568971,142.96865659269525
1611,-0.006030899963665503,0.024311548780066205,4.956594521605306,142.10902171834545
1612,0.004640447191936891,0.025493463173946972,4.961234968797243,142.77000356869522
1613,-0.046130259112295145,0.02317663227467196,4.915104709684947,136.33358450186276
1614,0.0008260125009981552,0.020585872188480455,4.915930722185945,136.4462442697499
1615,0.010220610673709201,0.020601623610663446,4.9261513328596545,137.8479591995973
1616,0.01012093585991482,0.021315374050756355,4.936272268719569,139.25019354540495
1617,-0.009182290055024519,0.026153666254068137,4.927089978664545,137.9774103530993
1618,-0.015115742475565375,0.025977228156933617,4.911974236188979,135.90746315775056
1619,-0.002223603958948195,0.028148506860179022,4.909750632230031,135.6055945271437
1620,-0.011840373621913206,0.028396389363661442,4.8979102586081185,134.00944179268987
1621,0.024443615012390736,0.026841116700781816,4.922353873620509,137.3254798681957
1622,0.010904510478764706,0.0316310975011271,4.933258384099274,138.83114133341874
1623,0.012369374844908508,0.0334596532471258,4.945627758944182,140.55906036872494
1624,-0.01693766817270295,0.03532194982072441,4.928690090771479,138.19836640797408
1625,0.004211161708017344,0.0366199911804257,4.932901252479496,138.78156919545464
1626,-0.010351935061719508,0.03227560987051609,4.922549317417777,137.35232190441212
1627,-0.0167186952025612,0.03609335132379892,4.905830622215216,135.07505976868632
1628,-0.0414688591481618,0.0373500171087085,4.864361763067054,129.5882042345332
1629,-0.03401986732107043,0.030587682564158197,4.830341895745984,125.2537770685214
1630,-0.03365374945341313,0.03323479188961031,4.796688146292571,121.10865844284693
1631,-0.008769941457704242,0.03386943002778061,4.787918204834866,120.05118636008271
1632,-0.010967666315083231,0.033598359530904,4.776950538519783,118.74169914323414
1633,0.0197828375525113,0.029963493709406246,4.796733376072294,121.11413628467074
1634,0.028416760642528394,0.03163615141722368,4.825150136714822,124.60517479049383
1635,0.05037740876844979,0.032828518146854814,4.875527545483273,131.04326626230664
1636,0.0067403229352144675,0.02826891795602285,4.882267868418487,131.92952367060312
1637,-0.03820728496520915,0.031856546716479923,4.8440605834532775,126.98393513447346
1638,-0.024679957474933362,0.027728051780141958,4.8193806259783445,123.88833379609738
1639,0.007293990687507567,0.029854150297938056,4.826674616665852,124.79527774851336
1640,-0.030406084283117182,0.03298735634821331,4.796268532382735,121.05785022582556
1641,-0.050347389727363155,0.03534496979569509,4.745921142655372,115.11379290572354
1642,-0.030208207002221456,0.03340797158451097,4.71571293565315,111.68840944525087
1643,-0.027132346882724583,0.0317299807841399,4.688580588770425,108.69878198454668
1644,0.015064970172264585,0.030433709801480406,4.70364555894269,110.34872284296868
1645,0.060792939177546454,0.03468902354421878,4.764438498120237,117.26525413776862
1646,0.04330658682070629,0.035164141283713396,4.807745084940943,122.45517993347053
1647,-0.01721675014488183,0.02825122014211307,4.790528334796061,120.36494485557246
1648,0.001642777875216302,0.02902020737862641,4.792171112671277,120.5628402284976
1649,0.0018287932356140352,0.02612351718957697,4.793999905906891,120.78352646841844
1650,-0.015406749396734788,0.025454307102408563,4.778593156510157,118.93690667626488
1651,0.027379083476815055,0.024884191580779324,4.805972239986971,122.23827820901145
1652,-0.05068406772039585,0.023727067069336746,4.755288172266576,116.1971331313926
1653,0.013638424283643076,0.022612912849891906,4.7689265965502186,117.79273494823299
1654,0.03371838324634114,0.023239325805089837,4.80264497979656,121.83223553159695
1655,-0.027004418635312655,0.022497840509588564,4.775640561161247,118.58625204416205
1656,-0.03946207119786927,0.02153543349914758,4.736178489963378,113.99772476155779
1657,-0.02541846435355983,0.019718485808459727,4.710760025609819,111.13659447340571
1658,-0.03247562985906271,0.0208722525132658,4.678284395750755,107.58534028601267
1659,0.02043929839219225,0.020062981380062794,4.698723694142948,109.80693574345946
1660,0.048708150297126745,0.023052767859086727,4.747431844440075,115.2878269417759
1661,0.00028351309071006505,0.021869670370835682,4.747715357530785,115.32051718375021
1662,0.03134735407864292,0.02221979554063935,4.779062711609428,118.99276722106174
1663,0.0028463034324942784,0.022374673205362582,4.781909015041922,119.33193920705715
1664,-0.016265141675434986,0.02271587509816537,4.7656438733664865,117.40668799566267
1665,-0.021279995266004558,0.011917726062492692,4.744363878100482,114.93466978349599
1666,0.0008039179920238352,0.011461394392306009,4.745167796092506,115.02710498262384
1667,-0.03072637046440001,0.011957242948042195,4.714441425628106,111.54648676013939
1668,-0.0004612511191746823,0.011627467879569624,4.713980174508931,111.49504768235934
1669,0.012997294348581418,0.013365605635698932,4.726977468857513,112.95363997896892
1670,0.004400079783395602,0.01439741840368216,4.731377548640909,113.4517400430822
1671,0.007108928570444333,0.013207385301616508,4.738486477211353,114.2611339121585
1672,0.020256888855131595,0.013282349944506867,4.758743366066485,116.59931114673562
1673,0.0095224091781037,0.013957598912151151,4.768265775244588,117.71492071281472
1674,-0.010164508094031433,0.012496101864120692,4.758101267150557,116.52446688673093
1675,0.013512486765595957,0.012114762208566141,4.771613753916153,118.10968822454652
1676,-0.01706949390404066,0.013107795526355456,4.754544260012112,116.11072480421423
1677,-0.014873716707403164,0.019125606435672494,4.739670543304709,114.39650677600511
1678,-0.0066036143015065305,0.02048066709635446,4.733066929003202,113.64356517195935
1679,0.004341308853091591,0.01858107855200047,4.737408237856294,114.1379994569582
1680,-0.024660584648947596,0.017529085799467943,4.712747653207346,111.35771231283941
1681,-0.015337984018852042,0.020700637725202017,4.697409669188494,109.66274144791971
1682,0.002153772104750337,0.019940387631324274,4.699563441293245,109.8991845322407
1683,0.01854369361331222,0.018341619326820557,4.718107134906557,111.95613411697605
1684,-0.014905086610258921,0.018418438151152367,4.703202048296298,110.29979286085806
1685,0.030910490469179108,0.021346219499550158,4.734112538765477,113.76245413802287
1686,-0.01666973184589346,0.020915681791885878,4.717442806919584,111.88178322319307
1687,-0.010413146493507901,0.018964487729269345,4.707029660426076,110.72278669766808
1688,-0.03596848232165905,0.017100566376392377,4.6710611781044165,106.81102783787583
1689,-0.02781149283100863,0.02158383554288204,4.643249685273408,103.88138145516959
1690,-0.04644431433703514,0.024962206318082613,4.596805370936373,99.16700726694907
1691,0.028687559630473845,0.022681116632522095,4.625492930566847,102.05306576183638
1692,0.01387672489129805,0.021394719332752134,4.639369655458145,103.47909953547783
1693,-0.007549202613175349,0.016190983442243168,4.63182045284497,102.70085610157214
1694,0.005666850591971562,0.01542251257508167,4.637487303436941,103.28449865445562
1695,0.017893916209307137,0.01809645679690757,4.655381219646248,105.14929733721404
1696,0.001257600701867068,0.02040038956629416,4.656638820348115,105.28161635214994
1697,0.043572985243305176,0.018833117400793648,4.700211805591421,109.97046234438737
1698,0.004149152246039331,0.020478544190705952,4.7043609578374594,110.42769444205898
1699,-0.025960337151333595,0.019802588089866402,4.678400620686126,107.59784511190648
1700,-0.017559248616208906,0.020550573240952413,4.6608413720699176,105.7249988065091
1701,0.018138206359296118,0.017396984690103916,4.678979578429213,107.66015775392619
1702,0.04334104299421873,0.015475003881873384,4.722320621423432,112.4288549806827
1703,0.012181246837312377,0.01468247905217532,4.734501868260744,113.80675383990346
1704,-0.034484596336008165,0.015674101657887442,4.700017271924736,109.9490714678108
1705,-0.009388205948111877,0.01477138151272569,4.6906290659766245,108.9216771817052
1706,-0.0036176939752572525,0.01498195096855356,4.687011372001367,108.52834379528713
1707,0.0011186070187459202,0.016424990563791313,4.688129979020113,108.64981228747747
1708,-0.004488362758967284,0.014835108099644974,4.683641616261146,108.16324527770112
1709,-0.0063916082382565065,0.015655799164749126,4.677250008022889,107.4741128663788
1710,0.01627057832572967,0.01529290208010863,4.693520586348619,109.23708221050548
1711,-0.022429472829363625,0.015447731448585548,4.671091113519255,106.81422531816219
1712,-0.006177271511905683,0.014395881681979653,4.6649138420073495,106.15643860229672
1713,0.012433201124585444,0.015935607449093055,4.677347043131935,107.48454213463478
1714,-0.0006074824006128288,0.01387942848191887,4.676739560731322,107.41926699570656
1715,0.007825839023292957,0.012623735670229666,4.684565399754615,108.26321086445921
1716,-0.008068618071655303,0.014926955572038145,4.6764967816829595,107.39319101376864
1717,-0.005899958113371118,0.016977564099578842,4.670596823569588,106.76144116651851
1718,-0.021877718666871184,0.01859746421832288,4.6487191049027174,104.45110894110665
1719,0.016291792883778928,0.016542728086764196,4.665010897786496,106.16674219816039
1720,-0.015840899768878723,0.017979356488994205,4.6491699980176175,104.49821584626339
1721,0.007586043112209965,0.02029620135184028,4.656756041129828,105.2939582688692
1722,0.028820119973072673,0.01650605527229124,4.6855761611029,108.37269445501197
1723,-0.005613417556878287,0.01960109303874757,4.679962743546022,107.76605751544534
1724,-0.005227581099514869,0.020070672643299554,4.674735162446507,107.20417164157784
1725,0.021816033709216098,0.025979657526631124,4.696551196155723,109.56863933952735
1726,-0.003748064958144957,0.024900295946587027,4.692803131197579,109.1587376109178
1727,0.012655972247879664,0.02393411195704288,4.705459103445458,110.54902673778261
1728,-0.009787560589242041,0.02674814250068811,4.695671542856216,109.47229930353733
1729,0.0004339882911843768,0.02156237667159976,4.6961055311474,109.51981931046151
1730,-0.015389540880527153,0.024940130557922657,4.680715990266873,107.8472625247519
1731,-0.0222178078760939,0.023298127865923106,4.65849818239078,105.477555097468
1732,-0.013564568129163882,0.021889057903597433,4.644933614261616,104.05645769134091
1733,0.007106452501059149,0.018436061040159494,4.652040066762675,104.7985637128191
1734,-0.006244882051758535,0.01875034789932687,4.6457951847109165,104.14614829218417
1735,-0.004659578512067597,0.019554237773639332,4.641135606198849,103.66199997700245
1736,-0.004854802703125381,0.02271586229641323,4.6362808034957235,103.15996105531025
1737,-0.0042488498352501874,0.02523048817829633,4.632031953660473,102.72257971359033
1738,-0.0029020767333865034,0.026232600041613492,4.629129876927086,102.42490305418436
1739,-0.01128949553714917,0.024286091252839873,4.617840381389938,101.27508024033413
1740,0.00152216273453568,0.028159483136631133,4.619362544124473,101.4293547791024
1741,-0.010762024226213156,0.025493897900038174,4.60860051989826,100.34362242388748
1742,0.001552301954822921,0.024612897145682322,4.610152821853083,100.49950698378149
1743,0.038238311996998876,0.027072200381328224,4.648391133850081,104.4168576179865
1744,0.007496606593086752,0.021399921595671636,4.655887740443168,105.20257113410086
1745,-0.017042868672948346,0.01979047165615898,4.63884487177022,103.4248096384726
1746,-0.024322357888540015,0.019219806866974127,4.6145225138816794,100.9396197566639
1747,0.028584798521342086,0.02173881710690175,4.643107312403022,103.86659261750182
1748,-0.004043383711190358,0.024863391319812116,4.639063928691832,103.44746804053958
1749,0.02424983035348252,0.02954032446647352,4.663313759045314,105.98671531545999
1750,0.008111778545815811,0.023930897961187383,4.67142553759113,106.84995254001579
1751,0.02373169913516323,0.018994017615609465,4.695157236726293,109.41601150476944
1752,0.04308746135481996,0.019310044762545445,4.738244698081113,114.2335112940018
1753,0.040016196883741716,0.021579388297504602,4.778260894964855,118.89739508031464
1754,0.023908268845785258,0.020418871288246838,4.80216916381064,121.77427959560444
1755,0.0217667866239696,0.021803552768578642,4.82393595043461,124.45397270914187
1756,0.018574297616644,0.022985736069243673,4.842510248051254,126.78721997098833
1757,0.04214684238650468,0.02155440902698984,4.884657090437758,132.24510944566663
1758,0.009038476165632015,0.02118426593967651,4.89369556660339,133.44582184637653
1759,-0.006958547570836366,0.01836025844536747,4.886737019032554,132.52045608173069
1760,0.018204476761383644,0.018770378012418702,4.9049414957939375,134.95501433987988
1761,0.0037161837929513804,0.01943993107745374,4.908657679586889,135.45746499820612
1762,-0.00832208645416263,0.01927557344709837,4.900335593132726,134.33485397568126
1763,-0.018545267839634644,0.019151522545510134,4.881790325293092,131.8665366742381
1764,0.017331137813981524,0.018887345932434386,4.899121463107074,134.1718529682099
1765,-0.013447407628935091,0.019190884853940767,4.885674055478138,132.379666507051
1766,-0.04566948515428208,0.01774512319100906,4.840004570323856,126.4699297373309
1767,0.014159799884291412,0.016976857372990824,4.854164370208148,128.27345729461157
1768,0.028380115431367883,0.019483851314631897,4.8825444856395155,131.96602269670936
1769,-0.006269831160607483,0.018970982538502146,4.876274654478908,131.14120644678945
1770,0.02555180567002894,0.01568026492718036,4.901826460148937,134.53527874481648
1771,0.02080625972498963,0.017818737065231807,4.922632719873927,137.36377790313944
1772,0.0024757991181821168,0.015855630699170856,4.925108518992109,137.70428436220757
1773,0.02032598741084571,0.017172269422664664,4.945434506402955,140.5318995976447
1774,-0.011339471227274791,0.017044978705012127,4.934095035175679,138.94734316066763
1775,-0.010214371580581742,0.017778305735740473,4.923880663595098,137.53530717446742
1776,0.0023505238334848608,0.017283804390638556,4.9262311874285825,137.85896742847964
1777,-0.04098183916099951,0.029284335749702798,4.885249348267584,132.3234558455362
1778,-0.010551213318942914,0.025040625802210576,4.87469813494864,130.93462265807915
1779,-0.009371937772127177,0.02342234709115616,4.865326197176513,129.71324380540221
1780,-0.026193878016218166,0.02185825417150595,4.839132319160295,126.35966429053516
1781,0.012637227326761513,0.024166071534365688,4.8517695464870565,127.96663251856329
1782,-0.05023102443535756,0.02417586100478859,4.801538522051699,121.69750786000206
1783,0.00870910569850817,0.022890891065916123,4.810247627750207,122.76201303482173
1784,0.006763008252913424,0.02566682928737699,4.81701063600312,123.59506734349928
1785,-0.015906935988786074,0.02551459328679506,4.801103700014335,121.6446026047113
1786,0.008401012476289674,0.02291747475543132,4.809504712490624,122.6708451312476
1787,0.0419412549805663,0.028252708206491884,4.85144596747119,127.92523190009614
1788,-0.003558450734299964,0.02942263732692891,4.847887516736891,127.47082523606575
1789,0.006610603200531036,0.025261269581932096,4.854498119937421,128.31627567117
1790,-0.014687257314288417,0.025915056374711327,4.839810862623133,126.44543391062258
1791,-0.014613250778381062,0.02065928893534444,4.825197611844752,124.61109057778218
1792,-0.04094164511225383,0.022736824693173383,4.784255966732498,119.61233441181317
1793,-0.03170182666141048,0.022400318917568225,4.752554140071088,115.87988031571426
1794,-0.015014852545587895,0.024661022954494453,4.737539287525499,114.1529581841775
1795,-0.002551492272214792,0.022191590901721882,4.734987795253285,113.86206905201661
1796,0.00601275329032558,0.02032068753655998,4.74100054854361,114.54875595298772
1797,0.012749365028808126,0.022711999232482908,4.753749913572419,116.01852928579447
1798,0.021544994857803337,0.02363616995506177,4.775294908430222,118.54526946555912
1799,-0.0025720468623979293,0.026129384525804624,4.772722861567824,118.2407572548892
1800,-0.015335592647970313,0.02588820835481681,4.757387268919854,116.44129831817887
1801,-0.017584594907687358,0.016387664170707705,4.739802674012166,114.4116230660171
1802,-0.027410451722661905,0.017792054135207583,4.7123922222895045,111.31813937208324
1803,-0.025481651531256772,0.018230819991546326,4.686910570758248,108.51740455467274
1804,-0.0135626563504485,0.01755918011492447,4.673347914407799,107.05555597195855
1805,0.010890284865390577,0.01693006736831291,4.68423819927319,108.22779288444971
1806,0.011195703858495665,0.014766160644704231,4.695433903131685,109.44628742733707
1807,0.012113018238996534,0.015180265889360283,4.707546921370682,110.78007408589167
1808,0.005981890619657111,0.014918885433089186,4.713528811990339,111.44473435245673
1809,-0.0010699337033180359,0.011132327731538194,4.712458878287021,111.3255596410047
1810,0.018858393600384462,0.011669417424073162,4.731317271887406,113.44490174661034
1811,0.006861624979537133,0.01116265379192024,4.738178896866943,114.22599483755846
1812,0.017629455815280533,0.011738827405468695,4.755808352682223,116.25759232788353
1813,0.021779112018067898,0.014337089449224037,4.777587464700291,118.81735293051783
1814,0.007668268010537221,0.013648833943866396,4.785255732710828,119.7319785524517
1815,-0.017834632387157746,0.01433584608039824,4.767421100323671,117.61553185301878
1816,0.003615612586335534,0.015396624107006701,4.771036712910006,118.04155375130084
1817,0.013490136534820658,0.0156811629149655,4.784526849444827,119.64473971420654
1818,0.020479131771694477,0.01432078770150923,4.805005981216521,122.12022144648371
1819,-0.00296303008542943,0.01628639602183771,4.802042951131092,121.75891110734615
1820,0.001871249966542138,0.01645627884119093,4.803914201097634,121.9869657727786
1821,-0.005931669692369742,0.01643480017740302,4.797982531405264,121.26552118585218
1822,0.008850176441210125,0.01593157065647298,4.806832707846475,122.34350558450605
1823,-0.00011660208430092191,0.0149740546617678,4.806716105762173,122.32924090841576
1824,-0.00370945730010739,0.01421765780785339,4.803006648462066,121.87630640268344
1825,0.012013165230505858,0.012315854495985896,4.8150198136925715,123.34925629020935
1826,-0.0065777124480020845,0.014587576212498355,4.8084421012445695,122.54056294356592
1827,0.010591768225513064,0.012895173053846139,4.819033869470083,123.8453821573664
1828,0.02582453595957146,0.012906254964340344,4.844858405429655,127.08528613322166
1829,-0.0014703943929559801,0.01428987174632619,4.843388011036699,126.89855795673914
1830,0.004156599768188182,0.013024713264101182,4.847544610804887,127.42712222737356
1831,0.004374931864048096,0.013031100062997607,4.851919542668934,127.98582846447215
1832,0.011172936447304776,0.011875406370907423,4.863092479116239,129.42382435112648
1833,0.0006672855781271806,0.012764372748211648,4.863759764694366,129.51021582326817
1834,0.010565903722307505,0.012998957947428353,4.874325668416674,130.8858629745022
1835,0.008244523273715108,0.012969538834918661,4.882570191690389,131.9694150656044
1836,0.0017264061190087204,0.015336105397985751,4.8842965978093975,132.19744465049453
1837,0.007365512664315437,0.013933616355186359,4.891662110473713,133.17474133054006
1838,0.003984810897153255,0.011800509592380803,4.895646921370867,133.7064762189029
1839,0.008545647662640543,0.011451831454358984,4.904192569033507,134.85398075628603
1840,0.0100161352019347,0.01106202507949117,4.914208704235442,136.21148357691445
1841,0.015039476217272694,0.014849131686124187,4.929248180452714,138.27551501614863
1842,0.003875931665380885,0.013282665722690058,4.9331241121180955,138.81250145245758
1843,-0.009135668720602588,0.013534147887656169,4.9239884433974925,137.55013150156418
1844,0.016028711826326633,0.015429114114156931,4.94001715522382,139.77264737048492
1845,0.013688086871256055,0.01400437480931746,4.953705242095076,141.69902162133675
1846,0.01034357895312585,0.013004556562411581,4.964048821048201,143.17230300475052
1847,0.0036892957024011906,0.012600415548524202,4.967738116750603,143.70148351840777
1848,-0.010272884927708066,0.01188538399215639,4.957465231822894,142.23281138020806
1849,0.016168091822274275,0.013210219499453888,4.973633323645169,144.55113547113538
1850,0.02162327994553753,0.012008721669049576,4.995256603590707,147.71084365371655
1851,0.005668193812856528,0.013737769022502679,5.000924797403563,148.55047469153274
1852,0.009087293812247451,0.015714789997827095,5.010012091215811,149.90654869052042
1853,0.0268272025789192,0.023126406620372672,5.0368392937947295,153.98255146124305
1854,-0.0046616175966080284,0.022881132823275505,5.032177676198121,153.26641416573517
1855,-0.01590563545582981,0.020506335062515684,5.016272040742292,150.8478994490749
1856,-0.013916057647741975,0.022171867884417273,5.002355983094549,148.76323021531567
1857,0.009312140597843485,0.018481348899315575,5.0116681236923935,150.1550044722448
1858,-0.010931493981619763,0.01796086617862422,5.000736629710773,148.52252492115156
1859,0.019848466559854748,0.01732292235488566,5.020585096270628,151.49991990518367
1860,0.02034845506917943,0.015520506102402382,5.0409335513398075,154.61428804803685
1861,-0.006371524569012502,0.014246552120960595,5.034562026770795,153.63229104415706
1862,0.006237457219623741,0.01392965796350011,5.040799483990419,154.5935607097214
1863,0.028570751050903207,0.012219783999875606,5.069370235041322,159.0741164875698
1864,0.0036129495312172575,0.011875384240955918,5.072983184572539,159.6498827230287
1865,0.002796465458984324,0.009975564640405684,5.0757796500315235,160.0969629364262
1866,0.004321742129578151,0.01013039227206653,5.080101392161102,160.79035798402333
1867,0.0037357274153892116,0.010894954986816004,5.083837119576491,161.3921502986313
1868,0.023225490976810412,0.011336374703414755,5.107062610553301,165.1844305455794
1869,0.0023260670522810495,0.012288811114231551,5.109388677605582,165.56910782615117
1870,0.0065642834189105215,0.012633208268314614,5.115952961024493,166.6595253647341
1871,0.0030447500768825816,0.011447624114215264,5.118997711101375,167.1677352608483
1872,0.021326281470778162,0.011217122924856703,5.140323992572154,170.77108792329466
1873,-0.009319162470471085,0.013295642559353733,5.131004830101682,169.18703688828563
1874,0.014505000030857114,0.01428630609454613,5.145509830132539,171.65897928563228
1875,0.015052278693679998,0.015226945233938739,5.16056210882622,174.2623825030285
1876,0.01081075780974253,0.013243789883865147,5.171372866635962,176.15651094997884
1877,0.003882599658438362,0.011645831318298773,5.1752554662944,176.84178562197653
1878,-0.01809065731821312,0.010859060131970187,5.157164808976187,173.6713654366226
1879,-0.004898249918277599,0.010078510338557391,5.15226655905791,172.8227597232041
1880,-0.0058842527636793944,0.00975500618371756,5.14638230629423,171.80881300666942
1881,0.0034613362901590406,0.008031935581827196,5.14984364258439,172.40453148232032
1882,-0.005400735596385976,0.00831752008271043,5.1444429069880035,171.47593001478103
1883,0.005301033587709885,0.00949634836708452,5.149743940575713,172.3873432610909
1884,0.008486594861315486,0.009312132887496768,5.158230535437029,173.85655026691842
1885,0.009159072299099178,0.010222642182191231,5.167389607736128,175.4562295868686
1886,0.028371558496671105,0.01152777762534312,5.195761166232799,180.50548520034835
1887,0.004977262897357667,0.00965569010481157,5.200738429130157,181.4061480130524
1888,-0.00020304117349755304,0.011216078446303271,5.200535387956659,181.36931883492645
1889,-0.0021578397587842593,0.010916179223644074,5.198377548197875,180.97837485664593
1890,0.0012673249567508654,0.009500841775592909,5.199644873154626,181.20787866496852
1891,0.010522187262385048,0.011629533165265094,5.210167060417011,183.12464851857735
1892,-0.015049649636168878,0.010208566719963105,5.195117410780842,180.38932120475692
1893,0.005923984431713841,0.009492627740917841,5.201041395212556,181.46111624937421
1894,-0.0025990894639554875,0.00983818714089835,5.198442305748601,180.99009495241415
1895,-0.011210590770721854,0.010745086184446044,5.187231714977878,178.97241986052342
1896,-0.006136571573315351,0.011961814825572535,5.181095143404563,177.8775057418041
1897,0.011334689933778027,0.012364857945864699,5.192429833338341,179.9051618335478
1898,-0.013973736766744268,0.010632583032934462,5.178456096571597,177.40869754909556
1899,0.0064855718650241555,0.01012261125477649,5.184941668436621,178.56303362512
1900,-0.0074382510724991255,0.009348795952145342,5.177503417364122,177.2397644540158
1901,-0.009283048403541903,0.0104654369755116,5.16822036896058,175.60205238257328
1902,0.001135700195484817,0.010041115494965882,5.1693560691560645,175.80159695775015
1903,-0.0063156150610971015,0.009851827243202538,5.1630404540949675,174.69480047340818
1904,-0.003063296386594596,0.01105036520340069,5.159977157708373,174.16047733526136
1905,0.012651086605625667,0.011902685033388153,5.172628244313999,176.37779276873303
1906,-0.017461687475591264,0.011432777902467958,5.155166556838408,173.3246727644168
1907,-0.006788711364320739,0.011215654458589321,5.148377845474087,172.15200653865057
1908,-0.020548616210497434,0.011430555646798695,5.12782922926359,168.65061856817204
1909,-0.002745190330976198,0.012055901560091566,5.125084038932613,168.1882754210881
1910,-0.0017507203552738044,0.0122208925417476,5.123333318577339,167.89408238380173
1911,-0.015973679915165975,0.012804594014234876,5.107359638662174,165.23350225207682
1912,0.0028060162150527175,0.01294297018843935,5.1101656548772265,165.69780124927658
1913,0.011333740854609241,0.011997581274672308,5.121499395731835,167.58645975479487
1914,-0.015157291671150088,0.011852240989957045,5.106342104060685,165.06545695666074
1915,0.012278447896246917,0.010715984173062807,5.118620551956932,167.10469830906737
1916,0.0017319266793765985,0.01079163750411619,5.120352478636309,167.39436216018845
1917,-0.006789515861979851,0.011971093163498918,5.113562962774329,166.26168499900317
1918,-0.00402330566861758,0.011505732537652706,5.109539657105711,165.59410725444062
1919,0.009552810322479245,0.013066346457295987,5.119092467428191,167.18357621190697
1920,-0.010816901889738748,0.012563650616428758,5.1082755655384515,165.38491338783012
1921,-0.012349481133646,0.009643453568079857,5.095926084404806,163.35505516575378
1922,0.01265728302824147,0.009365035361421742,5.108583367433047,165.43582701276156
1923,0.006960870659407968,0.01013703557965902,5.115544238092455,166.59142171358505
1924,0.012382697274670305,0.01054310036177683,5.1279269353671255,168.66709756800756
1925,0.007547216696757783,0.009418062271850174,5.135474152063884,169.9448804900135
1926,-0.010947288964601459,0.010024040852285794,5.124526863099282,168.09459108032286
1927,-0.006247747602423793,0.009859579524186392,5.118279115496858,167.04765241174383
1928,-0.013438770070401587,0.010137446773377383,5.104840345426457,164.81775452265086
1929,0.03659290496261408,0.013298495267714282,5.1414332503890705,170.96062218922555
1930,0.0082902198571735,0.013996796163913519,5.149723470246244,172.38381447149595
1931,-0.014303353900328462,0.01517942339274014,5.135420116345916,169.93569764448435
1932,0.009298649332901834,0.017315656169213725,5.144718765678817,171.5232396654301
1933,-0.004266887412031909,0.011635763363853685,5.140451878266785,170.79292849901552
1934,0.0031025371596884728,0.01105240077134439,5.143554415426474,171.32364276094555
1935,0.0002680341963470568,0.009046165883515339,5.143822449622821,171.36956951054302
1936,-0.00015218297098957648,0.008521176714863592,5.1436702666518315,171.34349196464726
1937,0.01353530797024091,0.008652664105301433,5.157205574622072,173.6784454063151
1938,0.005155900023310089,0.007175421630729376,5.162361474645382,174.57622655312025
1939,-0.003854575018873378,0.007531787250978002,5.158506899626509,173.90460463146576
1940,-0.0014793486798635892,0.007806028152664003,5.157027550946646,173.64752928310418
1941,0.003976982607636125,0.006981623839822451,5.161004533554282,174.33949754776233
1942,0.0105942035867111,0.007765513730420169,5.171598737140993,176.19630400394104
1943,0.014598588368487264,0.008582836695287182,5.18619732550948,178.78738838808712
1944,0.0032412162560747624,0.008109711731602692,5.189438541765555,179.36781711708755
1945,0.008515725426392173,0.006836263970334985,5.197954267191947,180.90178635845712
1946,-0.00011586369451776307,0.0065246061809817145,5.197838403497429,180.88082762334645
1947,0.005139929926569156,0.007517391973367615,5.2029783334239985,181.8129358357345
1948,0.0008765975110820965,0.009247346920905824,5.203854930935081,181.97238247782525
1949,0.016116521518172836,0.010945014584511274,5.219971452453254,184.92890472877517
1950,-0.019791063165571623,0.011493072927627615,5.200180389287682,181.30494439524298
1951,0.0020447579663298325,0.009446506928041665,5.202225147254012,181.67604840426972
1952,-0.0038128244691171664,0.010210521396720988,5.198412322784894,180.9846684143182
1953,0.0037789274697612955,0.00641672282588625,5.202191250254655,181.66989023574612
1954,-0.009291735016631478,0.006486331009452548,5.192899515238024,179.9896798784648
1955,-0.009228812708564413,0.005237176913951754,5.18367070252946,178.3362302573079
1956,-0.0004022776691661361,0.005708320549323581,5.183268424860294,178.26450400217476
1957,0.0002756742235153758,0.007616707983127183,5.183544099083809,178.31365370523778
1958,0.006019708417191851,0.006679674358562505,5.189563807501001,179.39028716594825
1959,0.00007317270701615788,0.008196483938514352,5.189636980208017,179.40341411913408
1960,0.0037227696601911165,0.007176751706149952,5.1933597498682085,180.0725364274847
1961,-0.0036544956249815025,0.007036418782901113,5.1897052542432265,179.41566313228637
1962,0.003159992899951326,0.007095189479937298,5.192865247143178,179.98351208072333
1963,-0.0013830595294661771,0.006403951184171855,5.191482187613712,179.73475623092034
1964,0.010788146839961972,0.007080906990285745,5.202270334453674,181.6842580216262
1965,-0.004128119833641639,0.009093524510137212,5.198142214620032,180.935789579248
1966,-0.005201263875360148,0.009598035428054671,5.192940950744672,179.99713799655638
1967,0.0026694496204706254,0.009699533061329665,5.195610400365142,180.47827318562832
1968,-0.00933649006987102,0.009764720757132533,5.186273910295272,178.80108130625706
1969,-0.01168890905789278,0.011737021604041208,5.174585001237379,176.72325912247382
1970,0.0026823605258829435,0.010537355510573932,5.177267361763262,177.19793095263174
1971,-0.013024089026641327,0.011263473103482777,5.164243272736621,174.90505305853293
1972,0.004881939536238956,0.009894754237287497,5.16912521227286,175.76101663331795
1973,-0.0027220926895754915,0.009454267998941716,5.1664031195832845,175.28322944036574
1974,-0.010520471475789321,0.010180041654179633,5.155882648107495,173.44883349920417
1975,-0.005110993737460051,0.009269400097383338,5.150771654370034,172.56459918030194
1976,0.014551319281443398,0.009277150398529098,5.165322973651478,175.09400018917285
1977,0.007264870369114168,0.007713895636113897,5.172587844020592,176.3706671980933
1978,0.006269267098445934,0.007944963805403894,5.178857111119038,177.47985528434532
1979,-0.008803018192329854,0.008521213408661734,5.1700540929267085,175.92435348984824
1980,0.008483855285142294,0.009707964731400068,5.178537948211851,177.42321933629324
1981,-0.0047931047342380925,0.009083414366118325,5.173744843477612,176.57484605891435
1982,-0.003856990995113863,0.00932110653856869,5.169887852482499,175.89511017795476
1983,-0.008130147568770943,0.009222672553705548,5.161757704913728,174.47085452508261
1984,0.006872279069035469,0.009194838487481989,5.168629983982763,175.67399635481527
1985,-0.0005096087305496845,0.0071217612328658,5.168120375252213,175.58449416002924
1986,0.005698031706649824,0.007180771957778063,5.173818406958863,176.5878359970784
1987,0.00469622034169213,0.007407382281166534,5.178514627300555,177.4190817133801
1988,-0.00031741976330802035,0.007812265629242538,5.178197207537247,177.36277432746758
1989,0.006812646170500945,0.009048942993635631,5.185009853707748,178.57520940908086
1990,-0.0007938492497826321,0.009555238068414127,5.184216004457966,178.43350386692276
1991,-0.004568946760615998,0.009741081583767854,5.179647057697349,177.62011027842922
1992,0.012819633090343816,0.009355394255424098,5.192466690787693,179.91179280113778
1993,0.003309667104196574,0.00860735154447434,5.19577635789189,180.50822739897274
1994,-0.014708187206201324,0.009784406368616832,5.1810681706856885,177.87270796655244
1995,-0.0017280905913477167,0.008449777320471372,5.179340080094341,177.56559325091118
1996,0.0010857227568341723,0.008975094233229114,5.180425802851175,177.75848495084034
1997,0.004021869099877461,0.010596574007379386,5.184447671951053,178.4748458980638
1998,0.009393425604032953,0.010455455637766087,5.193841097555086,180.1592347907185
1999,0.005830564933930112,0.00882312630488196,5.199671662489015,181.21273316844818
2000,0.00029794604464776264,0.007273034023671028,5.199969608533664,181.26673282962895
2001,-0.0027547728500049444,0.0073928344844171965,5.197214835683658,180.76807132036657
2002,0.0017066542827142695,0.007677718796215042,5.198921489966373,181.07684333205572
2003,-0.011532189654179648,0.008596677383957162,5.1873893003121925,179.00062551148022
2004,0.011766684370766953,0.008695665899537025,5.19915598468296,181.1193098740087
2005,0.0011853549691051572,0.009402280941033755,5.2003413396520655,181.33412784058805
2006,0.002951495833329947,0.009715718232941498,5.203292835485395,181.87012537148541
2007,-0.0005742192539005818,0.008628785508697907,5.202718616231494,181.76572202186327
2008,-0.007717182028189628,0.007440983258753633,5.195001434203305,180.36840148178172
2009,-0.008445336270508648,0.005480235093112866,5.1865560979327965,178.85154388060016
2010,-0.006081172208022272,0.005591924456571589,5.1804749257247735,177.76721717290175
2011,0.005841941483463685,0.004355004824749427,5.186316867208237,178.80876221371773
2012,-0.0011163911016511862,0.005720018075825868,5.185200476106586,178.60925308851228
2013,0.0011801056335552932,0.007264036454967945,5.186380581740142,178.82015529325113
2014,-0.012283709864065828,0.00785327385554963,5.174096871876076,176.63701636139538
2015,-0.00596396066681948,0.008365305279162325,5.168132911209256,175.5866952935021
2016,-0.006063709857078657,0.00902246948755953,5.162069201352178,174.52521004021574
2017,0.0005988180460600798,0.006615416429747957,5.162668019398238,174.62975018261818
2018,0.0025378224586081687,0.0065117214632329145,5.165205841856846,175.07349231578678
2019,0.0003569832764786907,0.006500351458651998,5.165562825133325,175.13600178145137
2020,-0.004764737133038467,0.007316046410756434,5.160798088000286,174.30350964850646
2021,0.004013841557963452,0.008856707248023546,5.16481192955825,175.00454229502765
2022,0.003983364250501903,0.008568688612518178,5.168795293808752,175.70303939306712
2023,-0.001324934698326475,0.007538900195004117,5.167470359110426,175.47039849060832
2024,0.001473024428952707,0.008831429072230529,5.168943383539378,175.72906113556985
2025,-0.024098684078114257,0.01164355796954193,5.144844699461264,171.54484159595654
2026,-0.003289449163471282,0.012656238386115206,5.141555250297793,170.9814806418665
2027,0.017347735957790135,0.01149975776382386,5.158902986255582,173.97349956337447
2028,-0.006872262126944218,0.010753345128869692,5.152030724128639,172.78200688554844
2029,0.010138053478132852,0.011693348986533104,5.162168777606771,174.5425894722386
2030,0.010435808298790357,0.012154557101614331,5.172604585905562,176.37362000023325
2031,0.01617163321238848,0.009028251493443112,5.18877621911795,179.24905708263108
2032,0.0005742345991685275,0.00981337399862631,5.189350453717118,179.35201765200756
2033,-0.011512978202917468,0.012334044206452703,5.177837475514201,177.29898273247335
2034,-0.000963410007111692,0.011537898709804918,5.176874065507089,177.12825337265042
2035,-0.007111785587598111,0.01054115416452795,5.1697622799194916,175.87302396488946
2036,0.011434690261398664,0.009723420452220443,5.18119697018089,177.8956193570048
2037,-0.006883787003940442,0.007867900812159661,5.17431318317695,176.6752290769591
2038,-0.00638198809285974,0.00859213122528864,5.16793119508409,175.55128019771468
2039,-0.009794467204734992,0.009065392357120753,5.158136727879355,173.84024197348484
2040,-0.0013153691898302763,0.007940471774242518,5.156821358689525,173.61172819817793
2041,0.0101986978382817,0.008305049668764589,5.167020056527806,175.39140150460304
2042,0.004877023666584292,0.008523951639317313,5.171897080194391,176.2488787895461
2043,0.00802987551127463,0.006795717493148347,5.179926955705666,177.66983275181911
2044,0.018892233124120115,0.006491725395405463,5.198819188829786,181.05831991267289
2045,-0.004580053521808834,0.007496192176844726,5.194239135307977,180.2309592412698
2046,0.001774969325106692,0.00840370833023696,5.196014104633083,180.55114774367934
2047,-0.012538329562680223,0.007412278857916396,5.183475775070403,178.30147101696136
2048,0.00398488433806432,0.006675284506170025,5.187460659408467,179.01339929010655
2049,-0.007639610793342647,0.00537030561615628,5.179821048615125,177.65101725312044
2050,-0.00025065795624717703,0.006539184065051384,5.179570390658878,177.60649319259866
2051,-0.00019512775845209422,0.006752136741379108,5.179375262900425,177.5718406166451
2052,-0.0036370423437257276,0.006320802219476899,5.1757382205567,176.92717735769202
2053,0.002971159514763888,0.008202488339160435,5.178709380071464,177.45363793600663
2054,0.0035895391434200186,0.009048753216500036,5.182298919214884,178.0917593111759
2055,-0.016519638935267412,0.008335573922754004,5.165779280279616,175.17391497344258
2056,-0.010220224896713913,0.008053987212942308,5.155559055382902,173.3927157987242
2057,-0.008730891099729708,0.0076431936816278604,5.146828164283173,171.88543241793832
2058,-0.006099277578165115,0.006635408212279285,5.140728886705007,170.84024613478806
2059,0.0051128559372574335,0.007124966237012605,5.145841742642265,171.7159645047943
2060,0.008693201953497936,0.007172822999475863,5.154534944595763,173.21523334442347
2061,-0.0029011631695694665,0.007171006160751288,5.151633781426193,172.7134359390701
2062,0.0003834834498687563,0.006485248069796875,5.152017264876062,172.77968138452687
2063,0.012431881196925766,0.007006055828721255,5.164449146072988,174.941065052181
2064,-0.004494475313835926,0.007958595914338711,5.159954670759152,174.15656104148417
2065,-0.000552929909812229,0.00727661330940398,5.15940174084934,174.0602912875602
2066,0.0020101958786401548,0.007681197237757836,5.16141193672798,174.41053848253276
2067,0.00754748291912688,0.009097385159231359,5.1689594196471065,175.73187916832038
2068,0.0029533682701320617,0.0077560406223370374,5.171912787917239,176.25164727982963
2069,-0.0021457805942415972,0.007086544865771209,5.1697670073229975,175.87385538960478
2070,0.004355021725745931,0.007222953195570788,5.1741220290487435,176.64146010521128
2071,-0.011769044618509502,0.006651631368460512,5.162352984430234,174.574744369689
2072,-0.00039349541217274667,0.00628099268222594,5.161959489018061,174.50606352238373
2073,0.008591086657307382,0.008113161628145075,5.170550575675368,176.0117185822611
2074,0.002265240930697031,0.007601880884523757,5.172815816606065,176.41087945856842
2075,0.001072294172818918,0.007797950956346766,5.1738881107788846,176.60014527281356
2076,-0.0023038963590615857,0.007224378353856266,5.1715842144198225,176.19374517272735
2077,-0.00006035340579773403,0.00586947756872806,5.171523861014025,176.18311160101533
2078,0.008711740545927594,0.00579114844246796,5.180235601559953,177.72467827261573
2079,-0.005227167071811918,0.005125536495182371,5.175008434488141,176.79810547166747
2080,-0.003563139168475864,0.005021341778367551,5.171445295319665,176.16927019625479
2081,-0.010342176210069276,0.005257412856175203,5.161103119109596,174.35668575118163
2082,-0.004404222621521735,0.005226741434815096,5.156698896488074,173.59046862551858
2083,0.005811441448847318,0.005547747376017316,5.162510337936921,174.6022164792544
2084,-0.00884357568901277,0.005890693985617629,5.153666762247909,173.06491619724287
2085,-0.0008524667858258369,0.006879175019062588,5.152814295462083,172.91744696963266
2086,0.0023107893790734147,0.007699796255257055,5.155125084841156,173.31748479311509
2087,0.00033719360404619675,0.0070048033299217214,5.155462278445202,173.37593619462217
2088,0.0038669655569605428,0.006457847556885911,5.159329244002163,174.0476729226245
2089,-0.007756443526560675,0.006516931854602243,5.151572800475602,172.70290403069282
2090,0.0008656088205943413,0.006144856185612045,5.152438409296196,172.85246190773438
2091,-0.006981795256056296,0.005728641433662158,5.14545661404014,171.64984450859015
2092,-0.003424569860271422,0.00607120834872553,5.142032044179869,171.06302300368978
2093,0.008173468249938509,0.0077449536070366585,5.150205512429807,172.46693077300688
2094,0.003701997667348898,0.007485172021213513,5.153907510097156,173.10658621938032
2095,0.010457413947534765,0.006596181325665533,5.1643649240446905,174.9263317812915
2096,0.0037181246350221054,0.006708748708556792,5.168083048679713,175.57794031499506
2097,-0.001558460684853145,0.007186697920649742,5.16652458799486,175.30452210898878
2098,-0.004995794557513677,0.006510365770276749,5.161528793437347,174.43092071501584
2099,-0.00576724021085708,0.007258275440761546,5.155761553226489,173.42783100502385
2100,-0.006755960180401648,0.006452325316765246,5.149005593046088,172.2601084695826
2101,-0.0013148419420053361,0.006187243477988265,5.147690751104082,172.03376249123428
2102,0.004682144916821891,0.006200468540377225,5.152372896020903,172.84113814774477
2103,0.002955609603046159,0.007228207415219281,5.15532850562395,173.3527447577267
2104,0.003854205551267562,0.007766363851768644,5.159182711175218,174.0221710935611
2105,0.0020234815550773397,0.007785818449164837,5.161206192730295,174.37465825230456
2106,-0.005265092682635035,0.008561912003078162,5.15594110004766,173.45897221635258
2107,-0.005601761683960658,0.008076494977974379,5.1503393383636995,172.49001286554005
2108,0.005663841129114049,0.007939943227283357,5.156003179492814,173.46974078735465
2109,0.014394491537138353,0.008455728812999901,5.170397671029952,175.9848076302994
2110,-0.003444173157156776,0.00835531546787095,5.166953497872795,175.37972807730645
2111,0.010158115202413274,0.00787743485136087,5.177111613075208,177.17033475645158
2112,0.008224245758487023,0.007304143688022093,5.185335858833695,178.63343533317445
2113,-0.004699771657858386,0.006518920307562332,5.180636087175837,177.795868704272
2114,0.002877443360363891,0.006356466763124934,5.1835135305362,178.30820299913572
2115,0.006683068450517549,0.005684590004202706,5.190196598986718,179.50383973604792
2116,0.005958524796264392,0.006963032633276894,5.196155123782983,180.5766107083882
2117,0.003999728699969348,0.005831510734659767,5.200154852482952,181.300314505398
2118,0.006397597012210128,0.005553614791975811,5.206552449495162,182.46391902339897
2119,-0.0030237281420964685,0.006050650438362846,5.203528721353066,181.91303102403165
2120,0.004561619420799653,0.005674089806232704,5.2080903407738655,182.7447445773796
2121,0.000003446374551138989,0.006272610024676262,5.2080937871484165,182.74537438530194
2122,0.006432807774600139,0.005986087175493768,5.214526594923017,183.92472946577882
2123,-0.004745281917684334,0.0061312014884403266,5.209781313005332,183.0540222822164
2124,0.00046112110383514555,0.005994310186500472,5.210242434109167,183.13845181965735
2125,0.0012305391557289758,0.006526827765478683,5.211472973264897,183.3639495689916
2126,0.0030503913138548878,0.007203925458240464,5.214523364578751,183.9241353265433
2127,0.003641567386789752,0.006329955818463015,5.218164931965541,184.5951284512279
2128,0.0077448954425161295,0.00542885592057701,5.225909827408057,186.0303490629568
2129,-0.005632407254514839,0.008213921151800564,5.2202774201535425,184.98549565752865
2130,0.008209790039821863,0.007294047847915675,5.228487210193364,186.51043890405646
2131,0.007986339913802256,0.007899541928478323,5.236473550107166,188.00593850190685
2132,-0.005649114267809649,0.0070615056006725204,5.230824435839357,186.9468657003892
2133,0.0037488310455114837,0.005720055379134905,5.234573266884868,187.64901320825987
2134,0.010382505619347863,0.006195718226023163,5.244955772504216,189.60742918229937
2135,-0.004183122018222973,0.005599424255633675,5.240772650485993,188.81593478345576
2136,0.0008320798629381223,0.005879652990557524,5.241604730348931,188.9731101027316
2137,-0.011524215035906369,0.007046468753669689,5.230080515313025,186.80784380669294
2138,0.000326046513707721,0.006681231923630267,5.230406561826732,186.8687617834065
2139,-0.005947239896602456,0.006790218015362965,5.22445932193013,185.76070662877072
2140,-0.0011930010354928695,0.0074821141736178525,5.223266320894637,185.53922605295534
2141,0.007606117093782672,0.007111512910041149,5.2308724379884195,186.9558397670889
2142,-0.007713211952108676,0.008002411073633553,5.223159226036311,185.51935681979273
2143,-0.004685169662959065,0.006312063107523802,5.218474056373352,184.6522001316654
2144,0.00018083377335751391,0.007236842643133107,5.218654890146709,184.6855945050982
2145,-0.002985978285046787,0.009443203040971382,5.215668911861663,184.1349498459745
2146,-0.0005350092952360476,0.008015781196296425,5.215133902566427,184.03646228445876
2147,0.0008186038524079616,0.010255809039626213,5.215952506418835,184.187176920843
2148,0.001392779414421565,0.010216347084972786,5.2173452858332565,184.4438877585459
2149,-0.007538309376864549,0.010505876098015987,5.209806976456392,183.05872014043985
2150,0.002465311389161116,0.009787158252246577,5.212272287845552,183.51057363902063
2151,-0.007092275848131774,0.006370226896767661,5.205180011997421,182.21367046348053
2152,0.009868758228551686,0.0070059997566903525,5.215048770225973,184.02079549658032
2153,-0.002051164383792571,0.0039185188815947835,5.21299760584218,183.64372544351502
2154,0.005493761675774406,0.003810603725545896,5.218491367517954,184.65539670027104
2155,0.006943019119224882,0.005095433508499075,5.225434386637179,185.9419236725751
2156,0.0029814439974562607,0.00513951132371979,5.228415830634636,186.4971263463571
2157,0.005658317115182424,0.005086145371819221,5.234074147749818,187.5553773647589
2158,-0.0024092770897524763,0.005160870882835467,5.231664870660065,187.1040483976002
2159,0.007513000025965544,0.005809723153826527,5.2391778706860315,188.51505492708043
2160,-0.013565045566795624,0.00618366551397122,5.225612825119235,185.97510582758446
2161,0.007925990682179565,0.008709634827315502,5.233538815801415,187.4549998492034
2162,-0.008363239619036381,0.010682763375212522,5.225175576182378,185.8938061856658
2163,-0.0009351218124038134,0.010408761919305167,5.2242404543699745,185.72005408506192
2164,0.00950090235634198,0.00917173856693088,5.233741356726317,187.49297100347692
2165,-0.006897628584737354,0.008036710423130509,5.22684372814158,186.20416409276297
2166,-0.0009174042384764099,0.008142926066191969,5.225926323903103,186.0334179370012
2167,-0.016660175874835117,0.00920058747458479,5.209266148028268,182.95974354766207
2168,-0.010560350750304079,0.00951333221766556,5.198705797277964,181.03779059275544
2169,0.012663329097502597,0.01063483440462818,5.211369126375466,183.3449087818755
2170,0.002520072492528816,0.011153991901260539,5.213889198867995,183.80753392275255
2171,-0.0004492536916213704,0.014607949259415519,5.213439945176374,183.72497625564688
2172,0.021862113456918325,0.014157897813891516,5.235302058633292,187.78582010649993
2173,-0.005269075139415009,0.012820422212738127,5.230032983493877,186.79896470106735
2174,0.008809677191530817,0.013416270273085461,5.238842660685408,188.45187338553464
2175,0.006999718229637026,0.014624053571849406,5.245842378915045,189.77561088902593
2176,-0.0257640179369033,0.014843266151531836,5.220078360978142,184.94867626204277
2177,-0.004064575450282751,0.012785167565151521,5.216013785527859,184.19846409276883
2178,0.003593453721869927,0.014732291862931625,5.219607239249729,184.86156344399657
2179,-0.00232758070960009,0.014159346300558658,5.217279658540129,184.43178360264417
2180,0.007018841260159045,0.01411016880254409,5.224298499800288,185.73083459839594
2181,-0.002067313944754848,0.01397429125549818,5.2222311858555335,185.34726726771254
2182,0.00039631185224522913,0.012133268893514614,5.222627497707778,185.42073714404168
2183,0.012472448368463859,0.011276039703092712,5.235099946076242,187.74787006943922
2184,0.012331237583891236,0.013352153650357686,5.247431183660133,190.07736693234827
2185,0.012825176472231522,0.011830646747485877,5.260256360132365,192.53084220336453
2186,-0.00646058079168677,0.012706558312400387,5.253795779340678,191.29099053587385
2187,-0.0005500755116024725,0.012834190503066964,5.253245703829076,191.18579498179147
2188,0.013487625196018626,0.011627481849505655,5.266733329025095,193.78190565511304
2189,-0.018704496038849338,0.012408501646610113,5.248028832986245,190.19100049573348
2190,0.00026308403705391806,0.011297729026410191,5.248291917023299,190.24104329439737
2191,0.0036046547006490168,0.012262107666374946,5.251896571723948,190.9280340036398
2192,-0.0010970363338080684,0.01158743522411697,5.25079953539014,190.71869386106147
2193,0.003434115536823681,0.011505995451999684,5.254233650926963,191.37476976627545
2194,-0.0021243906697350767,0.009978732062331425,5.252109260257228,190.96864652590995
2195,-0.008155499181101094,0.009762584615900082,5.243953761076127,189.4175355251036
2196,-0.004611083171772867,0.010225777530042938,5.239342677904355,188.54612612920386
2197,0.010602006518126875,0.011101417230696842,5.2499446844224815,190.55572746697788
2198,0.015074495272994141,0.010481880817166528,5.265019179695475,193.4500190642959
2199,0.003345594826788005,0.011134117575037602,5.268364774522263,194.09830829918283
2200,0.0012479127254055602,0.011293585077215906,5.269612687247669,194.34067724428135
2201,-0.017335316565771353,0.009514987935691268,5.252277370681898,191.0007530448207
2202,0.010965712484210603,0.009169002820146826,5.263243083166108,193.1067380971375
2203,0.00046740384020913623,0.009332560936315404,5.263710487006318,193.19701802504338
2204,-0.0029256618440877897,0.009677385663839497,5.260784825162229,192.63261490992903
2205,-0.004822577472294298,0.007548927634615978,5.2559622476899355,191.7058656570063
2206,0.0059157388698465,0.006648383720000487,5.261877986559782,192.8433085885746
2207,-0.0025656478294807236,0.008150332225279612,5.259312338730301,192.34917473025
2208,0.015454970528517312,0.008611142144806488,5.274767309258818,195.34501624704788
2209,0.00003409329069314856,0.010483297195481448,5.274801402549511,195.35167631500337
2210,0.0061056466122649256,0.008648034221043453,5.280907049161776,196.54807328756087
2211,-0.0009515583989234265,0.009329750285679516,5.279955490762853,196.36113527295632
2212,-0.005275055030223959,0.007454690851519101,5.274680435732629,195.32804667377695
2213,-0.004236634620289655,0.008466008777469485,5.270443801112339,194.50226361464357
2214,0.0010569237583589826,0.00901756780483382,5.271500724870698,194.70794635445253
2215,0.012455617672633756,0.007842919965733094,5.283956342543332,197.14832072676492
2216,-0.008222662396237573,0.008235822931599046,5.275733680147095,195.53388322699638
2217,0.0013501699750837791,0.006917511702826006,5.277083850122178,195.7980655106018
2218,0.004463384804288463,0.007306723642599649,5.2815472349264665,196.67394085116936
2219,0.00015266200145874363,0.0064650469551823546,5.281699896927925,196.70396778054177
2220,0.009751029905474282,0.006923405238480437,5.2914509268334,198.6314160837117
2221,0.009417094226015168,0.007761193017956037,5.300868021059415,200.5107820396104
2222,0.0012162277778059996,0.00728657851614551,5.302084248837221,200.75479718139425
2223,-0.0003327699524745686,0.006849848642412004,5.301751478884746,200.68800313122
2224,0.004148213126236714,0.00655868433740768,5.305899692010983,201.5222288168002
2225,-0.002433745527613948,0.008122557263689758,5.303465946483369,201.03237132972697
2226,0.008237012062373534,0.008444037626325653,5.311702958545743,202.69511602013446
2227,-0.0016140098518440625,0.010186004816922618,5.310088948693898,202.36822797718077
2228,0.00025831096426046297,0.00884400058227329,5.310347259658159,202.4205086613316
2229,0.005191245367896829,0.009151556939640272,5.315538505026056,203.47405543318254
2230,-0.008124033087822294,0.009694247890413897,5.307414471938233,201.82772196293513
2231,-0.001185464072361215,0.008669296584151293,5.3062290078658725,201.58860421049715
2232,-0.011262287330461813,0.007956248916040826,5.2949667205354105,199.3309922274903
2233,-0.013332250484441005,0.010301998495438705,5.281634470050969,196.69109847524882
2234,0.015157051223626178,0.010256034076749888,5.296791521274596,199.69506364732086
2235,0.0031862628568242327,0.010281149839656405,5.2999777841314195,200.33235936798667
2236,0.009864558705749501,0.009962206792200437,5.309842342837169,202.31832893989602
2237,-0.004927008930459183,0.011041513772268372,5.30491533390671,201.32395637922343
2238,-0.008112484835778483,0.011153810157638487,5.296802849070931,199.69732576514346
2239,-0.023577279865744205,0.011064525166395252,5.273225569205187,195.04407705583506
2240,0.02294776330202831,0.011606866768234674,5.296173332507216,199.57165255167965
2241,0.0018414986616473853,0.00836790679394325,5.298014831168863,199.93950207600787
2242,-0.0017218268021300493,0.007882790835495373,5.296293004366733,199.59553709157257
2243,0.0020278418474458833,0.00811964298383326,5.298320846214179,200.00069593443928
2244,-0.0008499962611521457,0.008214786940384569,5.297470849953027,199.83076831981666
2245,-0.0031781180050956676,0.008110065701530127,5.294292731947931,199.19669067753802
2246,0.01476194935814528,0.008188934338567504,5.309054681306076,202.15903331890715
2247,-0.003923474961660799,0.007510372613339126,5.305131206344416,201.3674213637329
2248,-0.00008792579508077542,0.007137079892590779,5.305043280549334,201.3497167514635
2249,0.0044831776057473825,0.0059933782807273135,5.309526458155082,202.25442977179398
2250,0.001926873887453882,0.006477933494334431,5.311453332042536,202.6445242618898
2251,-0.009538147730333714,0.006432993294856296,5.301915184312202,200.72085953587032
2252,-0.0011902340503016273,0.00618120171214973,5.300724950261901,200.48209685416893
2253,0.0008948060814032267,0.0065532067050231724,5.301619756343304,200.66156973838562
2254,0.000756847696239996,0.007541968804479419,5.3023766040395435,200.81349747099085
2255,0.0009606946026979743,0.007975428437130758,5.303337298642242,201.00651061265702
2256,0.005975680471420959,0.0076420711824001005,5.309312979113662,202.21125729837652
2257,-0.007915966690688817,0.00669552017288473,5.301397012422974,200.61687857121026
2258,-0.0018805397515089123,0.006673433331602119,5.299516472671465,200.23996506772383
2259,0.004899904182331471,0.0076861769601625175,5.304416376853796,201.22352942771892
2260,-0.0018106103842244743,0.007499098322891175,5.302605766469572,200.85952165335917
2261,-0.0020524476868760432,0.0067553386733884046,5.300553318782696,200.44769076799997
2262,0.004007518608876139,0.006356086570229285,5.304560837391572,201.25260038674577
2263,-0.0049264179122707925,0.006169536293130085,5.299634419479301,200.2635841252736
2264,-0.0024875834321343056,0.00561172616540746,5.297146836047167,199.76603086054735
2265,-0.004155761414589062,0.005088878279805126,5.292991074632578,198.93757352537725
2266,-0.0025721817567584196,0.005885644901705815,5.290418892875819,198.4265274614644
2267,0.004788434139347004,0.006217151911783356,5.2952073270151665,199.37895832608208
2268,0.007979328092142928,0.0062273745546001,5.303186655107309,200.97623256200743
2269,0.0032429164488394077,0.00552646605505863,5.306429571556149,201.62903961967714
2270,-0.0020839725511698974,0.0057139428813363854,5.304345599004979,201.2092877631777
2271,0.0021387388823947157,0.005811346465763013,5.306484337887373,201.64008240482912
2272,0.0006576473488640583,0.005395866447045718,5.307141985236238,201.7727340846793
2273,-0.007764860792007334,0.006179603591167943,5.299377124444231,200.21206392760251
2274,0.005028748645411114,0.00652011090785904,5.3044058730896415,201.22141583432384
2275,0.0024973435145743163,0.007206671572997109,5.306903216604216,201.7245628361029
2276,0.0014073284806999584,0.007944725710034937,5.3083105450849155,202.00865541754055
2277,-0.0038088286488864214,0.0061719810117504366,5.30450171643603,201.24070249241655
2278,0.004920548314070131,0.006268482119728133,5.3094222647501,202.2333572919091
2279,0.0020190585773939406,0.0061807193633125505,5.311441323327493,202.64209077615453
2280,-0.00325485400457477,0.005205167579550596,5.308186469322918,201.98359259456618
2281,0.006337740371604522,0.006667422366108046,5.3145242096945235,203.26777727983756
2282,-0.009630140673455988,0.007781758582621325,5.304894069021067,201.31967529383246
2283,-0.003997677091958781,0.007199820739379925,5.3008963919291086,200.51647078557676
2284,0.012682873709587199,0.009725482663975408,5.313579265638696,203.07579132423507
2285,0.011342452874606087,0.007032209319269147,5.324921718513302,205.39228142229965
2286,0.007458953435386307,0.007247772105157769,5.332380671948688,206.93002071885715
2287,-0.0054091428455111295,0.00675870838851022,5.326971529103177,205.81372849160348
2288,-0.005762280274182139,0.006836031401937707,5.321209248828994,204.63118245669617
2289,-0.0029911931284316655,0.006168779207979094,5.318218055700563,204.02000559957182
2290,0.008174511257462894,0.007186209469628602,5.326392566958026,205.69460462128768
2291,0.0026376051047508407,0.006476833719489953,5.329030172062777,206.2378618945836
2292,0.0022568677209727456,0.006346569405691418,5.331287039783749,206.70383909460054
2293,-0.00946231011944448,0.005283867061909129,5.321824729664305,204.75716779460868
2294,-0.0009024789539971671,0.005314449442897661,5.320922250710308,204.5724621190228
2295,-0.006607586802562955,0.005579043534557806,5.314314663907745,203.22518783589587
2296,0.0037405705487224775,0.005522781536473939,5.318055234456468,203.98678951265543
2297,0.0016425778321696933,0.005423818361258169,5.319697812288638,204.322129026393
2298,-0.013743407827621928,0.005307198427639105,5.305954404461016,201.5332548933039
2299,0.004627329389739463,0.005971369358474803,5.310581733850755,202.46797661145206
2300,0.008462760657692229,0.006548151535914035,5.319044494508447,204.18868534192598
2301,0.005905291092027795,0.004654012451364546,5.324949785600475,205.3980462662677
2302,0.002943209912950534,0.0047615740157649165,5.327892995513425,206.00346633427526
2303,-0.009375395597474013,0.006065222049197493,5.3185175999159515,204.08112776601135
2304,0.005977763416214652,0.00679459105170561,5.324495363332166,205.3047300242722
2305,-0.0003249667944275116,0.005334340910618093,5.324170396537738,205.2380236435418
2306,-0.006045545200149452,0.006081500494043263,5.318124851337589,204.00099093105473
2307,0.009007019090266704,0.006256270107640106,5.327131870427856,205.84673158327593
2308,-0.0014649771318103557,0.005908333484589248,5.325666893296045,205.54539161082636
2309,0.003874024690784387,0.005842183920184996,5.329540917986829,206.34322394626037
2310,-0.0040897870992684295,0.0054256586908147855,5.325451130887561,205.50104742615576
2311,-0.00750346724914534,0.005683894860679881,5.3179476636384155,203.964847667008
2312,-0.0006252945580041513,0.005341249583348992,5.3173223690804114,203.83734942387073
2313,-0.0034728353180862722,0.004291575009383083,5.313849533762325,203.13068365480032
2314,-0.002350719459443081,0.004100285683092513,5.311498814302882,202.65374120250215
2315,0.00007018903013142928,0.003546642148598021,5.311569003333014,202.66796577124828
2316,-0.0008698384887048962,0.00344806019410331,5.3106991648443085,202.49175402318346
2317,-0.002466714488850921,0.0050217766738049514,5.308232450355458,201.99288022223547
2318,0.0001502269439506338,0.005530054634092599,5.3083826772994085,202.0232272747464
2319,0.004037450300884703,0.004683236154914733,5.312420127600293,202.84053482355276
2320,0.005557415330114683,0.004425630480387975,5.317977542930408,203.97094208329565
2321,-0.0020704610491932,0.0035225219092513077,5.315907081881215,203.54906508320187
2322,-0.0030884415828427002,0.003424092255984796,5.312818640298372,202.92138546129783
2323,0.007183716757413678,0.00339887811673621,5.3200023570557855,204.3843637377473
2324,0.0010115642389662088,0.0036943042450788047,5.321013921294752,204.59121625577464
2325,-0.0024473046640201713,0.003927235874901731,5.318566616630732,204.0911313976137
2326,0.0007894731608202888,0.004173720252916443,5.319356089791552,204.25231948667664
2327,0.006256337469842615,0.005021704306940572,5.325612427261395,205.53419667327935
2328,-0.007207020335652997,0.004855476543839726,5.318405406925741,204.0582325784056
2329,-0.004930374570537606,0.0051730919080373375,5.313475032355204,203.05462517083572
2330,-0.002740605910526344,0.0046070087570487485,5.310734426444678,202.49889433238056
2331,-0.00045701605864578384,0.00451927185087658,5.310277410386032,202.40637022992334
2332,-0.006407565737104578,0.0039384109351764205,5.303869844648927,201.11358433551285
2333,-0.001194391008163877,0.0037018797949432396,5.302675453640764,200.8735194729587
2334,-0.0015743557633508929,0.0040599385296140105,5.301101097877413,200.55752190144
2335,-0.004357546189727857,0.004189519954951419,5.296743551687685,199.68548458736322
2336,0.012722688891507064,0.004595857776369499,5.309466240579192,202.2422508670158
2337,-0.0013521685927468865,0.005278558572334544,5.308114071986445,201.96897004977404
2338,-0.005824033821757843,0.005384725086393003,5.302290038164687,200.79611462729062
2339,0.001976114198088931,0.004334847248975692,5.304266152362776,201.1933029958614
2340,0.005933506800541313,0.004035745517035309,5.310199659163318,202.39063349893576
2341,0.0017509104418977155,0.004562153590682124,5.311950569605215,202.7453117868191
2342,-0.00043262340577790323,0.0051093481603007,5.311517946199437,202.65761839000416
2343,0.0043415218790051995,0.005268247464766072,5.315859468078442,203.53937356888923
2344,0.008223008652906668,0.005872340518423956,5.324082476731349,205.21997994945005
2345,0.005640788228586556,0.006594708149262619,5.329723264959935,206.3808534392757
2346,0.0004944820467591194,0.008214533829995457,5.330217747006695,206.48293030160434
2347,0.00749879275450184,0.006593889147834648,5.337716539761197,208.03712300484315
2348,-0.0065897343648625905,0.0076633740550001795,5.331126805396334,206.67072068499172
2349,-0.005386341862008967,0.0069572522918138705,5.325740463534325,205.56051419054364
2350,-0.0031405785059732487,0.00655793552722118,5.322599885028352,204.9159479432432
2351,0.009058102052760378,0.007939829159401978,5.331657987081112,206.78052954824602
2352,0.013408822091495111,0.00852981713950055,5.345066809172607,209.57188545544162
2353,0.007020289403608569,0.010431577682637009,5.352087098576216,211.04831716739292
2354,-0.0028378754138937653,0.010464283461041456,5.349249223162322,210.45023737631533
2355,0.00577097671614732,0.01136701376204999,5.355020199878469,211.66825198267614
2356,-0.010445400372802444,0.01097073785153673,5.344574799505667,209.46879942362023
2357,-0.011187214658352294,0.009549152050877516,5.333387584847315,207.1384861614904
2358,0.002497180143732632,0.008946045572319644,5.3358847649910475,207.6563946624123
2359,-0.006642459688296201,0.009207853371465964,5.329242305302751,206.2816164411654
2360,-0.005853704845346161,0.00981184716832141,5.323388600457405,205.0776320660446
2361,-0.0073060597519580385,0.009030255927366794,5.316082540705447,203.58478269622856
2362,0.0024367159268132072,0.0075470526992348665,5.3185192566322606,204.08146587082416
2363,0.00019009659853611526,0.007156192445381959,5.318709353230796,204.12026475096104
2364,0.0015384876257618606,0.007257283072255339,5.320247840856558,204.4345429470156
2365,-0.004900901834597177,0.006860981054178949,5.3153469390219605,203.4350804547058
2366,-0.009252258928018594,0.006871853046041658,5.306094680093942,201.56152708109292
2367,0.0027410569100367343,0.007740794611663669,5.308835737003979,202.1147765955
2368,-0.005793827917491158,0.008862182477371503,5.303041909086488,200.9471441573307
2369,-0.001474085120263447,0.009675901431337595,5.3015678239662245,200.6511491766652
2370,-0.006217946158551647,0.009179604975317118,5.295349877807673,199.40738198045963
2371,0.009171994533418106,0.010436042056898312,5.304521872341091,201.24475872178883
2372,0.006226434096224806,0.010218248361737533,5.310748306437316,202.5017050350493
2373,0.00873728441442678,0.010592884237039331,5.319485590851743,204.27877209137984
2374,0.0025921368318442732,0.01203157214140527,5.3220777276835864,204.80897750609515
2375,-0.0019316430170157005,0.011839228587478663,5.320146084666571,204.41374152517824
2376,0.019182743666555382,0.011636613647984614,5.339328828333127,208.37280941976888
2377,0.008375027945266213,0.01556630726712224,5.347703856278392,210.12526571365535
2378,-0.006709074435704255,0.01365075941247645,5.340994781842689,208.72023815262295
2379,0.0023084064919391043,0.011955681518525569,5.343303188334628,209.2026058415248
2380,-0.008965039952146845,0.01177589939675879,5.33433814838248,207.335478064992
2381,-0.01784902626448045,0.010522758090479669,5.316489122118,203.6675733141741
2382,0.0006998434538691126,0.008564514590731204,5.317188965571869,203.81015862000032
2383,-0.001005250245314001,0.00986691071863532,5.316183715326555,203.60538135149412
2384,0.0024896471584925886,0.009033028330795407,5.318673362485048,204.1129184426107
2385,0.005617829823135526,0.006978833417591964,5.324291192308183,205.26281702617015
2386,-0.007173969093912361,0.006381522347877576,5.317117223214271,203.79553732320778
2387,0.00233832278158494,0.007006732146119436,5.319455545995856,204.27263465731124
2388,0.015596183555701491,0.007145449987668888,5.335051729551558,207.4834815577933
2389,-0.0057287428781744865,0.007252620659844732,5.329322986673383,206.2982601961276
2390,0.013672630300349146,0.0073976003474625265,5.342995616973732,209.13827100562688
2391,-0.001517698954511033,0.00840565950363106,5.341477918019221,208.8211028141704
2392,0.004775988445707417,0.00871522056442262,5.346253906464929,209.82081539600907
2393,-0.01887564527942724,0.009591866910029143,5.327378261185501,205.89745656425623
2394,0.006416195841753958,0.009381477165056887,5.333794457027255,207.2227821965974
2395,-0.0025742019011589694,0.008787217248922943,5.331220255126096,206.69003491043006
2396,-0.00308289492160254,0.009055503753169476,5.328137360204494,206.0538124588422
2397,0.006047590801456719,0.00996551442657838,5.33418495100595,207.3037172465899
2398,0.012993459862761595,0.009835518908963222,5.347178410868712,210.01488535929312
2399,-0.01133805794136209,0.007955333869497525,5.33584035292735,207.64717241817627
2400,0.01813592739367235,0.00846403822516403,5.353976280321023,211.44740264926637
2401,0.00680745861211574,0.008371572401601244,5.360783738933138,212.89173262200015
2402,-0.009240119508186094,0.01020492133412978,5.351543619424952,210.9336479700846
2403,0.015951382076982882,0.010729751631317442,5.3674950015019345,214.3253101150215
2404,0.009602014738198007,0.01132808736160053,5.377097016240133,216.3931768571232
2405,0.0018779360840999024,0.01235596172755363,5.378974952324233,216.79993122210618
2406,-0.005176126380620101,0.01062977759542756,5.373798825943613,215.680646656988
2407,0.00811837339027945,0.012006706134847974,5.381917199333892,217.43874949116525
2408,-0.0034362761675871913,0.011494282169002067,5.378480923166305,216.69285218690626
2409,0.016535611905816594,0.009199360671236443,5.395016535072122,220.3057898385023
2410,0.0004563041978185057,0.00858627773903538,5.39547283926994,220.40633923402018
2411,-0.009641322400309408,0.009146972693014536,5.38583151686963,218.2915417622531
2412,0.006100097731258899,0.010052816515764718,5.391931614600889,219.62721121619433
2413,0.002917501494250182,0.008969664774574695,5.3948491160951395,220.26890955586
2414,0.007559480574069256,0.00920391469122015,5.402408596669209,221.9403377034487
2415,0.009009786672484156,0.011554411543060803,5.411418383341693,223.94900805786037
2416,-0.0065755620569051924,0.010645541606012882,5.404842821284788,222.48124841867048
2417,-0.0031150787134886803,0.010291699005271498,5.401727742571299,221.78928014494608
2418,-0.012557018564484289,0.010205099437896256,5.3891707240068145,219.02168080079767
2419,0.009050660147910129,0.010675442567975457,5.398221384154724,221.0129692433017
2420,-0.007868809271540511,0.010969444003969786,5.390352574883185,219.28068478809337
2421,0.007516982982132035,0.00922197767630732,5.397869557865317,220.93522474750253
2422,-0.0008280854398171312,0.00967218477130885,5.397041472425499,220.75234723429963
2423,0.010703369570100913,0.010044165212466366,5.4077448419956,223.12783135410507
2424,-0.0024389427914411122,0.008212283959272605,5.4053058992041585,222.58429843053815
2425,0.0033462610980103855,0.0068390714690410625,5.408652160302169,223.3303711903537
2426,0.002022564213328673,0.007121408437135427,5.410674724515498,223.78252831113932
2427,0.012250477915348421,0.006990254450919152,5.4229252024308465,226.54083200553436
2428,0.012377541005750939,0.007226293800385056,5.435302743436598,229.36227568943931
2429,0.004868691297235119,0.009252918382853423,5.440171434733832,230.4816926415536
2430,0.016922017232310994,0.009190424488941177,5.457093451966143,234.41509450130857
2431,-0.00009440921152695869,0.009448517661870342,5.4569990427546164,234.39296460171636
2432,-0.014645364041404239,0.010390967603519492,5.4423536787132125,230.98520912576606
2433,0.009826137153693662,0.01352846971219499,5.452179815866906,233.26608923940773
2434,-0.029620081592074885,0.013904025391290323,5.422559734274831,226.45805367274272
2435,-0.019193434393383144,0.01486553712361501,5.403366299881448,222.15299249162578
2436,-0.014143657746032792,0.012422044974872034,5.389222642135415,219.03305229177852
2437,0.019669256045289005,0.012337740354664176,5.408891898180704,223.38391835814102
2438,-0.002836543725587786,0.011999699700300187,5.406055354455116,222.7511779283245
2439,0.003959447713418442,0.009583928670012485,5.410014802168535,223.63489793749596
2440,-0.0037429093962473626,0.009963990292820616,5.4062718927722875,222.79941731619047
2441,-0.007665848746665463,0.010984479585421206,5.398606044025622,221.09800041650917
2442,0.002215952835063024,0.01407263883057121,5.400821996860685,221.58848640355689
2443,-0.021954908641658586,0.0141807715473869,5.378867088219026,216.77654755266798
2444,-0.005390255421183374,0.012967504949096414,5.373476832797843,215.61121014672938
2445,-0.006977868996579957,0.011537917005253773,5.366498963801263,214.11194030576607
2446,0.007918965462801995,0.0120902037617781,5.374417929264065,215.81421660402313
2447,-0.0025713117007962467,0.013259977345841844,5.371846617563269,215.26000381593911
2448,-0.026846796554025165,0.013575945863251195,5.344999821009244,209.55784708994986
2449,0.012441717071936097,0.011949251481372639,5.35744153808118,212.18139340125586
2450,0.011185206965688829,0.0119418351872894,5.3686267450468685,214.5680087116403
2451,-0.004775327788731744,0.01148792098225091,5.363851417258137,213.5458187256696
2452,-0.015325385067364295,0.013469004358009894,5.348526032190772,210.29809668470247
2453,0.01937979859812677,0.0090706991035479,5.367905830788899,214.41337931881998
2454,-0.0015295168081443551,0.008393492776152627,5.366376313980755,214.0856811250938
2455,-0.013538275635156721,0.008767701357377162,5.352838038345598,211.2068612630981
2456,-0.010138325412681354,0.009893716964554258,5.342699712932917,209.0763953012342
2457,-0.01632858035254803,0.009820564380439874,5.326371132580369,205.6901957327013
2458,0.007702502891097315,0.009111318221304959,5.334073635471466,207.28064240682193
2459,0.002707337656854288,0.00948651759438259,5.33678097312832,207.84258143165238
2460,-0.011748876860596225,0.008038123636979195,5.325032096267725,205.41495341231743
2461,-0.004941355173855827,0.00887748003570695,5.3200907410938685,204.40242885145753
2462,0.004514156498013119,0.008195940807830584,5.324604897591882,205.32721915753436
2463,-0.0042378361925663344,0.007965028474841448,5.320367061399315,204.45891719711082
2464,0.0031962604424587635,0.007765488984758021,5.323563321841774,205.1134666442646
2465,0.0011061898700115876,0.00784951809608121,5.324669511711786,205.34048662372084
2466,-0.002989345230153267,0.009154881616484896,5.321680166481633,204.7275695862144
2467,0.0009534667870526873,0.009017559472198435,5.322633633268685,204.92286361259764
2468,-0.0012842462192970364,0.008210536668641782,5.321349387049388,204.65986111588384
2469,-0.005578970901160491,0.011301043605873359,5.3157704161482275,203.52124880183294
2470,-0.0010088707592950433,0.011346512699805125,5.314761545388932,203.3160257042193
2471,0.003254921445335725,0.011513225210386353,5.318016466834268,203.9788815831527
2472,-0.012143352543408443,0.01207381328538135,5.3058731142908595,201.5168728865786
2473,-0.010309699446264864,0.013036251713650521,5.295563414844595,199.44996738856722
2474,-0.00287217491761913,0.012497486909704671,5.292691239926976,198.87793407802087
2475,-0.005967239075359196,0.014579398200217093,5.286724000851616,197.6947156830798
2476,0.015318549476175973,0.012700258275232395,5.302042550327792,200.74642618012152
2477,-0.00850988829933353,0.01184155724022742,5.293532662028459,199.04534478891034
2478,-0.01980520194146597,0.012484132272935686,5.273727460086993,195.14199246903073
2479,0.0026777476876758085,0.012406313192785802,5.276405207774669,195.66523372951983
2480,-0.01295824005313059,0.01185217991544631,5.263446967721538,193.1461135924762
2481,0.006531778344421587,0.009440990179457525,5.269978746065959,194.41183038526196
2482,0.004866346182994878,0.009562738620706356,5.274845092248954,195.36021135747265
2483,-0.010974172379048767,0.008541627832071973,5.263870919869905,193.22801566233514
2484,-0.00808308389554947,0.009052869365189538,5.255787835974356,191.6724328237141
2485,-0.0014977719209216735,0.01188639516803623,5.254290064053435,191.38556611989088
2486,-0.013339270525503943,0.011903439894272649,5.24095079352793,188.84957402465378
2487,0.0031241527317179673,0.012506983705656848,5.244074946259649,189.4404915148433
2488,-0.00024048842115774837,0.012426914660003318,5.24383445783849,189.39493874781147
2489,0.005364020361361398,0.014452078979614296,5.249198478199852,190.41358663716576
2490,-0.0010278360937317776,0.01348937381925786,5.24817064210612,190.2179732265664
2491,-0.0011685624067885173,0.011684197109316827,5.247002079699332,189.99582147832882
2492,-0.019274063696816845,0.01043737236215664,5.227728016002515,186.36889499876156
2493,0.010512419610063703,0.01015516686204707,5.238240435612578,188.33841710889638
2494,0.003314891042247156,0.009951610535160514,5.241555326654826,188.96377436361783
2495,0.003738899071211676,0.010777909480330061,5.245294225726037,189.67161328863344
2496,0.002590343426817565,0.010774209908093978,5.247884569152855,190.16356479196307
2497,-0.008171735260178281,0.012018401775404943,5.239712833892677,188.6159305253261
2498,-0.006257964803100828,0.012790326090795666,5.2334548690895755,187.4392642788321
2499,-0.006990569806354237,0.011207634760834381,5.226464299283221,186.13352626122304
2500,-0.0005492875193551537,0.011516989576663843,5.225915011763867,186.03131351297773
2501,0.025577688676061236,0.014717544486768248,5.251492700439927,190.85093922262325
2502,-0.0043480336243977265,0.013321405895093843,5.2471446668155295,190.0229143661055
2503,-0.025998539608913254,0.010699241720997281,5.221146127206617,185.146263682371
2504,0.005155157962750472,0.011917062264595572,5.226301285169367,186.1031863423656
2505,0.006443470685447861,0.0095987551743887,5.232744755854815,187.30620842450665
2506,0.00010868900018036876,0.01002810239089013,5.232853444854995,187.3265676554201
2507,0.0021249514345790797,0.01058605201618299,5.234978396289574,187.7250507427552
2508,0.00045915826531639227,0.00932520035709839,5.235437554554891,187.8112660431299
2509,0.002391254449878478,0.009466530763931287,5.237828809004769,188.26090795865045
2510,-0.003121464340775579,0.009105352243619564,5.234707344663994,187.67417445795047
2511,-0.005619922323555265,0.008031843777292437,5.229087422340438,186.622418337389
2512,0.0019554632237833735,0.008096188579698647,5.2310428855642215,186.9877086526692
2513,-0.0017373477270461297,0.01099374962192434,5.229305537837176,186.6631280184118
2514,-0.0072356953838901865,0.010355792999440342,5.222069842453285,185.31736512133602
2515,0.002766708760318978,0.010208737777905375,5.224836551213604,185.83079422574585
2516,0.005223688967761102,0.010128123279631557,5.230060240181365,186.804056291461
2517,-0.00456046708606259,0.014379018265553904,5.225499773095303,185.95408215387639
2518,-0.016444725363619198,0.01357389731897212,5.209055047731684,182.92112476789748
2519,-0.002247855944447208,0.012750275920265822,5.206807191787236,182.51040622122807
2520,-0.004769273436804748,0.013420752825488153,5.202037918350432,181.64203658101778
2521,0.00818746849331454,0.009625895927698152,5.210225386843746,183.13532983647102
2522,0.02124378740656207,0.009948065893607973,5.231469174250308,187.06743638961385
2523,-0.013466721877080966,0.012820190755946209,5.218002452373227,184.5651379465025
2524,0.012016977008514269,0.012373566330442868,5.230019429381741,186.79643282411166
2525,0.003343741479734766,0.009224892788214622,5.233363170861477,187.42207721844514
2526,0.010560854292015755,0.00972924136583616,5.243924025153492,189.41190310366466
2527,0.0012875629745909053,0.01125471370292253,5.245211588128083,189.65593992972452
2528,-0.008552666782680636,0.010225812419039075,5.236658921345402,188.0407926258989
2529,-0.0237357193999214,0.012175915633274003,5.212923201945481,183.63006214304542
2530,-0.00883052110475748,0.01223272671593732,5.2040926808407235,182.01565153799262
2531,0.011963740824256875,0.014610728028794004,5.21605642166498,184.2063177711655
2532,-0.0012220541763711102,0.01481101638942603,5.214834367488609,183.98134516357476
2533,-0.0015080120172617044,0.020675121947768087,5.213326355471348,183.7041081750101
2534,-0.007770798236223077,0.021174643218116046,5.205555557235124,182.28211279045806
2535,-0.009609293402513524,0.02153737667883108,5.195946263832611,180.53889942476277
2536,0.002458722218827827,0.01994546331477498,5.198404986051439,180.98334058291752
2537,0.021369039352477897,0.016235216838960235,5.219774025403916,184.89239836456787
2538,0.0008743582195014836,0.015612102072863676,5.220648383623418,185.05413124873584
2539,-0.0046596888573495945,0.017260238220943223,5.215988694766069,184.19384247096443
2540,0.0005925419781067199,0.01670871330806949,5.216581236744176,184.30301739690626
2541,-0.018704514117101695,0.021044493240077754,5.197876722627074,180.88775895203074
2542,-0.014124288796240426,0.01921388886591594,5.183752433830834,178.35080650514868
2543,0.00021230077386387474,0.023145033482322858,5.1839647346046975,178.38867453895318
2544,-0.006441278677267635,0.022468717721181433,5.17752345592743,177.2433161198416
2545,0.04252472395109166,0.02067730501490122,5.220048179878521,184.94309439185375
2546,0.032815453780207754,0.02150523693825611,5.252863633658729,191.11276254518103
2547,-0.03485212153164873,0.01962791922558542,5.21801151212708,184.56681006879663
2548,0.011306294988253012,0.0182258167818999,5.229317807115334,186.66541825430104
2549,0.004175192010277387,0.020199937744479795,5.233492999125611,187.44641148099416
2550,-0.03242007186574737,0.0189478661672556,5.2010729272598635,181.46683818008788
2551,-0.01661582267430324,0.019066809873883393,5.18445710458556,178.47652939399376
2552,-0.005584696902363061,0.01906085117099291,5.178872407683197,177.4825701371024
2553,-0.0012691684291775466,0.01469140796433781,5.17760323925402,177.2574577453429
2554,-0.002349841270473848,0.016697264185848614,5.175253397983545,176.84141985856996
2555,-0.0030055515356999653,0.01900496475160744,5.172247846447846,176.31071179226603
2556,-0.02150952213475221,0.020228200055292467,5.150738324313093,172.55884768823455
2557,-0.006896937600655572,0.018574945578578694,5.143841386712438,171.37281478216642
2558,-0.01160697456463047,0.01735710203314106,5.132234412147808,169.3951941782883
2559,0.024114566413509172,0.019557567491531827,5.156348978561317,173.5297368348232
2560,-0.012635546403513246,0.01780748269176509,5.143713432157803,171.35088825280394
2561,0.010164066943249173,0.011674334616034784,5.1538774991010525,173.10139119625015
2562,0.010811485149686988,0.011404626039654068,5.1646889842507395,174.98302763035005
2563,-0.006012923225185206,0.011101656697423285,5.158676061025554,173.93402506601635
2564,-0.002926921789887,0.011373720230715116,5.155749139235668,173.42567808688483
2565,-0.010461723223759194,0.012732554938189306,5.145287416011908,171.620804150208
2566,0.0023684985620542466,0.011845514699570478,5.147655914573963,172.0277695362732
2567,0.0006043912879598299,0.012780121199181163,5.148260305861922,172.1317730477102
2568,-0.010335814035195963,0.01213439472418767,5.137924491826726,170.36181379368458
2569,-0.009516220490798805,0.00956092031146559,5.128408271335927,168.74830265071623
2570,0.0026762270755993868,0.009052341760752758,5.131084498411527,169.20051627049475
2571,-0.003503226309293601,0.012211656340141385,5.127581272102233,168.60880562365463
2572,0.015076089618982854,0.012807171455474305,5.142657361721216,171.1700251643272
2573,-0.015001621310364253,0.014097688919359667,5.127655740410852,168.6213621037517
2574,0.0027179508188216964,0.012089705040109608,5.130373691229673,169.08029006224447
2575,0.02196876776570763,0.014383396244928771,5.152342458995381,172.83587745767196
2576,-0.0109606313807441,0.013535406665810008,5.141381827614637,170.95183114574562
2577,-0.02295463819614243,0.01869512353668397,5.118427189418495,167.072389644161
2578,0.008070104846562025,0.016667514575386864,5.126497294265056,168.42613643776673
2579,-0.008693497111310426,0.013971572156991054,5.117803797153746,166.96827046572085
2580,0.0034508182375297307,0.01488225110110112,5.121254615391276,167.54544290436718
2581,-0.002045956508020787,0.013478780530060555,5.119208658883255,167.2030026434607
2582,0.020908569526837385,0.012365418930804502,5.140117228410093,170.73578223249748
2583,0.0064044045710191745,0.013608437189960201,5.146521632981112,171.83275222701016
2584,0.012967320908263177,0.013216485597144561,5.159488953889375,174.07547227669326
2585,0.013791492018212621,0.014169158639551793,5.173280445907587,176.49286416704615
2586,0.002550672400780467,0.015874276195352307,5.175831118308368,176.94361425814125
2587,-0.022833480563427846,0.019041079123531177,5.1529976377449405,172.94915295554114
2588,-0.012735490183680477,0.01959785468524788,5.14026214756126,170.76052691007806
2589,0.020894774854047993,0.01899215073474017,5.161156922415308,174.36606696961604
2590,0.0034982397513755033,0.01736090316328189,5.164655162166683,174.9771094397645
2591,-0.013919540716651167,0.017853188348562664,5.150735621450032,172.55838128592953
2592,0.003578010291564982,0.019309824546497836,5.154313631741597,173.1769028284213
2593,-0.010952515333900138,0.018744945939123805,5.143361116407697,171.2905292694125
2594,-0.0012943480432559729,0.01784187859116585,5.142066768364441,171.06896313080645
2595,-0.009329370347372648,0.01512926428503246,5.132737398017069,169.48041899892416
2596,0.0016082586075463288,0.01513507091688778,5.134345656624615,169.75320663932806
2597,-0.014936930354253265,0.013664863391129429,5.119408726270361,167.23645785785297
2598,0.007323404244533952,0.014310716968531156,5.126732130514895,168.4656936445739
2599,0.025065075313297824,0.014300587210381719,5.151797205828193,172.74166383555647
2600,-0.02021781241669445,0.01424860401689026,5.131579393411498,169.28427348379319
2601,0.009928053349962487,0.013173593160811086,5.141507446761461,170.97330731780315
2602,0.002695804155299223,0.012056724394635357,5.14420325091676,171.43483969105034
2603,-0.0006346780078396903,0.012179315306434216,5.1435685729089204,171.32606828958032
2604,0.003834167342601396,0.013050755251778843,5.147402740251522,171.98422203506703
2605,-0.0010288840374777497,0.012519700684733619,5.146373856214044,171.80736121455678
2606,-0.006764665360879077,0.01161453217689965,5.139609190853165,170.64906407271823
2607,0.011563410205040243,0.012274733724655143,5.151172601058206,172.6338022572841
2608,-0.018736078870811024,0.013341081926777777,5.132436522187395,169.42943410768973
2609,0.002207670174645515,0.011290746053687628,5.13464419236204,169.80389160331248
2610,-0.0003816390033512836,0.011063530318492432,5.134262553358689,169.73910017960952
2611,-0.008703773673285786,0.010811695191429643,5.125558779685403,168.26814020560596
2612,-0.0029745527705873328,0.011399866340758114,5.122584226914816,167.76836142064252
2613,0.0025570928121192446,0.009125772246876704,5.125141319726935,168.1979096550255
2614,-0.00506234347868356,0.009681555858865851,5.1200789762482515,167.34858566266635
2615,0.007734187254734387,0.010792012807314217,5.127813163502986,168.64790908947344
2616,-0.0038718397715159897,0.011396517378461401,5.12394132373147,167.99619389025466
2617,-0.01235523253251815,0.015470345252031722,5.1115860911989515,165.93333166297697
2618,0.013168639225707995,0.0149321704747546,5.12475473042466,168.1328987095655
2619,-0.012733182900200337,0.013110401600860988,5.11202154752446,166.0056041164688
2620,0.022316761645239356,0.013133165458058082,5.134338309169699,169.75195938987756
2621,0.010316104090762704,0.014182274235731063,5.1446544132604615,171.5122020853047
2622,-0.02050518844486453,0.013437745095303837,5.124149224815597,168.03112411198333
2623,-0.0018753323210217176,0.015758279721466446,5.122273892494575,167.71630520130245
2624,0.012585395147127693,0.013046093528892667,5.134859287641703,169.84041954721812
2625,-0.0217509201528813,0.010393212260690168,5.113108367488822,166.1861203977993
2626,0.0014704164370070456,0.00928983233567842,5.114578783925829,166.43066294646525
2627,-0.014054258729401813,0.009718763602730742,5.100524525196427,164.10796349039362
2628,0.0031912126970370723,0.010914606023186663,5.103715737893464,164.63250342126037
2629,-0.003029461729186716,0.008991792313036234,5.100686276164277,164.13451025924496
2630,0.009534006938944465,0.0089397187332934,5.110220283103222,165.7068532734559
2631,0.017992143422648058,0.00812217865091763,5.12821242652587,168.71525740741143
2632,-0.005602756382154635,0.009428548416632097,5.122609670143715,167.77263004376783
2633,-0.009080632172440223,0.010566125680631557,5.113529037971275,166.25604469975775
2634,0.008235673493113556,0.010861150326796543,5.1217647114643885,167.6309289780622
2635,0.013243476583907399,0.010731315268156866,5.135008188048296,169.86571073763218
2636,0.01945589377109058,0.011238955416059055,5.154464081819387,173.20295926697068
2637,0.0014701005109731269,0.010062826387919062,5.155934182330359,173.45777228036985
2638,-0.014628587212699131,0.00898551722296601,5.14130559511766,170.93879955751612
2639,-0.0005038247769204174,0.008008962407639599,5.14080177034074,170.85269804682065
2640,0.005232540962218295,0.008559518036724487,5.146034311302958,171.74903480214783
2641,-0.0002218283144577484,0.010349641678304189,5.1458124829885,171.71094022863167
2642,0.020256159944133083,0.011793754587441101,5.1660686429326335,175.22461109664735
2643,-0.019688040862043697,0.01292597000370099,5.14638060207059,171.80852020627816
2644,-0.0035839024869380076,0.014327952753617593,5.142796699583652,171.19387729146027
2645,0.008335721228519062,0.01159668408572301,5.151132420812171,172.62686592798818
2646,-0.011220077774330648,0.010764788893435986,5.139912343037841,170.700804551528
2647,0.0078049311504358515,0.009532605338308874,5.147717274188277,172.03832541771234
2648,-0.01328205850801137,0.009232589900221124,5.134435215680265,169.76841025700884
2649,-0.0025083858536886204,0.00912734964886208,5.131926829826576,169.34309922341177
2650,-0.0007368152305362555,0.010542726723863733,5.13119001459604,169.21837060533338
2651,0.009563896960914458,0.011789801864216133,5.1407539115569545,170.84452144014838
2652,-0.003592395050384788,0.012989708340653123,5.13716151650657,170.23188150812967
2653,-0.000855913617442981,0.011902479020188737,5.136305602889127,170.08624005976472
2654,0.000427176474850342,0.010666860665519987,5.136732779363977,170.1589124210704
2655,0.0005359986813565026,0.011259872725724257,5.137268778045334,170.25014182098403
2656,-0.0042210535477776295,0.011081583170151763,5.133047724497556,169.53302142240386
2657,-0.0013648655713610787,0.012838067407173925,5.131682858926195,169.30178947441405
2658,0.006364818308194155,0.012712846312405376,5.138047677234389,170.38280117581002
2659,0.0025923617603703826,0.013245720935244445,5.14064003899476,170.8250680443801
2660,-0.0018272735346269867,0.012775180390452312,5.138812765460132,170.51320893121664
2661,-0.0036592088805949296,0.012659838254686518,5.135153556579538,169.89040566139937
2662,0.018526240350934392,0.010858796072309041,5.153679796930472,173.06717205819055
2663,-0.008444438419834043,0.013173445820342751,5.145235358510638,171.6118702325186
2664,0.014496511375015883,0.014188958544844118,5.159731869885654,174.1177631298235
2665,-0.0064477690593335085,0.011606806803881289,5.15328410082632,172.998703599695
2666,-0.003636286248672595,0.011121189640689675,5.149647814577648,172.370773152088
2667,0.0005273010533487055,0.013185694945538656,5.150175115630996,172.46168841008665
2668,0.015939323550332212,0.012694606677319406,5.166114439181329,175.23263591026648
2669,-0.002407177576361854,0.014633614974906657,5.163707261604967,174.81132712442704
2670,-0.009626264227824923,0.014297908715293491,5.154080997377141,173.1366206153886
2671,-0.015446562497865914,0.011649111312265169,5.138634434879275,170.48280392277613
2672,-0.0018518511941306675,0.012078873377343003,5.136782583685145,170.16738728123474
2673,0.006239178554613028,0.01267362790787551,5.1430217622397585,171.23241097627673
2674,-0.015541122195403276,0.014595342655679406,5.127480640044355,168.59183902627439
2675,-0.012060797390507673,0.01236264404745231,5.115419842653847,166.57069978949585
2676,-0.004842294711162722,0.009633656571916465,5.110577547942684,165.76606508230736
2677,-0.011729317557438473,0.011443319833232289,5.098848230385246,163.83310060270037
2678,-0.0036473289291087227,0.010955458741134667,5.0952009014561375,163.2366358082078
2679,0.024406027650513407,0.011914628883385375,5.11960692910665,167.26960788323737
2680,-0.011153653765797177,0.010815442849703084,5.108453275340853,165.41430651975497
2681,-0.008339569104526828,0.01594089809665054,5.100113706236327,164.04055867402462
2682,0.020625231969911884,0.01520776256810097,5.120738938206238,167.45906581526555
2683,-0.009556025091315588,0.014027907039347809,5.111182913114923,165.86644446487284
2684,-0.021275194431147292,0.013676343405324538,5.089907718683776,162.37487719469928
2685,-0.004042118734956031,0.0095982717800814,5.08586559994882,161.71986337516077
2686,0.010324408939994147,0.010442128999018153,5.096190008888814,163.3981742542398
2687,0.008990939074512639,0.010568145467966698,5.105180947963326,164.87390142930906
2688,0.008649794191118457,0.011540887661069496,5.113830742154445,166.30621241144462
2689,0.0017455417232296916,0.008085856392614535,5.115576283877674,166.5967603520446
2690,0.0037980951825116877,0.008801704228755937,5.119374379060186,167.23071385073192
2691,0.005905086894621096,0.008526560751656356,5.125279465954807,168.2211471668307
2692,-0.005789540353152462,0.009376053133641154,5.119489925601655,167.25003789773652
2693,0.02221250970817352,0.010345848472322486,5.141702435309829,171.00664840526605
2694,0.01078391028361717,0.009399023883681815,5.152486345593446,172.86074801332978
2695,0.0011128773272083496,0.009007935562264731,5.153599222920654,173.05322790394573
2696,-0.010989377211647484,0.00894621259150291,5.142609845709006,171.16189204054982
2697,0.009409703637468271,0.010632344704358287,5.152019549346475,172.7800760950478
2698,0.0017030364431314265,0.012123415870865552,5.153722585789606,173.07457756347193
2699,-0.013199510204581523,0.01257039298684166,5.140523075585024,170.8050889303888
2700,-0.005927917303026345,0.01283042412942916,5.134595158281998,169.79556562983012
2701,-0.029337570744320893,0.012105464423162557,5.105257587537677,164.8865377791522
2702,0.0001371542262593938,0.01203430864931077,5.105394741763937,164.90915421559643
2703,0.002892644723656014,0.012057459687706603,5.108287386487593,165.3868684060351
2704,0.01252012165894707,0.011220378652201286,5.12080750814654,167.47054886710308
2705,0.01906039075924571,0.013548315561539445,5.139867898905786,170.6932180710172
2706,0.02233187435031838,0.015750068918026532,5.162199773256104,174.54799961698052
2707,-0.02196568264671888,0.014173020837856582,5.140234090609385,170.75573595740252
2708,-0.008138486617314915,0.015352279596452837,5.13209560399207,169.37168237564634
2709,-0.0024194198312745842,0.013029297101380044,5.129676184160796,168.96239648529965
2710,0.005675282002685538,0.013019899481456421,5.135351466163481,169.92403192827024
2711,-0.0035352335273024903,0.009407560247223787,5.1318162326361785,169.32437138806648
2712,-0.0013933054277350705,0.009890827102454739,5.130422927208444,169.08861510076053
2713,0.01111633726509137,0.017747212308096005,5.141539264473535,170.97874738381248
2714,-0.009825660272598114,0.016933827296636367,5.131713604200937,169.3069947844647
2715,0.016241899364918704,0.015609619932275534,5.147955503565855,172.07931488314986
2716,-0.008897374614710702,0.016753274829991,5.139058128951145,170.55505178056768
2717,-0.008751987762156058,0.017993954113713996,5.1303061411889885,169.0688690675205
2718,-0.003101346993496506,0.016249668801584682,5.127204794195492,168.5453400808923
2719,0.00105571242952082,0.014267966402932,5.128260506625013,168.72336944872683
2720,0.013833312572073998,0.015075470557577901,5.142093819197087,171.07359075128923
2721,-0.019217077102388774,0.013511357661566853,5.122876742094698,167.81744339132288
2722,-0.0006673861471585644,0.013887679662888116,5.12220935594754,167.70548171934206
2723,-0.014542306901751343,0.012577415559918212,5.107667049045789,165.2843045545678
2724,0.01507308621806879,0.011338453035914157,5.122740135263857,167.79451994800647
2725,-0.02593754393146288,0.013179408988143217,5.096802591332395,163.49829977153706
2726,0.01865692593191469,0.011445131733257154,5.115459517264309,166.57730854822344
2727,-0.0027875456791509566,0.011942776308738365,5.112671971585159,166.1136132776678
2728,-0.004243478897427878,0.010756429282600207,5.108428492687731,165.41020716517164
2729,-0.005941931039683954,0.008518482331460072,5.102486561648046,164.43026537739405
2730,-0.003948814164113132,0.008383148000292174,5.098537747483934,163.78224112220232
2731,-0.0024394059812270453,0.006884571538573526,5.096098341502707,163.38319665720024
2732,-0.007332722485516902,0.007827009498083199,5.088765619017189,162.18953476150534
2733,0.0018996112033351912,0.010746934366483288,5.090665230220525,162.4979246364969
2734,-0.021791785382407263,0.009569138829394537,5.068873444838117,158.9951096514514
2735,0.003294032428279232,0.008269621744794372,5.0721674772663965,159.51970824662035
2736,0.006162123407573095,0.00943862094803524,5.078329600673969,160.50572322771487
2737,-0.010641777660683352,0.007911030833291862,5.067687823013286,158.80671328489822
2738,-0.005260290757198042,0.008523655042252823,5.0624275322560885,157.97353709454163
2739,0.008645071107524068,0.0082340150801608,5.071072603363612,159.34514985823103
2740,-0.005551969503165032,0.006997571078116381,5.065520633860447,158.46292176365435
2741,0.0012226763817537532,0.00691104343427156,5.0667433102422015,158.65678912985186
2742,0.0014244492683497497,0.007283669824106631,5.068167759510551,158.8829487152337
2743,-0.007356346237414661,0.008492349072757545,5.060811413273136,157.71843925219463
2744,0.0002160722278899541,0.008717446052172511,5.061027485501026,157.7525215087252
2745,0.013717988743480718,0.010493079273153934,5.074745474244507,159.93148011769352
2746,0.0008593319326521549,0.010060090726095575,5.075604806177159,160.0689734133237
2747,-0.008443938903435911,0.010452631916984336,5.067160867273723,158.72305122089
2748,0.004475281507817069,0.009410888905442897,5.07163614878154,159.43497339474658
2749,0.0031126321356812663,0.012346096604349124,5.074748780917221,159.93200895962934
2750,0.021011088802401153,0.010683088617446553,5.095759869719623,163.3279054130926
2751,-0.007205841552483454,0.01238720670564259,5.088554028167139,162.1552205703884
2752,-0.00870339139419273,0.011267323770568235,5.079850636772946,160.75004399008216
2753,0.0036274802508914424,0.007033232835289351,5.083478117023838,161.33422050379025
2754,-0.002173244466606304,0.006318233632414024,5.081304872557231,160.98398251603808
2755,0.0024406038779493057,0.006665457494831323,5.083745476435181,161.3773604926976
2756,-0.007425037175081703,0.007302367887062007,5.076320439260099,160.18356506414827
2757,-0.003230983725960032,0.005752272398608262,5.073089455534139,159.6668497711212
2758,0.0008117883123901439,0.005704717380506323,5.073901243846529,159.79651807812866
2759,-0.0001911275071095231,0.0055352968631540034,5.07371011633942,159.76597948645912
2760,-0.001653127091983184,0.0057313145470329185,5.072056989247437,159.50208420371186
2761,0.0010818226167948579,0.00558122772946352,5.073138811864231,159.6747305353445
2762,0.0059246229823396515,0.006163375033239144,5.079063434846571,160.62355104006744
2763,0.012539859212100405,0.006865833183910525,5.091603294058672,162.65042958187627
2764,-0.001312738453676953,0.006510396914044853,5.090290555604994,162.43705219345094
2765,-0.00010215260450507147,0.007588278206499743,5.090188403000489,162.42045967300027
2766,0.010290867837621525,0.007292117501312331,5.100479270838111,164.10053705785182
2767,-0.003263344846906294,0.0060520026998836345,5.097215925991205,163.5658932538913
2768,-0.006261009218461232,0.005737551432033423,5.090954916772743,162.54500491896056
2769,-0.0022479713415500964,0.00556017381805473,5.088706945431193,162.1800187990604
2770,0.00006362068123637995,0.005224822384925021,5.08877056611243,162.19033713056558
2771,-0.0035754317452829517,0.00487726922947792,5.085195134367146,161.61147211326045
2772,-0.0013129940633149898,0.005010269850142283,5.083882140303832,161.39941645418742
2773,0.0018238999710321966,0.004855574720321382,5.0857060402748635,161.69406146501535
2774,-0.00035197922328791776,0.005030064642626624,5.085354061051576,161.6371585297636
2775,-0.001839140746139211,0.004673626237236761,5.083514920305436,161.34015824180236
2776,0.0020915048083155682,0.005549941759293207,5.0856064251137525,161.67795508726485
2777,0.0078005054477116005,0.006866825538328233,5.093406930561464,162.94405655242622
2778,-0.0038017713782394526,0.006602078257153083,5.0896051591832245,162.3257565642846
2779,0.012106511120516323,0.006689903405995687,5.10171167030374,164.30289914188108
2780,-0.00867559860544094,0.005639707565802515,5.0930360716983,162.88363850882985
2781,0.003117036040707438,0.006568650190721815,5.096153107739007,163.39214478498133
2782,-0.0012823130279786966,0.006247456253409493,5.094870794711029,163.182759186686
2783,-0.0015580661573887287,0.005702188753151909,5.09331272855364,162.9287076180975
2784,-0.0008796554041910507,0.004772383416331016,5.092433073149449,162.78544951806205
2785,-0.015134362671205116,0.0076521756429726254,5.077298710478244,160.34034470947427
2786,-0.01450818538566371,0.007321634176829814,5.06279052509258,158.03089076571825
2787,0.003787201341474149,0.007838759135888709,5.066577726434054,158.63052030942495
2788,-0.002782532251575033,0.008387362269019734,5.063795194182479,158.18973929866402
2789,0.007554023917587095,0.007711345808356346,5.071349218100067,159.38923317163025
2790,0.004181735574392179,0.007769259419410976,5.075530953674458,160.0571523555451
2791,0.0006176833815525153,0.008552381426740398,5.0761486370560105,160.1560475384649
2792,-0.004008023746909114,0.00809591078654928,5.072140613309101,159.51542297355024
2793,-0.004386506715272936,0.007864216946483444,5.067754106593829,158.81723991133632
2794,-0.003543851289673531,0.00790997182287938,5.064210255304156,158.25541133730732
2795,-0.00876050045364367,0.007232173155348188,5.055449754850511,156.87506980381565
2796,-0.0017122659386038827,0.007622823098477083,5.053737488911907,156.6066878014265
2797,0.0023635161319334914,0.008681360931056184,5.056101005043841,156.97726799803877
2798,0.003575885647495591,0.008739672352981143,5.059676890691337,157.5396055858954
2799,0.00459643901170179,0.010232366767865993,5.064273329703038,158.265393517054
2800,0.0133552834893097,0.011689896385612296,5.077628613192348,160.3932501507188
2801,-0.007394723368838504,0.0113121516843753,5.07023388982351,159.21156095273818
2802,0.015625480047306056,0.013215917130761038,5.085859369870816,161.71885585093568
2803,0.022548784550603888,0.012234702064522818,5.1084081544214195,165.40684304253807
2804,-0.007862586129477482,0.012028842685055916,5.100545568291942,164.11141686627883
2805,0.0029160308140425604,0.010992717080636757,5.103461599105985,164.59066923253138
2806,-0.010639364773786518,0.009111421759660421,5.092822234332198,162.8488116243673
2807,0.0006711360486771786,0.009537248281222073,5.093493370380876,162.95814201601252
2808,0.00979419275579154,0.009189852832753864,5.103287563136667,164.56202702833002
2809,-0.0007510394863196302,0.007627952977440952,5.102536523650348,164.43848084792023
2810,-0.0009871768536705914,0.00797573581268496,5.101549346796677,164.27623108355664
2811,0.0022363185490503926,0.0075415215227922884,5.103785665345727,164.64401615530775
2812,0.00541317692276397,0.006370918807819037,5.109198842268491,165.53767994191088
2813,0.0022350338150154297,0.005182943039851663,5.111433876083506,165.90807602393542
2814,0.000026686872625650204,0.00546486179466024,5.1114605629561325,165.91250365070746
2815,0.0038172210637455214,0.0068514263509407,5.115277784019877,166.5470386640977
2816,0.0006589937925318185,0.006529830801013631,5.11593677781241,166.65682830011306
2817,-0.010701956615917031,0.0058332668234661765,5.105234821196492,164.8827839587069
2818,-0.016677207964468442,0.006685621141986492,5.088557613232024,162.15580190841763
2819,0.002544181708866317,0.0057839136736491,5.09110179494089,162.568880984918
2820,0.003294844084236246,0.006034185670653836,5.094396639025127,163.10540349434643
2821,-0.0022317316605199727,0.006117203319667723,5.092164907364607,162.7418018828939
2822,0.0007688581512521407,0.006898363734186877,5.092933765515859,162.86697535797808
2823,-0.0022109008117069595,0.0068795454700076595,5.090722864704152,162.50729039036645
2824,-0.013979060388030963,0.007064704210029243,5.076743804316121,160.25139554566002
2825,-0.0044112795550472535,0.008435682221752077,5.072332524761074,159.54603874765
2826,0.012857547062611881,0.008378833736967278,5.0851900718236855,161.6106539502301
2827,-0.0003558321998068205,0.008175475014849913,5.084834239623879,161.5531579058014
2828,0.0097194909206376,0.007698530302202563,5.094553730544517,163.13102798264427
2829,-0.00785409560052409,0.007129174934502165,5.086699634943992,161.8547996636015
2830,0.005206013637180747,0.007825492782412498,5.091905648581173,162.69961511020594
2831,-0.012685638984851333,0.007554446520640299,5.079220009596321,160.6487026013739
2832,0.005379077775899625,0.007412669027403299,5.084599087372221,161.51517278327609
2833,-0.007094617936389266,0.008145517117331892,5.077504469435832,160.37333956603817
2834,0.002754818050279824,0.00710648064330007,5.080259287486112,160.81574803428813
2835,-0.001756674154433297,0.008916199384585603,5.078502613331678,160.5334951518459
2836,-0.011818828893793066,0.009663517528382657,5.066683784437886,158.64734523794917
2837,0.004659681586789868,0.010180834812561471,5.0713434660246755,159.38831635538133
2838,-0.00423410128631843,0.011699490376307698,5.067109364738357,158.71487679183477
2839,0.0033305531606697882,0.012774044394842558,5.0704399178990265,159.2443663835451
2840,-0.00019669875240810875,0.014015011279820825,5.070243219146619,159.21304629576156
2841,0.00864545200439578,0.013761982891532524,5.078888671151015,160.59548232746175
2842,-0.004891765171871682,0.011885718400351322,5.0739969059791425,159.81180528502398
2843,-0.008036029624570002,0.010338017506834486,5.0659608763545725,158.53269923393478
2844,0.006953355365945895,0.009341139048198756,5.072914231720518,159.63887478780873
2845,0.006442343149844437,0.009307703685314955,5.079356574870363,160.67064313359234
2846,0.011281199459393293,0.009272433370350242,5.090637774329756,162.49346317247492
2847,0.016928090569176754,0.010421401666823392,5.107565864898933,165.26758124930373
2848,-0.009415667137174193,0.010348351156081625,5.0981501977617585,163.71877965818885
2849,-0.006670876660519259,0.00855826890420382,5.0914793211012395,162.63026657695286
2850,0.014304118704495472,0.009255524025720082,5.105783439805736,164.97326654027503
2851,0.0021360264733642927,0.009588338474352504,5.1079194662791,165.32603042737628
2852,0.004951723822790045,0.010211174649114424,5.11287119010189,166.14670948189274
2853,-0.00823689209981463,0.006997738645075031,5.1046342980020745,164.7837977473122
2854,-0.0029735886576611518,0.007052309507888742,5.101660709344413,164.29452632186587
2855,0.01091518855194325,0.0096489735910514,5.112575897896357,166.09765489668257
2856,-0.005035772871982112,0.009541708796792402,5.107540125024375,165.2633273372417
2857,0.011930074767251967,0.008990902621453354,5.1194701997916265,167.2467387878007
2858,-0.01294029308832981,0.009841570058373947,5.106529906703297,165.09645959677894
2859,-0.006160281830141786,0.007316176610785138,5.100369624873156,164.08254508250818
2860,0.0012366112474142424,0.007658549891696174,5.10160623612057,164.28557691311104
2861,0.015194115376775652,0.00686189507300274,5.1168003514973455,166.80081091229735
2862,-0.009482279236178202,0.007515680085443036,5.107318072261167,165.2266342328029
2863,-0.0007324033937755521,0.008121416274038921,5.106585668867392,165.10566598933215
2864,0.0011223497181585512,0.008403356305185196,5.10770801858555,165.2910763151721
2865,-0.002729657939664203,0.006476828127975764,5.104978360645886,164.84050345102017
2866,0.005247593910429549,0.006842573022870868,5.110225954556316,165.70779307476658
2867,0.0008031431644671896,0.007414533383101581,5.111029097720783,165.84093361437397
2868,0.004710677963097529,0.0069970934622826005,5.11573977568388,166.62399978395393
2869,-0.0002241948323639234,0.006466030594577308,5.1155155808515165,166.58664773147962
2870,0.003350274676163589,0.006287773251028375,5.118865855527679,167.14569471632828
2871,-0.00911737696758108,0.00683452551909713,5.109748478560099,165.62869046748827
2872,0.016064692566543054,0.006538820451369359,5.125813171126642,168.31095162550594
2873,0.0027373466881835174,0.006828860554530828,5.128550517814825,168.77230820990096
2874,-0.00855209366204658,0.0072922393573338655,5.1199984241527785,167.33510592633456
2875,-0.0024429009182010547,0.0060606208196958555,5.117555523234578,166.92682174436672
2876,0.0034126625049472176,0.006496286847712128,5.120968185739525,167.4974597937244
2877,0.007598323936035092,0.006935596746971036,5.12856650967556,168.77500721473066
2878,0.001543477800504524,0.006131312034644263,5.1301099874760645,169.03570883347086
2879,-0.002774626847157714,0.005448951258471298,5.127335360628907,168.56734788152403
2880,0.0012300465079748883,0.005702190469945678,5.128565407136882,168.7748211338599
2881,-0.006763300981779318,0.006310518364620508,5.121802106155102,167.6371976020113
2882,0.007835119272264381,0.006857279713716245,5.129637225427366,168.95581405255783
2883,-0.0128307552583635,0.007753279797805215,5.116806470169003,166.80183151481387
2884,-0.006869994446703554,0.007981888715694843,5.109936475722299,165.6598311183604
2885,-0.0069229413273860065,0.006826311995066456,5.103013534394913,164.51693848118404
2886,0.0026504038288126513,0.007602904081069161,5.105663938223726,164.9535531518482
2887,-0.006706755411311948,0.0060609755889715735,5.0989571828124145,163.85095158909803
2888,-0.004495349518872081,0.005923247269476483,5.094461833293542,163.11603737843214
2889,-0.005401461607464754,0.006632377002117174,5.089060371686077,162.23734760587763
2890,0.0005286936684375586,0.006658916011018787,5.089589065354515,162.32314414238527
2891,0.01378815288219322,0.008011289713333527,5.103377218236708,164.5767815147238
2892,0.01835787838988854,0.00857389616658086,5.121735096626597,167.6259646888003
2893,-0.013217189397795316,0.009612912517152405,5.108517907228801,165.42499790417745
2894,0.010236536187448436,0.008767495842008009,5.1187544434162495,167.12707369888622
2895,0.0055799405902281635,0.010624500327329763,5.1243343840064774,168.06223949952766
2896,-0.0005438949225020742,0.010091739701431852,5.123790489083976,167.97085615452104
2897,0.00554898257953097,0.01032173306937897,5.129339471663506,168.90551431183783
2898,0.010954233962131781,0.009026587193142494,5.140293705625639,170.76591586681167
2899,0.0066644906207041655,0.009793620553590454,5.146958196246342,171.90778447136503
2900,0.015977518237990047,0.009843391520305236,5.162935714484333,174.67650396622798
2901,0.010275251467621926,0.01215096453591715,5.173210965951955,176.480601876671
2902,0.010305538407576436,0.013942565281183586,5.183516504359531,178.30873325701828
2903,0.016460413447799662,0.012619090540690029,5.199976917807331,181.2680577626281
2904,0.0032137635514195573,0.011654711944663502,5.20319068135875,181.8515475365827
2905,0.00093960927931865,0.009607227325517189,5.204130290638069,182.0224972384926
2906,-0.0072961785342792,0.008708645425845107,5.19683411210379,180.6992617526713
2907,0.008577550860423815,0.009373825194721044,5.205411662964214,182.2558853257743
2908,0.005478164368547808,0.007478365286826244,5.210889827332761,183.2570527989377
2909,-0.00895555034706446,0.008315893991474258,5.201934276985697,181.6232119279765
2910,0.007612061866655003,0.009826385149524266,5.209546338852352,183.0110143714526
2911,0.0033659801062167617,0.008225524557095416,5.212912318958569,183.62806371035703
2912,0.002168371870945004,0.008080598991463213,5.215080690829514,184.02666964518932
2913,-0.009424201524212198,0.006669106879789304,5.2056564893053014,182.30051182996922
2914,-0.00860667668030565,0.0070044195542226535,5.1970498126249955,180.73824288158656
2915,0.010865342902732871,0.007262811284734522,5.207915155527729,182.71273319836322
2916,0.0064954761527487165,0.008538725250724143,5.214410631680478,183.90340219438053
2917,0.019698703012088918,0.00854632567251493,5.234109334692566,187.5619769811938
2918,-0.0026022296098728824,0.008153376541282923,5.231507105082693,187.07453214776143
2919,0.011402153735515076,0.006853922213071553,5.242909258818209,189.21979177143487
2920,-0.0017006352796426465,0.00674177089807733,5.241208623538566,188.89827138988443
2921,-0.005318724338899963,0.00669609081597089,5.235889899199666,187.8962406810152
2922,0.003239622835065516,0.006678573076829138,5.239129522034731,188.505940698757
2923,0.010343713465416226,0.008937068708807701,5.249473235500147,190.46591134813877
2924,0.010179052960789015,0.008586058587248183,5.259652288460937,192.41457489614214
2925,-0.004837823057543751,0.009088741337906863,5.254814465403393,191.48595528893398
2926,-0.00798571487498358,0.009214411278976705,5.246828750528409,189.9628925139707
2927,-0.0016606774626872591,0.008484188825222167,5.245168073065722,189.64768721923116
2928,-0.0008906175843719826,0.009777704903340552,5.24427745548135,189.4788588460767
2929,-0.0002789909815344919,0.008982728046392422,5.243998464499816,189.42600332671677
2930,-0.001805976951718047,0.008006212990905934,5.242192487548097,189.08421305622517
2931,0.0017756558533737056,0.007918210712571004,5.243968143401471,189.4202598093161
2932,-0.0010553656201807177,0.008823602820988872,5.2429127777812905,189.22045763006804
2933,-0.005632017043680371,0.008465108118756316,5.23728076073761,188.15776016183727
2934,0.0013249048334087077,0.008735510427210677,5.2386056655710185,188.40721650418513
2935,-0.0009886816906164236,0.00845010658505108,5.237616983880402,188.2210337917329
2936,0.000558280759932578,0.008590995991820389,5.2381752646403354,188.32614331109474
2937,0.004838993366609469,0.008842122473676496,5.243014258006944,189.2396607391581
2938,0.0015105061813860336,0.007497056489991393,5.244524764188331,189.52572441255057
2939,-0.010095203069305083,0.008288560664475161,5.2344295611190255,187.62204890061682
2940,-0.005612129926755236,0.00784070992208823,5.228817431192271,186.57203873771732
2941,-0.00008187919253127263,0.0072182397943650065,5.228735551999739,186.55676299522773
2942,-0.0034332569796213202,0.008426129669587567,5.225302295020118,185.91736392530177
2943,0.006208094321821624,0.00964256335551557,5.231510389341939,187.07514655003226
2944,-0.0040169444935468784,0.009477440678043517,5.227493444848393,186.3251833589146
2945,0.009219443115069267,0.009062065758891331,5.236712887963462,188.0509408253637
2946,-0.0063058043656838035,0.008200669850392564,5.230407083597778,186.86885928614123
2947,-0.0002938995822260349,0.007354478527004303,5.230113184015552,186.81394667625787
2948,0.006834506056188335,0.008646636740876021,5.23694769007174,188.09510076695403
2949,-0.004107989323252227,0.007580361672429352,5.232839700748488,187.32399303681558
2950,-0.006000023451933711,0.008121938232591738,5.226839677296555,186.20340981007902
2951,-0.011837851000592528,0.009050420981743395,5.215001826295962,184.01215703999912
2952,-0.01623214477004693,0.008612322616906766,5.198769681525915,181.04935642529153
2953,0.008109292048458717,0.006909888912749354,5.206878973574374,182.52350761457288
2954,-0.006609658666215057,0.00690040104498124,5.200269314908159,181.32106776679865
2955,0.003543559632289007,0.0066420213566726035,5.203812874540447,181.96472953642404
2956,-0.0068878327514717355,0.006569906481977371,5.196925041788976,180.71569342670796
2957,-0.019586066904032834,0.007074293274657206,5.177338974884943,177.21062110400803
2958,0.010007653164727114,0.007121744694018303,5.18734662804967,178.99298731276744
2959,-0.006409674840707743,0.008634959237441639,5.180936953208962,177.84936948987615
2960,-0.0086715273777984,0.00875579725600845,5.1722654258311636,176.3138112530949
2961,-0.012454389227735329,0.007945437515736358,5.159811036603428,174.13154800728122
2962,-0.00014957778938116088,0.007628112709077346,5.159661458814047,174.10550374313905
2963,-0.0016461399936526686,0.007646254167695149,5.158015318820395,173.81913747446205
2964,-0.005409557647256712,0.007609641727783799,5.152605761173138,172.881391512313
2965,0.0009166459877619742,0.007095812248179093,5.153522407160899,173.0399351993174
2966,-0.009372892169116152,0.008207321009844523,5.144149514991784,171.42562772887524
2967,-0.000903044712262656,0.00935124014479792,5.143246470279521,171.27089259909405
2968,0.018601125280428375,0.008663137174456862,5.16184759555995,174.48653852785472
2969,0.009941348346761745,0.007282232425723629,5.171788943906711,176.22982092052823
2970,-0.0010894834160682472,0.007135502653605274,5.170699460490643,176.03792600536366
2971,0.007174429642473112,0.00775900772433059,5.177873890133116,177.30543912491638
2972,0.006079143721427333,0.008869965647001805,5.183953033854543,178.38658726985335
2973,-0.005782822951480036,0.009600168655812294,5.178170210903064,177.35798619416335
2974,0.007625295575116725,0.008662504552956194,5.18579550647818,178.7155626443182
2975,-0.005056557116195528,0.00917955828574543,5.180738949361984,177.81415811664326
2976,-0.010139996787374081,0.0092620357059438,5.17059895257461,176.02023368940198
2977,0.004543664949886989,0.009396951517761777,5.1751426175244974,176.82183036998566
2978,-0.013656000355004902,0.010131927167652093,5.161486617169492,174.42356402492166
2979,-0.003843103515533139,0.008380010588583052,5.157643513653959,173.75452263393373
2980,-0.007402030058405261,0.00867998649297241,5.150241483595554,172.47313472114064
2981,0.00014831313291887658,0.007350130074190365,5.150389796728473,172.49871664911652
2982,0.000724111009179926,0.00709262911383043,5.151113907737653,172.62367010353768
2983,0.0019900638259010713,0.007576275385030243,5.153103971563554,172.96754427719324
2984,-0.01007604078181526,0.006913601149771021,5.143027930781739,171.23346723385
2985,-0.023250005094865352,0.00758386519591843,5.119777925686873,167.29821285976743
2986,0.016833527667536662,0.00750134927092698,5.13661145335441,170.1382689715531
2987,0.0018499190840086234,0.006444622016011716,5.138461372438418,170.45330230548967
2988,-0.0072992567650587556,0.00799470895610474,5.13116211567336,169.2136496609507
2989,-0.009750161953148708,0.00893817459845613,5.121411953720211,167.57180629830626
2990,0.007439441874536289,0.008802053887493937,5.128851395594747,168.82309568733604
2991,-0.0022605242755493033,0.008074488150413187,5.126590871319198,168.4418979969037
2992,-0.003643682974857183,0.008542166541117118,5.122947188344341,167.8292659172558
2993,0.0058710678515003665,0.008693881808258759,5.128818256195841,168.81750108412493
2994,-0.004294670761277537,0.008529316198574676,5.124523585434564,168.09404012351527
2995,-0.00455065194889981,0.009475124888594243,5.119972933485664,167.3308404972173
2996,-0.010673242094316157,0.00840464415500004,5.109299691391348,165.55437511356538
2997,-0.0128976183987418,0.008392147519811455,5.096402072992606,163.43282881598867
2998,-0.013098991911064159,0.00856388700440003,5.083303081081541,161.3059836877806
2999,-0.011839344101203719,0.007479574122572923,5.071463736980338,159.4074872933412
3000,-0.01106463810116869,0.009176048146821226,5.060399098879169,157.65342307397114
3001,-0.0013901627547838885,0.008675815641181313,5.0590089361243855,157.43441142324036
3002,-0.008283719326257929,0.007633931231106828,5.050725216798128,156.135655637627
3003,-0.000027492377522108407,0.007227520953054536,5.050697724420606,156.13136315624308
3004,0.01119554332433874,0.007398711706532569,5.061893267744944,157.88915998182753
3005,-0.0005330921595824181,0.006083954006927927,5.061360175585362,157.80501293961524
3006,0.0032974833011356354,0.005601262483470673,5.064657658886498,158.32623121661715
3007,-0.002413416559513949,0.006182918090883128,5.062244242326983,157.94458478954107
3008,-0.005997895477194135,0.006459648972866287,5.05624634684979,157.00008501575562
3009,0.0018539785809430242,0.007332856593525071,5.058100325430733,157.29142980062474
3010,0.0011288697160660407,0.007305603511526713,5.0592291951467985,157.46909159196443
3011,0.0015653864187460452,0.006819265180429442,5.060794581565545,157.7157846038846
3012,0.00006585179254709863,0.006365781387310767,5.0608604333580915,157.7261708129852
3013,0.012973406187909946,0.005845986283058381,5.073833839546001,159.7857474685976
3014,-0.005517473884101684,0.006019325900422964,5.0683163656619,158.90656145321284
3015,0.008697476897821115,0.006509862002081928,5.077013842559721,160.29467539439176
3016,-0.0012419700901968086,0.006257088506355119,5.075771872469524,160.09571777721314
3017,0.0002736224390275295,0.007392834447612156,5.076045494908551,160.13952955165814
3018,0.0020445076212825407,0.007073294667604912,5.078090002529834,160.46727096103618
3019,-0.01180473297962158,0.006877629078726531,5.066285269550212,158.58413450502758
3020,0.00037811444006516023,0.0071988552066589604,5.066663383990278,158.6441087941071
3021,0.0026971203527042424,0.00690303124132659,5.069360504342982,159.07256859285968
3022,-0.0016890582546797597,0.008064336134424746,5.067671446088302,158.80411254056392
3023,0.00788025977330131,0.010520443704176798,5.075551705861604,160.06047392598958
3024,-0.007514921331231647,0.009880329030431716,5.0680367845303715,158.8621403868898
3025,0.018549348892114962,0.010454650616494539,5.086586133422487,161.8364299400923
3026,-0.004806713003525111,0.010067007133424193,5.081779420418962,161.06039525002973
3027,0.010032099032694699,0.009578009450918664,5.091811519451657,162.68430105782343
3028,0.0025082145789082225,0.011059287743696775,5.094319734030565,163.09286035649882
3029,-0.003654261876113116,0.008848363452435467,5.090665472154451,162.49796395026257
3030,-0.01395011713962932,0.009370552003901382,5.076715355014822,160.24683657027472
3031,0.011318811777510929,0.008359813020970934,5.088034166792333,162.0709442423926
3032,0.017917995193553148,0.009263599759642088,5.105952161985886,165.00110353776572
3033,-0.009299121751624551,0.007823816941806184,5.096653040234262,163.47385024953536
3034,0.0008675162082045444,0.006905847074236181,5.097520556442467,163.61572799596883
3035,0.0012224425542601797,0.005292162210838611,5.098742998996727,163.8158611251215
3036,0.000359141570937335,0.0059149560899689245,5.0991021405676635,163.87470477679858
3037,0.0072535566936780625,0.006774370579273996,5.106355697261342,165.06770073978868
3038,0.0025929142469416034,0.00675765756785821,5.108948611508284,165.49626250459067
3039,0.0034940541223188438,0.006268779893012306,5.112442665630602,166.07552680390478
3040,-0.0010355391408806958,0.0066635706524339556,5.111407126489722,165.9036381096527
3041,-0.0031430835765719847,0.00573790044347788,5.10826404291315,165.3830077304217
3042,0.007531983525402155,0.005023360286655419,5.115796026438551,166.6333727733045
3043,-0.0028638648166289683,0.005194606145527529,5.112932161621923,166.15684000815196
3044,-0.00208871383622967,0.004673509955014342,5.110843447785693,165.81014811356474
3045,0.0023602407277733607,0.005677758664166,5.113203688513466,166.2019621840929
3046,0.004744228288938081,0.006317204464292411,5.117947916802405,166.9923356082858
3047,-0.0001295977016672102,0.006832002532700662,5.117818319100738,166.97069518769962
3048,-0.009209230198054376,0.007064346928551099,5.108609088902683,165.44008232008892
3049,0.0032112580324507164,0.0072092610058680845,5.111820346935134,165.9722070509564
3050,-0.010835412532412419,0.00797244771233569,5.100984934402721,164.1835377038076
3051,0.004986054545040028,0.00854530598468384,5.105970988947761,165.0042100364942
3052,-0.0112079108945416,0.00873474192884933,5.094763078053219,163.16518263191517
3053,-0.009659900983682237,0.008817145134316653,5.085103177069538,161.5966114423064
3054,-0.0013612179499481844,0.008740527818501233,5.083741959119589,161.37679287858964
3055,-0.0030357005142102643,0.009674761484134282,5.080706258605379,160.88764409571732
3056,0.0027972649661228985,0.008400596899725192,5.083503523571502,161.33831950142377
3057,-0.006764793576045502,0.007762094303604615,5.076738729995457,160.25058238075528
3058,0.0063552629589720844,0.008062761467614239,5.083093992954429,161.27226004748852
3059,0.012340965152294835,0.006398815899976697,5.095434958106724,163.2748469000437
3060,-0.008036423310534153,0.005933329909156413,5.087398534796189,161.96795949825346
3061,0.001328913914837922,0.007977535098753595,5.088727448711027,162.18334405545852
3062,-0.004024503269413203,0.008304830039656808,5.084702945441614,161.5319483084207
3063,0.018012800817090852,0.010109196691739262,5.1027157462587045,164.46795458247294
3064,-0.006632399671007235,0.010435221067053618,5.096083346587697,163.38074675842049
3065,0.0010996995050169443,0.0095137605789946,5.097183046092715,163.56051531233823
3066,0.012552999318465551,0.012067238197488504,5.1097360454111795,165.62663119411604
3067,0.008844228712841335,0.010912215500807102,5.118580274124021,167.09796782949576
3068,-0.0028071109499295224,0.010495965941949022,5.115773163174092,166.6295630339867
3069,0.0004639192998406827,0.008143249130996674,5.1162370824739325,166.70688363807568
3070,0.005292039666731877,0.00852592211234555,5.1215291221406645,167.59144157245726
3071,-0.012532291237058023,0.009248603907497861,5.108996830903607,165.50424282669846
3072,-0.009261507488448183,0.008763098253101722,5.099735323415158,163.97850028630174
3073,-0.006058047865863603,0.009309906657555479,5.093677275549294,162.98811361644673
3074,0.00305350271808487,0.008858555083792281,5.096730778267379,163.4865588790854
3075,-0.0008813831049456747,0.007841990813303877,5.095849395162434,163.34252807068827
3076,-0.011903257191197789,0.009812840268822152,5.083946137971235,161.40974597088976
3077,0.0019227776577258162,0.01032098524474284,5.085868915628962,161.7203995873893
3078,0.0012767935922815266,0.010286727285224706,5.087145709221243,161.92701503189275
3079,-0.005655592624273012,0.010844090896933225,5.08149011659697,161.01380660157432
3080,0.013704590899491944,0.009538256677624767,5.0951947074964625,163.23562473019945
3081,0.0105553623563581,0.010451736864074211,5.10575006985282,164.96776148199052
3082,-0.004163972466938106,0.0094681895489781,5.101586097385882,164.28226844277887
3083,-0.0022867133443517517,0.012115674095938361,5.09929938404153,163.90703118082897
3084,-0.002012536215773274,0.011677534639812946,5.097286847825757,163.57749405848125
3085,0.00703249682502107,0.011257775048349813,5.104319344650778,164.7319067100294
3086,0.01791564686784289,0.010820247581302941,5.122234991518621,167.70978100024638
3087,0.0038218005016588275,0.01009078405535664,5.12605679202028,168.35196068507904
3088,0.007132025038124236,0.010125576332351203,5.133188817058404,169.55694295808033
3089,-0.003404232972938108,0.013672616919189234,5.129784584085466,168.98071298908664
3090,0.010348917282686531,0.015488032055890028,5.140133501368153,170.73856063132746
3091,-0.035677493128263724,0.014524986807185695,5.104456008239889,164.75442110205512
3092,-0.014428480811051178,0.01536398063116248,5.090027527428838,162.39433229038758
3093,0.00832483729324244,0.01722747503165287,5.09835236472208,163.7518815321598
3094,0.023986245836205497,0.018061176848955453,5.122338610558286,167.7271598270692
3095,-0.005123926484109232,0.015938791855319445,5.117214684074177,166.86993624154917
3096,-0.01153633695662491,0.015604165639766233,5.105678347117552,164.95592996720535
3097,-0.00610208716770412,0.01338359079458972,5.099576259949847,163.9524193721251
3098,0.0004995163233907202,0.012499859822274199,5.100075776273238,164.03433673968868
3099,-0.015231228887883539,0.013988912441160992,5.084844547385354,161.55482316580125
3100,-0.00780312750204465,0.014241973224267498,5.07704141988331,160.29909595347803
3101,0.008108333186854968,0.013704253975673457,5.085149753070165,161.60413814146267
3102,-0.015046016526373527,0.01382319268635003,5.070103736543791,159.19084039436453
3103,-0.006539354390097969,0.011335595999145676,5.063564382153693,158.15323141739458
3104,-0.012235685580401875,0.011619649706146205,5.051328696573291,156.22990878505982
3105,-0.004017717127738265,0.013862631268759286,5.0473109794455535,155.60348045324113
3106,-0.031882498979041204,0.012945991558245143,5.015428480466512,150.7207038095518
3107,0.0032051732515355758,0.011626628183913884,5.018633653718047,151.20456479276444
3108,-0.01006100199363158,0.013512998310152412,5.008572651724416,149.6909225119662
3109,0.00008054841186604873,0.013072101813241494,5.008653200136282,149.70298036365912
3110,-0.007251465776575394,0.011856546751775455,5.001401734359707,148.62134080075572
3111,0.0014182602141956822,0.009569128919954742,5.002819994573902,148.83227407917505
3112,-0.024252338430300578,0.008669842201094185,4.978567656143602,145.2661614738316
3113,-0.006382612531218496,0.011330358257267237,4.972185043612383,144.3419364738478
3114,0.005127666495412857,0.01312708391180596,4.977312710107796,145.08397462159766
3115,0.008330412166614233,0.01333722072664437,4.985643122274411,146.2976320436946
3116,0.011800374861433685,0.013603597908077957,4.997443497135844,148.0342250156752
3117,0.001384584041903793,0.012033867784544197,4.998828081177748,148.23933280300483
3118,-0.009443101091994857,0.011850860458065148,4.989384980085752,146.8460824527345
3119,0.006592257830051685,0.01278830616874952,4.995977237915804,147.8173275211993
3120,-0.009631812714015586,0.013325363841753743,4.9863454252017885,146.40041338654174
3121,-0.010739400397223858,0.009284863615980146,4.975606024804565,144.83657311268826
3122,0.012726576632490912,0.010652837613529122,4.988332601437056,146.69162605847737
3123,-0.009433558309891895,0.011571358542240449,4.978899043127164,145.31430876614849
3124,-0.012250360265636329,0.010925602218226221,4.9666486828615275,143.54501549860962
3125,-0.005730997605287942,0.012563107438267957,4.9609176852562396,142.72471218189966
3126,0.013593590814580692,0.012058255519366037,4.97451127607082,144.67810021750105
3127,-0.011232681648136372,0.013406968411173517,4.963278594422684,143.0620703424551
3128,-0.005958866975209291,0.012754401260704038,4.957319727447475,142.21211738939365
3129,-0.0013867451105564622,0.011647255964247566,4.955932982336918,142.01504210911503
3130,-0.0036115848826484536,0.012221960988581608,4.95232139745427,141.5030678057488
3131,-0.004482891949137678,0.011245242383557216,4.947838505505132,140.87014456550511
3132,-0.004015442238250577,0.011062949818011689,4.943823063266882,140.30562279770214
3133,0.002304824958435221,0.008540058532871703,4.946127888225317,140.62937565244462
3134,-0.003370724329677047,0.007571040066395723,4.94275716389564,140.1561507977875
3135,-0.00031112958194841344,0.006751473178254503,4.942446034313692,140.11255085614988
3136,0.0023593758931685863,0.007980259312027702,4.94480541020686,140.44351931694186
3137,-0.007629033792886607,0.00997965954297313,4.937176376413974,139.3761476462929
3138,0.015795172929220832,0.009668964184895323,4.952971549343194,141.59509620554854
3139,0.006507411004385247,0.00946035186524774,4.959478960347579,142.51951822762348
3140,0.005473131220703571,0.009433133272995362,4.964952091568283,143.30168474990822
3141,-0.010446978801026545,0.009207068262393604,4.954505112767256,141.81240785412413
3142,0.012425368897135981,0.009896196904871715,4.966930481664392,143.58547201216518
3143,0.008523893433220832,0.00934381554022624,4.9754543750976135,144.81461035418494
3144,-0.011027469450250573,0.010133807008573137,4.964426905647363,143.22644448192756
3145,-0.006096398032028259,0.01238213855349077,4.958330507615335,142.35593524915583
3146,0.01859582820583511,0.012162006836295227,4.97692633582117,145.02792873244476
3147,0.002602624360533249,0.010680676405829698,4.979528960181703,145.40587356359487
3148,0.008218810108725615,0.009927708014991961,4.9877477702904285,146.60586130800203
3149,0.012000783400489346,0.010506228393723028,4.999748553690917,148.37584585283705
3150,-0.020127430418510298,0.010459002609506319,4.979621123272407,145.4192752358693
3151,-0.01814962013697209,0.011236738622760957,4.961471503135435,142.80377757120127
3152,-0.0116903481336346,0.00940451275300457,4.9497811550018005,141.1440718671607
3153,-0.00782057415856789,0.012280315219668096,4.941960580843233,140.04454923922785
3154,0.0022095240795227014,0.013236488091431683,4.9441701049227555,140.3543231434018
3155,-0.005135672044939203,0.017925996279801456,4.939034432877817,139.6353571366932
3156,-0.03279142491481059,0.014907028101869278,4.906243007963006,135.13077428536354
3157,-0.0013226202028831667,0.01793712858313277,4.904920387760122,134.952165734938
3158,-0.005053337701717064,0.019387183337484553,4.899867050058406,134.27192705334915
3159,-0.0057865764890290515,0.02037147504745419,4.894080473569376,133.49719595927965
3160,0.020387786532366652,0.017340286087881917,4.914468260101743,136.246842655164
3161,-0.013977812072072847,0.020822710048372415,4.900490448029671,134.35565799641037
3162,0.008207926950228036,0.021887681041274906,4.908698374979899,135.46297760514847
3163,-0.03145691689174015,0.02184665303351922,4.877241458088158,131.26805554770735
3164,-0.04824052233357501,0.020078863013400693,4.829000935754584,125.08592932840446
3165,-0.023889874559210773,0.02418919569750302,4.8051110611953725,122.13305451100791
3166,0.00556949628578649,0.022492238464661987,4.810680557481159,122.81517186628501
3167,-0.022566329328417765,0.022022968381001654,4.788114228152741,120.0747214985905
3168,-0.0012166362403677616,0.02059040451457359,4.786897591912373,119.92872307236034
3169,0.0012699049670610364,0.013722688429581997,4.788167496879435,120.0811178964753
3170,0.01013979814258673,0.012643375679197376,4.798307295022021,121.30491021081536
3171,0.014207681012117033,0.013981192756818512,4.812514976034138,123.04067306469892
3172,-0.016121051917885737,0.014053679458569987,4.796393924116253,121.0730308312627
3173,0.021394120352997842,0.01665874526275409,4.817788044469251,123.69118855310413
3174,-0.006914419515901556,0.013005576871858115,4.810873624953349,122.83888577018189
3175,0.010888449630261315,0.012210422420970101,4.82176207458361,124.1837190786579
3176,0.0080323414399638,0.012670037968655644,4.829794416023574,125.18522193340672
3177,-0.007495909544868821,0.016941513188948557,4.822298506478705,124.25035305712102
3178,0.023151693193741364,0.01756108418407905,4.845450199672446,127.1605167322209
3179,-0.009628712153069667,0.016856195401195144,4.835821487519377,125.94200050462723
3180,0.005156069499506539,0.01508528478032975,4.840977557018883,126.59304318044474
3181,0.022010370038915247,0.013454798660660296,4.862987927057799,129.41029353122923
3182,-0.006815284512940662,0.01351351847109572,4.856172642544858,128.53132417722586
3183,-0.018617509384567348,0.012587726760559755,4.837555133160291,126.16052867528258
3184,-0.009323907651507136,0.013070011541103394,4.828231225508784,124.98968645131089
3185,0.0024520157528647737,0.015094025921507978,4.8306832412616485,125.29653918155635
3186,-0.005101738299813774,0.015279981017641924,4.8255815029618345,124.65893685183715
3187,0.006435893794865443,0.01392921818254359,4.8320173967567,125.46381580952026
3188,-0.024423142876066065,0.01412931164457663,4.807594253880634,122.436711281699
3189,0.01122014388945603,0.013373936662151885,4.8188143977700895,123.8182045832713
3190,-0.003923989855229144,0.013846258984221732,4.814890407914861,123.33329521651898
3191,-0.0017434753271080557,0.013807470560577517,4.8131469325877525,123.11845399890024
3192,-0.00037036310475632896,0.014652064961998681,4.812776569482996,123.07286390898916
3193,-0.005310590410835093,0.013062596475017254,4.807465979072161,122.42100674327914
3194,-0.0029449117267548964,0.01277853318204126,4.804521067345406,122.06101801260392
3195,0.01633954294711933,0.014142541824143678,4.8208606102925255,124.0718223334121
3196,0.014739867290391603,0.012131806935902571,4.8356004775829176,125.91416914671473
3197,0.013033708854646359,0.010956918731491249,4.848634186437564,127.56603938132436
3198,0.013709844967381726,0.010065759087763283,4.8623440314049455,129.32699362689115
3199,-0.01012636618949743,0.010655492729143333,4.852217665215448,128.02398961363843
3200,-0.005765750153494851,0.010638716897574858,4.846451915061953,127.28795919865253
3201,0.0007862511577166536,0.012504791337422652,4.84723816621967,127.38807885837728
3202,0.013779294647822514,0.011708440742573059,4.861017460867492,129.155545991282
3203,-0.011643039758984336,0.012616068359660523,4.849374421108508,127.66050314487252
3204,0.011429929508713334,0.011571820832283001,4.860804350617221,129.1280245532064
3205,-0.0016778913038253001,0.01682111717897219,4.859126459313396,128.91154343041373
3206,-0.0013745269708156614,0.01781867045677022,4.85775193234258,128.73447275920446
3207,-0.006326283032912999,0.021987073131493787,4.851425649309667,127.92263272097688
3208,-0.00931400101910761,0.02230949834157709,4.84211164829056,126.73669268619962
3209,0.011504967553281386,0.018737586545936016,4.853616615843841,128.2032141882941
3210,0.02449647857735389,0.01877774979367522,4.878113094421195,131.38252343422704
3211,-0.025510000658913345,0.015776891400487034,4.852603093762282,128.0733432244494
3212,-0.010091114311093668,0.017103190310183675,4.842511979451188,126.78743949056262
3213,0.005311059467980892,0.02014506290033495,4.847823038919169,127.46260646039858
3214,0.03155508356834932,0.018102464277424818,4.879378122487518,131.54883118360246
3215,0.002397106357333306,0.021726421758158487,4.881775228844852,131.8645459729189
3216,-0.015998376369587702,0.02014176986379656,4.865776852475264,129.77171293976437
3217,-0.0076149952631284,0.015703483024607407,4.858161857212135,128.78725503880287
3218,0.006808266159334676,0.015782897447488464,4.86497012337147,129.66706453921736
3219,-0.0028573940681708232,0.014414119129432067,4.862112729303299,129.29708348073885
3220,-0.004977255276125124,0.012568305652529789,4.857135474027174,128.65513777885923
3221,0.002019790789872978,0.01360582634948998,4.859155264817047,128.91525684583178
3222,-0.0055057464936648206,0.014712594959228822,4.853649518323382,128.20743246132145
3223,0.00721147093412735,0.014135455201044853,4.860860989257509,129.13533839606126
3224,-0.009476345837279623,0.016996539463767883,4.8513846434202295,127.91738724719133
3225,-0.0032985751991953,0.020435574149515197,4.8480860682210345,127.49613727038924
3226,-0.02847191916065023,0.019988149889850634,4.819614149060384,123.91726795990027
3227,0.0021883038127995186,0.01799125214609511,4.821802452873184,124.18873350606357
3228,-0.0005209951010146944,0.01924770528415367,4.821281457772169,124.12404863601903
3229,-0.0013172092965879007,0.01685743390558844,4.819964248475581,123.96065891807719
3230,-0.0045174533192277105,0.017033160800401626,4.815446795156354,123.4019353819141
3231,-0.004699384519759247,0.01919886869972443,4.810747410636594,122.8233827225174
3232,-0.006508479232432754,0.018362460808453156,4.804238931404162,122.02658507001144
3233,0.0008417538619096455,0.015531024123373934,4.805080685266071,122.12934466232403
3234,-0.010204607460516029,0.015317560278851897,4.794876077805555,120.88939997505422
3235,0.0024558364719000263,0.015651095412775037,4.797331914277455,121.18664942119874
3236,0.00037283848271779234,0.015318052476603713,4.797704752760173,121.2318408917307
3237,0.015713985942351287,0.013150364084086782,4.8134187387025245,123.15192289585778
3238,-0.020913991083428528,0.01454447689596917,4.792504747619096,120.60307091621458
3239,0.006496925388993383,0.013282896137062798,4.799001673008089,121.3891709210732
3240,-0.012543931143216428,0.01255641889070419,4.786457741864873,119.87598401730855
3241,-0.008250856353056023,0.010138865799235874,4.778206885511817,118.89097367044869
3242,-0.006383411218734943,0.010805351724896453,4.771823474293082,118.13446083044923
3243,0.006429486451521158,0.009734970586754491,4.778252960744603,118.89645172593714
3244,0.0143681732689972,0.009883573389139724,4.7926211340136,120.61710828966844
3245,0.008694584381820691,0.010792903182906316,4.801315718395421,121.67039623068823
3246,0.009069794218731416,0.011147460618570214,4.810385512614152,122.77894122533048
3247,-0.01290061216932945,0.010321655508488332,4.797484900444823,121.20519072047476
3248,-0.0086346636294531,0.011403534356868491,4.78885023681537,120.16313006452042
3249,-0.0028433613315493296,0.011828770057669155,4.78600687548382,119.82194814861316
3250,0.003995671733245886,0.012358478393943814,4.790002547217067,120.30167509730514
3251,0.0012267801637603976,0.012354797667296408,4.791229327380827,120.44934936939481
3252,0.023349547357573122,0.01226354539490308,4.8145788747384,123.29487878760352
3253,0.012922184671443267,0.015394838030355039,4.827501059409843,124.89845653009796
3254,0.008156207010198637,0.01434227878046506,4.835657266420042,125.92131986899673
3255,-0.0061913873789410665,0.01592098102679942,4.8294658790411,125.14410071363297
3256,0.014441108809755587,0.018733128928432426,4.843906987850856,126.9644324582596
3257,0.02135154359296916,0.018475193350105095,4.865258531443826,129.70446696067003
3258,0.016908093920440886,0.016675015010713792,4.882166625364266,131.91616739881107
3259,0.001374019339873952,0.01584479978150439,4.88354064470414,132.0975473453002
3260,0.029882068298267252,0.015017384037340537,4.913422713002407,136.10446460847933
3261,-0.012207234065823025,0.01572222678051825,4.901215478936584,134.45310532286948
3262,0.019067569960326866,0.014513024069980488,4.920283048896911,137.0413971136203
3263,-0.00021083408078630158,0.016795365721981367,4.920072214816125,137.01250716223043
3264,-0.015448419960413833,0.01628842369755815,4.904623794855711,134.91214581525153
3265,0.020451277069835714,0.0151751663625202,4.925075071925547,137.69967863486713
3266,-0.012845173283566078,0.015253680244557725,4.91222989864198,135.94221403522062
3267,-0.015146633282362647,0.01763034067936398,4.897083265359618,133.89866270218562
3268,0.009534854115816609,0.016387831354627593,4.906618119475435,135.1814729027044
3269,0.004517067097240532,0.012873724870642355,4.911135186572675,135.79347787927446
3270,-0.0030551344889039656,0.012456911242375185,4.908080052083771,135.37924363450094
3271,-0.012920650194239902,0.01636631183626738,4.895159401889531,133.64130759374333
3272,-0.009543281238586502,0.014320309602602695,4.885616120650945,132.37199733610618
3273,-0.021325631946137943,0.01452896692549173,4.864290488704807,129.57896824707015
3274,0.038840524996033333,0.015373759818555429,4.903131013700841,134.7109017504601
3275,0.004356104885079503,0.018297447991541125,4.9074871185859195,135.2989965389828
3276,-0.0050535629679126035,0.01880711279294103,4.902433555618007,134.61697930048174
3277,-0.006433648987999813,0.014350252748484093,4.895999906630007,133.75368096485937
3278,-0.0015916922908174504,0.013887363993329857,4.89440821433919,133.5409556035694
3279,0.012687081851339878,0.010871030620909772,4.90709529619053,135.24599374658374
3280,-0.012774599795099088,0.012056070566895375,4.894320696395431,133.52926888513352
3281,-0.006883535355831492,0.009695368732635913,4.8874371610396,132.61327170809426
3282,-0.0117786069658415,0.009733413271077584,4.875658554073758,131.0604351805256
3283,-0.004732103312918861,0.009933305083514645,4.870926450760839,130.44170875428537
3284,0.0169466153966254,0.011039211636810032,4.887873066157464,132.67109111290029
3285,0.007879841814723152,0.010630193955894478,4.895752907972187,133.72064806489146
3286,0.009111355873804025,0.009960124390662102,4.904864263845991,134.94459190371498
3287,0.0024446952818303978,0.01012384251530824,4.907308959127822,135.27489389019948
3288,-0.006978693405842725,0.01189345520325443,4.900330265721979,134.33413832064275
3289,-0.008723021296288748,0.009337489598480044,4.891607244425691,133.16743475923005
3290,0.006286110154758821,0.009640778320561426,4.897893354580449,134.0071765125241
3291,0.013258723904486406,0.010747902986079702,4.911152078484935,135.79577171016183
3292,0.014899163052826445,0.012022619741065504,4.926051241537762,137.8341625056171
3293,-0.026783422967469692,0.013498154204371754,4.8992678185702925,134.19149118894737
3294,-0.0067480895294429934,0.012683247435660149,4.892519729040849,133.2890034510333
3295,-0.00579372578232517,0.011588651916710371,4.8867260032585245,132.51899627437263
3296,0.0002593475394181392,0.011294759493520231,4.886985350797942,132.55336920705756
3297,0.00500599178556898,0.011270164977301727,4.891991342583511,133.21859395004918
3298,0.009870032743698283,0.010644692128462835,4.90186137532721,134.53997615006264
3299,-0.014227070665548167,0.011314750191156471,4.8876343046616615,132.63941814602933
3300,-0.020169841190545122,0.011410559715173883,4.867464463471117,129.9909020103936
3301,-0.008202579478836925,0.011144137848044086,4.859261883992279,128.9290024169493
3302,0.010532125282661984,0.009691530264723082,4.869794009274941,130.2940747610074
3303,-0.013756270302592416,0.010906378133220634,4.856037738972349,128.5139860119315
3304,-0.008245426643762231,0.012160446052851066,4.847792312328587,127.45869002924493
3305,0.0010570409355998098,0.011338175796382268,4.848849353264186,127.59349031436203
3306,-0.00635273430757122,0.010318095142922626,4.842496618956615,126.78549198774382
3307,0.012345714053768204,0.010721759636466849,4.854842333010383,128.3604514132276
3308,0.0005773521805908032,0.01019188148692785,4.8554196851909746,128.4345819974207
3309,0.0025539637628818786,0.011194386904811629,4.857973648953856,128.76301849467396
3310,-0.007452279410308343,0.010894764880945268,4.850521369543548,127.80700715938566
3311,0.0053420381996488716,0.009987705432066157,4.855863407743197,128.49158396353187
3312,-0.004912140510134489,0.011076937020178472,4.850951267233063,127.86196290829558
3313,-0.0009327201509329041,0.009674034354908606,4.850018547082129,127.74275907950168
3314,-0.0029715127931632026,0.008523352710953603,4.847047034288966,127.36373325560159
3315,-0.008659477330793641,0.007396386450882799,4.838387556958173,126.26559142400467
3316,-0.007449248263119353,0.006807426656157465,4.830938308695053,125.328502324425
3317,0.0009590317040896479,0.006218800494419229,4.831897340399143,125.44875398494099
3318,0.003199533621256015,0.006250657010842902,4.835096874020399,125.85077428683938
3319,-0.0030450552761382673,0.0063188641200811035,4.832051818744261,125.4681345977576
3320,-0.0022188174792773423,0.006361630977195759,4.8298330012649835,125.19005232860626
3321,0.003998496209538987,0.007220247587071532,4.833831497474522,125.69162638102534
3322,-0.0057077924524966345,0.006823013987113558,4.828123705022025,124.97624822183928
3323,0.000626247372839423,0.006595619904667065,4.828749952394865,125.05453878102541
3324,-0.003884861501204569,0.0067395092797696695,4.824865090893661,124.56966166779873
3325,-0.006056812674436656,0.008311400265729497,4.818808278219223,123.81744687378863
3326,0.009557747336674905,0.00797311813349797,4.828366025555899,125.00653620258151
3327,0.02127712225150314,0.00821192729571427,4.849643147807401,127.69481354031487
3328,0.009952257257202474,0.007833389023072625,4.859595405064605,128.97201012767943
3329,-0.0033255406215152877,0.007135951553742989,4.856269864443089,128.54382084400947
3330,-0.017487404462820898,0.00774364419762755,4.838782459980268,126.31546393439908
3331,-0.016403195736556363,0.00935638213284895,4.822379264243712,124.26038764311512
3332,-0.0037124586563784243,0.010279018096112334,4.818666805587333,123.79993133271952
3333,0.02929625684468612,0.012189598256090681,4.84796306243202,127.48045547192372
3334,0.003986490088100725,0.013073735665530429,4.85194955252012,127.98966935777023
3335,0.004787586776833799,0.013433928272610435,4.856737139296954,128.60390017479673
3336,0.004984975100552528,0.011919657170801467,4.861722114397506,129.24658797544626
3337,0.004236330210074998,0.015945263505666794,4.865958444607582,129.79528060161786
3338,-0.001687143229709378,0.014494473626905683,4.8642713013778724,129.5764819968949
3339,-0.0003339048976043991,0.015097255728279382,4.863937396480267,129.53322299753947
3340,-0.01867324666240503,0.013304234469386162,4.845264149817862,127.13686073723952
3341,0.013282426496043276,0.010995658275891808,4.8585465763139055,128.83681148792596
3342,-0.005476641460777627,0.01174388785184521,4.853069934853129,128.13314708207164
3343,0.004434615145518992,0.012333407482128368,4.857504549998647,128.70263006241115
3344,-0.019993863824861857,0.012750990693973558,4.837510686173785,126.15492134458242
3345,0.008752360215938417,0.010141435545209293,4.846263046389724,127.2639207609332
3346,0.009602146981992563,0.009850955135911627,4.8558651933717165,128.4918134019736
3347,-0.0042747527067729715,0.010540939948040685,4.8515904406649435,127.94371500203461
3348,-0.01342839949282765,0.009229321940941075,4.838162041172116,126.23711975042934
3349,0.011000280486623028,0.008000477952629554,4.8491623216587385,127.63342929367414
3350,-0.0016039100374928578,0.007838841030471073,4.847558411621246,127.4288808378217
3351,-6.443868296328217e-8,0.007974164188060889,4.847558347182563,127.42887262647271
3352,-0.003112987994087538,0.008271075222399246,4.844445359188476,127.032804872815
3353,0.0020948525033216967,0.01292553364011964,4.8465402116917975,127.29919879267133
3354,0.014376218559891744,0.014279857934826341,4.860916430251689,129.14249798607122
3355,0.003164116544433359,0.013281760743931881,4.864080546796123,129.55176704658692
3356,0.01131145600830645,0.012449671062993559,4.875392002804428,131.02550551065005
3357,0.00215726557190877,0.009701334368699058,4.877549268376337,131.3084674249909
3358,0.0024413463858520067,0.009145653679088485,4.87999061476219,131.62942850654372
3359,0.003392778939261852,0.010002742012166612,4.883383393701451,132.07677650668785
3360,0.0020070154588360954,0.009539717610440784,4.885390409160287,132.34212282690294
3361,-0.001014329376697918,0.008163225498197153,4.88437607978359,132.20795238196064
3362,0.0018225656757162759,0.008496596389996046,4.886198645459306,132.44912977208435
3363,-0.002670456549057794,0.009446025794256425,4.883528188910248,132.09590197572413
3364,0.0008210824158257897,0.008107673004114533,4.884349271326074,132.20440813819397
3365,0.00647130985990891,0.010083009759020808,4.890820581185983,133.06271802738073
3366,0.0017993160429557366,0.010596088760202765,4.892619897228938,133.30235543771215
3367,0.010913319864100414,0.012421132351037836,4.903533217093039,134.7650938294987
3368,0.008393584630548592,0.012194655749718761,4.911926801723587,135.9010166127883
3369,0.010108784543958351,0.011737206119596522,4.922035586267546,137.28177785998133
3370,-0.00856591414777665,0.010554655538055263,4.913469672119769,136.11085610407466
3371,0.000781378571585615,0.010100935379020234,4.914251050691355,136.21725177262908
3372,0.00036984202922121193,0.01105962649579644,4.914620892720576,136.26763995469892
3373,0.003218975492064435,0.011338238596332765,4.91783986821264,136.7069888954404
3374,0.001147156355323483,0.01047934400065035,4.918987024567964,136.8639031719659
3375,0.006810742607697648,0.011394946647286065,4.925797767175662,137.79922950669715
3376,0.009908952468831311,0.011690106991948255,4.935706719644493,139.17146299233542
3377,0.01688524396424605,0.008239119996213564,4.952591963608739,141.5413589265577
3378,-0.016018951636517845,0.01013402186923809,4.9365730119722215,139.29207839952224
3379,0.002572150019924248,0.011446319972213464,4.939145161992146,139.6508196921797
3380,0.0009176864526344115,0.010795181349687129,4.9400628484447795,139.77903417886117
3381,-0.015669686554470534,0.012542296259551871,4.924393161890309,137.6058118501456
3382,0.012244166301015652,0.012602224815488143,4.936637328191325,139.30103742745825
3383,-0.012921254255905037,0.012244859549375745,4.92371607393542,137.51267214786273
3384,0.011336042514782152,0.011681202587903599,4.935052116450202,139.08039071945893
3385,0.0241478171828195,0.011345291674107385,4.9591999336330215,142.4797570221693
3386,0.005358549325991696,0.012655476580128824,4.9645584829590135,143.24529107231442
3387,0.00974051773413502,0.012610162470789745,4.974299000693148,144.64739187856395
3388,-0.00853986428276052,0.012819196504983315,4.965759136410388,143.4173823157328
3389,-0.013859705370843318,0.010211205912822484,4.9518994310395446,141.44337085949314
3390,0.006521184586444874,0.008698691251830017,4.95842061562599,142.36876323722962
3391,-0.016376082269979157,0.011950075749029171,4.94204453335601,140.05630682456976
3392,-0.023050073738354816,0.012024814076292885,4.918994459617656,136.86492076566986
3393,0.0058872137302321366,0.009071726644021524,4.924881673347888,137.67305028790022
3394,0.004844484390908639,0.008915988680966555,4.929726157738796,138.34162336943461
3395,-0.0019467872470623803,0.010024960549574902,4.927779370491733,138.0725636473165
3396,-0.0070891963239426686,0.008995249970578866,4.920690174167791,137.09720148845676
3397,-0.010351940463166582,0.008609181710578815,4.910338233704625,135.68529998968134
3398,0.0012735991549868398,0.00933469433822535,4.911611832859611,135.85821876432126
3399,0.006091619503927241,0.008528729221017335,4.917703452363538,136.68834116742374
3400,-0.007463356898361186,0.008706783225766295,4.910240095465177,135.67198472660033
3401,0.002283653613151894,0.007723315776771317,4.912523749078329,135.98216658388256
3402,0.003245093372313926,0.007998850049738875,4.915768842450643,136.4241581755384
3403,0.011973934711826475,0.00762741612785163,4.92774277716247,138.0675112049761
3404,-0.0018758609103091753,0.008230422168337134,4.92586691625216,137.8087585256174
3405,-0.0074334748786585745,0.008973423284051362,4.918433441373502,136.78815858264156
3406,0.0015210575794867408,0.009460509169521613,4.919954498952989,136.99637956594495
3407,0.0006306074923723183,0.010835617503535757,4.920585106445361,137.08279775444186
3408,-0.004450328095077066,0.011684892689939842,4.916134778350284,136.47408980792432
3409,-0.004585874809854219,0.011029116481587392,4.91154890354043,135.8496695681096
3410,0.006156030506426277,0.012143324275919316,4.9177049340468555,136.68854369640857
3411,0.01886666636844405,0.010919614870017363,4.9365716004152995,139.29188178096356
3412,-0.004176209497782885,0.010123338366396834,4.932395390917517,138.71138268791233
3413,0.00032219960059103546,0.012198871189381125,4.932717590518108,138.7560826407787
3414,0.013519162092192286,0.012161144018734037,4.9462367526103,140.64468601629716
3415,0.037174962186673814,0.013354311336016363,4.983411714796974,145.9715463639363
3416,-0.01911978508558149,0.014231562235315555,4.9642919297113925,143.20711366315493
3417,-0.01589707068412216,0.016010076649031788,4.94839485902727,140.94853997235649
3418,-0.023609526298815964,0.01609528056000257,4.9247853327284545,137.65978741984296
3419,0.00029770744750293475,0.01510549703849717,4.9250830401759575,137.70077586475946
3420,0.007860166305417629,0.01405486863687551,4.932943206481375,138.7873917598085
3421,0.0078216956188344,0.010989154522524549,4.940764902100209,139.87720101592026
3422,0.001568632734566077,0.01018136245732378,4.942333534834775,140.09678915379718
3423,0.009879335368787658,0.010116206722977793,4.952212870203564,141.48771170012637
3424,-0.002750068828829823,0.009245845863898877,4.949462801374733,141.09914529159136
3425,-0.009042563882447587,0.00974728008586607,4.940420237492286,139.8289986025848
3426,-0.0025631729766327953,0.01232953430636507,4.937857064515653,139.47105162799488
3427,0.010628096082605459,0.01329764650117772,4.948485160598259,140.9612684216354
3428,-0.0007038843327755013,0.014331905346968835,4.947781276265483,140.862082904926
3429,0.011405978998786048,0.016144708095105594,4.959187255264269,142.4779506227212
3430,-0.006337020928763207,0.014582338502066678,4.952850234335505,141.57791963727254
3431,0.0030547475989041815,0.01371514267813868,4.95590498193441,142.01106568644465
3432,-0.021831032799184438,0.013311633035479295,4.934073949135225,138.94441334225797
3433,-0.004128835218579637,0.012844111564779674,4.929945113916646,138.37191743894095
3434,-0.004111233524573482,0.013473316731543067,4.925833880392073,137.8042059699511
3435,0.007678107817905696,0.01248126246298776,4.933511988209978,138.86635394639765
3436,0.01088235025457897,0.012227276908770707,4.944394338464557,140.38579881920663
3437,0.001088290092279392,0.008973970628858725,4.945482628556837,140.5386624580629
3438,0.0016199147949987904,0.010050500600328107,4.947102543351836,140.7665076116912
3439,0.0013021557439060294,0.010269045838036912,4.948404699095741,140.94992692246456
3440,-0.0029338760845526,0.009369652904615475,4.945470823011188,140.5370033322613
3441,0.0074696936202816285,0.006812623507488287,4.95294051663147,141.59070219392586
3442,-0.004709227584607213,0.006191217668964944,4.948231289046863,140.92548690788078
3443,-0.009327441076294749,0.005899489632314949,4.938903847970568,139.6171240570413
3444,0.0013536847679362165,0.007874747800757488,4.940257532738505,139.80624961053047
3445,0.00020710005764906021,0.007822964466891591,4.940464632796154,139.8352064912668
3446,0.010389055838286974,0.007632932492715309,4.9508536886344405,141.29553484133362
3447,0.0010119009777111263,0.00904720090563752,4.951865589612152,141.43858429492053
3448,-0.008015566115842088,0.009362248376981507,4.94385002349631,140.30940552047417
3449,0.012308598049926664,0.009034245723521392,4.956158621546236,142.04708988640937
3450,-0.00020660259271647433,0.009415260668752102,4.9559520189535196,142.01774562075605
3451,-0.0003561909213117943,0.009421044544415766,4.955595828032208,141.967169197067
3452,-0.0074897677838465125,0.011016406283333596,4.948106060248362,140.90784008344556
3453,0.028967632756067112,0.01268779957736544,4.977073693004429,145.04930121417237
3454,-0.01817832531636461,0.014056481023344721,4.958895367688064,142.4363691479044
3455,-0.0006509526112951894,0.012552345281559721,4.958244415076769,142.34367999286096
3456,0.008116706997137792,0.01650835475227225,4.966361122073907,143.5037435152802
3457,0.004773021692542286,0.016602724575476735,4.971134143766449,144.19032723206303
3458,0.009715121117003983,0.016132429843982825,4.980849264883453,145.59798041400504
3459,-0.0033459327748722512,0.014369104511169538,4.977503332108581,145.11163345522922
3460,0.006183689284269217,0.014590051739209768,4.98368702139285,146.0117388258316
3461,0.009278310006290284,0.017014486442715013,4.99296533139914,147.3727853449594
3462,-0.000028644579039476546,0.017017653734936196,4.992936686820101,147.36856397402133
3463,-0.030884783430102966,0.016441864725176145,4.962051903389998,142.88668497746863
3464,-0.002412291223009979,0.01632253997802031,4.9596396121669875,142.54241608677006
3465,0.016410542493506007,0.012928387918278994,4.976050154660494,144.90091364575636
3466,0.0009524865101056863,0.014306068760188344,4.9770026411706,145.0389955614476
3467,0.0074382887405005345,0.01802698391777975,4.9844409299111,146.12185982486068
3468,-0.03140557153051871,0.016671892676628688,4.953035358380581,141.60413154060112
3469,0.0008677259147004148,0.016139184430880568,4.953903084295281,141.72705844088287
3470,0.007363880782545622,0.014743133764181456,4.961266965077828,142.77457175087056
3471,-0.0038888012469156653,0.014698828907167151,4.957378163830912,142.2204279940333
3472,0.005056083724595242,0.013035906337163713,4.962434247555507,142.9413273132221
3473,-0.023919943154816114,0.0139276418211801,4.938514304400691,139.56274769578866
3474,0.008767220875772691,0.013931640622232047,4.9472815252764635,140.79170452697562
3475,0.02232561982688648,0.014342519941734409,4.96960714510335,143.970316815704
3476,-0.005097217818341707,0.016641148076116708,4.964509927285008,143.23833586951702
3477,-0.0025640303864096726,0.014873049265956841,4.961945896898599,142.87153886413387
3478,0.005108056294094114,0.014629274549643217,4.967053953192693,143.60320182437724
3479,-0.0047023935696849485,0.013940997879484565,4.9623515596230074,142.92950827905034
3480,0.0014812576772280882,0.01525359847558433,4.9638328173002355,143.14138059049557
3481,-0.009412762870907131,0.013251266357133844,4.954420054429328,141.80034603940075
3482,-0.015146530279497254,0.014175063319631167,4.939273524149831,139.6687467232695
3483,0.00908760386511546,0.011750482688461478,4.948361128014947,140.9437857156012
3484,-0.030304171506497987,0.010565592076195764,4.918056956508449,136.73666960423554
3485,0.014223918111216335,0.012289727612193097,4.932280874619665,138.69549888339165
3486,0.018565902761851785,0.011845292807517366,4.950846777381517,141.29455831552983
3487,0.015806957875262068,0.011519372526863846,4.966653735256779,143.54574074659644
3488,-0.006451211251227387,0.010949548249545814,4.960202524005552,142.62267748821
3489,0.0047174185336999516,0.011882498346002579,4.964919942539252,143.2970778139397
3490,-0.0007426232985931637,0.012050517492349788,4.964177319240658,143.19070156896237
3491,-0.0026283497168336917,0.010297125469187412,4.961548969523825,142.81484049259495
3492,-0.0025139613051427343,0.011089300204417807,4.959035008218682,142.45626042685356
3493,0.004970490270351741,0.012184517330906336,4.964005498489033,143.16610054853655
3494,-0.004649309379357398,0.012213612724374519,4.959356189109676,142.50202200398383
3495,0.012559800356399592,0.010908294595165268,4.971915989466076,144.30310590135113
3496,0.0020527521320281707,0.010863332602176794,4.973968741598104,144.5996286493762
3497,-0.0028216969873018577,0.010383118954962859,4.971147044610802,144.19218742103092
3498,-0.012439441374017065,0.013857321223176166,4.958707603236785,142.40962717188404
3499,0.0069750119494969886,0.01250223776039934,4.9656826151862825,143.40640826195934
3500,-0.016880676786063253,0.01240733645113405,4.948801938400219,141.0059288957575
3501,0.042036016053417266,0.015123835074761546,4.990837954453636,147.05960112757938
3502,-0.005368362560089554,0.014772425021573086,4.985469591893547,146.27224716247434
3503,-0.005882141828213047,0.01788341944397915,4.979587450065334,145.41437858494524
3504,0.011064791670718773,0.01817005842637936,4.990652241736052,147.0322928252352
3505,-0.0007007708051756552,0.014648653098431032,4.989951470930877,146.9292929808623
3506,-0.004450709490034248,0.015280054999714797,4.985500761440843,146.27680647325582
3507,-0.0029571724397628087,0.016481375206943108,4.98254358900108,145.8448796883306
3508,-0.02203569077304331,0.01594969550913374,4.960507898228037,142.66623742815958
3509,0.016662480941929222,0.015550176912007576,4.977170379169966,145.06332615291842
3510,-0.002339188433630627,0.014326054561497728,4.974831190736335,144.7243922678976
3511,-0.012510131025324089,0.011859587370345715,4.962321059711011,142.9251490081051
3512,-0.007810628789852371,0.012245170487243075,4.954510430921158,141.81316203633975
3513,-0.0007599172241300228,0.013459690748664365,4.953750513697028,141.7054367082502
3514,0.014154192997885926,0.01304770918818986,4.967904706694915,143.72542473467223
3515,-0.011648409639704604,0.011654751929579476,4.9562562970552095,142.06096508583477
3516,-0.005778091961198888,0.010321629526381337,4.950478205094011,141.2424906528975
3517,-0.005507738454395959,0.010570339849833016,4.9449704666396155,140.46670233644454
3518,0.001061540940624986,0.01317878653759492,4.94603200758024,140.6158926635795
3519,0.0034736094377996445,0.014783040706477386,4.94950561701804,141.10518667159883
3520,-0.01563792145534002,0.01338595320477512,4.933867695562699,138.91575851580535
3521,-0.0013258140981233487,0.01829223474464166,4.9325418814645765,138.73170408265548
3522,-0.027105076988916538,0.016616279394131475,4.905436804475659,135.02187528716124
3523,-0.004623104038254582,0.020952336051079594,4.900813700437405,134.39909580666063
3524,0.04159964761147693,0.019836560052215717,4.942413348048882,140.1079711750562
3525,-0.009186502610828276,0.016907585120050077,4.933226845438054,138.82676285413157
3526,-0.0022504193216605003,0.01775958171197596,4.930976426116393,138.51469569732305
3527,0.0245755151806903,0.018150948356148187,4.955551941297084,141.9609388582317
3528,-0.011400787365252999,0.018725342915100782,4.944151153931831,140.3516633151009
3529,-0.021402192538786956,0.014458557468159302,4.922748961393044,137.37974620542644
3530,-0.005122527425276387,0.01599020067135927,4.917626433967767,136.67781405606223
3531,0.008899850093602838,0.020692296174443545,4.92652628406137,137.8996551486767
3532,0.02407753228728835,0.02139908910374711,4.950603816348659,141.26023341367997
3533,-0.004888428268254898,0.020821186574257487,4.945715388080403,140.5713779774559
3534,0.006451683919166338,0.01680313545825397,4.95216707199957,141.48123196542457
3535,0.004922495115322511,0.018245949114952788,4.957089567114893,142.17938956762575
3536,0.020884005511724535,0.0192930404393802,4.977973572626617,145.1798868714214
3537,-0.00927535902110079,0.016518784620804156,4.968698213605516,143.83951711298707
3538,0.002624277218604734,0.014034858411454274,4.971322490824121,144.21748761365063
3539,-0.008202157575626302,0.016411098642881046,4.9631203332484946,143.03943096273534
3540,-0.0006597958377422374,0.016168213324670833,4.962460537410752,142.94508526942363
3541,0.020183593143723682,0.01681110169712349,4.982644130554476,145.85954389625817
3542,0.009930082564652625,0.016965837889758376,4.992574213119129,147.31515642523144
3543,-0.011932599550205975,0.017085994914512015,4.980641613568923,145.56774994078654
3544,-0.014370493340877798,0.01593443014232895,4.966271120228045,143.49082849467237
3545,-0.003494730825729994,0.015591471475624508,4.962776389402315,142.99024189031894
3546,0.0069896710373448185,0.016510384951802605,4.969766060439659,143.99319772503492
3547,0.005905450218032381,0.0144308820277391,4.975671510657692,144.84605816980778
3548,-0.002332187598475262,0.01597438937370791,4.973339323059217,144.50864359923054
3549,0.001852910595541154,0.014792353551525746,4.9751922336547585,144.77665341854052
3550,-0.008994590481937027,0.015304097651856887,4.966197643172821,143.48028559847813
3551,0.01796153998111923,0.015434852455557969,4.98415918315394,146.080696263827
3552,-0.0037397810880847424,0.01701959530000849,4.980419402065856,145.53540670592656
3553,-0.03150436182458817,0.013418459967414791,4.948915040241268,141.0218778278241
3554,0.0033376426665942846,0.01258427764381935,4.9522526829078615,141.4933448206882
3555,-0.000968093574474699,0.011948627267059931,4.951284589333387,141.3564323054924
3556,-0.02996482718801378,0.011660800162115218,4.921319762145373,137.18354341534157
3557,0.0014215970777198014,0.012246838155822223,4.922741359223093,137.3787018252178
3558,-0.016357915663265797,0.013998952511444892,4.906383443559827,135.1497527888967
3559,-0.005719874383434237,0.012623729384595736,4.900663569176393,134.37891981548964
3560,0.0020733053796680623,0.014402798030422935,4.902736874556061,134.6578173728545
3561,0.003998640371583517,0.018483950649358954,4.906735514927645,135.1973435243974
3562,-0.012441490526292434,0.017728284268259762,4.894294024401352,133.52570744076016
3563,0.0062780076087741565,0.013996412790728774,4.9005720320101265,134.36661971293063
3564,0.0011950305273851337,0.013071778323186985,4.901767062537512,134.52728790792722
3565,-0.0038570504075406326,0.01926994630132101,4.897910012129971,134.009408762295
3566,-0.019293093484594653,0.017016550074478783,4.878616918645376,131.4487338099622
3567,-0.018334765755193973,0.019161490147075515,4.860282152890182,129.06061179521402
3568,-0.009819628574388575,0.019101644777079457,4.850462524315794,127.79948654821895
3569,0.004154299255130934,0.016155505039935368,4.854616823570924,128.3315081833891
3570,-0.006313647122749798,0.016037452014187957,4.848303176448175,127.52382073576456
3571,-0.0072198608833222745,0.01637256208804903,4.841083315564853,126.60643218460969
3572,0.012718506626483744,0.013392648247088818,4.853801822191336,128.22696043624106
3573,-0.021768518616367288,0.012577644661880187,4.832033303574969,125.4658115555106
3574,-0.005625235754527389,0.012247050313625376,4.8264080678204415,124.76201814416827
3575,0.021466697324242574,0.011598574424427695,4.8478747651446845,127.46919979044769
3576,0.003272577631024512,0.010650981248360985,4.851147342775708,127.88703597008336
3577,0.004196676810935913,0.011007090269039479,4.855344019586645,128.42486428480996
3578,0.017487503801404344,0.013007812136761984,4.872831523388049,130.69044653962402
3579,0.0036088353736615426,0.011562156436846618,4.876440358761711,131.16293890688073
3580,-0.011375388397539224,0.0112565344445926,4.8650649703641715,129.67936365359915
3581,-0.010044238968158337,0.009516195449571548,4.855020731396013,128.38335275325866
3582,-0.0008684493460289614,0.009043649850874236,4.854152282049984,128.27190671414348
3583,0.010210629468074134,0.008840559652776038,4.864362911518058,129.588353060322
3584,0.0012525918992516909,0.009374726231818571,4.86561550341731,129.7507760852487
3585,-0.004417647195312712,0.010867723821848899,4.861197856221997,129.1788471534349
3586,0.00805779963943653,0.012067533321444652,4.8692556558614335,130.22394937891306
3587,-0.012823600870625326,0.011259284004992098,4.856432054990808,128.56467112753185
3588,-0.006008877852581971,0.011523305616006592,4.850423177138226,127.79445809805698
3589,0.002816641643982589,0.014471228509295378,4.853239818782209,128.1549166936445
3590,0.004900203192354059,0.01376165550271563,4.858140021974563,128.7844429691941
3591,0.0023443391773760314,0.01281105907977795,4.860484361151939,129.0867115558911
3592,-0.010055325728568156,0.012767462558099829,4.850429035423371,127.79520675662539
3593,0.005962553398111739,0.014306713745358492,4.856391588821483,128.5594687130423
3594,-0.023149966159330508,0.015013828133215642,4.833241622662152,125.61750591954322
3595,-0.011335832956827434,0.015838454011234303,4.821905789705324,124.20156743946917
3596,0.015396315476397521,0.016377048879257634,4.837302105181722,126.12861056999385
3597,-0.008957547948245033,0.01975286959378319,4.8283445572334776,125.00385255076442
3598,0.006678081622343257,0.019006190445006087,4.83502263885582,125.84143208066219
3599,0.007127738222478836,0.015703877845022002,4.842150377078299,126.74160113971809
3600,-0.006947318759694898,0.016061375913050954,4.835203058318604,125.86413837250105
3601,0.010638273612768834,0.019287488000060332,4.845841331931373,127.21026304043544
3602,0.010928740074698573,0.019251838058677646,4.856770072006071,128.6081355193728
3603,-0.030879125588758653,0.01875042033379859,4.825890946417313,124.69751771300247
3604,0.01620957325683224,0.017105257171973955,4.842100519674146,126.73528229000901
3605,0.005629882170883442,0.016502920844719323,4.847730401845029,127.45079924437518
3606,-0.001320366582438273,0.014576391741666993,4.846410035262591,127.28262851608474
3607,0.01570878735291648,0.021085327764371456,4.862118822615507,129.29787133063635
3608,0.012151116858044077,0.02090618396370297,4.874269939473551,130.87856904693228
3609,0.00396185458139493,0.017775848629194933,4.878231794054946,131.3981194172403
3610,0.0004887283031963126,0.021665220782417442,4.878720522358142,131.46235309231525
3611,-0.04156511531718707,0.026759890847958618,4.837155407040955,126.11010909442487
3612,-0.02371245017643558,0.02979715178752309,4.813442956864519,123.15490544519224
3613,-0.003000388699708996,0.025642114103707862,4.81044256816481,122.78594664527849
3614,-0.000303265596224507,0.02175856698757784,4.810139302568587,122.74871553770356
3615,0.025821091708562702,0.018092770835000615,4.835960394277149,125.95949591467182
3616,-0.019923098522312388,0.01596526634783212,4.816037295754836,123.4748258174159
3617,-0.016909841460774594,0.014417675467203805,4.799127454294062,121.40444036738006
3618,0.01278602267433205,0.013645963184966465,4.811913476968394,122.96668646846696
3619,-0.0041815655790305864,0.014169476427348449,4.8077319113893635,122.45356677446705
3620,-0.006539152874815046,0.01596508242169102,4.801192758514548,121.65543657299966
3621,0.022931354967792028,0.015084082047531483,4.82412411348234,124.47739255125431
3622,-0.000618773392972177,0.015104144414437247,4.823505340089368,124.40039307778659
3623,-0.0040179613645077335,0.013433238241128085,4.81948737872486,123.90155992194143
3624,0.0036722396271807022,0.013571779360124476,4.823159618352041,124.35739259129731
3625,0.011948939754494648,0.01462551577319134,4.835108558106536,125.852244746717
3626,0.01731482878308191,0.014000295221955132,4.852423386889617,128.0503296323791
3627,0.0070047502199739025,0.014178770342450825,4.8594281371095915,128.95043904741698
3628,-0.008933376559305373,0.015435215849259875,4.850494760550286,127.80360638883904
3629,0.006233122348857272,0.01592171961226175,4.856727882899143,128.60270977144611
3630,-0.006569623798880938,0.014064021745231744,4.8501582591002625,127.76060752496672
3631,-0.009072090899343842,0.013967337702843835,4.841086168200919,126.60679334719947
3632,0.0002504622583585818,0.011682409674869219,4.841336630459277,126.63850754202332
3633,0.0165438236081677,0.01176878028029032,4.857880454067445,128.75101899894582
3634,0.007214852580947583,0.012173035501997708,4.865095306648392,129.68329770330442
3635,0.0010498527044877,0.013185642156110622,4.866145159352881,129.81951755700445
3636,0.0004500945604180487,0.012349933098574411,4.866595253913299,129.87796176741688
3637,0.020105519666054797,0.01094734907571285,4.886700773579353,132.51565290478874
3638,-0.01012360313955435,0.011499281858170637,4.876577170439798,131.18088475622838
3639,0.012220445857825541,0.011797329249472657,4.888797616297624,132.7938089094203
3640,-0.021105024570673443,0.013850225308367327,4.867692591726951,130.0205599909266
3641,0.022209839665139113,0.013794178151305401,4.88990243139209,132.94060258896002
3642,-0.0009859461554923073,0.014918964054418182,4.888916485236598,132.80959490680144
3643,0.021300371283592856,0.014690752424757536,4.91021685652019,135.66883188944544
3644,0.003704763002658245,0.015073305290426471,4.913921619522848,136.1723849548767
3645,0.00654601302294556,0.012955942606653009,4.920467632545794,137.06669504946836
3646,-0.0004637515768758308,0.014633537263154424,4.920003880968919,137.0031448903843
3647,0.010495770053313761,0.015859617662127602,4.930499651022232,138.44867108093626
3648,-0.01448129667404563,0.013780859368584968,4.916018354348187,136.45820187309266
3649,0.02884952635612707,0.016237171910193447,4.944867880704313,140.45229316750823
3650,-0.009892578203138531,0.01727260275282132,4.934975302501175,139.06970781571877
3651,0.005881928270728904,0.018766819384542537,4.940857230771904,139.89011628830622
3652,0.019629163081251767,0.017846643881916313,4.960486393853156,142.66316951289403
3653,0.026000876692889384,0.016581779601779357,4.9864872705460455,146.42118107644316
3654,-0.017500495494303384,0.016720210324767105,4.968986775051742,143.88102964123917
3655,-0.0037110891616853815,0.012727238182227365,4.965275685890056,143.34806386499824
3656,0.014439554827946944,0.013573349145427821,4.979715240718003,145.43296237068392
3657,0.0005098339590100337,0.01588387208423635,4.980225074677014,145.50712793811593
3658,-0.008868510249855934,0.016923889057742197,4.971356564427158,144.2224017067945
3659,0.0013969817163301678,0.018267790222741793,4.972753546143488,144.4240185598039
3660,-0.0032874350646543834,0.017458748838411545,4.969466111078833,143.95001353427293
3661,-0.017864715632841015,0.022014824135914168,4.9516013954459925,141.40122198174993
3662,0.04091727334567258,0.023765286989564767,4.992518668791665,147.30697413118472
3663,-0.02175127503787585,0.018319447231923237,4.970767393753789,144.1374551237411
3664,-0.006174430844513064,0.015947537787780547,4.9645929629092755,143.25023024797665
3665,-0.041418714522002645,0.018547255500307218,4.923174248387273,137.43818445039008
3666,0.004779459539871312,0.018532954823148172,4.927953707927145,138.09663696234253
3667,-0.01133035771628219,0.02029091742749459,4.9166233502108625,136.54078349890617
3668,-0.0005949896295319828,0.02179915039013153,4.916028360581331,136.4595673125065
3669,-0.018079070544164133,0.020085083759113928,4.897949290037166,134.01467247478877
3670,0.010193205974375005,0.018203699580081056,4.908142496011541,135.38769751015585
3671,0.008379916167126317,0.01958815226906254,4.916522412178668,136.527002036454
3672,-0.009710402163375329,0.019129196819187358,4.906812010015292,135.2076858526036
3673,-0.0034343316224265583,0.022364531489768844,4.903377678392865,134.74413427202907
3674,-0.03247075632208128,0.022098684749026754,4.870906922070785,130.43916142345802
3675,0.013939074333926804,0.022823003494360422,4.884845996404711,132.27009369570388
3676,0.008348965869487066,0.02209651120153734,4.893194962274198,133.37903500853253
3677,-0.04001586002478193,0.025193495704640315,4.853179102249417,128.14713580765928
3678,0.01828617793391671,0.02511445277779172,4.871465280183333,130.51201352432088
3679,0.07492074987257712,0.03234127771085664,4.94638603005591,140.66568266288817
3680,-0.032410085108383474,0.03232659751678628,4.913975944947527,136.17978277846203
3681,0.00934396606293119,0.03282068164278252,4.9233199110104575,137.45820551498784
3682,0.006857967249453186,0.028680567676074457,4.9301778782599115,138.4041292361635
3683,-0.0496374843620852,0.02642823229140668,4.880540393897826,131.70181551658297
3684,0.01630899905685142,0.028115344006101856,4.896849392954677,133.86735116151647
3685,0.07393100426390513,0.036379620706031984,4.970780397218583,144.13932942225043
3686,0.023745321555889386,0.03656874583773726,4.994525718774472,147.60292348430764
3687,0.002701069516249806,0.032446003398453084,4.997226788290722,148.0021481655276
3688,-0.03913761205703653,0.031824411864212386,4.958089176233685,142.32158443974694
3689,-0.029100268787509913,0.023909600106941705,4.9289889074461755,138.23966855485037
3690,0.012396840524147813,0.02465298266577603,4.941385747970323,139.96407016187905
3691,0.03833037346908538,0.023885160027354555,4.979716121439409,145.4330904566633
3692,0.02073326076859266,0.02030658418721871,5.000449382208001,148.4798683235564
3693,-0.004250299469448083,0.024357173108167807,4.996199082738553,147.85012366771556
3694,-0.012158972682623028,0.025778359297726434,4.98404011005593,146.06330301831778
3695,-0.020913411190482303,0.028501702544144414,4.963126698865448,143.04034149986018
3696,0.010349094436554478,0.02652848500769133,4.973475793302002,144.52836607464204
3697,-0.0071794215338404745,0.02747205204478024,4.966296371768162,143.49445190483263
3698,-0.03376687438193127,0.027590355017523292,4.932529497386231,138.72998602900134
3699,-0.03487099189478034,0.02628965431818552,4.89765850549145,133.97570874443377
3700,-0.05421786758707393,0.02863120086022346,4.843440637904376,126.90523640608853
3701,-0.01062610371625218,0.024445455704122182,4.832814534188124,125.56386758560123
3702,-0.041722525191767654,0.021369878608518175,4.7910920089963565,120.43281059489378
3703,-0.039272982751074145,0.019087871228347434,4.751819026245283,115.79472671619037
3704,0.03279240571862162,0.02005155189847208,4.784611431963904,119.65485999567927
3705,0.002623204330630183,0.023115457756847542,4.787234636294534,119.96915118738345
3706,-0.007735684118969481,0.021411311132736557,4.779498952175564,119.04468801735578
3707,0.004769776269812858,0.022256560796885514,4.784268728445378,119.61386087982191
3708,0.010850083083152655,0.01734465251606004,4.79511881152853,120.91874747084773
3709,0.013218207888243483,0.016978269683180804,4.808337019416774,122.52768683376712
3710,0.004646854963062717,0.016836683771760334,4.812983874379836,123.09838016107622
3711,0.0012031339002572406,0.016991488498910915,4.8141870082800935,123.24657312542821
3712,-0.01957365559917187,0.017792649706938758,4.794613352680922,120.85764346417822
3713,0.012335975868015134,0.020925776649310363,4.806949328548937,122.35777420206092
3714,-0.033187334090683356,0.020196718326520802,4.773761994458253,118.36368897487695
3715,0.006820508247357411,0.021912085075140305,4.780582502705611,119.17374886150196
3716,-0.0224401491386789,0.022251877197566158,4.758142353566932,116.52925455784876
3717,0.006732824366775479,0.017231123516718305,4.764875177933708,117.31647268931198
3718,-0.030128847299076552,0.017494545628033497,4.734746330634631,113.83457871003988
3719,0.02079209323099896,0.020980732639194796,4.75553842386563,116.2262152885406
3720,0.008172103931585673,0.018465685672905425,4.763710527797215,117.17991957711712
3721,0.0016119244996958295,0.016608574140105224,4.765322452296911,117.36895707651284
3722,0.0006405744691896061,0.01584969763836752,4.765963026766101,117.44416471936768
3723,-0.02113032913081767,0.017335980574683146,4.7448326976352835,114.988566034737
3724,0.01827556778983797,0.01947095399410155,4.763108265425121,117.10936776827319
3725,0.015811293039442675,0.02484115926161095,4.778919558464564,118.97573425140861
3726,-0.024617197191784113,0.022891907036940957,4.75430236127278,116.08264116309671
3727,-0.0022669283235559226,0.01773020926085671,4.752035432949224,115.81978818296975
3728,-0.0131291427716784,0.01605070756332013,4.738906290177545,114.30911228797412
3729,-0.01513009059470277,0.022378019667282326,4.723776199582843,112.59262312623338
3730,-0.0022755314067712,0.02039024511448537,4.721500668176072,112.33670635988756
3731,0.0015862558079597108,0.0172924941646943,4.723086923984031,112.51504251878764
3732,-0.005716677342258542,0.01869808282879167,4.717370246641773,111.87366534444172
3733,0.002918029311660996,0.01981117436050429,4.7202882759534335,112.20059273900046
3734,-0.018644349532231815,0.021858832705671027,4.701643926421202,110.1280661610891
3735,-0.010708211652633335,0.022594197420014825,4.690935714768568,108.95508300409524
3736,0.03956085662719755,0.022059536137070235,4.730496571395766,113.3518356548902
3737,0.002045643561436199,0.02142428858874615,4.732542214957202,113.58395043878777
3738,0.017224566151385633,0.021437561796265745,4.749766781108588,115.55733123161657
3739,-0.011500545700642052,0.023736953666434,4.738266235407946,114.235971604964
3740,0.015771194934320436,0.026776170756475634,4.754037430342266,116.05189135442447
3741,-0.006946783644569349,0.020876266658130693,4.747090646697697,115.24849770540462
3742,-0.02738503636758527,0.02078453525528133,4.719705610330111,112.13523635300378
3743,-0.014916249528753549,0.022182849743122346,4.7047893608013585,110.47501212844935
3744,0.0025234624574385326,0.027164384823362444,4.707312823258796,110.75414371495748
3745,-0.013551362464619316,0.03125330526803024,4.693761460794177,109.26339780136679
3746,0.02322304157779393,0.03166778858810874,4.716984502371972,111.83051904134807
3747,0.08122002082507859,0.029951349704817876,4.798204523197049,121.29244412440714
3748,-0.039462683873625524,0.030092050042449303,4.758741839323425,116.59913312968243
3749,-0.028368238978257316,0.02387384906198766,4.730373600345167,113.33789751758361
3750,-0.0013441415780192502,0.025167885496974893,4.7290294587671475,113.18565767603658
3751,-0.03944950858189347,0.02285387057688787,4.689579950185254,108.80746565118697
3752,0.03445022520580073,0.02483803663039565,4.7240301753910545,112.62122256031901
3753,0.00957693369836562,0.020968239920285073,4.73360710908942,113.704969746063
3754,0.01334690638394422,0.02314142133361553,4.7469540154733645,115.23275223774638
3755,-0.016594637477604278,0.01690193280967914,4.730359377995761,113.33628559786688
3756,0.008380721707683437,0.015129218736589845,4.738740099703444,114.29011678088874
3757,0.005279059793411358,0.014877299632965035,4.7440191594968555,114.89505649273137
3758,0.018267023825186805,0.015688670141542307,4.7622861833220425,117.01313381445335
3759,0.01125588202782203,0.01664582938748269,4.773542065349864,118.33766021664081
3760,-0.042569914127362427,0.018222302367365144,4.730972151222502,113.4057563220256
3761,0.000671995961175712,0.021705761103810287,4.731644147183677,113.4819901437894
3762,-0.01146245977205378,0.020752752824774876,4.720181687411624,112.18863407876962
3763,0.02873079794736184,0.020430821522600565,4.748912485358986,115.45865325080128
3764,0.004242123558525215,0.020447935706394024,4.7531546089175105,115.94948346894222
3765,-0.008269419980425406,0.02729938477500777,4.7448851889370856,114.99460209267941
3766,0.021994359565087867,0.02664325769542692,4.766879548502173,117.55185419144041
3767,-0.02840404679121276,0.0193658004189845,4.73847550171096,114.25987984592035
3768,0.05069187937694969,0.02005725179883511,4.7891673810879105,120.20124515666302
3769,-0.008564077348224378,0.020749085142579362,4.780603303739686,119.17622782449526
3770,0.021849124750093353,0.02221136174313993,4.802452428489779,121.80877883381868
3771,-0.008645274547582613,0.022211804552338305,4.793807153942196,120.76024744999918
3772,-0.0068122553096974505,0.0186842984752843,4.786994898632499,119.94039351084825
3773,-0.015624418032828363,0.020574501662942297,4.77137048059967,118.08095878367828
3774,0.00618726612886924,0.01678552513123948,4.77755774672854,118.81382197224663
3775,0.025512497226556758,0.015585808375355928,4.803070243955097,121.88405743294058
3776,-0.010732365011776124,0.01964015013405174,4.792337878943321,120.5829477204886
3777,-0.0020271602098883667,0.016523193544198178,4.790310718733432,120.338754360034
3778,-0.0024187551572869316,0.01419360118882758,4.787891963576145,120.0480361071752
3779,0.05105306380720513,0.01875348311098323,4.8389450273833505,126.33600038057315
3780,0.017444548257069876,0.017942545324351463,4.85638957564042,128.55920989981496
3781,-0.014799131374274733,0.014691820746863097,4.841590444266146,126.67065422318194
3782,0.001269681398630953,0.017715090845088786,4.842860125664776,126.83158774212923
3783,0.006798708051291166,0.015662539713815687,4.8496588337160675,127.69681656520679
3784,0.0040326615985776405,0.014561259688817288,4.853691495314645,128.21281433655034
3785,0.028144772447126702,0.017078392093474073,4.881836267761772,131.87259508763736
3786,-0.01199250814946934,0.017445109496658454,4.869843759612302,130.30055709643077
3787,0.014743305996271425,0.017046415106267393,4.884587065608574,132.2358493286901
3788,0.012932820204626043,0.01524862855884509,4.8975198858132,133.95713836193417
3789,0.01303186155484025,0.01831081946626184,4.91055174736804,135.71427374819035
3790,-0.03898623152324755,0.019397837970616866,4.871565515844793,130.5250961379862
3791,0.020661112387540113,0.019221500654237608,4.892226628232333,133.24994206109758
3792,-0.002249722028502318,0.021594152298384975,4.889976906203831,132.95050368399706
3793,0.0024338141147246376,0.015064670156584435,4.892410720318555,133.2744745789725
3794,0.013194899485648953,0.015397991712161493,4.905605619804204,135.04467097347504
3795,-0.025678123100565414,0.020090423963887848,4.879927496703639,131.6211205747612
3796,-0.00008596089956662323,0.018741065832129256,4.879841535804072,131.6098067911131
3797,-0.004175981096900737,0.018158245346987047,4.8756655547071714,131.06135268979887
3798,0.010779792292088938,0.019124415507985174,4.886445346999261,132.48180920723254
3799,0.006614693700842604,0.01915215354664004,4.893060040700103,133.36104051312796
3800,-0.009144661481573094,0.01873705133154193,4.8839153792185295,132.14705813167757
3801,-0.002253653943213417,0.01575856600620255,4.8816617252753165,131.84957972563316
3802,0.00284836717943301,0.016444195480713568,4.884510092454749,132.22567111004838
3803,-0.004584740494876563,0.01715327288569039,4.879925351959873,131.62083828148613
3804,-0.008332368169808323,0.015402264522941349,4.871592983790064,130.5286814434237
3805,-0.02073233553713772,0.017795268051129583,4.850860648252927,127.85037671259123
3806,-0.02203082781147376,0.01785838130659076,4.828829820441453,125.06452704162093
3807,0.009403950194279571,0.013930634773974614,4.838233770635733,126.24617499607764
3808,0.0006420905880261495,0.014442226122324082,4.838875861223759,126.32726250679472
3809,0.004790495819194251,0.013769506708724248,4.843666357042953,126.93388457983
3810,0.005557604731670017,0.013884677114835552,4.849223961774623,127.64129687552337
3811,0.016641253274634525,0.015174705495425444,4.865865215049258,129.7831804089914
3812,-0.021328865617804487,0.014195774856265908,4.844536349431453,127.04436414447899
3813,-0.023573803386135454,0.015561238852230227,4.820962546045317,124.0844703326526
3814,-0.019081467547508845,0.015488849772309793,4.801881078497809,121.73920326690255
3815,-0.007670468198397123,0.013405563407981914,4.7942106102994115,120.80897876935107
3816,0.003461679213736571,0.0134101784054138,4.797672289513148,121.22790537641272
3817,-0.01501118160820959,0.010727412774288195,4.782661107904938,119.42172166500552
3818,-0.0017674440168852297,0.010291249462892022,4.780893663888054,119.21083687598978
3819,-0.011292546577446869,0.009263743294615769,4.769601117310606,117.87221539597095
3820,-0.005832324771134479,0.009010833716586746,4.763768792539472,117.18674723383283
3821,-0.013209777046253778,0.008701035242383243,4.750559015493218,115.64891599632409
3822,0.001862716739068193,0.009611677240540246,4.752421732232286,115.86453792694975
3823,-0.007524623807292545,0.008555668942486933,4.744897108424994,114.99597277761752
3824,-0.0030502427934321536,0.009496023650714877,4.741846865631562,114.64574155705247
3825,0.0006974699531301026,0.012233173931216037,4.742544335584692,114.72573140905935
3826,0.016132949433240618,0.01072033111973433,4.758677285017932,116.59160639656636
3827,0.001149895931716335,0.011798810583656023,4.759827180949649,116.7257517222349
3828,-0.008027955284530035,0.012775437316521351,4.751799225665119,115.79243393612073
3829,0.0033763070805682485,0.01232534132586318,4.755175532745687,116.18404547909526
3830,-0.009069488456976584,0.01227794186320879,4.746106044288711,115.13507960196341
3831,0.000741681707171636,0.013269717383352008,4.746847725995882,115.22050485961739
3832,0.0029051873704888692,0.013359101850879213,4.749752913366371,115.5557287234474
3833,-0.002629773919301023,0.013696919192960358,4.74712313944707,115.25224250679527
3834,0.019590487455500665,0.014414718622464184,4.766713626902571,117.53235141776725
3835,0.019622084949587365,0.013859658396694584,4.786335711852158,119.86135644197444
3836,0.005517610666114829,0.012061481444340336,4.791853322518273,120.52453263226559
3837,0.008547688724124439,0.012940500666310023,4.800401011242397,121.5591543335805
3838,0.006967473749876214,0.01243681579803956,4.807368484992273,122.40907200166059
3839,-0.022066239170025866,0.015618142019750049,4.785302245822248,119.73754778883081
3840,-0.009637876072970595,0.015779578336949936,4.775664369749277,118.5890754489935
3841,0.026495851741151807,0.012988907312788199,4.802160221490428,121.77319065587162
3842,0.011443661936199839,0.01136086092833238,4.813603883426628,123.1747259355113
3843,-0.004038275704576631,0.008860291515795312,4.809565607722052,122.67831542820177
3844,-0.002317627229199958,0.008102217150752005,4.807247980492852,122.39432204645018
3845,0.0007690705627934367,0.008029684254479202,4.8080170510556455,122.48848812212627
3846,0.0036165286293646957,0.008663397082131305,4.81163357968501,122.93227324328645
3847,-0.006341779685526688,0.010690452839414439,4.805291799999483,122.15513068817344
3848,0.0024203758903001363,0.009598701710531857,4.807712175889783,122.45115011599843
3849,0.003763265259037882,0.00896496031670327,4.811475441148821,122.91283445059703
3850,-0.007951123105850555,0.010014232097003318,4.803524318042971,121.93941439227508
3851,-0.006138820592824146,0.009738149854160183,4.797385497450147,121.19314316033862
3852,0.008831851519305343,0.0095113341154453,4.806217348969452,122.26824358124435
3853,0.0035381547231039174,0.011659065788291595,4.809755503692556,122.70161375802924
3854,-0.004773188702402397,0.011544079951251732,4.804982314990154,122.11733135587787
3855,-0.0024453232585107967,0.011191668203873356,4.8025369917316425,121.81907981458028
3856,0.027738207503310842,0.012808914647500872,4.830275199234954,125.24542335718245
3857,-0.0093309308585809,0.01260050262507687,4.820944268376373,124.08220237850922
3858,-0.009523326282705595,0.011822870639577368,4.811420942093667,122.90613599978444
3859,-0.007350598830800277,0.01233889022680289,4.804070343262867,122.006014568866
3860,0.012968156857067582,0.012881743213731256,4.817038500119935,123.59851125887408
3861,-0.005130394638774597,0.010380671996472735,4.81190810548116,122.96602595625428
3862,-0.013490537339833474,0.012263914954654318,4.798417568141327,121.31828761922208
3863,-0.004176283411598836,0.010947374014873699,4.794241284729727,120.81268457278827
3864,0.00032775617385959004,0.011326203555772426,4.794569040903587,120.85228816584413
3865,0.010626694902615953,0.011569721930479728,4.805195735806203,122.14339651771469
3866,-0.007125604267761688,0.010251434375085279,4.7980701315384415,121.27614452695416
3867,0.004510458506860493,0.009608119005123955,4.802580590045302,121.82439103681111
3868,0.009099717460555719,0.00856965619248271,4.811680307505858,122.93801773473976
3869,0.006869901874374492,0.00944777390430437,4.818550209380232,123.78549757176403
3870,-0.008705699704154732,0.011357696793410936,4.809844509676077,122.71253542188092
3871,0.011941182201615795,0.010108942210744688,4.821785691877693,124.18665199670536
3872,-0.013495135136180838,0.011336723538312275,4.808290556741513,122.52199400189642
3873,-0.015270586812968565,0.012803233893223501,4.793019969928544,120.66522431897353
3874,0.01258186684394839,0.01365487929839973,4.805601836772492,122.19300914225197
3875,0.006851768013376019,0.009471771428842085,4.812453604785868,123.03312213671227
3876,-0.003160377340576578,0.00941152885353618,4.809293227445291,122.64490482509407
3877,-0.0033940098546966944,0.010407773612985687,4.805899217590595,122.2293524029035
3878,0.02282664069876103,0.009934586764139726,4.828725858289356,125.05152574007207
3879,0.005601551491649445,0.010377765261890147,4.834327409781006,125.7539738635338
3880,-0.0005676244312985428,0.011247168348347115,4.833759785349707,125.68261309061103
3881,0.00010828060670574845,0.010134742349347093,4.833868065956413,125.69622281703029
3882,0.0005174383446385002,0.010683395848382364,4.834385504301051,125.76127969250145
3883,-0.008567674947564378,0.011075541297604186,4.825817829353487,124.68840052995583
3884,0.004024127439003796,0.010662734803133286,4.829841956792491,125.19117347658373
3885,-0.011363114794142624,0.011107382046548066,4.818478841998348,123.77666364011813
3886,0.01978919141722123,0.011437459886724942,4.838268033415569,126.25050061508016
3887,0.003941088862753906,0.011326858247728945,4.842209122278323,126.74904681912517
3888,0.014441672937594007,0.011590513777010375,4.856650795215917,128.5927964685949
3889,0.003945681162460757,0.014122083253781021,4.860596476378378,129.1011849531164
3890,-0.012587450936475576,0.012780737443591999,4.848009025441902,127.48631499201797
3891,-0.015943513576427093,0.012357575067621009,4.832065511865475,125.469852659896
3892,0.016869326337915616,0.012343884139365767,4.848934838203391,127.60439810234361
3893,0.010970098358128112,0.013690311355060903,4.859904936561519,129.01193720605974
3894,0.011659090664489674,0.011701284346874974,4.871564027226008,130.52490183602083
3895,0.012163504848606127,0.014168605519033557,4.883727532074615,132.1222370155917
3896,-0.011960809895376545,0.014896819642734597,4.871766722179238,130.55136125639874
3897,0.002348358879661538,0.010071901625690147,4.8741150810589,130.85830296844472
3898,0.0016826259456716498,0.010319396982300106,4.875797707004572,131.0786738931504
3899,0.002475537603765204,0.010698729013559071,4.878273244608336,131.40356605488694
3900,-0.007628517826773753,0.011232234886797013,4.8706447267815625,130.40496537302025
3901,-0.007741660547017617,0.01111220596785287,4.862903066234545,129.3993121331345
3902,0.013979892831269379,0.010906147025381854,4.8768829590658145,131.2210045125075
3903,-0.0015975991519726392,0.010668758309430018,4.875285359913842,131.01153331703262
3904,0.004632244216735899,0.009823669654225075,4.879917604130577,131.61981850964992
3905,0.01055230472398804,0.00793246023176031,4.890469908854566,133.01606479430254
3906,0.005786645011156549,0.00877062244960466,4.896256553865722,133.7880128827532
3907,-0.009171077362700876,0.010503480139794701,4.887085476503022,132.56664187106645
3908,0.007396665304747741,0.010366569361402846,4.894482141807769,133.55082831329648
3909,-0.0093700219716636,0.009543191290381543,4.885112119836106,132.3052985511198
3910,-0.0021192386077766813,0.010434436137776771,4.882992881228329,132.0252089475951
3911,-0.014735401043422493,0.011965708242866534,4.868257480184907,130.09402785318252
3912,0.00295264868151036,0.012141112299547317,4.871210128866417,130.47871746014468
3913,-0.0032515593817882705,0.015579174155052018,4.867958569484628,130.05514716743085
3914,0.03783621841180268,0.016799245794419417,4.905794787896431,135.07021953265843
3915,0.005482469179922397,0.01553067818671204,4.911277257076353,135.81277149756752
3916,0.010309547802463662,0.015233263907540224,4.921586804878817,137.2201821755984
3917,-0.023324211428313465,0.016591705010590475,4.898262593450504,134.05666630717442
3918,-0.02348796197968606,0.0156809126537191,4.874774631470817,130.9446390844511
3919,0.0031600470997393444,0.01766505976842663,4.877934678570557,131.35908480052356
3920,0.0044084188542144525,0.01549965417768551,4.882343097424772,131.93944897089906
3921,0.010695754099628987,0.01672330782769655,4.8930388515244,133.35821473254668
3922,-0.017395388040105528,0.017372833592198583,4.875643463484295,131.05845741622625
3923,-0.006449748602825959,0.01622432305517646,4.869193714881469,130.21588342968263
3924,0.010849570219982473,0.016595091251488895,4.8800432851014515,131.63636165578404
3925,0.01605836098504906,0.011885792772238916,4.896101646086501,133.76728968392482
3926,-0.017458654617689747,0.01208683858880443,4.878642991468811,131.45216109426892
3927,0.011658215328887759,0.01278545847320811,4.890301206797699,132.99362660331306
3928,-0.02088943747313998,0.012654661387343955,4.869411769324558,130.2442806775858
3929,-0.005920319145449181,0.010621427364574708,4.86349145017911,129.47547101396555
3930,-0.0023680773276389976,0.009655397344367607,4.861123372851471,129.16922583581672
3931,-0.0075539344347857465,0.009569729170155278,4.8535694384166845,128.19716603316476
3932,-0.005807259202664769,0.010256610920857726,4.84776217921402,127.45484935980167
3933,0.0013057541910351407,0.012254101212947205,4.849067933405055,127.62138276570582
3934,0.007482594396501974,0.011048352961144302,4.8565505278015575,128.57990344777346
3935,-0.008737983769892776,0.010703012155760687,4.847812544031664,127.46126876170221
3936,0.017985757954726754,0.010736657478386548,4.865798301986391,129.77449650941807
3937,-0.007648515427472738,0.017064586064549005,4.8581497865589185,128.78570050189074
3938,0.009200222835939059,0.018889064126923517,4.867350009394857,129.97602487317263
3939,0.010947629644199115,0.017821376862947755,4.878297639039056,131.4067716091741
3940,-0.017880018934154106,0.01807439649663307,4.8604176201049025,129.0780964610968
3941,-0.009507435158290022,0.018552798589160837,4.8509101849466125,127.85671015440764
3942,-0.010284107387798546,0.021376326824905815,4.840626077558814,126.5485561445768
3943,0.02681457003183985,0.023779208126991466,4.867440647590653,129.98780619947487
3944,0.009472213186516065,0.02024192376974754,4.8769128607771695,131.2249283037719
3945,-0.0003639271023218204,0.023487301976879562,4.876548933674848,131.1771806847153
3946,-0.002263821443018589,0.02085725880261683,4.87428511223183,130.88055485088927
3947,-0.0073853464322990526,0.02243272026673785,4.8668997657995305,129.91751717277452
3948,0.003533636676156818,0.020895419568054293,4.870433402475687,130.37741054583498
3949,0.0074009275769217845,0.017990211737280954,4.877834330052609,131.34590377240426
3950,-0.019414968721773933,0.017988123754440036,4.858419361330835,128.82042255761453
3951,-0.024752374421433555,0.01939888898622994,4.833666986909401,125.67095048128706
3952,-0.020217288133704776,0.019868045494288413,4.813449698775696,123.15573574742466
3953,0.03831891157036053,0.020647255140166087,4.851768610346057,127.96651272380811
3954,-0.017809258769233657,0.021145222915763498,4.833959351576824,125.70769759844679
3955,-0.020779989225209957,0.02120154468267748,4.8131793623516135,123.12244676603224
3956,0.021922401538921023,0.024077569375678128,4.835101763890535,125.8513896822867
3957,-0.02914680604808922,0.023009309170906992,4.805954957842445,122.23616568767532
3958,-0.00700846269982826,0.022120053171068858,4.7989464951426175,121.38247311051758
3959,-0.003303306457433894,0.02034001557562627,4.795643188685183,120.98217112733755
3960,0.004910831285353855,0.018516612309295428,4.800554019970537,121.57775536820289
3961,-0.022261008731692157,0.015473830754974969,4.778293011238845,118.90121368295111
3962,0.007130087148217698,0.015604109035473823,4.785423098387063,119.75201925302493
3963,-0.006359557782972326,0.020028033860502618,4.77906354060409,118.9928658654715
3964,-0.022795890060383205,0.021868180106041198,4.756267650543707,116.31100145583123
3965,-0.04641213935453184,0.022675704500836516,4.709855511189176,111.03611527033797
3966,0.03788235524942601,0.022589112900443964,4.747737866438602,115.32311295185471
3967,-0.009708664381629555,0.026513424917816202,4.738029202056971,114.20889707872223
3968,0.001141994297231901,0.024382713633306675,4.739171196354204,114.33939748905887
3969,-0.008110693007807035,0.01378882948966751,4.731060503346397,113.41577640409983
3970,-0.005845446235155231,0.013923459767943151,4.7252150571112415,112.75474447645323
3971,0.001261899566030697,0.013202468867837613,4.726476956677272,112.89711945214296
3972,0.019412624710603562,0.010787168517287518,4.745889581387876,115.11015982584573
3973,-0.010923877288597438,0.01306163570203015,4.734965704099278,113.8595537352969
3974,-0.002386899624469571,0.015159724778687867,4.732578804474809,113.58810649677582
3975,-0.004502032082167737,0.013763449866779022,4.728076772392641,113.07787859016415
3976,-0.00989787448026615,0.012934010694102925,4.718178897912375,111.96416871396998
3977,-0.004413192209176078,0.009680899334875986,4.7137657057031985,111.47113803666602
3978,0.009906416790045239,0.009723809177119626,4.723672122493244,112.58090542349085
3979,0.02898397239230283,0.011080085538386748,4.7526560948855465,115.89169542970497
3980,0.01697672396059195,0.010903421104296379,4.769632818846139,117.87595218542631
3981,-0.01366790969792104,0.012560864276861415,4.755964909148218,116.27579463049034
3982,0.0232881742771431,0.012270768543509142,4.779253083425361,119.01542224661122
3983,0.01219862616091202,0.012252754811455303,4.791451709586273,120.47613813991462
3984,0.0135253466551575,0.012967350939095549,4.80497705624143,122.116689173206
3985,-0.024706909486369492,0.012565520746170074,4.78027014675506,119.13653004495762
3986,0.004365781853611732,0.013179203982340165,4.784635928608672,119.6577911741813
3987,0.0028838562405228353,0.010551331318309088,4.787519784849195,120.00336509523979
3988,0.0011211855459191135,0.01037894271440105,4.7886409703951145,120.1379865873796
3989,0.003478803202574423,0.013126999432922318,4.792119773597689,120.55665080285209
3990,0.001769798855254082,0.011277008205317015,4.793889572452943,120.77020073991346
3991,-0.013211609047043407,0.010250124656902272,4.7806779634059,119.18512581404158
3992,-0.00017028945207957585,0.010312285871109888,4.78050767395382,119.16483157226733
3993,-0.0067115271909909645,0.00986020127545604,4.7737961467628285,118.36773143666281
3994,0.005108086140208181,0.010160135067027605,4.778904232903037,118.97391089544519
3995,0.0019638420158087917,0.010222083843642838,4.780868074918846,119.20778643258477
3996,-0.0120075124348032,0.009406197593248773,4.7688605624840426,117.7849568717902
3997,0.005097269281514186,0.00787939949856177,4.773957831765557,118.3868712709135
3998,-0.0005791305141582215,0.007858481009517667,4.773378701251398,118.31832967046658
3999,-0.0007461039301850001,0.008760437181575596,4.772632597321214,118.23008482369366
4000,0.0044368034318567895,0.010295746685915604,4.777069400753071,118.75581388561699
4001,-0.011000743391372568,0.010994211917579863,4.766068657361698,117.4565710716701
4002,-0.00030125388319833567,0.011621400071193819,4.7657674034785,117.4211921528135
4003,0.0017638695886149694,0.011549988291142697,4.767531273067115,117.62849059267148
4004,-0.016068190455941465,0.009657100355833177,4.751463082611173,115.75351765483892
4005,-0.031039549870291373,0.010497897302112551,4.720423532740882,112.21576965709158
4006,-0.008754948195696331,0.011442231397030336,4.711668584545185,111.23761450373715
4007,0.006699963377636368,0.011280944784908103,4.718368547922822,111.98540473337827
4008,0.001987414886372809,0.010939898977748821,4.720355962809195,112.20818750136739
4009,-0.00016660035925417544,0.00944504529807105,4.720189362449941,112.18949513413921
4010,-0.003488747715949235,0.010863384116198905,4.716700614733991,111.79877624535015
4011,-0.009010377199220354,0.010844389427627023,4.707690237534771,110.79595179890646
4012,-0.00039321348278932415,0.011709492187920225,4.707297024051981,110.7523939011582
4013,0.012611696277630176,0.012149768638253086,4.719908720329611,112.1580144539551
4014,0.018536506582969983,0.011853167283730927,4.738445226912582,114.25642070345796
4015,-0.008306671039690069,0.012580037660164429,4.730138555872892,113.31126120175489
4016,0.02566184925321539,0.012249566321235097,4.755800405126107,116.25666836781618
4017,0.0070741226938024725,0.010051539581991552,4.76287452781991,117.08199810388773
4018,-0.008239420035271583,0.009606625218559164,4.754635107784638,116.12127368409284
4019,-0.0020477216221255986,0.007728788417881938,4.752587386162512,115.8837329328513
4020,-0.006076875740618121,0.007450464313926017,4.746510510421894,115.18165726131167
4021,-0.0016181872484742701,0.00860083929940508,4.74489232317342,114.99542249427435
4022,-0.012413940411726849,0.00933654678503983,4.732478382761693,113.57670035725346
4023,-0.00980671996271585,0.010477085866793436,4.722671662798977,112.4683290887033
4024,-0.006841449689686052,0.01162678000029242,4.715830213109291,111.70150874590226
4025,-0.0008094577519198333,0.011708287013518217,4.715020755357371,111.61112767850959
4026,-0.0016430068174503063,0.012967544808458053,4.713377748539921,111.42790039788417
4027,-0.003873504536877743,0.013128606453561967,4.7095042440030435,110.9971187760633
4028,-0.033653459820669154,0.013676647267313456,4.675850784182374,107.32383768424442
4029,0.004383102409528573,0.017404693784939675,4.680233886591902,107.7952814942829
4030,0.010987252446463812,0.014667984439135298,4.691221139038366,108.98618586764735
4031,0.021355686564979253,0.013927908961856635,4.712576825603346,111.33869096638983
4032,-0.02369393057229357,0.013348011875144098,4.688882895031052,108.7316472743043
4033,-0.008936876200042843,0.009343170178768349,4.679946018831009,107.7642551739172
4034,0.011985225225459636,0.009688374129688919,4.691931244056469,109.06360498973615
4035,-0.015332500715595256,0.008018791949900433,4.6765987433408736,107.40414155983152
4036,0.009598100217234553,0.008705725005746274,4.6861968435581085,108.43998036451546
4037,-0.0035093459273300254,0.0074261388453948154,4.682687497630778,108.0600939273984
4038,0.002829844830118309,0.007356810625945294,4.685517342460896,108.36632030775498
4039,0.010831806962073877,0.007605829644614664,4.6963491494229705,109.54650359023987
4040,-0.014117450002229593,0.007452548618800363,4.682231699420741,108.01085155315538
4041,0.005939017622692531,0.013294900501427141,4.688170717043433,108.65423855622227
4042,-0.02374324972370461,0.01382999020008276,4.664427467319729,106.10481935179858
4043,-0.006996868484655421,0.013131334580444883,4.657430598835073,105.36500908097739
4044,-0.005167108961393373,0.011641390403988046,4.65226348987368,104.82198074980889
4045,-0.007333891560641586,0.012814479846771398,4.6449295983130385,104.05603980679679
4046,0.003163914553130989,0.014025776898207002,4.648093512866169,104.38578559415774
4047,0.014848646886488305,0.016011227678773984,4.6629421597526575,105.94733804375403
4048,0.006054226446543038,0.014324467680315232,4.6689963861992005,106.59071282281185
4049,-0.007364970358741131,0.01497686058665372,4.66163141584046,105.80855918703949
4050,-0.0009714109054079064,0.013205705444348098,4.6606600049350515,105.70582550514777
4051,0.008421658973784541,0.013314596530164242,4.669081663908836,106.59980302225995
4052,-0.0057430875079227724,0.014640600140383032,4.663338576400913,105.98934565810168
4053,0.011616329752896247,0.01433588907365623,4.674954906153809,107.22773167218207
4054,-0.018432614472900382,0.012282172768661297,4.6565222916809095,105.2693487404933
4055,0.009687365341449032,0.014636586386660521,4.666209657022359,106.29408687346489
4056,0.009326493731039987,0.012412480283079936,4.675536150753398,107.29007532884438
4057,-0.0052206616106639,0.009076279825451845,4.670315489142734,106.73140972229544
4058,0.0046487715015357004,0.00983710139969143,4.67496426064427,107.22873473766667
4059,0.004466215679608133,0.011222324648138384,4.679430476323878,107.70871243817658
4060,0.0041931008367415805,0.012567754254541685,4.68362357716062,108.16129412764487
4061,-0.02169930038605272,0.016216397087812993,4.661924276774567,105.83955091843173
4062,-0.0035296151721681056,0.017476699808203558,4.658394661602399,105.46663654296628
4063,0.0024539221583430746,0.017990112316069583,4.660848583760742,105.72576126526218
4064,0.0029533144748686633,0.016887544772416014,4.663801898235611,106.03846421416145
4065,0.01717081092590134,0.018342275910801936,4.680972709161512,107.8749525088961
4066,0.017394349966884215,0.019557588235476986,4.698367059128396,109.76778172759418
4067,0.0010978913712560857,0.01926132441821926,4.699464950499652,109.88836100735844
4068,0.01514707842917668,0.018731589802234196,4.714612028928829,111.5655185823644
4069,-0.012716795570743273,0.017232434918156615,4.701895233358085,110.155745585931
4070,-0.004131115333902041,0.017356473172128305,4.697764118024184,109.70161816844156
4071,0.025824234622837918,0.014247578407692547,4.723588352647021,112.57147493335681
4072,-0.0051171105829385605,0.013521467318579682,4.718471242064083,111.99690556887523
4073,0.012667181815162604,0.0170547400347168,4.731138423879246,113.42461416614783
4074,0.016044946157861673,0.017391644554648894,4.747183370037107,115.25918442642043
4075,0.005770281841277209,0.014290090274036578,4.752953651878385,115.92618494513573
4076,-0.008090112711628905,0.014433173571599421,4.744863539166755,114.9921125129044
4077,-0.006377392780514646,0.012031197347229914,4.738486146386241,114.2610961117123
4078,-0.01828616004203408,0.012065868332310804,4.720199986344207,112.19068702980461
4079,-0.008508516533983887,0.01301503781607418,4.711691469810223,111.24016023515699
4080,-0.005436352991275161,0.011662138035355745,4.706255116818948,110.63706027478014
4081,-0.003819503983795264,0.010780075202850126,4.702435612835153,110.21528757631262
4082,-0.011209603903984117,0.010346371917728806,4.691226008931168,108.98671661998178
4083,0.003870322175608837,0.01052929403369717,4.695096331106777,109.40934765773872
4084,-0.003644080721989631,0.011416900729776785,4.6914522503847875,109.01137672263863
4085,-0.006749978674319944,0.010904385417656795,4.684702271710468,108.27803007602122
4086,0.0033668737223671212,0.011390132650286957,4.688069145432835,108.64320293067644
4087,-0.00860836531334202,0.010421231277534877,4.679460780119492,107.71197647044019
4088,-0.0016501123874992892,0.011340723275766093,4.677810667731993,107.53438616606118
4089,0.0007222283569955152,0.009202454681275674,4.678532896088989,107.61207860156539
4090,-0.010378786430386474,0.009716922718753107,4.668154109658603,106.500971764655
4091,0.0007239310622719225,0.009759449050672992,4.668878040720874,106.57809904032446
4092,0.011790072481346036,0.008717180891699306,4.680668113202221,107.84209923799392
4093,-0.005802366189141566,0.006718603265983032,4.6748657470130786,107.21817176594651
4094,0.0027935560749733942,0.0066142337958963494,4.677659303088053,107.51811049379953
4095,-0.004349539130794924,0.006733646875889593,4.673309763957257,107.0514718321716
4096,-0.008876779866954256,0.0065250463734645315,4.664432984090303,106.10540470935845
4097,-0.004077359900914184,0.006326487635265332,4.660355624189389,105.67365558336041
4098,-0.005622467534447816,0.007049337745562351,4.654733156654941,105.08117604487623
4099,-0.0016764233105320203,0.0080807779583693,4.653056733344409,104.90516308918956
4100,-0.005887202399206756,0.008759142487854983,4.647169530945202,104.28937956103746
4101,-0.012813940435099945,0.008314312132853363,4.634355590510102,102.96154721442606
4102,-0.0035443379657581087,0.008060698943528202,4.630811252544344,102.59726264878414
4103,-0.005589941013535478,0.006301738311622537,4.625221311530809,102.02534997072806
4104,-0.008541251515933474,0.006818024273484857,4.616680060014875,101.1576367492433
4105,0.010183572480425219,0.010805362252115706,4.626863632495301,102.19304600956198
4106,0.007507179702068251,0.009865824922185087,4.634370812197369,102.96311447482634
4107,0.0028253933978613557,0.009331517855716027,4.63719620559523,103.25443713544908
4108,0.004963180478596668,0.008755867587826984,4.642159386073827,103.76818139030159
4109,-0.0015230893690623938,0.009657569495607428,4.6406362967047645,103.61025347607286
4110,0.0067412423765892794,0.00963964644640089,4.647377539081353,104.31107485682111
4111,-0.00919315541526509,0.007734728956399272,4.638184383666089,103.35652133632249
4112,0.0008072472654846058,0.007513498073485993,4.6389916309315735,103.43998929064752
4113,-0.002039105284402572,0.008415291933183609,4.63695252564717,103.22927916494193
4114,-0.0034277597054904315,0.008665481363832737,4.63352476594168,102.87603975716429
4115,0.009112912028120814,0.009266276675533279,4.642637677969801,103.81782474158048
4116,-0.01304595330538123,0.007715655483428239,4.62959172466442,102.47221868937498
4117,0.00009364232481500544,0.008232827304128934,4.629685366989235,102.4818148754596
4118,-0.0013491533545923438,0.00867094671433681,4.628336213634642,102.34364441866164
4119,-0.0005285147724532325,0.008356903541822733,4.627807698862189,102.28956858191769
4120,0.0030654666070895767,0.008173186116724174,4.6308731654692785,102.60361494204749
4121,-0.005914618386662572,0.010306740132607869,4.624958547082616,101.99854485781088
4122,-0.0011550928780315664,0.00952235246894072,4.623803454204585,101.88079508413075
4123,0.005250388022889799,0.010765761656954123,4.629053842227474,102.41711550351363
4124,-0.008077817122847006,0.009246930036892417,4.6209760251046275,101.59314121148213
4125,-0.0035022559354871466,0.008327872476498426,4.61747376916914,101.23795836333846
4126,-0.0010755110526112965,0.008787532159348629,4.616398258116529,101.12913435137868
4127,-0.01332318474838212,0.008117894433738452,4.603075073368147,99.79070805965546
4128,0.005047934686487605,0.007940012136517243,4.608123008054634,100.29571859398112
4129,-0.0011039010811775786,0.008595488334826607,4.607019106973457,100.18506312936832
4130,-0.0015031188832888276,0.009207465415154575,4.605515988090168,100.03458618985162
4131,-0.00008600188705220253,0.008236430324631679,4.605429986203116,100.02598339660229
4132,0.019355858874604906,0.008462929200217633,4.624785845077721,101.9809310256334
4133,-0.003465371984332354,0.008421069169960963,4.621320473093388,101.62814079206586
4134,-0.0130263117489479,0.008827080512151596,4.608294161344441,100.31288600525954
4135,-0.009264614402091306,0.008388520113091828,4.599029546942349,99.38781761460693
4136,-0.009471989979006522,0.009549253074571346,4.589557556963342,98.45086162617996
4137,0.0008302820153001226,0.009039019484218293,4.590387838978643,98.53263754982055
4138,-0.01520946039178199,0.008548719362114016,4.575178378586861,97.04534840519597
4139,0.004003443580193199,0.009109773151022838,4.579181822167054,97.43464272121844
4140,-0.006753163671588233,0.008657613596268878,4.572428658495466,96.7788674028971
4141,0.0007478537481521132,0.00790540177634411,4.573176512243617,96.8512709118695
4142,0.00846470975868891,0.009837959722802273,4.581641222002307,97.67456838110365
4143,-0.011772103528286441,0.009819075681224164,4.5698691184740206,96.53147475929622
4144,-0.005512644940757743,0.011198510710307811,4.5643564735332625,96.00079508157337
4145,0.013483925021652755,0.009536186050356246,4.577840398554915,97.30402921443864
4146,-0.006141300606279545,0.00808702830195287,4.571699097948636,96.70828710890257
4147,0.008974021395929944,0.008603871358245491,4.580673119344565,97.58005512850735
4148,-0.020445132531005408,0.007619156021605799,4.56022798681356,95.60527408736895
4149,-0.0016005260693828288,0.006785314579466859,4.5586274607441775,95.45237774375292
4150,0.0100255740551787,0.007027102336646958,4.568653034799357,96.41415575806946
4151,0.006904394968965237,0.007666800634313442,4.575557429768321,97.0821405317732
4152,0.005943926084391625,0.0073341697891855465,4.581501355852713,97.66090797064774
4153,0.00761802657322575,0.007835542798914236,4.589119382425939,98.40773241518107
4154,0.0016024993576270812,0.008589745128476581,4.5907218817835655,98.56555716641856
4155,-0.017222659850580697,0.00825235283021663,4.573499221932985,96.88253079908327
4156,-0.005432941297260122,0.007388443662247519,4.568066280635725,96.35760094425422
4157,-0.005986933169417094,0.007919526847499324,4.562079347466308,95.78243787644064
4158,-0.005168912936107874,0.008461631547925844,4.5569104345302005,95.28862413383214
4159,-0.0020833473816317125,0.00869040465766295,4.554827087148569,95.0903114770494
4160,-0.011035464576241502,0.008554040708949787,4.543791622572327,94.04671459230347
4161,0.0011702600008314692,0.005790828360428697,4.544961882573158,94.15683812461505
4162,-0.0039440069929326865,0.00659439920184971,4.541017875580225,93.78621424862541
4163,-0.012452574847495654,0.0074097357366293614,4.52856530073273,92.62557586220395
4164,-0.002929343277997923,0.0067073259162810945,4.525635957454732,92.35464077885621
4165,-0.0215785926547247,0.007464264413065578,4.5040573648000075,90.38310558398396
4166,0.0020752012675289127,0.007817482499197918,4.506132566067536,90.5708634695751
4167,0.0010269809533274977,0.006910695569880432,4.507159547020864,90.66392579972576
4168,-0.008776888555873963,0.007773024928134504,4.4983826584649895,89.8716605248809
4169,-0.004320226327446297,0.007009435065787072,4.494062432137544,89.4842321028162
4170,-0.008217740968534133,0.006866393866181981,4.485844691169009,88.75188709475911
4171,-0.009737654290644642,0.007486833227539968,4.476107036878365,87.89184608747401
4172,0.007595542966326618,0.006774216534631603,4.4837025798446914,88.56197415231136
4173,0.0007392894516296416,0.005442244730640286,4.4844418692963215,88.62747129330731
4174,0.0010779750890022445,0.005344284138331019,4.4855198443853235,88.72306101197397
4175,0.010133370483972648,0.005545291258365798,4.495653214869296,89.62669535800954
4176,0.00490866714588319,0.005259793540439065,4.500561882015179,90.06772452003662
4177,0.003386580863670917,0.006665642753137856,4.50394846287885,90.37326322608126
4178,-0.013616423084724417,0.007443732342587543,4.490332039794126,89.15104265858282
4179,-0.010575440300885952,0.007522999398352611,4.47975659949324,88.21319892507532
4180,0.010390636029658213,0.0075428350968542775,4.4901472355228975,89.13456868739208
4181,-0.006562184560226774,0.0058495105250999276,4.483585050962671,88.55156617413073
4182,0.005158334431491058,0.006977743967523506,4.488743385394162,89.00952490356784
4183,0.006769645881269627,0.006393968964758188,4.495513031275432,89.61413204635379
4184,0.007858288397989398,0.00697950428901997,4.5033713196734215,90.32111995977124
4185,0.006759256432873037,0.006642887767959093,4.510130576106294,90.93369150271555
4186,0.004675064577644639,0.0071525919653280794,4.514805640683939,91.35980766695961
4187,-0.004469334899487254,0.007424872179215562,4.510336305784452,90.95240118630464
4188,0.01677950413503307,0.00814979009942773,4.527115809919485,92.49141319818453
4189,-0.006967944255367231,0.006139680886459287,4.520147865664118,91.84917831384941
4190,-0.004079922239991967,0.005548776173056029,4.516067943424125,91.47520421989019
4191,0.0006081309477100048,0.005703426044879361,4.516676074371835,91.53085004078238
4192,0.0005981998344670323,0.0056951120250173445,4.517274274206303,91.58562016023036
4193,0.003933545612636115,0.007621421059829453,4.5212078198189385,91.94658584665979
4194,-0.0026297246125823034,0.00963870275962992,4.518578095206356,91.7051092943923
4195,0.007726795612180869,0.007979454773962719,4.526304890818537,92.41644054703434
4196,-0.010874489293407131,0.007816629069401785,4.51543040152513,91.41690353102155
4197,-0.015984157502725842,0.009849779121731479,4.499446244022404,89.96729757511321
4198,-0.01045779922394847,0.011005415675058684,4.488988444798456,89.03134019762946
4199,-0.0025939683316014567,0.010116762803328565,4.486394476466854,88.80069499314287
4200,0.0031663108485257643,0.009296110243511903,4.48956078731538,89.08231120400895
4201,-0.005496554296119885,0.007259971183413257,4.48406423301926,88.59400866375182
4202,0.005365487232085202,0.006534303425208952,4.489429720251345,89.07063621214216
4203,-0.005441382128528917,0.008053385173674373,4.483988338122816,88.5872850857846
4204,0.0044326394531577825,0.008723400063653488,4.4884209775759745,88.98083216247632
4205,-0.005024856925288672,0.006908582655885465,4.483396120650686,88.53483767941628
4206,-0.0073539659139864174,0.00836399163906082,4.4760421547366995,87.88614366125972
4207,0.003340337693838259,0.008822793011674651,4.479382492430537,88.18020391655155
4208,0.0002678669759182901,0.008956315243485906,4.479650359406456,88.20382764497765
4209,0.00801454788443823,0.010351734171329471,4.487664907290894,88.91358182553081
4210,0.004686853217618868,0.008586242453177581,4.492351760508512,89.33128482429599
4211,-0.008335058773386585,0.008288132000577462,4.4840167017351265,88.58979777682873
4212,-0.0032526403634068586,0.008387613772713706,4.480764061371719,88.30211514250006
4213,0.004063837547980096,0.007615869615043553,4.4848278989197,88.66169072710426
4214,0.0036718986662325932,0.008765345125017237,4.488499797585932,88.98784590896157
4215,-0.005844211428380725,0.00897211895258081,4.482655586157551,88.46929884814828
4216,-0.0066061573683186625,0.009484312861539558,4.476049428789232,87.88678295201073
4217,-0.0004134910016558682,0.009443630188777705,4.475635937787577,87.85045007027314
4218,0.002203228742799286,0.010214377773038331,4.4778391665303765,88.04421808618423
4219,-0.009405370753293722,0.010386553885630659,4.4684337957770826,87.22001163187473
4220,0.011997351224154185,0.009892471776466556,4.480431147001236,88.27272299223118
4221,-0.00275448856143233,0.00979057653497261,4.477676658439805,88.02991135092876
4222,0.011634566297713467,0.009145591763648368,4.489311224737517,89.06008236664125
4223,0.00035018225533402334,0.008732192264919081,4.489661406992852,89.09127508839475
4224,0.0028160888694730027,0.007567104963138058,4.492477495862325,89.34251763116555
4225,-0.009559260307353141,0.008606573747401139,4.482918235554972,88.49253830796242
4226,-0.00668013687350641,0.008810254649437523,4.476238098681465,87.90336610620075
4227,-0.0051157272291858765,0.008943254241412783,4.471122371452279,87.45482474851099
4228,0.0033831029224739707,0.007648548470868734,4.474505474374753,87.75119446365481
4229,-0.0020148700448752144,0.008031386392461374,4.472490604329878,87.57456521277645
4230,0.00773821820581453,0.00859550236276157,4.480228822535692,88.25486506733813
4231,-0.0040284625784217,0.009312890841460116,4.476200359957271,87.9000488079072
4232,0.005045907767146238,0.010251083368847863,4.481246267724417,88.34470525116369
4233,0.002670811444366759,0.007851093103353178,4.4839170791687835,88.58097267341941
4234,0.0073384562679506375,0.007961012489068763,4.491255535436735,89.23341128569221
4235,0.0006070641052130758,0.010050409091430257,4.491862599541948,89.2875981324502
4236,-0.0010464270734478443,0.010627839517045348,4.4908161724685,89.19421404078348
4237,-0.01630008347073761,0.011250086912483886,4.474516088997762,87.75212591444613
4238,-0.016533772127864863,0.01034675689902502,4.457982316869897,86.31318063719822
4239,0.010765718271866644,0.009842780130966853,4.468748035141764,87.24742389969866
4240,0.0034690760955698938,0.00917274301893419,4.472217111237334,87.55061744903142
4241,0.002269911185234962,0.009181558974125556,4.474487022422569,87.74957529774883
4242,-0.005443011405187289,0.010169022685891373,4.469044011017381,87.27325085427192
4243,-0.017329885728362266,0.010995521072517785,4.451714125289019,85.77384517987893
4244,-0.0009981337598062357,0.009534799918320383,4.450715991529213,85.68827412208168
4245,-0.009495284287821973,0.010341293651505533,4.441220707241391,84.87849024740619
4246,0.0006610164290495142,0.009357921758781373,4.44188172367044,84.93461487153833
4247,-0.006444121010245189,0.007680838695083742,4.435437602660195,84.38904568026406
4248,0.008938813209049922,0.008273367925900206,4.444376415869245,85.1467651074098
4249,0.015795298940916296,0.009925166785806351,4.460171714810161,86.50236155769248
4250,-0.0002757546526897026,0.010002417311140955,4.459895960157472,86.47851141756904
4251,-0.01358478380399313,0.012530492236623543,4.446311176353479,85.3116631715907
4252,-0.009929817946619644,0.013664152992404767,4.436381358406859,84.4687259205085
4253,-0.019501140486786975,0.011100968312772382,4.416880217920072,82.8374470259101
4254,0.016988165428359646,0.010270534252548242,4.433868383348432,84.2567246076254
4255,-0.00672285707854256,0.009069807120477502,4.427145526269889,83.69217849789244
4256,0.007744136662147153,0.009106500991173503,4.4348896629320365,84.3428182355978
4257,0.017186851562752042,0.007817962493710025,4.452076514494788,85.80493432835509
4258,0.0007223319436133802,0.007191890605897447,4.452798846438402,85.8669363636696
4259,-0.00915500440492416,0.006603282235005097,4.443643842033477,85.08441165713357
4260,0.008501206127195812,0.006260204826771061,4.4521450481606735,85.8108150565673
4261,0.008303809284831883,0.006724575754467104,4.460448857445505,86.52633837248341
4262,0.00023214869784722461,0.00724059384776552,4.460681006143353,86.54642768102927
4263,-0.005835828347792516,0.007181645766126721,4.45484517779556,86.04282847348502
4264,-0.011425713341740792,0.00723688159691131,4.443419464453819,85.06532276441914
4265,-0.009324955511058636,0.008469961742303321,4.434094508942761,84.27577936385639
4266,0.010392077110403629,0.008131646273192074,4.444486586053164,85.15614625893389
4267,0.0038110067120150338,0.006474098417987938,4.448297592765179,85.48129608444638
4268,0.004583178168173991,0.006780954672503461,4.452880770933353,85.87397125722534
4269,0.001604193977533368,0.00799830413781857,4.454484964910886,86.01184031953629
4270,-0.004918305101392086,0.007168461572601757,4.449566659809494,85.58984644448611
4271,-0.004846250103925136,0.007606904852112464,4.444720409705569,85.17606010815068
4272,0.0016346303384740313,0.008113076997081126,4.446355040044043,85.31540533805759
4273,0.0035312064683963034,0.009795454538978085,4.44988624651244,85.61720419267037
4274,-0.006583121345669912,0.01033549943849351,4.44330312516677,85.05542690106611
4275,-0.004766557532297964,0.010936529094661033,4.438536567634472,84.6509700145912
4276,-0.007279953142005458,0.010344440349795285,4.431256614492466,84.03695264010784
4277,0.006910434727897007,0.009240984652614094,4.438167049220363,84.61969570097186
4278,0.016655163633698445,0.009559312919265395,4.4548222128540615,86.04085252765157
4279,-0.002882088165117108,0.009249843578222477,4.451940124688945,85.79323220806477
4280,-0.00018680791569542505,0.010747537867213462,4.4517533167732495,85.77720685005366
4281,-0.0004202060073354411,0.01156075447622471,4.451333110765914,85.74117032435534
4282,-0.007650349020939709,0.012855680707516097,4.443682761744974,85.08772318232948
4283,0.007570303613535428,0.012257487691600488,4.451253065358509,85.73430741212135
4284,0.009820084683736791,0.012625679129504063,4.461073150042246,86.5803729899033
4285,-0.017641162291618398,0.01287248176195974,4.443431987750628,85.06638806937485
4286,0.012381632447671978,0.012885013169403376,4.4558136201983,86.12619635901231
4287,0.038592436638370496,0.012835840720507209,4.49440605683667,89.51498637881086
4288,-0.018829199496909484,0.012485955904330406,4.475576857339761,87.84525997966013
4289,-0.002586262761512792,0.01497973154539984,4.472990594578248,87.61836258960633
4290,0.008724388330728708,0.0139120663725018,4.481714982908977,88.38612346190419
4291,0.0075077346936832535,0.014286109854881384,4.48922271760266,89.05220026273717
4292,-0.008992611316435226,0.015132664613225669,4.480230106286225,88.25497836464088
4293,-0.005474829417423689,0.013761817557155248,4.474755276868801,87.77311766900915
4294,-0.0075936530264829735,0.01460814572567521,4.467161623842318,87.1091233303747
4295,-0.006710710706563987,0.012955412775338074,4.460450913135754,86.52651624401632
4296,0.006483086297602927,0.012581106634156096,4.4669339994333574,87.08929742417723
4297,-0.0008107191673548165,0.009969514005951426,4.466123280266002,87.01872107414941
4298,0.0009526936376711022,0.011098608523165096,4.467075973903674,87.10166275880938
4299,-0.0005978721054711331,0.011373190688405935,4.466478101798202,87.04960266849436
4300,0.0128488864344945,0.0115651574786663,4.479326988232697,88.17530968089432
4301,-0.00271801327611009,0.010686229845544612,4.476608974956586,87.93597342545962
4302,-0.00629937521960663,0.010167025144508048,4.47030959973698,87.38377281899972
4303,-0.008611219902000426,0.008471339918778145,4.46169837983498,86.63452254475607
4304,-0.005966856162001027,0.009574000961195294,4.455731523672979,86.11912598778255
4305,-0.008690566168329143,0.009364470659224652,4.447040957504649,85.37394473854096
4306,0.004218972754047947,0.009957332818456966,4.451259930258697,85.73489597160462
4307,-0.006126566446491664,0.010910424160618855,4.4451333638122055,85.21124117554261
4308,0.004518451455250483,0.011100596296256104,4.4496518152674565,85.59713519739117
4309,0.010022592736565292,0.013178868581277967,4.459674408004021,86.45935403939481
4310,-0.012253254645987876,0.014326298143714838,4.447421153358034,85.40640972945405
4311,0.011873114019245158,0.01373473167736525,4.459294267377278,86.42649357255743
4312,-0.0026124114471477817,0.018149185604968678,4.456681855930131,86.20100667193175
4313,-0.0008842200541510705,0.014093342170933474,4.45579763587598,86.12481970113201
4314,-0.0027431666412587015,0.013390724252682245,4.453054469234721,85.88888871569554
4315,-0.007951754440042471,0.013045684526723146,4.445102714794679,85.20862957474006
4316,0.014497717355970758,0.011602509861812552,4.4596004321506495,86.45295837146318
4317,-0.008007603740576526,0.01396722873655037,4.451592828410073,85.76344171113028
4318,0.012238787557281213,0.013798759466190264,4.463831615967354,86.81953170250961
4319,0.0007274363974325274,0.016215206126470993,4.464559052364787,86.88271036632186
4320,-0.014767464551590354,0.014177374455997132,4.449791587813197,85.60910016305314
4321,0.006486031830552313,0.013460202987762128,4.456277619643749,86.16616813908627
4322,-0.0017967626742169522,0.012820729132384596,4.454480856969532,86.01148698866622
4323,0.013659444379741124,0.010719936121933107,4.468140301349273,87.19441680062116
4324,0.008102610287677371,0.012535357794606398,4.47624291163695,87.9037891822069
4325,-0.019545481850234917,0.012071390149353163,4.456697429786716,86.20234916450099
4326,0.012231272813905514,0.010177845754982585,4.468928702600621,87.26318809406206
4327,-0.00787481405735551,0.010606856095777648,4.461053888543265,86.57870533819799
4328,0.00072821194356289,0.011551234821206109,4.461782100486828,86.64177594708165
4329,-0.0049009579627117255,0.009476732138838782,4.456881142524116,86.21818708880602
4330,-0.0020384264190080412,0.008453721090336467,4.454842716105109,86.04261666293644
4331,0.0005053222836030736,0.009673452441741599,4.455348038388712,86.0861069018437
4332,-0.0016714909686925392,0.00913500006518198,4.453676547420019,85.94233494186722
4333,0.005230159119804532,0.011854202806127607,4.458906706539824,86.39300453826846
4334,-0.013193467012506009,0.011142585227929054,4.445713239527318,85.26066743411339
4335,-0.01596415611558083,0.012179077424356345,4.429749083411736,83.91035976739327
4336,-0.0016679130501062486,0.012441393778935576,4.42808117036163,83.77052123497317
4337,0.027581471055967612,0.015315366796089743,4.455662641417598,86.11319411245593
4338,-0.0056123350072162835,0.014589841228848377,4.450050306410382,85.63125169473663
4339,-0.007442171317408168,0.016048265444667056,4.442608135092974,84.99633476025159
4340,0.012197026484001217,0.017440785863198006,4.454805161576975,86.03938543374232
4341,0.01025958830925051,0.01751637919617038,4.465064749886225,86.92665784873986
4342,0.007413192643423446,0.01682594399463641,4.472477942529649,87.57345636814654
4343,0.009967583880410297,0.017534461922477398,4.482445526410059,88.45071696129297
4344,-0.0012477022969281841,0.015713907637928556,4.4811978241131305,88.34042561826452
4345,0.005274640441866144,0.01232596721994896,4.486472464554997,88.80762065962739
4346,0.0027485297295152316,0.014612249582572664,4.489220994284512,89.05204679759659
4347,-0.00828292474796792,0.013692369643899664,4.480938069536545,88.31748176842665
4348,-0.02134532634895124,0.013964583424967076,4.459592743187593,86.45229364041569
4349,-0.004834245571908699,0.013876174649043244,4.454758497615685,86.03537058886599
4350,0.006569071574846141,0.013675732867319525,4.461327569190531,86.60240349703017
4351,-0.015963780145898734,0.014993847629618095,4.445363789044632,85.23087825794858
4352,-0.007974180745381716,0.015480762109632321,4.4373896082992506,84.55393445285675
4353,-0.004842104951535754,0.013020847233973567,4.432547503347714,84.14550505517713
4354,0.014965870229172685,0.014620790905514708,4.4475133735768875,85.41428629043429
4355,-0.0008520012977397879,0.01567459449904652,4.446661372279147,85.3415442002472
4356,0.007734477484589165,0.0140594023583621,4.454395849763737,86.00417570325139
4357,-0.00399752975632228,0.011738581586427937,4.450398320007414,85.66105772080768
4358,0.0010003551880982554,0.012095028782934827,4.451398675195512,85.74679207957233
4359,-0.0009289168587995119,0.01304109568846734,4.4504697583367125,85.6671774222452
4360,0.012240756661457011,0.010987744466146927,4.46271051499817,86.7222527813091
4361,0.014109663156666764,0.012637394147969085,4.476820178154837,87.95454774569721
4362,-0.0035293898410284088,0.011871480456772396,4.473290788313808,87.64466902149125
4363,-0.0063823251685505514,0.012199760044801979,4.466908463145257,87.08707351518308
4364,0.005400304428046377,0.01163051472912038,4.472308767573304,87.5586423856013
4365,-0.016828398338700663,0.011013141381733895,4.455480369234603,86.09749950296921
4366,0.003922687089260499,0.010112720470451834,4.459403056323864,86.43589633119909
4367,-0.005776141101339234,0.011804546521736079,4.453626915222524,85.93806954077769
4368,-0.007418170250088866,0.012182257382101925,4.446208744972436,85.30292502765067
4369,-0.014338304821852027,0.011950398169410667,4.4318704401505835,84.08855251291112
4370,-0.01873962777268297,0.011688632906001197,4.413130812377901,82.52743738204752
4371,0.001856186879222307,0.011064092688117061,4.414986999257123,82.6807659877414
4372,0.010414900739641911,0.010527892852502286,4.425401899996765,83.54637776454217
4373,0.0018512858165119531,0.00825543412921793,4.427253185813277,83.7011892446524
4374,-0.018469881739823158,0.009417960920558485,4.408783304073454,82.16942745214621
4375,0.0023192846474972815,0.008407428741964517,4.411102588720951,82.36022291269543
4376,-0.008564327638057725,0.01115474298253731,4.402538261082894,81.6578748417885
4377,-0.002538793383104395,0.00991000211136293,4.399999467699789,81.4508253086651
4378,0.021330742917515366,0.00984379120911491,4.421330210617304,83.20689446978332
4379,0.020331636107845847,0.010690491225090836,4.44166184672515,84.91594176083949
4380,0.011366731169710613,0.012653604365480343,4.453028577894861,85.88666496607561
4381,-0.010005226152631313,0.014007699533225405,4.443023351742229,85.03163398147476
4382,-0.00259350756243594,0.013736233073550201,4.440429844179794,84.81138952198535
4383,-0.0007404309668811168,0.011803438089312017,4.439689413212912,84.74861578551614
4384,-0.0016320305334574896,0.011078415742208402,4.438057382679455,84.61041626048302
4385,0.0017174981770617251,0.006413640825849136,4.4397748808565165,84.75585935954724
4386,0.005094949499170343,0.006981313336862458,4.444869830355687,85.18878812131683
4387,-0.0110597432743565,0.007471075267682338,4.433810087081331,84.2518128982712
4388,-0.00543543293911607,0.007192959373902084,4.428374654142215,83.79511013229154
4389,0.0050212690597667975,0.007351341343451287,4.4333959232019815,84.21692606553071
4390,0.002468037651903263,0.007643441936643777,4.435863960853885,84.42503331261331
4391,0.008452006721464718,0.00651209398277799,4.444315967575349,85.14161828628818
4392,-0.003964581929683897,0.006419884060095137,4.440351385645665,84.80473560571774
4393,-0.004379113263689916,0.007713614411271512,4.435972272381975,84.43417801220974
4394,-0.0071803710382034045,0.007057873271839343,4.428791901343772,83.8300807026774
4395,0.002342914347079473,0.008741121221935664,4.431134815690852,84.02671766330157
4396,0.001187328444113134,0.00886878481513424,4.4323221441349645,84.12654422698036
4397,0.009898462641122444,0.008454279204161553,4.442220606776087,84.96340265517415
4398,0.0011881457147502152,0.009742262046138374,4.443408752490837,85.06441155271112
4399,0.009222695311934705,0.008688577272710222,4.452631447802772,85.85256355870416
4400,-0.0005692565796844159,0.00895625307649811,4.452062191223088,85.80370532976914
4401,0.00671693746463836,0.006303498760618171,4.458779128687726,86.38198340735424
4402,0.009139670009197421,0.005383246897282357,4.467918798696923,87.17510514490017
4403,-0.005495195533135987,0.005604558690307161,4.462423603163788,86.69737470975907
4404,-0.0025877281530329622,0.006454287106434849,4.4598358750107545,86.4733154996229
4405,0.008823216049030228,0.00747137823850011,4.468659091059784,87.23966410277394
4406,-0.010159092728956775,0.006320735933118784,4.4584999983308276,86.35787493835547
4407,-0.0012117800268490893,0.005763186292952031,4.457288218303979,86.25329156916062
4408,0.009662555034344418,0.00526334318499353,4.466950773338323,87.09075826402768
4409,0.004040400557110939,0.0049962178405879,4.470991173895434,87.44335164180791
4410,-0.010172982409361401,0.00520325783460972,4.460818191486073,86.55830139680317
4411,-0.00015593428876264302,0.005844573090050999,4.46066225719731,86.54480504193792
4412,0.002488542192540657,0.005337906439154313,4.463150799389851,86.76044364242321
4413,-0.0009422261436170774,0.004926605261535527,4.462208573246234,86.67873418463024
4414,0.004162945952016554,0.005012093645550557,4.46637151919825,87.04032518993483
4415,0.0015572703621549691,0.005363216119638173,4.467928789560405,87.17597610382553
4416,-0.004802190849331625,0.00548966609021777,4.4631265987110735,86.75834400620245
4417,-0.008766492634171341,0.007377295462486968,4.454360106076902,86.0011016518679
4418,0.014809511418214813,0.007453977068069102,4.469169617495117,87.28421362839562
4419,-0.0002636206394958648,0.0057617832394417905,4.4689059968556215,87.26120674085946
4420,-0.0004542168904564967,0.005444081542318189,4.468451779965164,87.22158022707333
4421,0.0011241854071678983,0.005312245397444768,4.469575965372332,87.31968859041753
4422,-0.003938123556287668,0.00576979336852775,4.4656378418160445,86.9764890924171
4423,0.005670703285898434,0.005107486750403692,4.471308545101944,87.47110804812883
4424,-0.003819011277979972,0.005560244250246456,4.467489533823963,87.13769196512135
4425,-0.0029487684314806577,0.007359263184403941,4.464540765392482,86.88112155913093
4426,0.007967380192414065,0.007193516734115843,4.4725081455848965,87.5761013940312
4427,0.009882375136622065,0.007680388340315887,4.482390520721519,88.4458518025116
4428,-0.005052626350813814,0.007386959617835466,4.477337894370705,88.00009503059118
4429,0.004747292802738947,0.007702219577983837,4.4820851871734435,88.41885043918899
4430,-0.010207468618511482,0.008026747402233915,4.471877718554932,87.52090845192276
4431,-0.0024872997682845108,0.00792697713609797,4.469390418786648,87.30348822334443
4432,0.0033529865851020433,0.00715335673455491,4.47274340537175,87.59670695271325
4433,-0.013169789757680224,0.007520324302253858,4.45957361561407,86.45064003362762
4434,0.0031914239640901828,0.007380398926026386,4.4627650395781595,86.72698140462968
4435,0.0013816003655139322,0.008061988373800892,4.4641466399436736,86.84688624505087
4436,0.003586162147088548,0.007930730445346186,4.4677328020907625,87.158892379008
4437,-0.004449817473606004,0.006584481655032794,4.463282984617156,86.77191284940035
4438,-0.008587294644387032,0.0056168128774760975,4.45469568997277,86.0299670797246
4439,-0.007529190656623759,0.005860533274643831,4.447166499316146,85.38466341102475
4440,0.002488362470246929,0.005473640498779411,4.449654861786392,85.59739597108161
4441,0.0035537528062665456,0.008372706422856785,4.4532086145926595,85.90212910963596
4442,-0.00637747260331893,0.009539179077052078,4.44683114198934,85.35603383938961
4443,0.008828607868182849,0.009353639784614344,4.4556597498575226,86.11294511134184
4444,-0.0057691237385089755,0.0083893135319436,4.449890626119014,85.61757916316184
4445,-0.0004372801085570311,0.007948898253057743,4.449453346010457,85.58014848329326
4446,0.01313284816105523,0.007828184750673968,4.462586194171513,86.71147206930114
4447,0.0037781162475773395,0.007084500760374751,4.46636431041909,87.03969773771409
4448,-0.0005146621663315589,0.008174142465438594,4.465849648252758,86.9949132237555
4449,0.010046721452956014,0.00797840792835975,4.475896369705714,87.87333211097166
4450,0.0007796001483922698,0.008156888343957752,4.4766759698541065,87.94186488433425
4451,0.007021966073231099,0.007744409588090424,4.483697935927338,88.56156287877768
4452,-0.0030527765578501633,0.007646189902449908,4.480645159369487,88.29161646837738
4453,-0.0017034752151501922,0.009208441817902473,4.4789416841543375,88.14134191884253
4454,0.015972410024550254,0.009634404503293252,4.494914094178887,89.56047488853177
4455,0.009627039953987511,0.00895282264357339,4.504541134132875,90.4268407366847
4456,0.0009733585103533645,0.00915348724264661,4.505514492643228,90.51490132198758
4457,0.009744802175262269,0.00956454780107274,4.515259294818491,91.40126282388033
4458,0.0007395935850032499,0.009208238526937931,4.515998888403494,91.46888761587464
4459,0.014488094187151464,0.011463245883064336,4.530486982590645,92.80374388721883
4460,0.0008460068683951838,0.0109916136927887,4.53133298945904,92.8822897124292
4461,0.0033427206551190744,0.010585450732026314,4.5346757101141595,93.19328876263391
4462,0.017924666715127616,0.012249555840578265,4.552600376829287,94.87880846458013
4463,-0.011388161706332459,0.013500589332223175,4.541212215122955,93.80444238978376
4464,-0.006909003571528378,0.012872526345165152,4.534303211551427,93.1585808612365
4465,0.0003749857730199901,0.011507279503273266,4.534678197324446,93.19352055422863
4466,-0.0028212738997438398,0.01056316731752015,4.531856923424702,92.93096664945485
4467,-0.014955161919144446,0.01010214267020568,4.516901761505558,91.55150970719805
4468,0.002533937121788983,0.00933433060093269,4.519435698627347,91.78378964329131
4469,-0.0021510078822079533,0.007587660490819455,4.517284690745139,91.5865741703684
4470,0.0020497731845039702,0.008574745814147265,4.519334463929643,91.77449840939822
4471,0.012809070785386461,0.008447895615511005,4.532143534715029,92.95760553103732
4472,-0.012842340555468422,0.008562893021902088,4.519301194159561,91.77144514372776
4473,-0.0002502851237698441,0.010852150042951605,4.5190509090357915,91.74847899038463
4474,0.011574776863083242,0.010788422443710479,4.530625685898874,92.81661696626072
4475,0.014133687613204134,0.009699332437445538,4.544759373512078,94.13777244228403
4476,-0.002064820933370672,0.009028905554968387,4.542694552578708,93.94359533858788
4477,-0.012288732237017949,0.009211881779378204,4.53040582034169,92.79621203230873
4478,-0.004192453285053552,0.008715651670088132,4.526213367056636,92.40798263378993
4479,-0.006524691481448602,0.00980050357333419,4.519688675575187,91.80701176346321
4480,0.007421001388666647,0.009527082327939633,4.527109676963854,92.49084595419063
4481,0.01150333899942591,0.009754372767428913,4.53861301596328,93.56094255132531
4482,0.0004900846086308529,0.008822487363621926,4.539103100571911,93.60680656694477
4483,0.004921116746973153,0.010065989715721719,4.544024217318884,94.06859190822436
4484,-0.008963145088752527,0.007849145684510884,4.535061072230132,93.2292088462611
4485,-0.00144549780924103,0.008227947263415643,4.533615574420891,93.09454358173714
4486,0.02022464916890184,0.009872773636542046,4.553840223589793,94.99651660284397
4487,0.018243226013588305,0.008980005937837057,4.572083449603381,96.74546424316937
4488,-0.003484881043928958,0.008746906274898828,4.568598568559452,96.40890458453885
4489,-0.0003777192557805797,0.00809226029327349,4.568220849303671,96.37249596140045
4490,-0.004499348160540853,0.00820127098085222,4.563721501143131,95.93985657644748
4491,-0.017722261143138705,0.00806628025646046,4.545999239999992,94.25456309903117
4492,0.007962382338820056,0.009310406487613864,4.553961622338812,95.00804976116203
4493,-0.0031513907661008538,0.009434457634599418,4.550810231572711,94.70911355024793
4494,-0.0010085622622890225,0.010993891933509152,4.549801669310422,94.61364166518933
4495,-0.010758607505226952,0.010842516941324548,4.539043061805195,93.60118669842898
4496,-0.007181216532723944,0.010591749123139637,4.531861845272471,92.93142404265127
4497,0.009083478850773931,0.007006591573267694,4.540945324123245,93.77941016896297
4498,-0.002847095698231922,0.005917547561351479,4.538098228425013,93.5127909390197
4499,-0.004791403367843002,0.006681800280096929,4.53330682505717,93.0658051373569
4500,0.0015090460300881449,0.006447459572462401,4.534815871087258,93.2063517401116
4501,0.0027306001218703278,0.005762333487722085,4.5375464712091285,93.46120881355519
4502,-0.003902193627437354,0.004933718429930974,4.533644277581692,93.0972157277406
4503,-0.00235810959344483,0.005669654686943669,4.531286167988246,92.87794092882318
4504,0.0037144940377009158,0.005630833743519085,4.535000662025947,93.22357702083029
4505,-0.0009647109656701835,0.006031424466350569,4.534035951060277,93.13368657993783
4506,0.010821866067915452,0.007037090080032267,4.544857817128192,94.14704016118256
4507,0.005145356468025125,0.008729115801905302,4.550003173596218,94.63270864045373
4508,-0.013878989324639747,0.008119607104952643,4.536124184271578,93.32837464363685
4509,-0.006762264899928103,0.006185433392186988,4.52936191937165,92.69939252033565
4510,0.00575447471754039,0.00626242218111882,4.53511639408919,93.23436660208002
4511,0.0028897708345934667,0.007733978750354522,4.538006164923783,93.50418222035657
4512,-0.009711226943321346,0.009217212330769291,4.528294937980462,92.60053674155877
4513,0.009271710551173882,0.018425841723493284,4.537566648531636,93.46309462953269
4514,-0.015252251840739903,0.017127649899814048,4.522314396690896,92.0483881276498
4515,-0.008072217263860435,0.01853993849750844,4.514242179427036,91.30834445502583
4516,0.016078760469674613,0.016371292259778864,4.53032093989671,92.78833578281355
4517,-0.008691819095349426,0.014959285205552742,4.521629120801361,91.98533119476089
4518,0.013085849822978677,0.014119956013578206,4.53471497062434,93.19694765052058
4519,-0.020481534782101834,0.015018536544166435,4.514233435842238,91.30754609626356
4520,-0.011319429266854756,0.015375874043358604,4.502914006575383,90.27982437181049
4521,0.02388815511384565,0.01237422220156383,4.526802161689229,92.4624079790767
4522,-0.026302331030103637,0.010712668246744203,4.500499830659125,90.0621358689869
4523,-0.012669229513081979,0.010719208988656794,4.487830601146043,88.92831548028293
4524,-0.014524006548485947,0.01178625065059814,4.473306594597557,87.64605436894742
4525,0.00863722850415823,0.011333701969230059,4.481943823101715,88.40635207390407
4526,0.012566543365322088,0.00970890458317801,4.494510366467037,89.52432414095314
4527,-0.006197652084762563,0.010649602681075251,4.488312714382275,88.9711993348581
4528,0.009273158239165987,0.01104637199611562,4.497585872621441,89.80008057876931
4529,0.005852618027565239,0.008718863238021466,4.503438490649006,90.3271871212811
4530,0.001298374029746488,0.008430449469130373,4.504736864678753,90.44454176384343
4531,0.0011141626405783314,0.008560088912752489,4.505851027319331,90.54536785122065
4532,0.00025061122201779963,0.008277591485753253,4.506101638541349,90.56806238013895
4533,-0.004683126955104403,0.009806695552009078,4.501418511586245,90.14491225218586
4534,-0.014249446795990174,0.0094820350346652,4.487169064790254,88.86950562110835
4535,0.005132036828099118,0.008866427786290619,4.492301101618353,89.32675951517483
4536,0.002482500822645162,0.009996525421168087,4.494783602440998,89.5487887490063
4537,0.006763855028923304,0.010101727726255593,4.501547457469922,90.15653681700901
4538,-0.0016336168314261554,0.011215839180863519,4.499913840638496,90.00937581607313
4539,-0.00016082465413273512,0.010667737346570871,4.499753015984363,89.99490125330328
4540,-0.011167262152082743,0.00940504557560592,4.48858575383228,88.99549529891816
4541,-0.013017038702383889,0.010626915451728263,4.475568715129897,87.84454472802963
4542,-0.012792266959526682,0.010424400049700263,4.46277644817037,86.72797084303821
4543,-0.01254381039272922,0.012185557936454327,4.45023263777764,85.64686638141853
4544,0.005360799064345167,0.014064329484507856,4.455593436841985,86.10723489160773
4545,-0.008057737722321363,0.012263248626445223,4.447535699119664,85.41619323202325
4546,-0.003007793975813479,0.012538128927166029,4.44452790514385,85.15966490615685
4547,0.02331600710410822,0.012576511709269688,4.467843912247959,87.16857715526986
4548,0.0008275439757826501,0.012339175177142036,4.468671456223742,87.24074284219357
4549,0.0007936978265821314,0.01083690496679279,4.469465154050324,87.31001311637343
4550,0.0005832114080818131,0.011415388988083721,4.470048365458405,87.36094816356916
4551,-0.015878348039059516,0.011003727519343684,4.454170017419346,85.98475537157702
4552,0.0019220447097302552,0.011347251838954906,4.456092062129076,86.1501808424049
4553,-0.003194495034064303,0.010800263302931202,4.452897567095012,85.87541362244193
4554,-0.013905173626688043,0.012066170705780288,4.4389923934683235,84.68956490919119
4555,-0.005346799156788537,0.012106186801851776,4.433645594311535,84.23795522398213
4556,-0.0030230347197092314,0.010865850364500485,4.430622559591826,83.98368548738569
4557,0.011517285123309396,0.011031546538675717,4.442139844715135,84.95654111275013
4558,0.007096474152660221,0.00893124996432719,4.449236318867796,85.56157728349956
4559,0.00660061311236753,0.009226995863492307,4.455836931980163,86.12820413751689
4560,-0.008676591543895027,0.009838188038815612,4.447160340436268,85.38413753875876
4561,0.0047992113397884294,0.006676617212299656,4.451959551776056,85.79489893685023
4562,-0.0012611152737208738,0.006954030718512909,4.450698436502336,85.68676987532996
4563,-0.003823329929892912,0.006801096786574789,4.446875106572443,85.35978656432557
4564,0.0016357609188072974,0.007182290189998071,4.44851086749125,85.49952902869695
4565,-0.0014124555759024865,0.007528180745194117,4.447098411915348,85.37884998913769
4566,-0.005553862681629135,0.007961341224160751,4.441544549233718,84.90598191803207
4567,-0.006572850180303387,0.008868736170532106,4.434971699053415,84.34973767709019
4568,-0.00956105432803941,0.009297104981441878,4.425410644725376,83.54710835813654
4569,-0.0033727331472962092,0.007630942450203506,4.422037911578079,83.2658009105565
4570,-0.005656867867781974,0.00782551906071351,4.416381043710298,82.79610702754013
4571,0.009280080602977935,0.009702651642960665,4.425661124313276,83.56803782450099
4572,-0.01612189044752014,0.00836252911989041,4.409539233865756,82.23156525332227
4573,-0.03586638055690761,0.008995720322720238,4.373672853308848,79.33448116053849
4574,0.006498385781568016,0.009969399049052016,4.380171239090416,79.85170596791059
4575,-0.005340075599494665,0.010056580949506596,4.374831163490921,79.42642833925257
4576,-0.00847239026369092,0.009706721941933633,4.36635877322723,78.75633927745542
4577,0.00691728019758896,0.00874511356955961,4.373276053424819,79.3030074924014
4578,0.007478856241743535,0.00853268429629094,4.380754909666563,79.89832666337978
4579,0.0036046986212729623,0.007462899348030695,4.384359608287836,80.18685576915487
4580,-0.003876137958119107,0.0071005879651895,4.380483470329716,79.87664205773575
4581,-0.0009951905764060103,0.006769498260217488,4.379488279753311,79.79718911825081
4582,0.0016440439770284388,0.006715579684194005,4.3811323237303395,79.92848710666448
4583,-0.005015831922766084,0.006431338141165725,4.376116491807573,79.5285830137716
4584,0.005808281694906895,0.006025471071305849,4.3819247735024796,79.99185152130167
4585,0.007291220969892507,0.007989707059966955,4.389215994472372,80.57722122317873
4586,-0.0047068215855601125,0.00814991989493415,4.384509172886812,80.19884978099856
4587,0.003382787885928388,0.009888951287579315,4.38789196077274,80.47060486425808
4588,-0.006987434908925277,0.01080252791935403,4.380904525863816,79.9102816414889
4589,-0.008288226558417013,0.009897708755445636,4.372616299305398,79.25070426205886
4590,-0.01072246530261267,0.0101217446356258,4.361893834002785,78.40548087265205
4591,0.003297679463847101,0.010326545885077589,4.365191513466633,78.66446380342852
4592,0.0064172448644949955,0.010123291953343688,4.371608758331128,79.17089614200195
4593,-0.019673440341964204,0.011752256891937778,4.351935317989163,77.62855357805653
4594,0.01132567669230862,0.011140293700929527,4.363260994681472,78.51274707145137
4595,-0.00467189546036072,0.009297587903811506,4.358589099221112,78.14679922548441
4596,-0.012297249277070868,0.010429577597522525,4.34629184994404,77.1916931798519
4597,-0.002713070544991541,0.008493148368965153,4.343578779399049,76.98255050846562
4598,0.00029401151203446415,0.008563127952639561,4.3438727909110835,77.0051875921594
4599,-0.003964266462354808,0.008066638162241879,4.339908524448728,76.70052279477392
4600,0.01084198611658122,0.00809468525558712,4.35075051056531,77.53663315622624
4601,0.016099250754935162,0.008784498200263951,4.366849761320245,78.79501719671205
4602,-0.005613470735766394,0.008096249180618976,4.361236290584479,78.3539428108587
4603,0.017178726031528924,0.00996206525733367,4.378415016616008,79.71159167921438
4604,-0.019795916788010865,0.010407109653622995,4.358619099827997,78.14914371205514
4605,0.005582933567544037,0.010553030036254834,4.364202033395541,78.58666538053392
4606,-0.018979147395701987,0.011909308013164904,4.3452228859998385,77.1092221301932
4607,-0.012249141285663291,0.01454217920087404,4.332973744714176,76.17046161669518
4608,-0.0046253875042413396,0.014450031629222947,4.328348357209934,75.81895726394103
4609,-0.0018326736566979477,0.01525511156270874,4.326515683553236,75.68013310682858
4610,-0.019466353151774363,0.016376137400564122,4.307049330401462,74.22116339047386
4611,0.026740306960222317,0.014933247632556865,4.333789637361684,76.23263389578933
4612,-0.019712467552250867,0.014433991403490708,4.314077169809433,74.7446150199891
4613,-0.006342693645959181,0.013856087059539125,4.307734476163474,74.27203313062593
4614,-0.018580459255797124,0.012917652667548105,4.289154016907677,72.9047662042049
4615,-0.018674266869927614,0.009684046089340244,4.270479750037749,71.55595635863718
4616,-0.018166763755194736,0.009929000469513729,4.252312986282554,70.267752877113
4617,-0.001854020815578667,0.011391095089139672,4.250458965466976,70.13759569496086
4618,0.006426521816745124,0.012691886684894913,4.256885487283721,70.58978793922941
4619,-0.013757253829775945,0.015828500995461244,4.2431282334539455,69.62531576446841
4620,-0.0002220054961470376,0.015473780439271173,4.242906227957798,69.60986027736271
4621,-0.00702545031478419,0.01444548418442261,4.235880777643014,69.12253351196571
4622,0.005824260995678052,0.012889361022229387,4.241705038638692,69.52629585508645
4623,0.0035738262572853614,0.014757924469962755,4.245278864895977,69.77521528925195
4624,0.00362912777480255,0.012933594352117309,4.24890799267078,70.02889850702758
4625,0.004411992297009731,0.013748605369819712,4.253319984967789,70.33854805121585
4626,0.007418844765843896,0.01587406915189105,4.260738829733634,70.86231930675196
4627,0.005471579267214433,0.014690052201084741,4.266210409000848,71.25111078561977
4628,0.018747721882626748,0.014005307157803633,4.284958130883474,72.5995069789018
4629,0.0032815205085985804,0.012649331316208075,4.2882396513920735,72.83813506731389
4630,-0.010814878640699091,0.012767046344336123,4.277424772751374,72.05464379418135
4631,-0.008535944290529748,0.012379844468825436,4.268888828460844,71.44220695089567
4632,-0.0009317261753781206,0.012747437367324076,4.267957102285466,71.37567337700214
4633,-0.016612793707311144,0.013106313933613995,4.2513443085781555,70.19971902831887
4634,0.0151587445092632,0.012878782319001032,4.266503053087418,71.27196505314292
4635,-0.0027634065408888037,0.013971135665793765,4.263739646546529,71.07528351941328
4636,-0.00006087046635678877,0.013216330876950951,4.263678776080173,71.07095726543092
4637,0.014345028537687017,0.012939522584318896,4.27802380461786,72.0978197525387
4638,0.020455667781825317,0.014740148886089582,4.298479472399685,73.5878162830886
4639,0.001653563608799569,0.015682480901111434,4.300133036008485,73.7095990781955
4640,-0.011766692814466349,0.016785873115646468,4.288366343194018,72.84736364647615
4641,0.009411923705736496,0.015256850085245757,4.297778266899755,73.53623418852078
4642,-0.0075462326721084235,0.015070876845437379,4.290232034227646,72.98340118220017
4643,0.0046031459907204175,0.014512879734205961,4.294835180218367,73.3201288414532
4644,-0.016843481687417595,0.014443152399581,4.27799169853095,72.09550501083055
4645,-0.03144007953937783,0.014694311051670798,4.246551618991571,69.86407851880617
4646,-0.014767145995942381,0.015610979494534123,4.2317844729956295,68.83996569375225
4647,0.00026054712414569944,0.019131004382799233,4.232045020119775,68.85790408563673
4648,-0.0034001168222478196,0.018530930553689682,4.228644903297527,68.6241767429181
4649,0.008234833459779805,0.01841135476371374,4.236879736757307,69.1916185976634
4650,0.026845247116986347,0.019109277775744317,4.263724983874293,71.07424137346726
4651,-0.0021758702485794312,0.018533761504671717,4.261549113625714,70.91976117160773
4652,0.026606817920513278,0.021904231630913665,4.2881559315462265,72.83203732512885
4653,-0.005054877245691639,0.019764732185844607,4.283101054300535,72.46480924527317
4654,0.03595776343960047,0.019326237221909626,4.319058817740136,75.11789538043334
4655,-0.008145732693490252,0.01757819733424384,4.3109130850466455,74.50849047853114
4656,-0.010723024201179243,0.016339344831644734,4.300190060845466,73.71380247591479
4657,-0.01615513307191445,0.010765704345273804,4.284034927773551,72.53251381718584
4658,-0.014915451756311003,0.012076365508482708,4.269119476017241,71.45868682180037
4659,0.004751890325974014,0.012891143577086806,4.273871366343215,71.79905872892273
4660,-0.009333932471673018,0.010774438447290362,4.264537433871542,71.13200910419435
4661,0.0004401914673835646,0.012430684106102945,4.2649776253389255,71.16332770024353
4662,-0.004584377696544832,0.011739201755494606,4.260393247642381,70.83783478920398
4663,-0.005845611566928919,0.013414221024260863,4.2545476360754515,70.42495227391026
4664,0.0022202846677250084,0.013233537568262423,4.256767920743177,70.58148942988669
4665,0.005999457999147118,0.013004325813731907,4.262767378742324,71.00621289258697
4666,-0.003407886043290423,0.012848180835441063,4.2593594926990335,70.76464366467597
4667,-0.008667478206543984,0.012913166916430687,4.25069201449249,70.15394309808867
4668,-0.007523857926519277,0.013849651835556446,4.24316815656597,69.62809547923646
4669,0.014715865840331962,0.01156990693775136,4.257884022406302,70.66030952506286
4670,0.00026274850194873105,0.012205042796632763,4.258146770908251,70.67887785483138
4671,0.007691186579467217,0.01295207924533017,4.265837957487718,71.22457814296361
4672,-0.0007154670955819757,0.011174150258255518,4.265122490392136,71.17363752624615
4673,-0.0026771727664494298,0.012024270331931963,4.262445317625686,70.98334823448087
4674,0.020526992900094937,0.011537560407531629,4.282972310525782,72.45548045271904
4675,0.0038446067660233003,0.011661593347744146,4.286816917291805,72.73457945227393
4676,0.01204129527719962,0.010446631830278058,4.298858212569004,73.61569222362348
4677,0.026794933838598507,0.010462219190039838,4.325653146407603,75.61488432463196
4678,0.006324312367362078,0.01047844912565023,4.331977458774965,76.09461184710669
4679,-0.010773282088022697,0.011521887398813302,4.321204176686942,75.27922322053874
4680,-0.008272550654913854,0.011690893649591761,4.312931626032029,74.65904081521538
4681,0.022710384515042054,0.011541067787416833,4.335642010547071,76.37397605146343
4682,-0.005039298700751042,0.012656877110336019,4.3306027118463195,75.99007288695488
4683,-0.002412306028854819,0.011202045571413015,4.328190405817464,75.80698249980584
4684,0.0034923484068909603,0.011622170239590923,4.331682754224356,76.07218972283182
4685,-0.00029279399923640457,0.01278082736393757,4.331389960225119,76.04991950262468
4686,0.008493730346297032,0.012481875918215334,4.339883690571416,76.6986180470523
4687,-0.005729866269758498,0.009684706506294478,4.334153824301658,76.26040188151596
4688,0.00024343335650095686,0.009277223676951924,4.334397257658159,76.27896846688552
4689,-0.00213016690539016,0.008152666074127471,4.332267090752769,76.11665447200662
4690,0.012536569164445819,0.009129606543191057,4.344803659917214,77.07690270811104
4691,-0.0034781665442356075,0.008891279005501775,4.341325493372978,76.80928208812004
4692,-0.004104672593160226,0.009154827579676698,4.337220820779819,76.49465130296339
4693,0.0036808832842478716,0.008580460061045656,4.340901704064066,76.77673803194449
4694,0.0021422203914231185,0.008170751297024145,4.34304392445549,76.9413870199873
4695,0.002989364997278522,0.010493211881742149,4.346033289452768,77.17173703778728
4696,0.015716976047331455,0.00961728408030772,4.361750265500099,78.39422512316565
4697,-0.0036898031888823544,0.009623447049301521,4.358060462311217,78.10549886043418
4698,-0.0018580072614646425,0.009744218970946775,4.356202455049752,77.96051301048207
4699,-0.007720580995452426,0.009662234975232354,4.3484818740543,77.36093009785164
4700,0.006707141787066271,0.010394819434417748,4.355189015841367,77.88154479139487
4701,-0.002587168048516007,0.009308785182949817,4.35260184779285,77.68031257017262
4702,-0.0038519734412971267,0.009330009755618587,4.348749874351554,77.38166562855379
4703,0.007516502496552071,0.009940032421244296,4.356266376848105,77.96549654595083
4704,-0.0020684597503010985,0.010580613111837596,4.354197917097804,77.80439472818598
4705,0.0009699782338023521,0.013491534137285233,4.355167895331607,77.87989991083842
4706,-0.016586746554267888,0.01434387096208835,4.3385811487773385,76.5987799272754
4707,0.007637275454824082,0.013138893883074123,4.346218424232163,77.18602553290717
4708,0.00863241261643418,0.01366110825046726,4.3548508368485965,77.85521134198261
4709,0.007856647150545053,0.011367321700790382,4.3627074839991415,78.46930145216463
4710,0.005897170392285418,0.011490707387227954,4.368604654391428,78.93341542796463
4711,-0.02269647623197923,0.011887671768479765,4.345908178159448,77.1620825859118
4712,0.003290654708513666,0.010168572961035465,4.349198832867962,77.41641458618813
4713,0.001371024901650974,0.01107397155534039,4.350569857769613,77.52262721182224
4714,0.004994785352798532,0.010312407785219678,4.3555646431224115,77.910804719378
4715,0.01657148117603793,0.01053481865706603,4.372136124298449,79.21265918946662
4716,0.007494293129792037,0.010161184014251055,4.379630417428241,79.8085321112923
4717,-0.00797405920445523,0.008589318936033609,4.3716563582237855,79.17466475785206
4718,-0.005261777630374858,0.008642030237340656,4.366394580593411,78.75915938502506
4719,-0.006857854361489917,0.009578198989187305,4.359536726231921,78.22088834211854
4720,0.006944589312743976,0.01101459007322835,4.366481315544665,78.76599085313437
4721,0.01367864879924411,0.01361785183050155,4.3801599643439095,79.85080566524306
4722,0.01927556197068454,0.011976335815052745,4.399435526314594,81.40490476687923
4723,0.011030334067545845,0.010670177432308992,4.410465860382139,82.30779851659658
4724,0.005024942483118852,0.011553288952640899,4.415490802865259,82.72243135066824
4725,0.003201538253421519,0.01125970541213993,4.41869234111868,82.98769477798255
4726,0.024080099720196813,0.012555130014469106,4.442772440838877,85.01030129379284
4727,-0.00034643915495269096,0.013303695669860128,4.442426001683924,84.98085549773319
4728,-0.008140775294881424,0.012114144872613858,4.434285226389043,84.29185375806506
4729,0.0060214821484876144,0.01124067814264432,4.4403067085375305,84.80094686001047
4730,-0.010567896447139144,0.009828530752344687,4.429738812090391,83.90949790155015
4731,0.00016995739996818247,0.011085847514804528,4.42990876949036,83.92376015359949
4732,-0.004268811731198979,0.011242497539903466,4.42563995775916,83.5662689958261
4733,0.0049013264700257814,0.01182948005192896,4.430541284229186,83.9768599602692
4734,0.02200002081770081,0.011792639156392282,4.4525413050468865,85.84482492082145
4735,-0.002067594343009024,0.012111008160198477,4.450473710703878,85.66751601105348
4736,-0.015468555344856819,0.011182136045387824,4.435005155359021,84.35255975489957
4737,0.004311482416246595,0.01097271388344327,4.439316637775268,84.71702947084385
4738,0.004827345158331405,0.010786631187271812,4.444143982933599,85.1269764946869
4739,0.006455417498846127,0.009596738745171527,4.450599400432445,85.67828421460005
4740,0.0016440394301504146,0.008731172344761898,4.452243439862595,85.81925854408176
4741,-0.01570486395620451,0.00851068912095107,4.436538575906391,84.48200692636227
4742,0.005161082296771554,0.009986747638848865,4.441699658203163,84.91915261880756
4743,-0.00865251664940736,0.00875619649818829,4.433047141553756,84.18755786909075
4744,0.006463275817964809,0.007454641887082455,4.43951041737172,84.73344749331481
4745,0.008582103451436564,0.009578044640055757,4.448092520823157,85.46376806636555
4746,-0.005423860163824871,0.009407576378766104,4.442668660659332,85.00147936723987
4747,-0.012468873768830557,0.010208658057770567,4.430199786890501,83.94818698223318
4748,0.005827565315061465,0.010859455589881835,4.436027352205563,84.43882875991942
4749,0.026188208215299467,0.013624525368928877,4.462215560420862,86.6793398261984
4750,-0.01351069255555582,0.011976241214240837,4.448704867865306,85.51611757835052
4751,-0.012852287185190613,0.013695146906314681,4.435852580680116,84.42407254653064
4752,0.009913466118103148,0.013216524676802717,4.4457660467982185,85.26516993615716
4753,-0.017253291321413376,0.008664452151991034,4.428512755476805,83.806683147939
4754,0.013619780494929817,0.008565329829985877,4.442132535971735,84.95592018946009
4755,0.008914575258618053,0.008662752655256852,4.451047111230354,85.71665189576093
4756,0.004892482052739239,0.00873125306483858,4.455939593283093,86.13704662505553
4757,0.020302392330623753,0.00931707180138937,4.476241985613717,87.90370778129353
4758,0.00902781723722765,0.00973890865577346,4.485269802850944,88.7008793349495
4759,-0.012947054411678606,0.00880088066917691,4.472322748439265,87.55986653980156
4760,0.007137832287096461,0.00825173101913619,4.479460580726362,88.18709002725966
4761,0.0016647070044977753,0.009511393134353546,4.48112528773086,88.33401795577909
4762,0.0006804959396727264,0.011213898007885725,4.4818057836705325,88.39414935359854
4763,0.007729566355830968,0.009968247786461108,4.4895353500263635,89.08004522033295
4764,-0.011432804139800669,0.01046737244993363,4.478102545886562,88.06741016968361
4765,-0.005848329222123746,0.01167485254080601,4.472254216664439,87.55386611235633
4766,0.007219267358324258,0.009480162799863615,4.479473484022763,88.18822793876241
4767,-0.014921225017486968,0.011177394320471264,4.464552259005276,86.8821201428399
4768,0.0038664628915695996,0.012158069683891059,4.468418721896846,87.21869689777427
4769,-0.03060061800432394,0.015570742266550702,4.437818103892522,84.59017320468183
4770,-0.016889134319883335,0.017649934571269423,4.420928969572638,83.17351514554812
4771,-0.019262314438709998,0.015163927255980874,4.401666655133929,81.58673236090524
4772,0.006259252489739146,0.015029269594250935,4.407925907623667,82.09900587068877
4773,-0.010802810743961262,0.012014800211143921,4.397123096879707,81.21687915072297
4774,0.006863914390854799,0.011290182257539635,4.403987011270561,81.77626243961059
4775,-0.0077595434966296626,0.011489601560458581,4.396227467773931,81.14417151427327
4776,-0.0024708059180389816,0.012074332309964611,4.3937566618558925,80.94392749900261
4777,0.007120313636178276,0.008874140986529114,4.400876975492071,81.52233041111519
4778,-0.005615255206838211,0.008011592870876709,4.395261720285233,81.06584456252708
4779,-0.008219841553911984,0.008722513392045038,4.387041878731321,80.40222731558157
4780,0.009591554292266678,0.008239952197258652,4.396633433023587,81.17711991562066
4781,0.006024108223502117,0.007210903677195666,4.402657541247089,81.66761558743481
4782,-0.0003394103297936287,0.006556812502960362,4.402318130917296,81.63990145859168
4783,-0.0050356810274622505,0.007097265199570927,4.3972824498898335,81.22982233612915
4784,0.0012213712999454415,0.008202404633429578,4.398503821189779,81.3290947217107
4785,0.0053761676453878875,0.008504903938835144,4.403879988835167,81.76751101315473
4786,-0.004574914771146753,0.008718140074495284,4.39930507406402,81.39428600648026
4787,0.0025698102919295886,0.011840040726783551,4.40187488435595,81.60372287161098
4788,0.011234150990393623,0.012740447488806268,4.413109035346343,82.52564019900801
4789,-0.009229332636333186,0.013637609956394832,4.40387970271001,81.76748761741614
4790,0.008347023549964748,0.012485540042108908,4.412226726259975,82.45285918919672
4791,-0.017058141397816102,0.014142823985611395,4.395168584862159,81.05829481237693
4792,-0.010769434383854155,0.014271713127954949,4.384399150478305,80.19002659576907
4793,0.011918961165872724,0.017924186595164794,4.396318111644177,81.1515270693902
4794,-0.02888578367685481,0.018023982465095366,4.367432327967323,78.84093391916365
4795,-0.009254791545238426,0.01645299766380867,4.358177536422084,78.11464352755854
4796,0.009477789955375458,0.017162060637935954,4.367655326377459,78.85851728253948
4797,-0.009089816625024554,0.01681302087391634,4.358565509752435,78.14495580575468
4798,0.00459025457236066,0.016446601395433903,4.363155764324795,78.50448558176078
4799,0.0006970494243943347,0.015740331546660553,4.36385281374919,78.55922616447737
4800,-0.004210127394106394,0.016141207332023563,4.359642686355084,78.22917707621106
4801,0.0053139371722331335,0.009582350035811912,4.364956623527317,78.6459884822179
4802,0.015452109036398714,0.009489855593316776,4.3804087325637155,79.87067247903197
4803,0.013354332606789993,0.008696629695192826,4.393763065170505,80.94444581009583
4804,-0.009483835710474078,0.009083731798432793,4.384279229460032,80.18041070270974
4805,0.016386215751774687,0.010917606361350779,4.400665445211806,81.50508779344763
4806,-0.020124689316458735,0.010974004662412459,4.380540755895347,79.88121796742224
4807,0.0037544157546079006,0.011000838285848958,4.384295171649955,80.18168896423444
4808,0.0033179524830703826,0.009773285154148994,4.387613124133026,80.44816983920077
4809,-0.0040682353370531344,0.009705367065192764,4.3835448887959725,80.1215525802711
4810,-0.0001538913285437636,0.009505265722645347,4.383390997467429,80.10922351679187
4811,-0.008111320422441264,0.009985016035360648,4.375279677044987,79.46206015899354
4812,0.0035214586458694025,0.009173935965639774,4.378801135690857,79.74237578803168
4813,0.0010294613326112087,0.008627117502050021,4.379830597023468,79.8245097500913
4814,0.01007203541012421,0.006993073839679605,4.389902632433592,80.6325676013678
4815,0.0200645442440643,0.008392500120454336,4.4099671766776565,82.26676319139891
4816,-0.017562741061787967,0.009076654758407035,4.392404435615869,80.83454696654793
4817,0.0033119014162458654,0.00811703657582008,4.395716337032114,81.10270683153283
4818,-0.006073472445470528,0.008719847123858617,4.389642864586644,80.61162457316857
4819,0.011823989691256762,0.009032049129519467,4.401466854277901,81.57043289031732
4820,0.014065424286838374,0.009441601208036488,4.415532278564739,82.72586239252317
4821,0.0010467075835942571,0.009563824053754992,4.416578986148333,82.81249751295779
4822,-0.012604108038117479,0.008163419356425491,4.403974878110216,81.77527024112527
4823,-0.006999141233820733,0.009644890369453913,4.396975736876395,81.20491191291012
4824,0.0016319753368330531,0.01000148947317621,4.398607712213228,81.3375445235192
4825,0.007308101463716323,0.010802191198646796,4.405915813676945,81.93414490448102
4826,-0.008904330498592027,0.010735797240473641,4.397011483178352,81.20781474009415
4827,0.01668848116477365,0.010194535453737849,4.4136999643431265,82.57442140447459
4828,0.008505326936717815,0.009575221000085411,4.422205291279844,83.27973908193103
4829,-0.007298658792104819,0.0105762863202995,4.414906632487739,82.67412146869158
4830,-0.0014313324580665437,0.009595482675307333,4.413475300029672,82.55587196255772
4831,0.012192105282589471,0.00873041319236308,4.425667405312262,83.56856271691022
4832,-0.010720611194372053,0.008712549268883771,4.41494679411789,82.67744186285687
4833,0.007146018071006068,0.008279391973224566,4.422092812188896,83.27037237937368
4834,0.0006800714539102387,0.00941728416207235,4.422772883642806,83.32702144310761
4835,0.008315101293687177,0.009586191403079945,4.431087984936494,84.02278272086605
4836,-0.010855811944634456,0.011246990646026474,4.420232172991859,83.11558031132463
4837,-0.00030327242369510417,0.011510096848295613,4.419928900568164,83.09037746969334
4838,-0.003280039501562342,0.010340165733706273,4.4166488610666015,82.818284231624
4839,0.00538900744050768,0.01101007300874888,4.422037868507109,83.26579732421776
4840,0.0023033211973921713,0.011930404961495705,4.424341189704502,83.4578062444319
4841,-0.010447958042198863,0.011839133585482607,4.4138932316623025,82.5903818838018
4842,-0.00992478066190331,0.011726641614109242,4.4039684510004,81.7747446641721
4843,0.005747009206661068,0.009924033357898623,4.40971546020706,82.246057898162
4844,-0.00035643178267858654,0.01099784499379845,4.409359028424382,82.21674801292473
4845,-0.012922595346539133,0.008466436832134164,4.3964364330778425,81.1611296024987
4846,-0.016122393202645337,0.008691952429577458,4.380314039875198,79.86310966839828
4847,-0.007283368264573784,0.009027314695758128,4.373030671610624,79.28355036386219
4848,-0.006445726246049735,0.00866318574966145,4.366584945364574,78.77415378153549
4849,-0.008200901453320605,0.005704719883610861,4.358384043911253,78.13077645218831
4850,0.004705975040213032,0.005072233491906443,4.363090018951467,78.49932444471052
4851,0.002667737915209322,0.006745788813053818,4.365757756866675,78.70901965041172
4852,-0.007473185468624134,0.0065793168265035834,4.358284571398052,78.12300497402687
4853,0.013560099428101793,0.008033709258574705,4.371844670826153,79.1895757489339
4854,0.005942479586202993,0.007421055782703135,4.377787150412356,79.66155917326314
4855,-0.002609262606700061,0.006456244050455452,4.375177887805656,79.4539721879755
4856,-0.010400354755474807,0.006541947181499674,4.364777533050182,78.63190499576264
4857,0.006386731743578362,0.008059647480982347,4.37116426479376,79.1357130102358
4858,-0.013180378502683884,0.009531659440877265,4.357983886291076,78.09951808117539
4859,0.006610784285607471,0.010157332606134798,4.364594670576683,78.6175274857128
4860,0.0036135331171063345,0.008317944895544013,4.36820820369379,78.90212842263863
4861,-0.005964182935903056,0.009308921167884553,4.3622440207578865,78.43294224160421
4862,-0.005858199344115691,0.009167740121555067,4.356385821413771,77.97480965701185
4863,-0.00022302993218440058,0.009792824640592893,4.356162791481586,77.95742087968291
4864,-0.00803232674468124,0.010886856234988447,4.348130464736905,77.33374952224642
4865,0.009719850675874145,0.008740458638849835,4.3578503154127795,78.08908695661349
4866,0.0037367673594256375,0.009522697053489307,4.361587082772205,78.3814335833665
4867,-0.005132900702966037,0.008742119312120683,4.356454182069239,77.98014024830927
4868,0.015081993919015466,0.00865972858427785,4.371536175988255,79.16514994141149
4869,0.004579285217771325,0.008453713248344326,4.376115461206026,79.52850105153313
4870,0.0012080954261051617,0.008810707190629655,4.377323556632131,79.62463712898372
4871,-0.004726700440010781,0.008416218560267632,4.3725968561921205,79.24916339661823
4872,-0.0036208723830367814,0.009221244199781504,4.368975983809084,78.9627311697109
4873,-0.004324638308096299,0.010261662349859908,4.364651345500987,78.621983254396
4874,-0.014246099252746381,0.012163598908299376,4.350405246248241,77.50986714447201
4875,0.008548561955272463,0.010010451797787655,4.3589538082035135,78.1753052629959
4876,-0.007484849303132244,0.010255730955375136,4.351468958900381,77.59235923698233
4877,0.01382003832039542,0.0111813349372972,4.365288997220777,78.67213268446736
4878,0.013254180992735792,0.010593621840856412,4.378543178213512,79.72180829881877
4879,-0.009884757484440815,0.012908231405396757,4.368658420729071,78.93765950272304
4880,-0.00001851684775241431,0.010124966611317189,4.368639903881319,78.93619783963285
4881,0.003710019498536302,0.013923977086881029,4.372349923379855,79.22959659377327
4882,0.005021659260754276,0.012413250558783385,4.37737158264061,79.62846127431006
4883,0.000428602345997312,0.013940365682563606,4.377800184986607,79.66259753453843
4884,0.015082143587893705,0.013446731145549435,4.3928823285745,80.87318645939283
4885,-0.015619773582352118,0.017066656741033328,4.377262554992148,79.6197800436824
4886,0.004358291545859042,0.01655788245042643,4.3816208465380075,79.9675435347997
4887,0.0004184441683864274,0.015069712540807644,4.382039290706394,80.00101248900802
4888,-0.00865972440014802,0.016331574537290585,4.373379566306246,79.31121680009001
4889,0.015614684792643937,0.015834677089052052,4.3889942510988895,80.5593557391684
4890,-0.015122856891310566,0.014570198451971888,4.373871394207579,79.35023386345463
4891,0.00938237413496753,0.014688805049623466,4.383253768342547,80.0982309524209
4892,0.015385545834181008,0.013842739809094225,4.3986393141767275,81.34011499024805
4893,0.002566017437709708,0.012774620666965253,4.401205331614437,81.54910316267312
4894,-0.008746328852724097,0.013028428909548018,4.392459002761713,80.83895799740912
4895,-0.014801660713131194,0.012792450560286456,4.3776573420485825,79.65121910773924
4896,-0.00550000203822797,0.010734089238695189,4.372157340010355,79.21433976025044
4897,-0.00514532643497199,0.007475074620156457,4.3670120135753825,78.8078029031726
4898,0.0014535232343814047,0.008196139924443579,4.368465536809763,78.92243516588925
4899,-0.023595269000706527,0.0111708475394322,4.344870267809057,77.08203680909413
4900,0.023059140951391492,0.012799165214040766,4.367929408760449,78.88013397511729
4901,-0.007665007760934872,0.011069714305239429,4.3602644009995135,78.27782842328139
4902,0.019574576546858367,0.011720229314994045,4.379838977546372,79.82517872402673
4903,-0.011088937079876966,0.008499267391735467,4.368750040466495,78.94489208167799
4904,0.0017413015820788443,0.00860454535079323,4.370491342048574,79.08247870229185
4905,0.004692422638639262,0.007423022734020484,4.375183764687213,79.45443913093132
4906,-0.0020753084555864684,0.007032378772739813,4.373108456231627,79.2897176446357
4907,-0.003381884643769993,0.00619580647934015,4.369726571587857,79.02202187936287
4908,-0.005129286969616234,0.00570842589657845,4.364597284618241,78.6177329954654
4909,0.0015664152242436552,0.006753620308700801,4.366163699842485,78.74097751016713
4910,-0.008632202608796135,0.007019978722225314,4.357531497233688,78.06419470436516
4911,0.006635547200560795,0.006784216445322827,4.364167044434249,78.58391576284427
4912,-0.005629429329140883,0.007542196394089058,4.358537615105108,78.14277601017453
4913,0.012987465752669822,0.010506632126246083,4.3715250808577775,79.1642715986163
4914,-0.0075870277275966475,0.008765826167005258,4.363938053130181,78.56592278969079
4915,-0.007458343873426316,0.007233858055642082,4.356479709256755,77.9821308873795
4916,-0.002715374426058582,0.007487444626103727,4.3537643348306965,77.77066743463539
4917,-0.006359953396568383,0.009251817438208444,4.347404381434128,77.27761915810324
4918,-0.006743839708075729,0.010368370341234726,4.340660541726052,76.75822460675579
4919,-0.010576216965827565,0.011778389785854377,4.330084324760224,75.95069082295747
4920,-0.009138463077002335,0.010475862706564752,4.320945861683223,75.25977997906114
4921,-0.0007924995968416154,0.00833669636848838,4.320153362086381,75.20016026119089
4922,-0.005441902257376315,0.007914592855402088,4.314711459829004,74.79203982226231
4923,0.007005324812993182,0.010818403511516436,4.321716784641998,75.31782184134684
4924,-0.015476521656447674,0.011383347675953455,4.30624026298555,74.16113775127228
4925,-0.0010693622653740436,0.00944775364898689,4.305170900720176,74.08187501684584
4926,-0.0056964136424896335,0.008431309656669933,4.299474487077687,73.66107368046113
4927,-0.001066978017026181,0.008868191149044363,4.29840750906066,73.58252084865819
4928,-0.002038242891941774,0.008236498026707645,4.2963692661687185,73.43269454164019
4929,-0.012563479728766074,0.009686373130214084,4.283805786439952,72.51589552428209
4930,-0.021127320213998685,0.00949601409284948,4.262678466225953,70.99989983217993
4931,-0.008333780749051138,0.00957428533565245,4.2543446854769025,70.41066093796013
4932,0.0010901585625467606,0.008699895089897117,4.255434844039449,70.48746157770762
4933,-0.0005228493217465923,0.009304436645322562,4.254911994717703,70.45061688917966
4934,-0.012287644151791396,0.008624047062648644,4.242624350565912,69.59024159665933
4935,-0.01915784097127104,0.01009440871495618,4.22346650959464,68.26973225681212
4936,0.002626856488238285,0.009666351693925062,4.226093366082878,68.44930279570012
4937,0.000387943359248313,0.011212978811579156,4.226481309442127,68.47586239964278
4938,0.003405188658064921,0.011169879902296374,4.229886498100192,68.70943308005953
4939,0.00010813917864254534,0.012157941094472676,4.229994637278834,68.7168636634791
4940,-0.004589213176720306,0.01399984114597451,4.225405424102114,68.40222984034047
4941,-0.01444505245955147,0.011404417813327454,4.210960371642562,67.42125819276683
4942,0.0057791625308024844,0.01052583602296535,4.216739534173365,67.81202466578256
4943,-0.00024105469922439297,0.009761748526801301,4.21649847947414,67.79568022860377
4944,0.00866707113340108,0.009308572513846938,4.225165550607541,68.38582392618277
4945,0.009331482239896377,0.00782149451645176,4.234497032847438,69.02695171162216
4946,0.005332041564864972,0.0074860253038235465,4.239829074412303,69.39598927472562
4947,0.008026301809498768,0.00829220258759882,4.247855376221802,69.95522371900475
4948,-0.002594307865037755,0.009107443781463623,4.245261068356764,69.7739735429464
4949,0.0007356968801367254,0.008149015452660585,4.2459967652369,69.82532492480621
4950,0.009558089202784767,0.008592033739036138,4.255554854439685,70.4959213138012
4951,0.010101711752188242,0.010620521178272902,4.265656566191874,71.21165979611156
4952,0.021412506646944253,0.011100395167753761,4.287069072838818,72.75292219245715
4953,0.0010719844340454578,0.006713945168730996,4.288141057272863,72.83095400955287
4954,-0.00533869290424908,0.007570481999809722,4.282802364368615,72.44316796850971
4955,-0.007614632709501844,0.007127974978908823,4.275187731659113,71.89363475419036
4956,-0.002870612474395947,0.0068029572321675,4.2723171191847165,71.68755192292572
4957,-0.002419751132503994,0.008109346670858398,4.269897368052213,71.51429559111385
4958,0.0034446534854070537,0.008098934312311346,4.273342021537619,71.76106232762397
4959,-0.007772274493204774,0.006823019790015898,4.265569747044415,71.2054775288924
4960,-0.011721620282026605,0.0075949970416096906,4.253848126762389,70.37570658983803
4961,0.0000036970632601283978,0.012179565924359688,4.253851823825649,70.37596677375821
4962,-0.00920296371482579,0.014041178900306194,4.244648860110822,69.7312704139289
4963,0.022088933715581,0.014319959107114453,4.266737793826404,71.28869745069929
4964,-0.005055241569138538,0.014756355943228992,4.261682552257265,70.92922523891048
4965,0.007329339057299042,0.013243217594975725,4.269011891314564,71.45099937375832
4966,-0.01793879406878518,0.01166104821293253,4.251073097245779,70.18068265054615
4967,0.01890828962453641,0.012195067433736611,4.269981386870315,71.52030439012937
4968,0.004577784361181581,0.01002982720296039,4.2745591712314965,71.84845945957498
4969,0.01400116380273554,0.007822738896602177,4.288560335034233,72.86149681141974
4970,-0.0031533728445155844,0.007644208175316908,4.285406962189716,72.63209922411453
4971,0.00146458977445254,0.007044088956160396,4.286871551964169,72.73855339074827
4972,-0.0011773930606998775,0.006377857766073124,4.285694158903469,72.65296192003012
4973,0.010764884337969712,0.007110358977363213,4.296459043241439,73.43928740993793
4974,-0.0023283915754852644,0.006836406248748529,4.294130651665954,73.26849090955241
4975,-0.010739775881388308,0.00700678854467762,4.283390875784566,72.48581414751757
4976,0.01237378339520238,0.00756251785073879,4.295764659179768,73.38831004024478
4977,-0.0057674754019957745,0.009690097548890487,4.289997183777772,72.96626301013168
4978,-0.004009116790985586,0.009271129633639434,4.2859880669867865,72.67431835107547
4979,0.0014410099962025595,0.009918770053486115,4.287429076982989,72.77911826101067
4980,0.011172089730812589,0.010987070102923628,4.2986011667138015,73.59677204684021
4981,0.004449726169492009,0.009842055251260187,4.303050892883293,73.92498722167693
4982,0.006114099899953732,0.01024678743276529,4.309164992783248,74.37835653897353
4983,0.0007107921551738613,0.009831642649149413,4.309875784938422,74.43124288468938
4984,0.005560390963472286,0.010032513167055897,4.315436175901894,74.84626246128151
4985,0.008236153375274285,0.011003710814389795,4.3236723292771675,75.46525331120792
4986,-0.0049263223132761215,0.010696930513871552,4.318746006963892,75.09440136805124
4987,-0.005417859103839135,0.007930172475895857,4.3133281478600525,74.68865062463784
4988,-0.0031054610524441396,0.008726711336422452,4.310222686807609,74.45706770105153
4989,0.00045536144503660066,0.007767295659631901,4.310678048252645,74.49098029965201
4990,-0.0012713408627848604,0.006881063263304364,4.3094067073898605,74.39633704715305
4991,0.009635853634805553,0.007425301868280644,4.319042561024665,75.11667422010743
4992,0.000972561027686537,0.007962046884750917,4.320015122052352,75.18976530699337
4993,-0.013236497294467426,0.007006967827411557,4.306778624757885,74.20107402194662
4994,-0.0019210368135813053,0.008362095905815168,4.304857587944303,74.05866785468248
4995,-0.0070291446043488645,0.008239919989221052,4.297828443339955,73.5399240675498
4996,0.0027064665411581077,0.00963869827872325,4.3005349098811125,73.7392269931706
4997,0.0006507578971210858,0.00855414367813762,4.301185667778234,73.78722899461077
4998,-0.013233719661181274,0.008768760266065184,4.287951948117053,72.81718231154139
4999,-0.0072069705977359615,0.010401613240219272,4.2807449775193165,72.29427756251056
5000,0.0016932937336911966,0.009321355712195412,4.282438271253008,72.41679671086762
5001,0.0022459422858969367,0.00871068206501047,4.284684213538905,72.57962343808079
5002,0.0021233017034306607,0.008857920726813972,4.2868075152423355,72.73389560137457
5003,-0.0062033810171662745,0.0098967820905966,4.280604134225169,72.28409611532176
5004,0.006521398211803595,0.013305561833843146,4.287125532436972,72.75702990916758
5005,0.0013716324324623858,0.01671073802566285,4.288497164869435,72.8568942840315
5006,-0.0030662913709899285,0.016650253599463278,4.285430873498445,72.63383597342657
5007,-0.00031197689207889626,0.01435076001421926,4.285118896606367,72.61117942936272
5008,0.003916328837034111,0.011480484837523654,4.289035225443401,72.89610625464903
5009,0.004507418582642188,0.014434053633720759,4.293542644026043,73.22542114105023
5010,0.021688840476029436,0.014022039227554406,4.315231484502072,74.83094364291556
5011,0.0021070142379394385,0.015169604059771264,4.317338498740011,74.98877972965774
5012,-0.001384535148299405,0.01567112182693737,4.315953963591713,74.88502696963944
5013,-0.02370982765455528,0.016695765952930538,4.292244135937157,73.13039904621746
5014,0.002004340817313527,0.015510433758919058,4.29424847675447,73.27712428458337
5015,0.008154614029457738,0.01395142258310242,4.302403090783928,73.87711396763056
5016,-0.024936796546938374,0.01599750110567549,4.27746629423699,72.05763567215038
5017,0.02189608236060284,0.016524518495783402,4.299362376597593,73.65281596502344
5018,-0.002752855196417333,0.014432519806605466,4.296609521401176,73.45033925026917
5019,0.0035752825145763476,0.015323246112512344,4.3001848039157515,73.71341496865473
5020,-0.018845821316210067,0.01607857998687396,4.281338982599542,72.33723348740968
5021,-0.008994108722973354,0.015195275394329933,4.272344873876568,71.68954161645047
5022,0.0016789482978626382,0.01397129742673486,4.274023822174431,71.81000574854909
5023,-0.005581402309455147,0.01544999418872543,4.268442419864976,71.41032165307
5024,-0.006393432539650789,0.012805928839410896,4.262048987325325,70.95522095696877
5025,-0.027106472523007106,0.015352615968537351,4.234942514802318,69.05770882337058
5026,0.023539683764088062,0.015337708650890148,4.258482198566406,70.70258948185669
5027,0.013374587068358345,0.015871122245307106,4.271856785634764,71.6545593320425
5028,0.012360905594427473,0.016227324528678384,4.284217691229192,72.54577132151412
5029,-0.004296885614705101,0.012202182155628469,4.279920805614487,72.23471919660082
5030,-0.008106285848905485,0.012518664178498241,4.271814519765581,71.65153085381247
5031,0.015674580573265092,0.011697501707761576,4.2874891003388464,72.78348683903207
5032,-0.0028626291593669244,0.012902864956750141,4.28462647117948,72.57543264037169
5033,-0.0033184213880236542,0.016725418574167303,4.2813080497914555,72.33499592825588
5034,0.0075154974976140865,0.016475158679872006,4.28882354728907,72.88067737445517
5035,-0.005054557035590882,0.020691014403960203,4.2837689902534795,72.51322726495931
5036,-0.04464411279707803,0.022550478874032425,4.239124877456401,69.34713803279324
5037,0.0024124590803083932,0.028861502417820182,4.24153733653671,69.51463712675246
5038,-0.025230337849559838,0.028220140320853085,4.216306998687149,67.78269990118034
5039,0.025448424290609443,0.028299471430572445,4.241755422977759,69.52979897980146
5040,0.02541971389627833,0.03151057664396896,4.267175136874037,71.31988188555505
5041,-0.01064077649180767,0.02202574451133472,4.256534360382229,70.5650063167151
5042,-0.008944130062682994,0.019589588328089116,4.247590230319546,69.93667783688528
5043,-0.05328243988307129,0.02242953558412373,4.194307790436476,66.30781678288477
5044,-0.03828416613649865,0.02128087848758428,4.156023624299976,63.81725601916255
5045,0.039966294368068714,0.022581472766817563,4.195989918668046,66.41944889691187
5046,-0.03462015812146368,0.022336578340504887,4.161369760546582,64.15934537811034
5047,-0.01647191444604172,0.023227547658127966,4.14489784610054,63.11117451986134
5048,-0.027587670084947023,0.02107218974225697,4.117310176015593,61.39388123385781
5049,-0.007958487997473309,0.024208408069220998,4.10935168801812,60.907217887807576
5050,0.059862085093367275,0.026425064858346607,4.169213773111487,64.66459107562929
5051,-0.0003330116833396738,0.023811588748835592,4.168880761428147,64.64306059645223
5052,0.010262877050469788,0.026318653634038684,4.179143638478617,65.30990037385419
5053,0.0012410925634599801,0.021124282063683015,4.180384731042077,65.39100632511425
5054,0.01730306204863794,0.019154095857799557,4.197687793090715,66.53231657081571
5055,-0.014951308002985015,0.017020527346024685,4.18273648508773,65.54497086118741
5056,0.006452251802784394,0.017051655143457717,4.1891887368905145,65.96925082622279
5057,0.005670520413130456,0.013426868152052084,4.194859257303645,66.3443934313528
5058,-0.008489458282055055,0.011957455998843517,4.18636979902159,65.78354947014824
5059,-0.02792475447233511,0.016285178603157306,4.1584450445492545,63.97197165533283
5060,0.01497616516387352,0.015143261903191783,4.173421209713128,64.93723640972094
5061,-0.007786075977229869,0.018933720477559122,4.165635133735899,64.433593399016
5062,-0.013521785688898315,0.018709627327832778,4.152113348047,63.56820017434252
5063,-0.019276454629749085,0.022958824239038226,4.132836893417251,62.354565514651036
5064,-0.03381148748927547,0.021976987929576027,4.099025405927976,60.28150895807455
5065,-0.01539397276203089,0.02631053006428178,4.0836314331659445,59.36064312793672
5066,-0.049524894585565964,0.024842583532561514,4.034106538580379,56.49242388216951
5067,-0.015341791110239141,0.024579854834148283,4.018764747470139,55.632343373147854
5068,-0.002187167002834815,0.021330852824127798,4.016577580467304,55.51079911468008
5069,0.03613236020926698,0.020288109096730674,4.052709940676571,57.55321169663887
5070,0.006991571045953134,0.02204531057197455,4.059701511722524,57.95700900906848
5071,-0.00226295350966348,0.020402817852947144,4.057438558212861,57.82600327796755
5072,-0.00939699920990206,0.020808256979665502,4.048041559002959,57.285157514338984
5073,-0.021872616710095154,0.015705880568356603,4.026168942292864,56.04578479353066
5074,0.008467390718839769,0.012115460126221307,4.034636333011704,56.52236118336185
5075,0.0029812702283124634,0.013471812639942076,4.037617603240016,56.691121050380936
5076,0.007814263421182759,0.01374086491651375,4.0454318666611995,57.13585577801115
5077,0.015717717570307523,0.011820025904435297,4.061149584231506,58.040995755290396
5078,-0.007758791569534672,0.011461578098962505,4.053390792661972,57.59241025778355
5079,-0.021744121231691498,0.011172448564540463,4.0316466714302805,56.35363080068901
5080,0.000023982345780404023,0.01078339238371408,4.031670653776061,56.354982309154956
5081,-0.03903202215332998,0.014198216554118093,3.992638631622731,54.19770864463642
5082,0.002210920854713956,0.015236888839080377,3.994849552477445,54.31766805046743
5083,0.007608780232399709,0.01670357456946195,4.002458332709844,54.73253556576421
5084,-0.006146569074409261,0.018660370586480516,3.9963117636354353,54.397150046335994
5085,-0.022115942340568264,0.017606329659618593,3.974195821294867,53.207311509575085
5086,0.010911402957869142,0.018142945128993827,3.9851072242527366,53.791056874559104
5087,-0.014463966617730738,0.01570137449703435,3.9706432576350057,53.018624508006596
5088,0.026566498297128965,0.017472334450401927,3.9972097559321345,54.44602020726999
5089,0.002146825039847086,0.018763125938144568,3.9993565809719818,54.563031843585556
5090,-0.03834206668040064,0.01867368679372485,3.961014514291581,52.51057166067333
5091,0.02542985094642632,0.020127430102763074,3.9864443652380075,53.86303121054053
5092,0.01098112620360711,0.017814569791725975,3.9974254914416143,54.45776741427784
5093,-0.0019986663007174003,0.01911435131580833,3.995426825140897,54.34903320762832
5094,-0.002221328375533893,0.019271749915737435,3.993205496765363,54.22844014596312
5095,0.0005292151760098086,0.01632864265541247,3.993734711941373,54.2571462546439
5096,-0.006211760362371497,0.016645703342187092,3.9875229515790016,53.92115848229424
5097,-0.014719851509683357,0.019378162949898796,3.972803100069318,53.13326013591085
5098,0.005398852644582752,0.017687667108772114,3.978201952713901,53.420894527103464
5099,0.007477213754288794,0.016122761943778183,3.9856791664681896,53.82183105048578
5100,-0.002290513842118172,0.01682669600311581,3.9833886526260716,53.69869248059265
5101,0.0017101884387835005,0.017947913700991386,3.985098841064855,53.79060593591312
5102,-0.01791384852222499,0.015798604754914222,3.96718499254263,52.83558872517348
5103,-0.008013036133533092,0.013188987251652162,3.959171956409097,52.413906975433285
5104,0.003595930328594045,0.014128440752677125,3.9627678867376908,52.602723014366326
5105,0.005192343136989326,0.011999842214168624,3.9679602298746803,52.876564727025084
5106,0.0022357581870558487,0.013570366397470094,3.970195988061736,52.994916192846794
5107,0.006492274447579869,0.010924564408525766,3.976688262509316,53.34009301199667
5108,0.011498161893768958,0.01165615418889767,3.988186424403085,53.95694557615967
5109,0.0007525997577797964,0.010571758875778735,3.9889390241608647,53.99756884494451
5110,-0.0036699859858434912,0.01143853036603072,3.985269038175021,53.79976172071946
5111,0.0022816763355792496,0.01021154047210943,3.9875507145106006,53.9226555125098
5112,0.0047619530528871835,0.011521440055693692,3.9923126675634877,54.18004501853497
5113,0.004544987520257874,0.010642084264637015,3.996857655083746,54.42685309194043
5114,0.004605966158612837,0.009715661932491331,4.001463621242358,54.67811955359484
5115,-0.005228988870500305,0.010217129925921758,3.9962346323718583,54.3929544872244
5116,0.006646154583158849,0.00941528008598958,4.002880786955017,54.75566244244269
5117,-0.01565237312345582,0.009502568957734174,3.987228413831561,53.905279004403106
5118,0.009251612453636114,0.010909085951123864,3.996480026285197,54.40630382504022
5119,-0.0039948920230134305,0.01322987127750872,3.992485134262184,54.189390077867124
5120,-0.0018501956951400271,0.012211569405273834,3.990634938567044,54.089221795659945
5121,-0.006023917642029253,0.010882712227529836,3.9846110209250147,53.764372194197385
5122,0.021569384241051027,0.009824548523986886,4.006180405166066,54.936633627110794
5123,-0.012022512868913118,0.009833179298588436,3.9941578922971526,54.280111672013554
5124,0.006432716351695756,0.009959281903418007,4.0005906086488485,54.63040569706437
5125,-0.011915047582293548,0.011228268805336922,3.9886755610665547,53.98334435226811
5126,-0.006458667891238492,0.010247352000970796,3.982216893175316,53.635807380485694
5127,-0.010238006297599609,0.010157192193786649,3.9719788868777166,53.08948504447609
5128,-0.0018461185067617917,0.011633186030316784,3.970132768370955,52.991565976533046
5129,-0.0074798179107358545,0.01427061945997198,3.9626529504602193,52.59667740063501
5130,0.018655172409025617,0.012909842898542192,3.981308122869245,53.587086892615524
5131,0.0011270177317918462,0.012525265000690514,3.9824351406010363,53.647514534854594
5132,0.011761306177344402,0.011247184278683084,3.994196446778381,54.28220445390289
5133,-0.01096137276615094,0.014202104358201182,3.9832350740122298,53.690446143083115
5134,-0.015242465837560254,0.01490212274700588,3.9679926081746695,52.8782768080172
5135,0.016179131295906393,0.014185572093590199,3.9841717394705762,53.740759689230416
5136,-0.008598126761454104,0.014271437062652912,3.975573612709122,53.28067061171424
5137,-0.014720304494783037,0.014996972153998285,3.960853308214339,52.50210731967212
5138,-0.006598092377779899,0.015696089649118054,3.954255215836559,52.156833891154506
5139,0.002794471491664396,0.015425404092127382,3.9570496873282233,52.30278851459512
5140,0.02590166251081483,0.01456817157033593,3.9829513498390385,53.67521502646306
5141,-0.0030432684729957728,0.014701837738589168,3.979908081366043,53.51211524088826
5142,0.021656771886015617,0.012620547783739881,4.0015648532520585,54.68365500970183
5143,0.006086438177482245,0.014265186359410499,4.00765129142954,55.0174986239016
5144,-0.007890878142425742,0.013007739226007165,3.999760413287115,54.58507060873891
5145,0.010841038772871507,0.011572868559677929,4.010601452059986,55.18004873890682
5146,0.022741661036752667,0.010699411026742437,4.0333431130967385,56.44931258437077
5147,0.003690462190751703,0.011720582958680259,4.037033575287491,56.65802151749454
5148,0.003297584298888277,0.012164428347461403,4.040331159586379,56.845164509969834
5149,0.0015749730560473078,0.011738201630600032,4.041906132642426,56.93476465282361
5150,-0.008558001095587435,0.012216052150775968,4.0333481315468385,56.449595873139984
5151,0.010896488160213366,0.012650024277281225,4.044244619707052,57.06806165940979
5152,-0.004542558304994367,0.01437153363037714,4.039702061402058,56.8094145664805
5153,0.000622041382506878,0.014087779013264962,4.040324102784565,56.8447633663252
5154,-0.014351975722244897,0.01466870922132924,4.025972127062319,56.034755214905566
5155,0.03629737468048588,0.016629961160094336,4.062269501742805,58.10603329435184
5156,0.022617074415956215,0.016088016705585302,4.084886576158762,59.435196000678324
5157,-0.015597775425312854,0.011541829952650838,4.069288800733449,58.51533172871997
5158,-0.004855414038738707,0.011525847412653464,4.06443338669471,58.23190420137837
5159,0.004926227501628794,0.01106218807712353,4.069359614196339,58.51947554870923
5160,-0.011673595790526403,0.009602051167975183,4.057686018405812,57.84031468257476
5161,-0.007292611818263956,0.00913147935362869,4.050393406587549,57.4200420254051
5162,-0.002733826845433765,0.009319662197607465,4.047659579742115,57.2632799508681
5163,0.0013645344621723238,0.011173570847132568,4.049024114204287,57.341471004839605
5164,0.0013240283238930963,0.01099953014765045,4.05034814252818,57.4174430200351
5165,0.006792060976222326,0.011120254855346375,4.057140203504403,57.80875319106854
5166,-0.012022002198853233,0.011739142073031431,4.0451182013055496,57.117937049877206
5167,-0.0011688837190772495,0.014204423068594693,4.043949317586472,57.051211827802355
5168,0.013281705704520507,0.013820148533850201,4.057231023290993,57.81400360811365
5169,-0.015027905733791326,0.01762994337254776,4.042203117557201,56.9516759301246
5170,0.009517668966896153,0.01742008778272777,4.051720786524098,57.49631084479733
5171,0.010846725418604498,0.0158448919950986,4.062567511942702,58.12335206540614
5172,-0.01635840380140177,0.013989220460946111,4.0462091081413005,57.18028139760358
5173,-0.025697491347136843,0.014860899710864354,4.020511616794163,55.729610739164244
5174,-0.015950894423853043,0.017058213426510108,4.004560722370311,54.847725727502514
5175,0.0027022175296085465,0.014480022964585407,4.007262939899919,54.99613664240263
5176,-0.01532371791036224,0.013814431258073571,3.991939221989557,54.15981549807496
5177,-0.043420646003794354,0.019255446176870954,3.9485185759857626,51.858485496205155
5178,-0.010485684107173137,0.01917997933223683,3.9380328918785894,51.31755476962628
5179,-0.0028095363857107013,0.017741848984307168,3.935223355492879,51.173578580153084
5180,-0.016605019875258413,0.01770636767317286,3.9186183356176203,50.33085636364669
5181,-0.03127161269188567,0.016706597013837476,3.8873467229257344,48.781284401038846
5182,0.01615909753030002,0.01765222632005517,3.9035058204560347,49.57594917452387
5183,0.009997235869411095,0.019973559140893982,3.9135030563254456,50.07405733565916
5184,0.015308800227801721,0.02095118543665799,3.9288118565532475,50.846528795367675
5185,0.009854040905701276,0.022227499121353505,3.938665897458949,51.35004935170671
5186,-0.01691381340792734,0.02366694285329094,3.9217520840510214,50.48882799833093
5187,0.014647406265526686,0.020280836525483334,3.936399490316548,51.233801015882776
5188,0.028540912340204685,0.02387209506525059,3.9649404026567527,52.717127495281616
5189,0.024413199952056163,0.02679300277247725,3.989353602608809,54.01995971429424
5190,0.04477504892893497,0.025689087969147945,4.034128651537744,56.49367311054226
5191,0.006961752075719722,0.02406078569239583,4.041090403613463,56.888340249979954
5192,-0.016511187224692664,0.021936517271891044,4.024579216388771,55.95675814036671
5193,0.013387487640221364,0.021975663660954773,4.037966704028992,56.71091542038163
5194,0.020759633208492806,0.020571110691560725,4.058726337237485,57.90051836124956
5195,-0.0040953579929082305,0.02357151991836036,4.0546309792445765,57.663879900930965
5196,-0.032683313131400875,0.026756976997214677,4.021947666113176,55.80969870008257
5197,0.020325003645047454,0.02459614897769089,4.042272669758224,56.95563718229277
5198,0.013121654171947822,0.023576661893267258,4.055394323930171,57.70791412171011
5199,0.021603239475702772,0.028357544653724594,4.0769975634058735,58.968155647355076
5200,-0.0331621095974918,0.026258916038847877,4.0438354538083825,57.04471613109834
5201,0.001393705027240306,0.02098647809314681,4.045229158835623,57.124275066713984
5202,0.014789676352686998,0.021676810487185904,4.060018835188309,57.975403046309225
5203,0.03970169443480908,0.02344188171191685,4.099720529623118,60.32342663062609
5204,0.010632774574333056,0.0220945784685908,4.110353304197452,60.96825410501064
5205,-0.03797829461924949,0.024925662069802217,4.072375009578202,58.69620122000633
5206,-0.005198567360611082,0.02132569413130604,4.067176442217591,58.391856826977374
5207,-0.0011459465869010687,0.024909082019274362,4.06603049563069,58.324981203208445
5208,-0.0362799197640873,0.025736198394019933,4.029750575866602,56.246880168013476
5209,-0.009850851637307461,0.021242729873314613,4.019899724229296,55.695520635514114
5210,-0.028970264234707714,0.02000733012882584,3.9909294599945877,54.10515457663545
5211,-0.023215472538197064,0.02010158770397042,3.9677139874563903,52.86354587681819
5212,0.010331889741025582,0.017805829711620525,3.978045877197416,53.41255748402013
5213,-0.023009792126084488,0.015060125229644587,3.9550360850713315,52.197577463754115
5214,0.005744503288520035,0.014887376862121653,3.9607805883598517,52.49828951288441
5215,0.0211464837551002,0.015110997112394666,3.981927072114952,53.62026484630286
5216,0.0028104517262319394,0.014927862102481143,3.9847375238411837,53.771173974279385
5217,-0.00681715003481513,0.011967416235065725,3.9779203738063686,53.40585444756708
5218,-0.0012542170893315707,0.010693925644134076,3.9766661567170374,53.33891390001308
5219,-0.013610989851405065,0.012034302789127354,3.963055166865632,52.617836902219835
5220,0.0025782401018563193,0.011394996765957037,3.9656334069674886,52.75367335364154
5221,0.0086335597404803,0.011850329883973549,3.974266966707969,53.211097100394575
5222,0.013052195105672406,0.011432531987449378,3.987319161813641,53.9101710216632
5223,-0.014313141829425419,0.01175446582063773,3.973006019984216,53.1440430265305
5224,0.005645826608498241,0.012516680202817109,3.978651846592714,53.444933667677546
5225,-0.002971927875449371,0.010173443144881809,3.9756799187172644,53.28633496819036
5226,-0.006520597091585313,0.009935089819527608,3.9691593216256793,52.94000660832719
5227,0.0023025868172832325,0.00995933993928508,3.9714619084429623,53.06204601889926
5228,-0.00010763029407679747,0.010114506849824508,3.9713542781488855,53.05633524261371
5229,0.008701440774520683,0.011411077032863478,3.9800557189234063,53.52001622209821
5230,-0.007857424016039949,0.010815490636292776,3.9721982949073666,53.10113458173911
5231,-0.012658075129775223,0.00997024817552191,3.9595402197775913,52.433212651940565
5232,-0.013864245077550805,0.01107552760406744,3.9456759747000403,51.71128181846166
5233,-0.005047147083322864,0.012423465428651564,3.9406288276167176,51.45094490524783
5234,0.009353579256652287,0.011468570692318642,3.94998240687337,51.93445313738356
5235,-0.025526286776697892,0.01252924598021186,3.924456120096672,50.625536358008425
5236,0.00789430902041703,0.012002832721062834,3.932350429117089,51.02677164024661
5237,0.0005521779338715638,0.013061648126112897,3.9329026070509605,51.0549552780584
5238,-0.0009974168986690056,0.01566492291937855,3.9319051901522912,51.00405759022982
5239,0.015102774599073958,0.016053732128513548,3.947007964751365,51.78020662477273
5240,0.007118849797583989,0.015337123217870742,3.954126814548949,52.15013731645883
5241,-0.013895798369690905,0.01963976567262334,3.9402310161792586,51.43048120151402
5242,-0.0010013962484024584,0.018815443077528745,3.939229619930856,51.3790046890802
5243,-0.0168736292777308,0.016647312243193664,3.9223559906531253,50.51932774346339
5244,-0.029052475597880094,0.018218549828144612,3.893303515055245,49.072731555290204
5245,-0.0029734374981555006,0.016173363232589378,3.8903300775570897,48.92703357441365
5246,-0.009219059687995362,0.018198057501667916,3.8811110178690944,48.47804513713166
5247,-0.006301777190578191,0.017630127005152603,3.874809240678516,48.17350786887277
5248,-0.020205929095878827,0.01629458562879357,3.854603311582637,47.20988561146247
5249,0.01095901537726627,0.009346830876689883,3.8655623269599033,47.73010481243143
5250,-0.007820261867935134,0.010166786839582309,3.8577420650919683,47.358298599650084
5251,0.004955973006392516,0.013026692393823949,3.862698038098361,47.59358761054128
5252,0.011717202920677162,0.013509795171841709,3.874415241019038,48.15453126181041
5253,-0.00014561644282393838,0.0152357801738101,3.874269624576214,48.14751968077533
5254,0.0196383852706174,0.01586114340097923,3.8939080098468315,49.1024047336616
5255,0.01572339416399644,0.014764538253471226,3.909631404010828,49.88056280914087
5256,0.015923859176295522,0.014849482778655384,3.9255552631871233,50.68121165845244
5257,0.003334884880598959,0.010259291301480938,3.9288901480677225,50.85050980295039
5258,-0.005912637762731781,0.010371003409898154,3.9229775103049906,50.550736257948415
5259,0.0038322070792793502,0.009242689983414614,3.9268097173842698,50.744828811193365
5260,-0.0031941982423725744,0.009897958223694311,3.9236155191418973,50.58299836505347
5261,0.004715854585281519,0.008870326416044147,3.928331373727179,50.82210377988644
5262,-0.005499843518409126,0.008810471541678576,3.9228315302087697,50.543357395202094
5263,-0.0020804745395850534,0.009042742580300661,3.920751055669185,50.43831253646275
5264,-0.001025840851650501,0.008582520876428872,3.919725214817534,50.386597385267095
5265,0.0010918419893744167,0.008809908695656617,3.920817056806909,50.441641632335894
5266,-0.004086740689371498,0.010321465997366348,3.9167303161175373,50.235920374076905
5267,0.004534801474007505,0.009724923064773884,3.9212651175915445,50.4642476179136
5268,-0.005679333912348841,0.008938962922367908,3.915585783679196,50.17845662447447
5269,0.0006126103866047877,0.009258045676136637,3.9161983940658005,50.209205885883215
5270,0.0060380144400170276,0.0077850207274770674,3.9222364085058175,50.513286894967294
5271,-0.009559066304595026,0.008551864173665876,3.9126773422012224,50.03272754490417
5272,-0.021443696497966097,0.00922181464658334,3.891233645703257,48.9712624623359
5273,0.009206721377630307,0.011831184267241682,3.900440367080887,49.42420910867434
5274,-0.014569176604000594,0.010860502584333137,3.8858711904768866,48.70935911010859
5275,0.0016355407424778854,0.010671767009041239,3.8875067312193643,48.78909043561542
5276,-0.005321869897589085,0.012776422754072262,3.8821848613217753,48.5301309294893
5277,-0.01105742712843697,0.011823733475689716,3.871127434193338,47.99646844762307
5278,-0.020444829098407308,0.01219427019572335,3.850682605094931,47.02515188666132
5279,0.00719091394599643,0.011411131106934062,3.8578735190409272,47.36452444421395
5280,0.01403035262586264,0.012699420439556271,3.87190387166679,48.03374917552333
5281,-0.010959941874110075,0.010028792971959098,3.86094392979268,47.510176480681594
5282,-0.019647391027716322,0.009761885800049603,3.8412965387649636,46.58583564282287
5283,0.0007520409393594551,0.008116002502996253,3.842048579704323,46.62088327539599
5284,0.00046982717453728835,0.009095392624233919,3.8425184068788605,46.642792179555975
5285,-0.00019322271264353482,0.007469686069060648,3.8423251841662167,46.6337806033744
5286,0.012904806604875675,0.007587271427949933,3.8552299907710923,47.239480336495106
5287,-0.015333653911936623,0.008917044526579055,3.8398963368591557,46.52065171295333
5288,-0.011211355433340354,0.009253342132461035,3.8286849814258153,46.00200495078164
5289,0.004248835589435786,0.011942726116413605,3.832933817015251,46.197875723291816
5290,-0.007186839102840005,0.011827261064769494,3.825746977912411,45.867049245856826
5291,0.01113514673798785,0.010768006281294484,3.836882124650399,46.3806397155431
5292,0.019031823920269787,0.00951560054272814,3.855913948570669,47.27180119931233
5293,-0.005014605228627396,0.009287086532652313,3.8508993433420415,47.0353451402454
5294,-0.004704290800292218,0.009342040279421067,3.8461950525417494,46.81459683802023
5295,-0.0024095542835065515,0.010604010039786803,3.8437854982582427,46.70193031823757
5296,0.007333311660672429,0.009584647353938778,3.851118809918915,47.04566895926057
5297,0.012814619643184961,0.014111296829776345,3.8639334295621,47.65242065584249
5298,0.023311559318033123,0.012564868557553045,3.8872449888801333,48.776321936057215
5299,-0.00002578248660503015,0.012511604879405438,3.887219206393528,48.77506437740181
5300,-0.008477188129866395,0.010797774126220615,3.8787420182636616,48.36333659322415
5301,0.01787102094418922,0.013417879623873186,3.896613039207851,49.23540798791599
5302,0.012822212635190875,0.013078129587274357,3.9094352518430417,49.87077958814683
5303,0.009246689773969188,0.013886355570821254,3.918681941617011,50.3340578098804
5304,0.005222335263946316,0.014922242480253412,3.9239042768809576,50.597606706330545
5305,-0.005295967083593851,0.016613685977758308,3.9186083097973636,50.33035175805697
5306,0.009753733465225203,0.01564375032397157,3.928362043262589,50.823662494100326
5307,-0.011599192347197545,0.015755761323239997,3.9167628509153913,50.23755481617926
5308,0.009060650818395457,0.01499264090267899,3.925823501733787,50.69480813647908
5309,0.007137001632834549,0.01508015154278665,3.9329605033666213,51.057911257434554
5310,0.029703254803404296,0.017533422242245668,3.9626637581700255,52.59724585333296
5311,-0.0034920451304384856,0.02322392587935214,3.959171713039587,52.413894219487986
5312,-0.0076055639262215344,0.022680714761237983,3.951566149113366,52.016769090948976
5313,-0.002365543510958001,0.011234583374908914,3.9492006056024076,51.89386658329105
5314,0.00033996067999430483,0.011787549888848128,3.949540566282402,51.91151145657387
5315,0.015638540575383178,0.009504626916688018,3.965179106857785,52.72971279710353
5316,-0.018546709906986977,0.008007909695071813,3.946632396950798,51.760763297830074
5317,-0.0027714643633091974,0.006040844580527747,3.943860932587489,51.61750879100771
5318,0.004289785521764089,0.00718129990538264,3.948150718109253,51.839412452151336
5319,0.011418595912074413,0.007926300908152212,3.9595693140213273,52.43473817880124
5320,-0.00531025701101554,0.007746229651035272,3.954259057010312,52.15703423500066
5321,-0.0019225226392785492,0.0068550564680979875,3.9523365343710335,52.056857482778504
5322,-0.0008672050784243213,0.008288926934730202,3.951469329292609,52.011733080485996
5323,-0.012946446269785273,0.00741282008054922,3.9385228830228236,51.34270607846323
5324,-0.0021309888277443456,0.006260023764919702,3.9363918941950793,51.233411839185074
5325,0.0013008516562537707,0.005418074000645487,3.9376927458513333,51.30010227560942
5326,-0.008267758650417725,0.005163230231342064,3.9294249872009157,50.877713919800485
5327,0.0008557889331369468,0.006051847035842662,3.930280776134053,50.92127314040736
5328,0.0006763665080316298,0.006043031321136952,3.930957142642084,50.95572623425179
5329,-0.006983556487860119,0.009053235274010672,3.923973586154224,50.60111371121296
5330,0.001059860518095259,0.008211181110293238,3.9250334466723196,50.65477226407505
5331,0.003959920487235311,0.008729203890538665,3.9289933671595545,50.85575881728603
5332,-0.0013045138714283095,0.008230343998618758,3.9276888532881262,50.78946002771423
5333,-0.0002719509623840455,0.0063059902748642885,3.927416902325742,50.775649663136804
5334,0.003985230026531302,0.007900098601379605,3.9314021323522734,50.97840605387019
5335,-0.0036437624035542725,0.009421182050223215,3.9277583699487195,50.79299086409325
5336,0.005104762167181181,0.009120206170250193,3.9328631321159007,51.052939926792504
5337,-0.005104575198826406,0.008488634726616394,3.927758556917074,50.79300036077606
5338,0.003523109196976173,0.008339604293763353,3.9312816661140504,50.97226524694965
5339,-0.006766171995620061,0.00950153949660582,3.92451549411843,50.628542288941894
5340,-0.010754334295964951,0.012225666929398056,3.913761159822465,50.08698329301309
5341,0.0041444683154207365,0.013766146840897931,3.917905628137886,50.29499796564698
5342,-0.00257847619590414,0.012146544272269298,3.9153271519419817,50.16548056115018
5343,-0.024575693963948167,0.012913067251078042,3.8907514579780336,48.9476548128047
5344,0.01531189636184346,0.01125316538837159,3.906063354339877,49.70290362030923
5345,0.007100183455976106,0.009423876347671797,3.913163537795853,50.057059151104426
5346,-0.002806248867970584,0.009469797921344274,3.910357288927883,49.91678350177505
5347,-0.006761524959118215,0.009411803445869619,3.9035957639687644,49.58040841007618
5348,-0.010716376356916085,0.008792158647935424,3.892879387611848,49.05192287619302
5349,-0.018627206141973243,0.009936813642117874,3.874252181469875,48.146679845794274
5350,-0.004887439408643618,0.00863890517438994,3.869364742061231,47.91193997104824
5351,0.004114019653058636,0.008909883208990292,3.8734787617142903,48.10945664886917
5352,0.006205752023013508,0.009827068958301693,3.8796845137373035,48.40894030632426
5353,-0.004307479672691883,0.006990010544178529,3.875377034064612,48.2008682348081
5354,-0.0013804905915035112,0.0068567850564945545,3.8739965434731083,48.13437329808515
5355,-0.0007736797946829216,0.0068167493565285345,3.8732228636784254,48.09714710846698
5356,0.010705418822687517,0.00672898331975838,3.8839282825011128,48.614813184556866
5357,0.008862820399894326,0.007968987463419381,3.892791102901007,49.04759253252008
5358,0.013842694869881501,0.007406698267970361,3.9066337977708887,49.731264403523824
5359,-0.004663793087737769,0.007314371623600055,3.901970004683151,49.49986808804684
5360,0.001575726412907931,0.006636297010377056,3.9035457310960586,49.577927821869494
5361,0.014722824683499261,0.009181225340537311,3.9182685557795582,50.31325472338719
5362,0.007030991219291882,0.009594147707531265,3.92529954699885,50.66825330909054
5363,0.008648210132907851,0.010141877668768628,3.933947757131758,51.10834326306098
5364,0.012023715664916002,0.011620708483471907,3.945971472796674,51.726564661727835
5365,0.00888731027158587,0.01193823314538882,3.9548587830682598,52.188323549107345
5366,-0.015811794189593845,0.012345364573804475,3.939046988878666,51.36962214419145
5367,0.0018381136044956527,0.01010385741433492,3.9408851024831613,51.464132178993054
5368,-0.004106896790495783,0.010948809094001949,3.936778205692666,51.25320771868088
5369,-0.0009129764536866679,0.007331658874997541,3.935865229238979,51.2064361007995
5370,0.0032936116006135395,0.008121557664877753,3.9391588408395926,51.37536825851143
5371,0.004638159295827126,0.008261535416536825,3.9437970001354197,51.61420886258838
5372,-0.005290447613444694,0.008392455024547496,3.938506552521975,51.34186763320419
5373,-0.003532766856899975,0.008050074029068138,3.934973785665075,51.16080879250186
5374,-0.0006284344193297619,0.007918180189815452,3.9343453512457454,51.12866767968448
5375,-0.00025848204513876977,0.009963909737905912,3.9340868692006064,51.11545354497926
5376,0.000285024397679173,0.010390282563244285,3.9343718935982857,51.130024772817094
5377,0.002068942843690309,0.010828029554553392,3.936440836441976,51.235919378838474
5378,-0.0012648028491152067,0.009123637715074509,3.9351760335928607,51.17115700648113
5379,0.010744164891864855,0.00758707775796885,3.9459201984847256,51.72391248571019
5380,-0.006693831812728339,0.007818146264415723,3.9392263666719973,51.37883754014993
5381,-0.008655802017465658,0.008092052144304281,3.9305705646545315,50.93603167913587
5382,-0.00022658813277012045,0.008995582007320976,3.9303439765217614,50.92449148631173
5383,0.017968678781847495,0.006922771233556647,3.948312655303609,51.84780786090704
5384,-0.005495180916647248,0.00698090149862462,3.9428174743869615,51.56367616909876
5385,-0.004485733010432842,0.004853470299430638,3.938331741376529,51.3328932869446
5386,-0.006002969736855079,0.005449008360598113,3.932328771639674,51.02566654105912
5387,0.01080661769859327,0.005696363901802345,3.9431353893382672,51.580071638741586
5388,-0.00009084992464475407,0.005425935442481707,3.943044539413622,51.57538580597702
5389,-0.00194901304598263,0.007484183136930389,3.9410955263676395,51.47496260104724
5390,-0.0021904583372569977,0.0077056429211723254,3.9389050680303828,51.36233224114761
5391,0.01130710944922756,0.00709875699971759,3.95021217747961,51.94638751919825
5392,0.00685735348885969,0.006644129494643055,3.95706953096847,52.303826402611996
5393,0.0010113256223399487,0.004755757541725154,3.9580808565908097,52.3567493590596
5394,-0.004876167891986664,0.004343646032481268,3.9532046886988232,52.10207049198839
5395,0.01320151206260583,0.004919492380328539,3.966406200761429,52.79445682159256
5396,-0.0042614145270289125,0.0057370294274178765,3.9621447862344,52.569956440676044
5397,0.004981288999774136,0.005305347000463689,3.9671260752341744,52.83247588619608
5398,-0.006699585748917736,0.00503749385836578,3.9604264894852568,52.4797032185369
5399,-0.004179910379491262,0.006161323990655501,3.9562465791057653,52.260800577767014
5400,0.004034193111754128,0.00489929989410131,3.9602807722175193,52.472056576709626
5401,0.01275881519178282,0.007292133534654629,3.973039587409302,53.14582696515452
5402,-0.001852776642808656,0.006673081098059911,3.9711868107664934,53.04745078098084
5403,-0.017885012695464136,0.005863132885290406,3.9533017980710294,52.107130337019726
5404,0.00047854266064152265,0.005628627726754164,3.953780340731671,52.132071789108046
5405,0.006343899712458263,0.006476288784075562,3.960124240444129,52.46384367544701
5406,0.008248071896924888,0.006241977926706568,3.968372312341054,52.89835872238443
5407,-0.0006840056420329988,0.007526485267821319,3.967688306699021,52.8621883183545
5408,0.00009597442882230559,0.0067913397079817795,3.967784281127843,52.86726198015164
5409,-0.013521807444314053,0.008016936402934154,3.9542624736835292,52.157212438847054
5410,-0.012586888199400788,0.009305971430513546,3.9416755854841283,51.5048297839033
5411,0.0073064737096548765,0.009444626840383379,3.948982059193783,51.88252660432061
5412,0.010955054714049495,0.009089019958357097,3.9599371139078325,52.45402721658784
5413,0.009658160083072732,0.011657775941380786,3.9695952739909055,52.96309096089662
5414,0.017623635962646534,0.011516321392243525,3.987218909953552,53.904766697641854
5415,0.010162866731894794,0.009883825139802103,3.997381776685447,54.45538685828699
5416,0.015056982220193691,0.010253216933287164,4.01243875890564,55.281524612811246
5417,0.008464735711524394,0.00809610775106924,4.020903494617165,55.75145421740523
5418,-0.00007883321525433781,0.008682851422617334,4.02082466140191,55.74705932424823
5419,0.008055677672365267,0.008959456788612381,4.028880339074275,56.1979533554816
5420,-0.009254210569812328,0.00988080875915873,4.019626128504464,55.68028466351938
5421,-0.005259777208693346,0.0070758195417952195,4.01436635129577,55.38818762735072
5422,-0.01617889030096866,0.007664029191033045,3.9981874609948016,54.4992783880227
5423,0.009193931627826975,0.00671693542951438,4.007381392622628,55.00265147036838
5424,-0.0025961942870621484,0.006305531644067251,4.004785198335567,54.8600391056543
5425,0.007053505075852032,0.007666934457272827,4.011838703411418,55.248362580763164
5426,0.0063391989539662566,0.008491998466760586,4.018177902365385,55.599705382432525
5427,0.006875862638501557,0.009527622941612971,4.025053765003886,55.98331864407521
5428,-0.005469919951093008,0.00900991038227383,4.019583845052793,55.67793035866822
5429,-0.008896485276143944,0.008362953677835686,4.010687359776649,55.18478933452329
5430,-0.004278693144323508,0.00809803044876177,4.006408666632326,54.949174974952676
5431,0.0039031647624982665,0.008120828620578242,4.010311831394824,55.16406977051878
5432,0.0005458972572437236,0.008610020094650816,4.010857728652068,55.19419190595246
5433,-0.015155684872799793,0.010173439436100384,3.995702043779268,54.36399313307521
5434,0.0012452398274455728,0.010819051668519857,3.9969472836067137,54.431731509012245
5435,-0.018976465595559478,0.015705299459552926,3.977970818011154,53.40854853137545
5436,0.008438695619016858,0.012786721039083949,3.986409513630171,53.861154030011456
5437,-0.010272082011228305,0.013138580409917798,3.976137431618943,53.310719731668065
5438,0.012850312536006239,0.012787628106433838,3.988987744154949,54.00019967026558
5439,0.010454416204959502,0.01269611220250491,3.9994421603599086,54.567701514265096
5440,0.003049923272627014,0.01317874800095955,4.002492083632536,54.734382870514736
5441,0.002534430723737179,0.009438384883239451,4.005026514356272,54.87327930945943
5442,-0.006571257376660066,0.009651736633171914,3.9984552569796126,54.51387503032397
5443,0.003099478736671243,0.008038228789999019,4.001554735716284,54.68310174866481
5444,-0.0023367451850614678,0.008330992372122389,3.999217990531222,54.55547045293351
5445,-0.006649000662893813,0.009970837017946302,3.9925689898683285,54.19393435254751
5446,0.005257780200087162,0.010316210096859289,3.9978267700684156,54.47962453750941
5447,0.007655713065926515,0.011596085250267174,4.005482483134342,54.89830551672583
5448,0.015580939156124778,0.009646553779368188,4.021063422290467,55.76037113077306
5449,-0.001947771398342284,0.010964226664570226,4.019115650892124,55.65186837830577
5450,-0.02149842133384085,0.011011401588622042,3.997617229558284,54.46821004513308
5451,-0.004555443964619752,0.009752006018190882,3.993061785593664,54.22064747325079
5452,-0.0013845087363601597,0.009771444756382003,3.991677276857304,54.145630455974
5453,0.0032523634299985015,0.00881124289098716,3.9949296402873022,54.32201840774111
5454,0.003123225007024592,0.008359760801971176,3.998052865294327,54.49194351310508
5455,-0.010707770199015016,0.008519890101064267,3.987345095095312,53.911569107441636
5456,0.0005532292076942295,0.008031666263638024,3.987898324303006,53.94140281378244
5457,-0.003403584562617044,0.0071685223659519945,3.984494739740389,53.75812077277639
5458,-0.0004028610594667348,0.00819441975261669,3.984091878680922,53.73646808109291
5459,-0.008824258646945322,0.006738833735506252,3.9752676200339767,53.26436961090085
5460,0.008598256325443098,0.00739583751025405,3.98386587635942,53.72432488680399
5461,0.0021632163859391126,0.009929952362700818,3.986029092745359,53.84066801903865
5462,0.0015084948822627993,0.010124283224321863,3.987537587627622,53.921947680766806
5463,-0.005767625871618486,0.010368331211335005,3.9817699617560036,53.61184120898362
5464,0.008618713456875478,0.009392095378313405,3.9903886752128788,54.07590324247945
5465,-0.00030389666759797875,0.010564105308837132,3.990084778545281,54.059472252474734
5466,-0.001731782474676184,0.009320871327715405,3.9883529960706046,53.96593402314808
5467,-0.010314329796900704,0.008013994059950704,3.978038666273704,53.41217233153151
5468,-0.015297497099845415,0.008591260735703323,3.9627411691738583,52.60131761653091
5469,-0.0039960993474201,0.010283564660182872,3.9587450698264384,52.391536956870866
5470,-0.0015760603455120207,0.0103342415415956,3.9571690094809266,52.309029768265574
5471,0.011436550660881497,0.010017598197333841,3.9686055601418078,52.91069858728714
5472,0.003529977941820236,0.009221960647450579,3.972135538083628,53.097802227760916
5473,0.00047800063265373026,0.008755473731201516,3.9726135387162818,53.12318907780012
5474,0.0055635808687632266,0.008014492776973242,3.978177119585045,53.41956793561785
5475,-0.0044620783190911315,0.009319462631267043,3.9737150412659537,53.18173664524374
5476,0.013166200169894931,0.009517884493000473,3.9868812414358485,53.88656782773955
5477,0.003929151251451773,0.008147955367535062,3.9908103926873,54.098712805079444
5478,-0.004451988694481666,0.009157942577590804,3.986358403992819,53.858401276308335
5479,0.009350036573326627,0.01014559021516491,3.9957084405661454,54.36434088906536
5480,-0.0013641671843706974,0.009441665541271842,3.994344273381775,54.29022940094776
5481,-0.005478916360096142,0.009714811293346117,3.9888653570216785,53.99359114503938
5482,-0.010968128099189008,0.009235327395829272,3.9778972289224894,53.40461838957168
5483,0.01038195687048546,0.01044038144139281,3.988279185792975,53.961950929573725
5484,0.0025353246876538395,0.01032118470313175,3.9908145104806287,54.09893557285677
5485,0.004222215166942333,0.009699491172456852,3.995036725647571,54.32783581212671
5486,0.0007091256971825488,0.011712062744183115,3.9957458513447537,54.36637473943027
5487,0.0040824799024328775,0.00982624047443469,3.9998283312471865,54.58877804128422
5488,0.009698926695451986,0.010088077722119723,4.009527257942638,55.12080647969628
5489,-0.006675146282774462,0.01042108936050235,4.002852111659864,54.754092330172696
5490,0.004862022605444089,0.010199269405623467,4.007714134265308,55.02095618817243
5491,0.0029501222123851463,0.009598840261761884,4.0106642564776935,55.18351439856516
5492,0.0012578475394575263,0.010064278005763152,4.011922104017151,55.25297051981792
5493,0.006753816369598093,0.009579988198789325,4.018675920386749,55.627401933813935
5494,-0.010765082953878973,0.008486324363610626,4.00791083743287,55.03178004904586
5495,-0.0011922197800490622,0.009172322961220423,4.006718617652821,54.966209167557835
5496,-0.008534136957122726,0.010047962011856001,3.998184480695698,54.49911596411422
5497,0.008149550915550849,0.012213950138025051,4.0063340316112495,54.94507399516056
5498,-0.0026384747097452726,0.010674369576812706,4.003695556901504,54.80029389031293
5499,-0.027308915144106348,0.012681184549340068,3.976386641757397,53.32400695910062
5500,0.0032194474741225844,0.012226414958572499,3.97960608923152,53.49595744287058
5501,0.008386828374564519,0.014120859914028932,3.9879929176060847,53.94650555058584
5502,0.00028942707914103555,0.012281217644991687,3.9882823446852256,53.96212138983157
5503,0.004842037017761132,0.011899993431286962,3.9931243817029864,54.22404158105543
5504,-0.0032810080451598613,0.013523614948344783,3.989843373657827,54.04642360672659
5505,0.0017951847681664586,0.013654573391407816,3.991638558425993,54.1435340626852
5506,-0.003984502451004318,0.014118679877406927,3.9876540559749887,53.92822824663645
5507,0.002831278192823293,0.014090491771304803,3.990485334167812,54.08113041539641
5508,-0.010804153944076505,0.014697741243990892,3.9796811802237357,53.49997465822096
5509,-0.008143896920740107,0.013265420538105232,3.9715372833029954,53.06604571392734
5510,0.00013887422619727276,0.01566292160048759,3.971676157529193,53.07341573170413
5511,-0.0023357519840778167,0.015826739232489773,3.9693404055451147,52.949594060259244
5512,0.008477495407764329,0.013508397244257822,3.9778179009528793,53.40038207765827
5513,0.005588749226966126,0.012429555278575798,3.9834066501798455,53.69965893439504
5514,0.02798019205426123,0.01211362744350883,4.011386842234106,55.223403630017984
5515,0.010458420264356717,0.011442447345282523,4.021845262498463,55.80398387781385
5516,-0.0022782104089468865,0.013488737844531576,4.019567052089516,55.67699536907902
5517,-0.015195308399276195,0.013171035487732383,4.00437174369024,54.837361656014764
5518,-0.000003722266910557163,0.014191888947692933,4.004368021423329,54.837157537097895
5519,-0.0002711009491905044,0.013315237315731759,4.004096920474139,54.82229314660493
5520,0.004000547417613378,0.015029128587000673,4.008097467891752,55.04205161387315
5521,0.006404429947697209,0.01505041699843245,4.01450189783945,55.39569581358715
5522,0.016941618259305503,0.016347807417410407,4.031443516098755,56.342183422978316
5523,0.005361074389819719,0.01624287824099547,4.0368045904885745,56.64504917712143
5524,0.02508238598517981,0.015976867421869243,4.061886976473755,58.08381051898999
5525,-0.004845740157912061,0.013399212991696847,4.057041236315842,57.803032304385724
5526,0.004294555660571529,0.012629675307816293,4.061335791976414,58.051804444521785
5527,0.00900334651535281,0.011289582431852394,4.070339138491767,58.57682487971104
5528,-0.007443205401841732,0.010550295362460344,4.0628959330899255,58.14244413832056
5529,-0.00004869069979245745,0.012285242633138618,4.0628472423901325,58.139613210948276
5530,0.02375235922769553,0.012238809469979448,4.086599601617828,59.537097259398614
5531,0.005800014000164675,0.011458981042032251,4.092399615617993,59.88341661473433
5532,0.0007079236980366544,0.012578074743864347,4.09310753931603,59.92582451348247
5533,-0.00793485772291931,0.01247178638354277,4.08517268159311,59.452203166050886
5534,0.022359107673481246,0.012938774569242828,4.1075317892665915,60.79647372016637
5535,-0.00045556891631148345,0.011164048768573215,4.10707622035028,60.76878304450261
5536,-0.004524435714265743,0.012126124121321646,4.102551784636014,60.494459639450795
5537,0.020245092528688974,0.015249369873629471,4.122796877164704,61.731656902283
5538,-0.003560511906438002,0.013482940702982938,4.119236365258265,61.51225143255993
5539,0.024758891240581626,0.013111762752348224,4.143995256498847,63.05423672958327
5540,-0.010837679473901591,0.01335497103868135,4.133157577024946,62.37456480822796
5541,0.0015408867606671723,0.011983885298861248,4.134698463785613,62.470751036354564
5542,0.004905716005562929,0.011971543881249278,4.139604179791175,62.777967742425055
5543,0.006867130444198443,0.00979503578142174,4.146471310235374,63.21055585545528
5544,-0.005786636534277993,0.01004671072828791,4.140684673701096,62.84583561305561
5545,0.015199502176952444,0.012637702197910449,4.1558841758780485,63.80835742398086
5546,-0.019209304537070194,0.013804860198488972,4.136674871340978,62.59434079232551
5547,0.008804661801171478,0.015175064264622617,4.14547953314215,63.147896151473525
5548,0.011597798107631093,0.01632077971688431,4.157077331249781,63.884536145890856
5549,-0.005442448060112061,0.015231163851701557,4.151634883189669,63.5377922996451
5550,-0.006245944840480125,0.016111543793000227,4.145388938349188,63.14217554002843
5551,-0.007801763527197977,0.015206206605697903,4.137587174821991,62.65147188380634
5552,-0.00026586718119753536,0.013967961985288638,4.137321307640793,62.63481712765334
5553,-0.009854645444986494,0.01451186351955468,4.127466662195807,62.02060460637471
5554,0.0036462927538618134,0.015013229651791153,4.131112954949669,62.24716268506547
5555,-0.021979523851525577,0.01609471023620962,4.109133431098143,60.89392591661212
5556,-0.0036977436749331596,0.017275430431585408,4.10543568742321,60.66917158526026
5557,0.02150514972659288,0.017398064365049235,4.126940837149802,61.988001191701564
5558,0.05071888776496285,0.0182170067172947,4.177659724914766,65.21305799746415
5559,0.007265678833805922,0.01943385269631797,4.184925403748571,65.68860061060057
5560,-0.0036313881324128356,0.019105974906861042,4.181294015616158,65.45049239923556
5561,0.025901811942139995,0.019521700445138228,4.207195827558299,67.16792503518552
5562,0.024454112931198695,0.018945611982982787,4.231649940489497,68.83070510358456
5563,-0.04038118496332835,0.021994097300013067,4.191268755526169,66.10661090355804
5564,0.006418566253042238,0.019333888300268148,4.1976873217792114,66.53228521337694
5565,-0.009604679524538307,0.0219353282693015,4.188082642254673,65.89632293176513
5566,-0.02964777325822292,0.023366716677665836,4.15843486899645,63.97132070846911
5567,-0.009898577213239331,0.018950181892906134,4.148536291783211,63.34121934934652
5568,-0.007549306919451436,0.016449964318448345,4.140986984863759,62.864837482782285
5569,0.017666664159175612,0.015299144368473943,4.158653649022934,63.98531788680365
5570,-0.028342817839590896,0.016051114455195886,4.130310831183344,62.19725277612759
5571,-0.010785101840418811,0.013098054227165834,4.119525729342925,61.530053444398284
5572,0.012890712365402414,0.014806626394763853,4.132416441708328,62.32835394175771
5573,0.010070191848506717,0.017834480960767247,4.142486633556834,62.959183379322376
5574,-0.030781180161357013,0.01922051898834148,4.111705453395477,61.05074804038932
5575,-0.016818721709900654,0.014295297633394143,4.094886731685577,60.03253898783429
5576,-0.008610507176303954,0.013143949693998708,4.086276224509272,59.51784743767866
5577,-0.014984594723330793,0.015425567908174273,4.071291629785941,58.63264537549725
5578,-0.013966005620610525,0.014726806300651015,4.0573256241653315,57.81947312211032
5579,-0.003015266275809569,0.017965717299790677,4.054310357889522,57.645394593169975
5580,0.01580824343525238,0.016862501443704873,4.070118601324774,58.56390793708593
5581,0.00812008811493433,0.014202552861861714,4.078238689439708,59.041387996383094
5582,0.012642240810762501,0.015056199748407259,4.090880930250471,59.79254156893166
5583,-0.011162434368100313,0.016095791816410392,4.0797184958823705,59.12882249983912
5584,0.01623185502654601,0.016189795957316427,4.095950350908916,60.09642471935095
5585,0.008533596342954069,0.01647662178823789,4.10448394725187,60.61145776613718
5586,-0.0252456624845574,0.017711760236016078,4.079238284767313,59.10043499859676
5587,-0.008849065643612417,0.018533425969237627,4.070389219123701,58.5797585175763
5588,0.0024793472509640813,0.016905223183455068,4.072868566374664,58.725178279369025
5589,-0.01082541924508633,0.017493412867940296,4.062043147129579,58.09288221411936
5590,-0.01175354262692306,0.015487905811325114,4.050289604502655,57.414082014664295
5591,-0.0037111331780175193,0.014038435717556549,4.046578471324638,57.20140558937394
5592,0.021302730613307556,0.014913143701022596,4.067881201937945,58.43302356028952
5593,0.0019363076801827692,0.017639926455096645,4.069817509618128,58.54627748442201
5594,0.0041923042342948535,0.018338807176015194,4.074009813852423,58.79223649869481
5595,-0.017839137334856505,0.020445638961950882,4.056170676517566,57.75273320560642
5596,-0.017209639413209535,0.020470744588649357,4.0389610371043565,56.76733300360448
5597,-0.0012809617486810986,0.017421394569185508,4.037680075355675,56.69466277528042
5598,-0.004320642000901822,0.01620558505125558,4.033359433354774,56.45023385923579
5599,-0.01967992041438552,0.017084607786926748,4.013679512940389,55.35015795726625
5600,0.0159144873987744,0.018460781177786767,4.029594000339163,56.238073972519686
5601,0.00394850047132701,0.016328044702601352,4.03354250081049,56.46056900590858
5602,-0.012555481253978235,0.01680900786515296,4.020987019556512,55.756111048715326
5603,-0.01124482560392851,0.0146987498387619,4.009742193952583,55.132655199218604
5604,0.010352255742300349,0.015832288752616785,4.020094449694883,55.70636702770112
5605,0.019873678208332097,0.016208019313927218,4.039968127903215,56.824531659633855
5606,0.00007974245337643185,0.015977605970048166,4.040047870356592,56.82906316787476
5607,-0.007672144389646448,0.01916877664659563,4.032375725966945,56.39473065107752
5608,0.014178826399930606,0.017101906300428262,4.046554552366876,57.20003740773252
5609,-0.0026838148351299032,0.011913191008181742,4.043870737531746,57.04672891659074
5610,0.012191686010265785,0.011578388959128645,4.056062423542012,57.746481638771975
5611,0.005573310449179512,0.011930610948525116,4.061635733991191,58.06921923129089
5612,0.006170419664902458,0.010591311807930383,4.067806153656094,58.428638426818374
5613,0.003119488323540264,0.014079857486698887,4.070925641979635,58.61119046859496
5614,0.004538836432116228,0.013678587370603961,4.07546447841175,58.87782171529188
5615,-0.012941312750418467,0.012476087766446917,4.062523165661332,58.12077456803293
5616,0.007786269065975182,0.013736739475426142,4.070309434727307,58.57508495334333
5617,0.010152561337586031,0.010674216439002985,4.080461996064893,59.172801137196636
5618,0.010904890957536616,0.01216935645860277,4.09136688702243,59.82160522068695
5619,0.010714305234414535,0.01364351237499409,4.102081192256844,60.46599810517829
5620,0.009868938278939289,0.012302159662000314,4.111950130535783,61.06568759044204
5621,0.01260645990446985,0.009385703682432037,4.124556590440253,61.84038255338487
5622,0.00444058091713667,0.008852769721560298,4.1289971713573905,62.11560038734464
5623,0.0025531509234318953,0.01004213726529946,4.131550322280822,62.27439351498455
5624,-0.008337815565926126,0.009928960792487241,4.123212506714896,61.757319735820495
5625,-0.018167697351786263,0.010953677387904974,4.105044809363109,60.64546197124894
5626,0.016661117203120496,0.011352783752501929,4.12170592656623,61.66434743656749
5627,0.009676384087734325,0.011849667221888604,4.131382310653964,62.26393157170716
5628,0.03102129437762706,0.013417359984117182,4.162403605031591,64.22571046316882
5629,-0.005196147143211609,0.010200920504966009,4.15720745788838,63.892849766738046
5630,0.022688260110064407,0.009931335615298232,4.179895717998445,65.35903708740923
5631,-0.010425112645073856,0.010302893619412803,4.1694706053533706,64.68120116043708
5632,0.01015646632674581,0.008665998234387127,4.179627071680116,65.34148098102345
5633,0.011385861486803097,0.009850458338956914,4.1910129331669195,66.08970151738646
5634,-0.016211937344200813,0.010422181791083684,4.174800995822719,65.02689774902471
5635,-0.009686968993206698,0.011298292758623629,4.165114026829512,64.40002535552173
5636,0.003908652415719234,0.012382604852662541,4.169022679245232,64.65223524950972
5637,0.014015163701829746,0.01043100847474867,4.183037842947061,65.56472632987942
5638,-0.004259490447617367,0.009549422242566398,4.178778352499443,65.28604793969149
5639,-0.015192146065648776,0.01344757867894402,4.163586206433795,64.30170880743707
5640,-0.0041357624008312695,0.01443108800864828,4.159450444032964,64.03632138577932
5641,0.0006425043534850224,0.010952872813233821,4.160092948386449,64.07747822135804
5642,-0.021237752600777208,0.011958983600706628,4.138855195785672,62.7309656527919
5643,0.0015651204054319477,0.009691716396486113,4.140420316191103,62.829224040233285
5644,-0.006112244073433212,0.009325510597092352,4.13430807211767,62.446367735488266
5645,0.014773421939108588,0.009468184930365843,4.149081494056778,63.3757625418042
5646,-0.007355081095857307,0.011463311299472308,4.141726412960922,62.91133869997515
5647,-0.010112934661645409,0.01118314877505204,4.131613478299276,62.27832664192961
5648,0.010483448762867947,0.010164514563647078,4.142096927062144,62.93465255687992
5649,0.016287763622432203,0.011455973835303442,4.158384690684576,63.96811081612179
5650,0.008785670418200478,0.01156660602964499,4.167170361102777,64.53258958633258
5651,-0.006619121628000533,0.009580674395572983,4.160551239474776,64.10685108873693
5652,-0.006591034796848994,0.009300187558082741,4.153960204677928,63.685710004854485
5653,0.011505431259494835,0.009799078319635014,4.165465635937422,64.42267297230721
5654,0.007323030986527258,0.009524759436859358,4.17278866692395,64.89617381737328
5655,0.0013888524821681024,0.010068499171094846,4.1741775194061175,64.98636764792747
5656,-0.004342418082538931,0.01048825880123067,4.169835101323579,64.70478149481566
5657,0.0045176322211325564,0.011267071824968888,4.174352733544711,64.99775517595404
5658,-0.002851736811365173,0.011810675827670262,4.171500996733346,64.81266272777383
5659,-0.019350691236068703,0.011403876726155383,4.152150305497277,63.57054953635261
5660,-0.0026001180463330587,0.01118096044788702,4.149550187450944,63.40547330513313
5661,0.0015066950624257214,0.012609098402640805,4.15105688251337,63.501078024185524
5662,0.003486192395184869,0.01171468814886843,4.154543074908554,63.72284132965333
5663,-0.004951361562303803,0.012718539423371674,4.1495917133462505,63.4081063288484
5664,0.0030453005911607743,0.014555542900476918,4.152637013937412,63.60149739003582
5665,-0.006699642646447257,0.01412343097479219,4.145937371290964,63.17681428675665
5666,-0.009251918698250188,0.01440519841514746,4.136685452592714,62.59500312230683
5667,-0.025472056912049068,0.014582815349465882,4.111213395680665,61.02071493843673
5668,0.014015201920058432,0.014766010595936206,4.1252285976007235,61.88195369975654
5669,0.014739517098132652,0.015768161440786636,4.139968114698856,62.8008189942517
5670,-0.0027789849652679623,0.014698778524001291,4.1371891297335885,62.626538735729596
5671,0.01944220408543551,0.014333984858995426,4.156631333819024,63.85605015971522
5672,0.00027727863724300207,0.016972698518932128,4.156908612456267,63.87375853324659
5673,0.013935271597476383,0.01650943355661899,4.170843884053744,64.7700874951912
5674,0.002140147549026412,0.017473755796662556,4.17298403160277,64.90885347606616
5675,-0.017135708798249803,0.01675996117152933,4.15584832280452,63.8060697392609
5676,-0.003752155522357148,0.016052668890840338,4.152096167282163,63.567108033426116
5677,0.0006875860526406421,0.017394872485096087,4.152783753334803,63.61083092021756
5678,0.017054008052345505,0.018636302349677163,4.169837761387149,64.70495361387665
5679,0.02099621554932845,0.017782162578779535,4.190833976936477,66.07787541174105
5680,0.007687213644674116,0.017384157259801164,4.198521190581151,66.58778754795469
5681,-0.0007254232499109833,0.021979646662072708,4.1977957673312405,66.5395007350132
5682,0.0225724673896772,0.01988741685841631,4.220368234720918,68.058541193648
5683,-0.011456320144751835,0.014799447462005913,4.2089119145761655,67.28328999920193
5684,-0.016729310091519373,0.015050025089672976,4.192182604484646,66.16704997296488
5685,-0.006709175645177717,0.017864692817956662,4.185473428839469,65.72460947790131
5686,-0.0019731063293555776,0.015911163228315626,4.183500322510113,65.5950556886778
5687,0.0010009224378753764,0.016730032444870334,4.184501244947988,65.6607441207589
5688,-0.012865921076385898,0.016715829878911053,4.171635323871603,64.82136941203977
5689,0.0028320998336276294,0.015273648962927924,4.17446742370523,65.0052102064297
5690,-0.013756006449887217,0.014684752213520202,4.160711417255343,64.11712040429961
5691,-0.010831688246176438,0.014665468306210022,4.149879729009166,63.42637148682646
5692,-0.0010752744738133358,0.015316375863270658,4.1488044545353535,63.358207382728395
5693,-0.025110764000696447,0.013756634658056958,4.123693690534656,61.7870435095551
5694,0.012888674107507403,0.013669304714644462,4.136582364642164,62.58855066431132
5695,-0.015384560719519035,0.015457673893373226,4.121197803922645,61.63302234450135
5696,0.0076898729488566325,0.01531493467847827,4.128887676871502,62.10879944395425
5697,0.0037210577464706265,0.012706507869375917,4.132608734617972,62.340340394708534
5698,0.00031813296958647306,0.012064182980983497,4.132926867587559,62.360176067346764
5699,-0.007320233604306083,0.009910607738992834,4.125606633983253,61.90535175205592
5700,0.009739147493187687,0.010072834364518607,4.13534578147644,62.51120254973728
5701,0.00659055645879732,0.008788104122198721,4.141936337935237,62.924546747436914
5702,-0.0010933234277179893,0.008328293606487788,4.14084301450752,62.85578746121801
5703,0.00034453880477911545,0.008095312694331334,4.141187553312299,62.877447450242414
5704,0.010400660131102055,0.008550030730468986,4.151588213443401,63.53482707619373
5705,0.0167838288414951,0.007577752606672872,4.168372042284896,64.61018379728608
5706,0.004894941417858832,0.007459049348992627,4.173266983702755,64.92722217107269
5707,-0.00235442583579551,0.008861664446100247,4.170912557866959,64.77453565681618
5708,0.0011495054296332796,0.008022617429104895,4.172062063296592,64.84903714898691
5709,-0.007137249560338772,0.008721273494466197,4.164924813736254,64.3878411802574
5710,-0.013828372623115625,0.008743262007192575,4.151096441113138,63.50359008760247
5711,-0.009956391377203236,0.009843486000415696,4.141140049735935,62.87446061755912
5712,0.0004929931202363396,0.010143942872583639,4.141633042856172,62.905464935912015
5713,0.003996230851598287,0.007681257344335293,4.14562927370777,63.15735266115484
5714,0.0026973564711247435,0.00813926781328216,4.148326630178895,63.32794051975739
5715,0.0035769367216707698,0.007250966518693135,4.1519035669005655,63.55486616309415
5716,-0.003540841610872471,0.007510262878294388,4.148362725289693,63.33022639004119
5717,0.019314754105080892,0.008784310718697091,4.167677479394774,64.56532354223415
5718,0.002310437588019206,0.00928128832251913,4.169987916982793,64.71467015420583
5719,0.008308478424243437,0.009348758218758958,4.1782963954070365,65.25459044704151
5720,0.01088677009811483,0.009579245881195719,4.189183165505151,65.96888328712812
5721,-0.00045035977236447544,0.010098860719721346,4.188732805732786,65.9391802448975
5722,-0.0026962389126160675,0.010057173761023332,4.186036566820171,65.76163192515983
5723,0.0014519453587279723,0.009461791239867099,4.1874885121788985,65.85718357251497
5724,0.0007510916479007567,0.007988218284672955,4.1882396038267995,65.90666693399403
5725,-0.008332916042560264,0.008547076981940037,4.179906687784239,65.35975406597836
5726,0.0011789200768918236,0.007789400671456886,4.181085607861131,65.43685343033198
5727,0.009030006246712316,0.008213732219750311,4.190115614107843,66.03042456775198
5728,0.00988571063611603,0.00797004370758877,4.200001324743959,66.68641938329786
5729,0.0013388057658069842,0.009279116091294136,4.201340130509766,66.77575933714746
5730,0.0003103446327457256,0.008328405806565202,4.201650475142512,66.79648605170125
5731,-0.01276074201646756,0.008017221629901665,4.188889733126044,65.9495287205253
5732,-0.0027185225841261434,0.008283711906120034,4.186171210541918,65.77048691215121
5733,0.005449910224701533,0.009022194428845755,4.191621120766619,66.12990867982666
5734,-0.0036980259677100633,0.007532614672447331,4.18792309479891,65.88581017976092
5735,-0.008507464145086838,0.006769678310502034,4.179415630653823,65.32766657174322
5736,0.00013692829868525245,0.007548695497178112,4.1795525589525075,65.33661239043781
5737,-0.0011508341454584776,0.01000916383033119,4.178401724807049,65.2614640358905
5738,-0.015405300644243461,0.009250330832901653,4.162996424162806,64.2637959808436
5739,0.0028945716978706786,0.010904045305628062,4.165890995860677,64.45008162439639
5740,0.005190536510862143,0.010615297018224942,4.171081532371539,64.78548182667393
5741,0.001329407065534738,0.007262075905100243,4.172410939437073,64.8716653777764
5742,0.017892774853041853,0.008249360540446494,4.190303714290115,66.04284607085555
5743,-0.0055082123134654526,0.0083583089817207,4.18479550197665,65.6800680991924
5744,0.006006059809364237,0.008045818694221777,4.190801561786015,66.07573352218236
5745,-0.009775136282674143,0.007808255710326527,4.18102642550334,65.4329808376553
5746,-0.004430978763078856,0.009671365217486683,4.1765954467402615,65.1436900830711
5747,-0.014231838823947959,0.008247030533082247,4.162363607916314,64.2231416713961
5748,0.012684651133766284,0.0091739501890388,4.1750482590500795,65.04297849763437
5749,0.010600047856511845,0.010488096277977898,4.185648306906591,65.73610427563389
5750,-0.006017070105880955,0.009304576014467542,4.17963123680071,65.34175313673832
5751,0.001163754758359545,0.007908537852413038,4.18079499155907,65.41783917702939
5752,0.0021204367548461186,0.008478878982245844,4.182915428313916,65.55670073919339
5753,0.026281754740316087,0.011513212999430242,4.209197183054233,67.302486538893
5754,-0.002716004069530589,0.011669143405634458,4.206481178984702,67.1199407213706
5755,0.0034133880437027964,0.013202063824517978,4.209894567028405,67.34943858432628
5756,-0.0057888437363631615,0.010372378492345525,4.204105723292042,66.96068949809053
5757,0.0091498443095955,0.008952575501589701,4.213255567601637,67.57618091311738
5758,-0.0007435176018680004,0.008700301509727821,4.212512049999769,67.52595550719194
5759,-0.006865813910074853,0.007942757842399768,4.205646236089694,67.06392279289196
5760,-0.0012840095404639234,0.00825630043524134,4.20436222654923,66.97786733604187
5761,-0.005418494827270458,0.011489088360078751,4.198943731721959,66.61592957283203
5762,-0.01504225043824609,0.01293007818876731,4.183901481283714,65.6213749995304
5763,-0.0021881545190385143,0.012312103166836178,4.181713326764675,65.47794227499173
5764,0.027895195596299,0.01543587768711985,4.209608522360974,67.33017639161989
5765,0.0162138660058343,0.010909671572758798,4.225822388366808,68.43075707281425
5766,0.01671484208901383,0.009909712137957655,4.242537230455822,69.58417915123455
5767,-0.00412547055350464,0.009738784753739961,4.238411759902317,69.29770299992639
5768,0.0073726647836677844,0.008932421855258789,4.2457844246859855,69.81049975089236
5769,-0.0008014559356345751,0.010369885073911981,4.24498296875035,69.7545721262544
5770,0.0006710109299255866,0.010046532235888299,4.245653979680276,69.8013939137722
5771,0.00607517071657828,0.008773075514166307,4.251729150396854,70.2267400149312
5772,-0.004880018896511812,0.009037943908929471,4.246849131500342,69.88486704834975
5773,0.002534326955604323,0.00785747040684955,4.249383458455947,70.06220276913173
5774,-0.003394340879447259,0.007707673644124644,4.245989117576499,69.82479092647571
5775,0.0040868270287717145,0.00832905765099626,4.250075944605271,70.11073667673041
5776,-0.004337179870822849,0.008419799977920197,4.2457387647344484,69.80731227962741
5777,-0.01321863062302377,0.009617255592103403,4.232520134111425,68.89062721229566
5778,-0.01714928644552704,0.010302588105169772,4.2153708476658975,67.71927474983679
5779,-0.011210576307993086,0.013965355136456551,4.204160271357905,66.96434217381382
5780,-0.012823734850544543,0.014122853343439521,4.19133653650736,66.11109182636726
5781,0.006238542265269621,0.01443004978416117,4.19757507877263,66.52481784873741
5782,-0.011510484351430855,0.017403801678996966,4.1860645944211985,65.763475091772
5783,-0.011754003315720922,0.016579977603963177,4.174310591105478,64.99501606972295
5784,-0.011949455151163413,0.014891571747791965,4.162361135954314,64.22298291442662
5785,0.004400640410115107,0.01755464487808886,4.16676177636443,64.50622794095133
5786,0.005849694503879171,0.017570150420948314,4.172611470868309,64.88467549010585
5787,0.006512784929664773,0.016009514942066195,4.179124255797974,65.3086345051804
5788,-0.024029304324946963,0.01554990541523912,4.155094951473027,63.75801817815109
5789,-0.0007326399550136534,0.015787376639759425,4.154362311518013,63.7113236138217
5790,-0.005441246871552184,0.017176713307420453,4.148921064646461,63.365596021117476
5791,-0.0184587492469659,0.01827566671942854,4.130462315399495,62.20667539188186
5792,-0.017738956667375003,0.019524741348135723,4.11272335873212,61.11292356165463
5793,0.011572462592789,0.021218211194893876,4.124295821324909,61.824258593940534
5794,-0.006058816220771446,0.0198032700790683,4.118237005104137,61.45080924603765
5795,-0.01005479528742803,0.014586915075967564,4.108182209816709,60.83602985871684
5796,-0.008632917697995362,0.013428664072278312,4.099549292118714,60.313097881952544
5797,-0.00794475247700138,0.013754485448623418,4.091604539641713,59.835823671316476
5798,-0.012662503147097838,0.01685386517042458,4.078942036494615,59.08292918997354
5799,0.019872320138608412,0.014676742378444093,4.098814356633223,60.26878793055149
5800,-0.009447393212716816,0.013369588235567744,4.089366963420506,59.702086134858114
5801,0.011834120394650163,0.012682937875631763,4.101201083815157,60.412804881147224
5802,-0.0017753064956921693,0.011983062772293739,4.099425777319465,60.3056487818221
5803,-0.004213596088851212,0.010570505171211062,4.095212181230614,60.05207972992563
5804,-0.017978018977006068,0.010700626212360146,4.077234162253608,58.98210909565405
5805,-0.017858591780734085,0.011685351667526498,4.059375570472874,57.9381215074012
5806,-0.002286349169239067,0.011257202637887709,4.0570892213036345,57.805806048733714
5807,-0.007536922059818177,0.009555744725150543,4.049552299243816,57.37176591192297
5808,0.002858392981694383,0.009238650553615979,4.052410692225511,57.535991563862616
5809,-0.002740605386761514,0.010504688663525682,4.0496700868387485,57.378523992247985
5810,-0.0009071905742654641,0.01061887068854899,4.048762896264483,57.326494340090306
5811,-0.0036379980670979205,0.010722972962425735,4.045124898197385,57.118319563804334
5812,-0.007303541055052102,0.010929018462740832,4.037821357142334,56.70267326438608
5813,-0.01832996831360878,0.0130405143347647,4.019491388828724,55.6727828254277
5814,-0.0014115675496247466,0.01591383384853403,4.0180798212791,55.59425237035455
5815,-0.013127786034993425,0.013989223348461626,4.004952035244107,54.869192548525895
5816,-0.01301341217232453,0.013303760983523295,3.991938623071782,54.159783060808486
5817,0.00902685781443958,0.017148882700575248,4.000965480886221,54.650888958539774
5818,0.007830293346977418,0.016764734912342916,4.0087957742331986,55.080501250811544
5819,0.021489290171993344,0.017111733785559413,4.030285064405192,56.276951516474384
5820,-0.011043848920738657,0.018655679685201532,4.0192412154844535,55.65885672120607
5821,0.030874022077262836,0.018528143139643072,4.050115237561716,57.40407176956983
5822,-0.006934922968328044,0.01869512101781625,4.043180314593388,57.00735613988657
5823,-0.002212206200179375,0.017006812529691367,4.0409681083932085,56.88138350327627
5824,-0.02631826332154921,0.01938153373872788,4.014649845071659,55.40389205975009
5825,-0.022479425654391427,0.01723940030352965,3.9921704194172682,54.17233855569702
5826,-0.004119344025502549,0.016559997758407847,3.9880510753917657,53.94964305112806
5827,-0.008007004986287942,0.016272440514088975,3.980044070405478,53.51939279686071
5828,-0.0001281040104784182,0.015448216601385518,3.9799159663949992,53.51253718712998
5829,-0.009116151097887545,0.013137775697421323,3.970799815297112,53.02692562969281
5830,-0.021137330192890238,0.011497883339984798,3.9496624851042217,51.91784083271673
5831,-0.008819177615676948,0.013699893728888595,3.9408433074885445,51.46198128081438
5832,0.014749017881726657,0.01439884463173443,3.9555923253702714,52.226619936394506
5833,-0.01658727848380142,0.009599649964035813,3.9390050468864697,51.36746764508266
5834,0.0024445577052564452,0.011373004142258598,3.9414496045917264,51.49319199151461
5835,0.014657005234273645,0.013205289206770443,3.956106609826,52.25348618305741
5836,-0.0021193291547844145,0.011588884100098076,3.9539872806712157,52.14286111322497
5837,0.00780259640208667,0.012144085713645286,3.9617898770733024,52.55130219201442
5838,0.0025118053897059105,0.011283551329181718,3.964301682463008,52.68346675243663
5839,0.0018438806154272816,0.011985447868362675,3.9661455630784355,52.780698389752466
5840,-0.003467331079112434,0.01286112197285786,3.962678231999323,52.59800714240032
5841,-0.025304067528628918,0.018056421640527277,3.937374164470694,51.28376162125184
5842,0.0037196867226284356,0.0191877119737473,3.9410938511933225,51.474876371584145
5843,-0.009303417405640606,0.01903882344010002,3.9317904337876817,50.99820488582439
5844,0.00421131936116195,0.017969631668126502,3.936001753148844,51.213427480900634
5845,-0.007363081388484826,0.01715282083872241,3.9286386717603587,50.837723712284394
5846,0.0006832623769824424,0.016052089295424544,3.9293219341373415,50.87247108566309
5847,-0.013572458933526491,0.014490444301162439,3.915749475203815,50.186671084842786
5848,0.012647453981548144,0.014971775838042057,3.928396929185363,50.82543555539245
5849,-0.004959878405525165,0.015903802748555476,3.923437050779838,50.57397170569772
5850,0.0008278080197299898,0.015003457017137272,3.924264858799568,50.615854578162406
5851,-0.01220016626874284,0.015167658854078173,3.912064692530825,50.00208439857992
5852,-0.017505559247974232,0.015272270670579641,3.8945591332828506,49.134386871178286
5853,0.010531667324449616,0.01456645728054128,3.9050908006073004,49.65458837426813
5854,-0.022678577084728778,0.01352950006020874,3.8824122235225715,48.5411661013053
5855,-0.011454325447077102,0.014680320506267303,3.8709578980754946,47.98833200242242
5856,-0.017278505724416745,0.015066724909858196,3.853679392351078,47.166287633832695
5857,0.0187181189245367,0.01677523152298467,3.8723975112756146,48.05746639007336
5858,-0.004192203159754854,0.014616602419214149,3.8682053081158596,47.85642143271558
5859,-0.008746710894676452,0.015007463395398733,3.8594585972211832,47.43966045091963
5860,-0.026969827021074318,0.014742597895645306,3.8324887702001087,46.177320080285824
5861,-0.00802307402514882,0.012194441510548151,3.82446569617496,45.808318266807575
5862,-0.006077564726190796,0.011397911551346483,3.8183881314487693,45.530759542443
5863,-0.007368132620138664,0.012985908960401811,3.8110199988286304,45.19651575626654
5864,-0.015624352720890895,0.012619502929327474,3.79539564610774,44.49583752831998
5865,-0.01100224639154044,0.012408446304672064,3.7843933997161994,44.00896660862234
5866,0.01129764686202251,0.012466583858448989,3.795691046578222,44.508983561236896
5867,-0.013017647704101855,0.011893090575243574,3.78267339887412,43.93333620981671
5868,-0.0017119247145746402,0.011688521060205743,3.780961474159545,43.85818998645638
5869,-0.0020454896199337724,0.0147312018569199,3.778915984539611,43.76857020350552
5870,-0.004041046830624051,0.0156744598651103,3.7748749377089874,43.59205625238196
5871,0.026310213574691533,0.014469721944572024,3.801185151283679,44.75419356516518
5872,-0.008733398175955294,0.016074713497539868,3.7924517531077235,44.36503916634533
5873,-0.02750586987131185,0.016598486941373537,3.764945883236412,43.16137004299841
5874,-0.008879119505419633,0.017834767899945682,3.756066763730992,42.77983145041465
5875,-0.010788402677017833,0.016658429524017613,3.745278361053974,42.320786037986046
5876,0.03288301040269888,0.013732328417082714,3.7781613714566733,43.735554326481555
5877,-0.010415789815275757,0.011437108801736378,3.7677455816413974,43.2823781759616
5878,-0.003721861165573015,0.01263093088336182,3.7640237204758242,43.121586581081615
5879,0.014354729947479645,0.01278269432969145,3.778378450423304,43.74504942597568
5880,-0.010129782908892467,0.010248513004295351,3.7682486675144116,43.304158407176324
5881,0.005837329799268535,0.010772086245022013,3.77408599731368,43.557678281158196
5882,-0.004613331072140112,0.010144812191288793,3.76947266624154,43.357195093742995
5883,0.0013233344489582983,0.009792565860143508,3.770796000690498,43.41460914423748
5884,0.0012922616488976516,0.010168716981339006,3.7720882623393956,43.47074844415616
5885,-0.007688686111565345,0.008493460631404458,3.7643995762278304,43.137797123655744
5886,-0.01670693251859962,0.008982853658929323,3.7476926437092306,42.42308381586067
5887,0.0016223335391747705,0.0069287998361766715,3.749314977248406,42.4919640658327
5888,0.0031766586359519406,0.006281731977783665,3.7524916358843576,42.627161154248945
5889,0.00984077320256115,0.006242381771098042,3.762332409086919,43.04871619122019
5890,0.008340194695671736,0.006040229923631144,3.7706726037825904,43.40925224623018
5891,0.007375459489767249,0.006469199537665851,3.7780480632723576,43.73059901097499
5892,-0.007766640130916762,0.007323284623747513,3.7702814231414408,43.392274707963324
5893,0.007286046297197037,0.012018797193235465,3.777567469438638,43.70958740417421
5894,-0.0002944617229940158,0.010734768762820618,3.7772730077156442,43.69671849854887
5895,0.012724722548987592,0.01108136931512859,3.7899977302646315,44.256299825780374
5896,0.000022471270781036024,0.013735089903933694,3.7900202015354125,44.2572943322514
5897,0.010559172474853063,0.012316567972397949,3.800579374010266,44.72709070179162
5898,0.0051276301711368705,0.011663821418629516,3.8057070041814027,44.957023683393935
5899,0.011682230701202776,0.012152944237672667,3.8173892348826053,45.48530173068705
5900,0.0016750637900896216,0.01126478968272783,3.819064298672695,45.56155636045215
5901,-0.00021103772813725542,0.011496706513231631,3.818853260944558,45.55194216762183
5902,0.00908901971524588,0.011147907993097641,3.8279422806598036,45.96785191078102
5903,0.007035165481629695,0.011534267195528334,3.8349774461414334,46.29238358430435
5904,-0.0011750604752816581,0.00903017590087968,3.833802385666152,46.23801918103401
5905,0.00536029355022669,0.011236414535154256,3.839162679216378,46.48653399816857
5906,0.010439718600209752,0.011973419510049476,3.849602397816588,46.97438240104879
5907,-0.005316752005868724,0.014351014635187431,3.8442856458107193,46.7252940165434
5908,0.015921800395299352,0.014367435308616425,3.8602074462060187,47.47519889729323
5909,-0.0008378638106028282,0.012480666756256533,3.859369582395416,47.43543780575193
5910,0.001960369734630111,0.012535025836941912,3.861329952130046,47.528520010333644
5911,0.0007118932782466655,0.012983085051740452,3.8620418454082928,47.56236729065023
5912,-0.0031584339482411622,0.010692885945251068,3.8588834114600514,47.412381679647815
5913,0.0007936635917537891,0.007153745573699926,3.8596770750518052,47.45002609731113
5914,0.007144580051550509,0.006072835567640664,3.866821655103356,47.79025054036681
5915,0.006672115787091052,0.006446892774931298,3.873493770890447,48.11017873759778
5916,0.00026842232761315496,0.0074273244466500545,3.87376219321806,48.12309431709381
5917,0.006849289713992915,0.007514548207573495,3.880611482932053,48.453834707387394
5918,-0.007814601577808038,0.007678003059506341,3.872796881354245,48.076662937212454
5919,0.003864912867402458,0.007451217584856039,3.8766617942216475,48.26283458727755
5920,0.0009753137484310478,0.00684333243378413,3.877637107970078,48.309928955548024
5921,0.0052209001391255,0.008975022447314159,3.8828580081092037,48.56280982883205
5922,0.0054573199624457745,0.009761284603906444,3.88831532807165,48.828557094725326
5923,-0.0009420618504617572,0.008644878688228967,3.887373266221188,48.78257923426781
5924,0.00031376602666672893,0.008633615904022491,3.8876870322478547,48.79788795187685
5925,0.010047210671093978,0.008185995564628741,3.8977342429189488,49.2906418684992
5926,-0.002564682822675343,0.00798829285221534,3.8951695600962735,49.16438897449809
5927,0.005338216230456277,0.008796429427547927,3.9005077763267297,49.4275408696312
5928,-0.009498819327443134,0.007888655213628868,3.8910089569992863,48.96026040890629
5929,0.00637149577347407,0.009304768182620294,3.8973804527727607,49.27320640953549
5930,0.01250195898589519,0.010345269840703022,3.9098824117586557,49.89308478836313
5931,-0.001315187383124988,0.010871315579767045,3.9085672243755307,49.82750916431326
5932,-0.007583467336323031,0.011854935944091293,3.900983757039208,49.451073025732306
5933,-0.019990794423679507,0.010894138917179006,3.8809929626155286,48.472322387027624
5934,-0.004159644305591512,0.009916799811280876,3.876833318309937,48.27111353597767
5935,0.010436430423261598,0.010122626812613129,3.8872697487331984,48.7775296455727
5936,0.0013986963217668398,0.009860138574806122,3.8886684450549653,48.84580233212017
5937,-0.015473020541877875,0.010621575419335417,3.8731954245130877,48.09582738100139
5938,-0.0014131528615713175,0.010943821918923523,3.871782271651516,48.02790862600258
5939,-0.0007267546139041717,0.010854432046948706,3.871055517037612,47.993016802245165
5940,-0.021914854157531517,0.01060681739108146,3.849140662880081,46.952697694252
5941,0.0010050067338865899,0.009582212403819174,3.8501456696139673,46.99990919157143
5942,-0.015291848211858697,0.009806406095863668,3.8348538214021084,46.286661054181444
5943,-0.0010022645172770236,0.010740576896811774,3.8338515568848317,46.24029281668475
5944,0.011224916288862642,0.010501448337765706,3.845076473173694,46.76226027263156
5945,-0.011697938673588986,0.011367817156466294,3.8333785345001052,46.218425295427416
5946,-0.006570426267547921,0.01126179547471375,3.8268081082325573,45.915745994736234
5947,0.011804058065309219,0.011541187328361017,3.8386121662978665,46.46094960358175
5948,-0.007407535530597013,0.011135863810025053,3.8312046307672696,46.11806001990145
5949,-0.0035331440783529203,0.010710216992400021,3.8276714866889163,45.95540577887374
5950,0.0047326743894258875,0.009878428909320804,3.8324041610783426,46.17341322306853
5951,0.001162548392389568,0.008651735667139226,3.833566709470732,46.227123264594184
5952,0.007190970962173532,0.01053757147831443,3.8407576804329056,46.56073923944115
5953,-0.0036495122580152543,0.00949980622373509,3.8371081681748906,46.3911249438269
5954,-0.008520638544167057,0.010058223552493624,3.8285875296307235,45.99752219125139
5955,-0.0069416492496565075,0.009521883584894291,3.821645880381067,45.67932919564708
5956,-0.007911899752367104,0.00941277515062971,3.8137339806287,45.319344880065366
5957,0.0005970404384554882,0.008580133260775268,3.8143310210671553,45.34641044041609
5958,-0.0011685988071826693,0.008235616676529302,3.813162422259973,45.29344963026225
5959,-0.0029685256707280444,0.006672470560507143,3.8101938965892446,45.159194231208055
5960,-0.0018075800795233482,0.006544433732141501,3.808386316509721,45.077639102227394
5961,0.008377828150982652,0.007417428026293036,3.816764144660704,45.456878197896685
5962,0.00019659517950903327,0.006801710790120354,3.816960739840213,45.46581567953004
5963,-0.005133892221820667,0.007042705893096929,3.8118268476183923,45.23299722584159
5964,0.0005609480390366155,0.008079602955539575,3.812387795657429,45.25837770483462
5965,0.004141971561677245,0.007328928281219439,3.816529767219106,45.44622537952056
5966,0.0059229061353276964,0.007616447234171257,3.8224526733544337,45.716197828147195
5967,-0.00801425447775103,0.006613112593846891,3.8144384188766827,45.351280807095996
5968,0.0009848495121798165,0.006507562751500255,3.8154232683888627,45.39596699484885
5969,-0.0020879671133228095,0.009186478805415232,3.81333530127554,45.30128059413113
5970,0.0018952745556824412,0.008439804567018552,3.8152305758312224,45.387220372593625
5971,-0.017606037160418888,0.008943882441981599,3.7976245386708034,44.59512457865367
5972,0.006308280072919636,0.008137510534346828,3.803932818743723,44.87733230120228
5973,0.004664354021601317,0.009152959754358907,3.8085971727653245,45.08714500657441
5974,0.010820208986493378,0.00915713192769915,3.8194173817518178,45.577646215422135
5975,-0.005412573100944787,0.00849459103417696,3.814004808650873,45.33162029079298
5976,0.00796352032841116,0.008887886804388801,3.821968328979284,45.694060806279666
5977,-0.008214382901773929,0.009663963941715075,3.8137539460775103,45.320249710158315
5978,-0.002197802677133853,0.008885648466349956,3.8115561434003764,45.22075411990403
5979,-0.0076249630183675395,0.008154012887847008,3.803931180382009,44.877258775959426
5980,-0.0020824812993373827,0.009411378719463962,3.8018486990826714,44.78389996651967
5981,0.016487722632160206,0.00857968465858444,3.8183364217148315,45.528405219852296
5982,0.015051246632571562,0.00855452226694243,3.8333876683474033,46.21884744939436
5983,0.005253633409074377,0.007032759414059016,3.8386413017564776,46.46230328437592
5984,0.0018582597635475083,0.007004828060995389,3.840499561520025,46.54872258297562
5985,-0.00412828259983012,0.008881541454374363,3.8363712789201947,46.35695241457367
5986,-0.0038131424855207922,0.008251633195585034,3.832558136434674,46.18052333819979
5987,-0.0035592617976191615,0.008692249548726473,3.8289988746370547,46.01644693434081
5988,-0.0004024375825977671,0.008399881020322323,3.828596437054457,45.99793191249703
5989,-0.004396412939747913,0.010573104207744708,3.824200024114709,45.79614989298705
5990,0.006563445159962674,0.010513849600131946,3.8307634692746717,46.097718994875734
5991,0.0015208228158309,0.008962799685406322,3.832284292090503,46.167878794470184
5992,-0.0036054457086651553,0.009299130016580053,3.8286788463818375,46.00172272732393
5993,0.0006657521454497452,0.008137729570911915,3.829344598527287,46.032358669764676
5994,-0.005740857601161458,0.008672245201792907,3.823603740926126,45.768850558579985
5995,-0.0003179606630335052,0.009350057901242758,3.8232857802630926,45.75430017785703
5996,-0.010577524844816428,0.008666336517199674,3.812708255418276,45.27288351787079
5997,-0.0009888079164584588,0.007686461310081073,3.8117194475018175,45.22813945753362
5998,-0.01105196439175282,0.0066179559588966565,3.8006674831100646,44.73103173910805
5999,0.002944862674176938,0.0072362920008089545,3.8036123457842415,44.86295263397639
6000,0.012456670821222203,0.007888282551407314,3.816069016605464,45.42529082646366
6001,0.0013529044054652868,0.0073844872100079124,3.8174219210109293,45.4867884933944
6002,-0.0015047291404474393,0.006815992218178573,3.8159171918704815,45.418394667239454
6003,-0.005809560142301965,0.006713831503363187,3.8101076317281795,45.15529874761598
6004,0.008825941008305981,0.007855629549243508,3.8189335727364857,45.55560067263169
6005,-0.003185495897966514,0.008269520682079071,3.8157480768385192,45.410714383417655
6006,-0.01633332327959281,0.008159671647655612,3.7994147535589264,44.67503093804841
6007,-0.009844986343532236,0.00703943238718535,3.789569767215394,44.23736381700402
6008,-0.005952741197993622,0.007284630657289114,3.7836170260174007,43.974812464341305
6009,0.0077365866049021355,0.007732952341450306,3.7913536126223026,44.31634686108857
6010,-0.005011390151582101,0.006804382739428108,3.7863422224707204,44.09481590951704
6011,-0.011152801836162206,0.007094942824008499,3.7751894206345584,43.60576736560636
6012,0.010252837471901033,0.008081957668080383,3.7854422581064595,44.055149998180404
6013,-0.0029744182839354792,0.007282835806049152,3.782467839822524,43.92430624301947
6014,0.0035172307627618963,0.007423500098397047,3.7859850705852858,44.07907017485385
6015,0.005155943162912604,0.008066120534262382,3.7911410137481987,44.306926257081884
6016,-0.007641616410064833,0.008001137573512757,3.783499397338134,43.969640069447074
6017,-0.004117492108979583,0.006755741884451616,3.779381905229154,43.788967637339276
6018,-0.00009520873143371337,0.006710191124205949,3.7792866964977203,43.78479874374041
6019,0.007831104929466289,0.006467474938157968,3.7871178014271867,44.12902818627171
6020,-0.0009638191977321308,0.007278517485967025,3.7861539822294543,44.086516271919045
6021,-0.011331514898483792,0.0062184522342316586,3.7748224673309707,43.58976902071835
6022,-0.003015169819380753,0.0059329461395230595,3.77180729751159,43.45853640846155
6023,-0.014990183401919354,0.007180415254421727,3.7568171141096705,42.81194335922809
6024,0.011810562941833115,0.008228699414282599,3.7686276770515037,43.32057420688421
6025,-0.0018690685446795738,0.0099521181712976,3.766758608506824,43.239680705595575
6026,-0.0010967249011362371,0.00966997067125165,3.765661883605688,43.19228466600768
6027,-0.013328355007224367,0.007828706130512784,3.7523335285984634,42.62042202226044
6028,0.004005472955960124,0.007264486140231939,3.7563390015544234,42.791479324039415
6029,-0.004442024625985489,0.0070334035801902055,3.751896976928438,42.60182006650229
6030,0.004502427031878531,0.007124232991178653,3.7563994039603164,42.79406411040518
6031,0.0030634750877207664,0.00781736454768616,3.759462879048037,42.92536367349414
6032,-0.004750237076091578,0.008443469212920909,3.7547126419719454,42.72194155362953
6033,-0.00451995690804979,0.009053098879253927,3.750192685063896,42.52927596686705
6034,-0.0016282693562241558,0.008380052366944238,3.748564415707672,42.460083197588084
6035,0.005396497520069264,0.007583882825655365,3.7539609132277407,42.68983831013268
6036,0.01331901182858825,0.00797085878939478,3.767279925056329,43.26222814340832
6037,0.0032185986765962413,0.006423301562571841,3.7704985237329254,43.401696219139104
6038,-0.0023042983539716547,0.005973048750018518,3.768194225378954,43.30180090049288
6039,0.009054258443684576,0.0063328374131590036,3.7772484838226386,43.695646898039676
6040,-0.005484527216310809,0.006495669583845504,3.7717639566063275,43.456652916968636
6041,0.0023594390576566794,0.007677205364151507,3.7741233956639846,43.55930729693007
6042,-0.005367604199934391,0.008590639101410238,3.76875579146405,43.32612455233192
6043,0.0019945485396354124,0.008719950569094055,3.7707503400036853,43.41262684862308
6044,-0.015310485481354288,0.008180791263928238,3.755439854522331,42.753020784938045
6045,-0.0013705927613896726,0.008443720678230382,3.7540692617609412,42.69446394208184
6046,-0.0031560483514594877,0.009322323838456084,3.750913213409482,42.559930558143165
6047,0.009717162483555485,0.010116400335745826,3.7606303758930375,42.975508166226184
6048,0.003556440763527116,0.010603413406838092,3.7641868166565646,43.12862012071659
6049,0.011259925265719402,0.007569946552228428,3.775446741922284,43.61698950160247
6050,-0.007610905050219207,0.006321601623392933,3.767835836872065,43.28628481328228
6051,-0.0015126204786728894,0.006845756573758637,3.766323216393392,43.22085858742729
6052,0.0034219027758280434,0.0070366126537889095,3.7697451191692197,43.36900949784367
6053,0.01037309114121935,0.0071334753261400536,3.780118210310439,43.82122154961743
6054,0.0017372283354243595,0.007605005535183842,3.781855438645864,43.897415181091674
6055,-0.006548443537427947,0.00670531871108016,3.7753069951084357,43.61089459217197
6056,0.012116653298284616,0.00799341224658711,3.7874236484067203,44.14252698042972
6057,-0.000159690446439638,0.008570799945129456,3.7872639579602807,44.13547840339943
6058,0.006755066315228283,0.008718832879269948,3.794019024275509,44.43462572935134
6059,0.01591349127146534,0.00754333080629275,3.8099325155469743,45.14739201645661
6060,0.0051310651093730815,0.007961587199326037,3.8150635806563473,45.379641558620705
6061,0.0016949240381602003,0.007644219233360014,3.8167585046945076,45.45662182336323
6062,-0.00039687437813354235,0.0073802622788079406,3.816361630316374,45.438584834291184
6063,0.005712860686400588,0.00744360728438117,3.8220744910027746,45.69891203774009
6064,-0.0019240699937592388,0.007852798131104706,3.820150421009015,45.61106866783692
6065,-0.004334852126001157,0.0069720297977523635,3.815815568883014,45.4137793488026
6066,0.0029167698966503664,0.006888378516977127,3.8187323387796646,45.54643426118053
6067,-0.0015252878107767018,0.006290481041816423,3.817207050968888,45.477015795206135
6068,-0.0038150118733965926,0.007030974287996936,3.813392039095491,45.303850962950904
6069,0.008601207306160128,0.006304883472949393,3.8219932464016515,45.6951993986778
6070,0.0030770506375725573,0.006341582630043007,3.825070297039224,45.83602238974659
6071,-0.007700287407204681,0.005356936915588556,3.817370009632019,45.48442727276915
6072,0.0047682261515339525,0.005729262134835001,3.8221382357835534,45.701825197718144
6073,-0.014635968966182869,0.007050784097310459,3.8075022668173704,45.03780583913345
6074,-0.005821611032552924,0.006942063161610971,3.8016806557848173,44.77637496455931
6075,-0.0007514755448797621,0.006795384845227458,3.8009291802399376,44.74273925357508
6076,0.003018819506083317,0.006141684868144747,3.803947999746021,44.87801358925837
6077,0.0038781978640259557,0.006698340292802852,3.807826197610047,45.05239733446906
6078,0.004283578158433574,0.005740829327537814,3.8121097757684805,45.24579672465352
6079,-0.003650996045679294,0.005696174949477885,3.8084587797228013,45.080905691147144
6080,0.0014819822068466587,0.005103620371621973,3.809940761929648,45.14776432066297
6081,0.0036190599254494788,0.007192473615137578,3.8135598218550975,45.311452805797515
6082,-0.006852903677694696,0.007931091651044917,3.8067069181774027,45.00199932273176
6083,-0.01078403437490035,0.00890902141197598,3.7959228838025023,44.51930359667924
6084,0.008677056856385439,0.009497535350266326,3.8045999406588877,44.907280941661
6085,0.005044619258355741,0.006215948522034274,3.8096445599172437,45.13439344235393
6086,0.004246354408023925,0.0069381549891073735,3.8138909143252677,45.32645757047922
6087,0.010660371076951758,0.006150790811983365,3.8245512854022192,45.81223913315964
6088,0.0065869834501392655,0.006226570361361666,3.8311382688523583,46.11499963867404
6089,-0.0006964025999502733,0.007388719126050146,3.830441866252408,46.082896212781044
6090,-0.0019318215912916474,0.007425254866968313,3.8285100446611167,45.99395821272159
6091,0.0015842454514400528,0.007461052113202274,3.8300942901125565,46.066881680898035
6092,0.001172180317649236,0.007567047231476173,3.8312664704302057,46.12091203337122
6093,-0.001441050753955153,0.0065092313776972536,3.8298254196762507,46.05449732328967
6094,-0.0005558676900829859,0.0059192604644751215,3.829269551986168,46.02890423009045
6095,0.0015139634136813792,0.007032273720036005,3.8307835153998493,46.09864308478329
6096,0.01237754498246125,0.007745908323094141,3.84316106038231,46.67277696724328
6097,0.019522118925612817,0.008232896073240771,3.8626831793079233,47.592880432650716
6098,0.009754218676490392,0.00831356723942912,3.8724373979844136,48.05938328246989
6099,-0.00891112642029585,0.007296805450817161,3.8635262715641177,47.63302254096604
6100,-0.009799797363991648,0.0074068260146459295,3.8537264742001263,47.16850836214483
6101,-0.0010614480002899983,0.008249055088249186,3.852665026199836,47.11846800558362
6102,-0.003908407528094154,0.007603650917867961,3.848756618671742,46.934669244719046
6103,-0.0028214877337175274,0.006385153138905525,3.8459351309380243,46.802430294174634
6104,0.004486104923056457,0.0069638364729902695,3.8504212358610808,47.01286256483629
6105,0.008936778623733469,0.007914591548237222,3.8593580144848145,47.43488908002187
6106,-0.006908517941037804,0.009343626353810877,3.8524494965437768,47.10831367269958
6107,-0.022806801652649974,0.010896080840689059,3.8296426948911266,46.04608279395722
6108,0.012039681673712518,0.010710229391257391,3.8416823765648394,46.60381368723419
6109,0.0065985193905856564,0.012005599258727045,3.848280895955425,46.91234666647626
6110,0.004506697239570442,0.011175469952935592,3.852787593194995,47.12424352856058
6111,-0.009255869299683863,0.011317886527876726,3.8435317238953113,46.69008006933168
6112,-0.00445870375261318,0.010849268938851617,3.839073020142698,46.482366245432914
6113,0.0003244014016170558,0.009115200831107631,3.839397421544315,46.4974476362733
6114,-0.023527227482552482,0.010280215865515164,3.8158701940617625,45.41626015237372
6115,0.006088231672709948,0.008022175279051507,3.821958425734473,45.6936082890498
6116,0.0004264685808696294,0.008543410474099256,3.8223848943153422,45.71309933319518
6117,-0.0028016075081388667,0.00767726459125384,3.8195832868072035,45.58520840462722
6118,0.00542692514344073,0.007044217150330031,3.8250102119506444,45.833268411018516
6119,0.0030542315011841737,0.00607150405725967,3.8280644434518285,45.97346781493411
6120,0.0003304859253486033,0.005518124216498503,3.828394929377177,45.98866390989584
6121,-0.006215962759581559,0.0052612027725049484,3.8221789666175954,45.703686709085886
6122,-0.004654761757631949,0.005128066468664517,3.8175242048599634,45.49144129515088
6123,0.0011495808045939458,0.006132160000952174,3.8186737856645574,45.54376745364822
6124,-0.006274098761903022,0.007315671130601842,3.8123996869026544,45.25891588650223
6125,-0.010423454407077416,0.006985473199433609,3.8019762324955773,44.78961177434107
6126,0.0024276966087722956,0.007954544895571302,3.804403929104349,44.89847945833792
6127,-0.0023462971781808644,0.007683838210672998,3.8020576319261683,44.79325777162493
6128,-0.0025383898320066054,0.006197538050160818,3.7995192420941617,44.679699210478944
6129,-0.0009204711672180273,0.00588073665284247,3.7985987709269438,44.638591757610705
6130,0.0021334997704682847,0.005906565318331486,3.800732270697412,44.733929848613734
6131,-0.0005396462930449797,0.006250638764643015,3.8001926244043673,44.70979586169159
6132,-0.008162014698029324,0.00720478281965399,3.792030609706338,44.346359056626774
6133,0.01003936638969378,0.007376138393182572,3.8020699760960315,44.79381071062037
6134,0.00537702616720043,0.006968268110640558,3.807447002263232,45.035316913649694
6135,-0.004756860383303998,0.006434167858094413,3.802690141879928,44.82159891510961
6136,0.00558211609368288,0.006627321332488751,3.808272257973611,45.07249790590433
6137,-0.00014146942031078094,0.006760007181992925,3.8081307885533002,45.06612197676375
6138,0.010877137663854373,0.00679433475581427,3.8190079262171546,45.55898801603449
6139,0.0006095731974663428,0.008595954038211447,3.819617499414621,45.586768020145506
6140,0.022326185455353975,0.009921474283520937,3.8419436848699746,46.615993242041746
6141,-0.020271106316762152,0.009810884360639392,3.821672578553213,45.68054876652154
6142,-0.02077726578352095,0.010246091864253947,3.8008953127696916,44.74122395584448
6143,-0.007410928677331622,0.010208829217153024,3.79348438409236,44.41087554238112
6144,-0.008494813082282192,0.008469171235819235,3.784989571010078,44.035211313580184
6145,0.006629393473099817,0.007597248361102489,3.791618964483178,44.32810784652603
6146,0.00044062930433585177,0.007851003062388355,3.7920595937875134,44.34764441372487
6147,-0.016409741166754272,0.007362565366223085,3.7756498526207594,43.62584947855312
6148,0.002369689843961873,0.008674632515182605,3.778019542464721,43.72935179675863
6149,-0.003934332126980878,0.008898870497751126,3.7740852103377405,43.557644002326896
6150,0.005432722514932824,0.0090841329416274,3.779517932852673,43.79492455168659
6151,0.005777994363460285,0.007868608515635598,3.7852959272161337,44.04870384050523
6152,0.0007661050493808757,0.007914070721521832,3.7860620322655145,44.08246270470315
6153,-0.00524038414159308,0.008159739472220179,3.780821648123921,43.852057898343716
6154,-0.014054050302077192,0.008720204272175212,3.7667675978218442,43.24006940245388
6155,0.026692141357403484,0.008904958268060403,3.7934597391792475,44.40978105369897
6156,0.011534716326939438,0.008185354238062605,3.804994455506187,44.92500102593267
6157,0.00712373240223546,0.007556576794144515,3.8121181879084225,45.24617734022825
6158,-0.009479795525007951,0.008424565407161267,3.8026383923834146,44.81927947994815
6159,0.0006759786409916258,0.008700305333795157,3.803314371024406,44.84958659790937
6160,0.006777573422200823,0.007979372122855384,3.810091944446607,45.15459038928616
6161,-0.008214373882012134,0.009350616111915861,3.801877570564595,44.78519296274328
6162,0.006672406747083378,0.009028452910388313,3.808549977311678,45.0850171485252
6163,-0.010031446133744019,0.009907108621018804,3.798518531177934,44.635010111909025
6164,0.0009574686880916504,0.00999911297809167,3.7994759998660257,44.6777672025051
6165,0.00018613827662605396,0.009110220874082888,3.7996621381426516,44.68608421912923
6166,-0.010855092677353224,0.008595850825927436,3.7888070454652985,44.20363588160394
6167,0.0046964308458045355,0.008675506858519321,3.7935034763111033,44.41172345262578
6168,0.014088425062531032,0.008301042412814897,3.8075919013736343,45.04184296380518
6169,0.010098244252809405,0.010957427021089603,3.8176901456264436,45.498990806156186
6170,0.006579275552028588,0.009966079895704373,3.8242694211784722,45.79932812159987
6171,0.002432429572102416,0.009059181164980475,3.826701850750575,45.91086736238367
6172,0.008385900545216074,0.007866915525370033,3.8350877512957906,46.297490154456504
6173,0.005143857734449299,0.009076318368466684,3.8402316090302397,46.53625140777903
6174,-0.0011496161677880291,0.00931468967211611,3.839081992862452,46.48278332054988
6175,0.0011413469977471708,0.011031402206407418,3.840223339860199,46.535866593194136
6176,-0.0052012893366021416,0.009557756726827963,3.835022050523597,46.294448473524206
6177,-0.01441850226033186,0.01567042973866853,3.820603548263265,45.63174096938369
6178,-0.012245621490797498,0.01650569040209628,3.8083579267724676,45.076359378062875
6179,-0.008992932236363748,0.012841098454382412,3.799364994536104,44.672808007470245
6180,-0.024908859165724287,0.016505161071508866,3.7744561353703796,43.57380361966816
6181,0.013493424309856583,0.01668867680869618,3.787949559680236,44.16574813860943
6182,-0.017910804252879345,0.0170295532005147,3.7700387554273567,43.38174608138157
6183,-0.019401082117113236,0.01712652583376501,3.7506376733102433,42.548205206130106
6184,-0.011319783028056736,0.015121386531170216,3.739317890282187,42.06928450812171
6185,0.006777321806379795,0.010257066129326588,3.7460952120885667,42.35536993887055
6186,0.0016375861693473381,0.010011224339505565,3.747732798257914,42.424787329846744
6187,0.0006676535722906688,0.008103780543763456,3.7484004518302045,42.453121848429916
6188,0.004145043414898704,0.010896392698614567,3.7525454952451036,42.62945708772733
6189,0.005645418950070678,0.010150153077675129,3.758190914195174,42.87079882924382
6190,-0.0058496862516305,0.009905201740891543,3.7523412279435435,42.620750172860326
6191,-0.014261154565926592,0.00937605769356064,3.738080073377617,42.01724265238362
6192,0.00276759446025588,0.009286343274265614,3.740847667837873,42.1336904061343
6193,0.003987877659943025,0.007364530058761218,3.744835545497816,42.30204988421591
6194,-0.0003048880579713579,0.007928549550233975,3.7445306574398445,42.28915446030877
6195,0.0012610761243944419,0.008672658467476523,3.7457917335642392,42.34251794395502
6196,-0.017764085861627477,0.008740472872473828,3.7280276477026115,41.59698329549876
6197,-0.0018618089891687323,0.007583837022928854,3.7261658387134426,41.519609707847614
6198,0.0049139271807550405,0.008461709392107887,3.7310797658941977,41.72413614899179
6199,0.0065570790067245414,0.008213918046210446,3.7376368449009223,41.99862354049301
6200,0.01123963606096321,0.007807648066102981,3.7488764809618855,42.473335581941875
6201,0.0018429773741496826,0.007574813352225677,3.750719458336035,42.55168515449217
6202,0.006057643410871408,0.00789362321038609,3.7567771017469065,42.81023038649004
6203,0.013348076366307752,0.007766260315818527,3.7701251781132146,43.38549541040634
6204,0.00302903087937271,0.008162515080557186,3.773154208992587,43.51711064840027
6205,-0.0010819041764330143,0.007961084805134206,3.772072304816154,43.47005476421226
6206,-0.00802565737365233,0.0074199723368834096,3.764046647442502,43.12257523959367
6207,0.006590251799718948,0.008277164611091101,3.770636899242221,43.40770236649998
6208,-0.011339661682249827,0.008500273447322607,3.759297237559971,42.91825404122077
6209,-0.007541418896324821,0.010295455204061254,3.751755818663646,42.59580689191935
6210,0.0033320236965408874,0.010005350350702361,3.7550878423601866,42.73797385016073
6211,-0.011545226672377885,0.009895680030385585,3.743542615687809,42.247391645143736
6212,0.0017575882497140565,0.010148231043180925,3.745300203937523,42.32171045608312
6213,-0.0048687238200680995,0.011591355099778324,3.7404314801174547,42.11615853010018
6214,0.012192660071069235,0.011052842333598928,3.752624140188524,42.632809810803664
6215,0.009189386441297917,0.009360416640035148,3.761813526629822,43.02638476178255
6216,0.00046036283662682107,0.008314941506150506,3.762273889466449,43.04619707039668
6217,0.004858086313830939,0.0088950246987233,3.7671319757802797,43.25582800153407
6218,0.0036416681610155323,0.006910805746488188,3.770773643941295,43.413638545558854
6219,-0.001670924018492073,0.006208076869426832,3.7691027199228033,43.34115822560038
6220,-0.008993560011092527,0.006275802231851667,3.7601091599117105,42.953114481044565
6221,-0.0033478832426926306,0.007678762077042443,3.756761276669018,42.80955291662026
6222,0.00006510563589751186,0.009568758013953887,3.7568263823049155,42.812340150516725
6223,0.01213152970537269,0.008977181729637516,3.768957912010288,43.33488253734736
6224,0.0006714728296814037,0.009396545529745916,3.76962938483997,43.36399050505969
6225,0.008634549221175831,0.008825798820692447,3.7782639340611457,43.74004018887826
6226,-0.00669508187707081,0.00890550022723915,3.7715688521840747,43.44817515885917
6227,-0.011412899081682895,0.0078388549597186,3.760155953102392,42.95512444134669
6228,0.00010574261013017466,0.008816647966395714,3.760261695712522,42.95966686848341
6229,0.0012849064083513748,0.007127789876723215,3.761546602120873,43.01490149780865
6230,0.004296290289511761,0.00726208340028239,3.765842892410385,43.20010355744996
6231,0.0004264569678713627,0.008348413024317743,3.7662693493782564,43.21853047148848
6232,-0.005566115815439013,0.008397356685294816,3.7607032335628174,42.97863937567371
6233,-0.004756480383637169,0.010150820519633195,3.75594675317918,42.7746977272925
6234,0.0020529724219090864,0.008886997840424118,3.7579997256010893,42.862603204968266
6235,-0.0032870410313182302,0.011869048666943827,3.754712684569771,42.721943373491385
6236,0.00687026840368795,0.01060068839839761,3.761582952973459,43.01646515457195
6237,-0.001176720482079364,0.012300247844793184,3.7604062324913796,42.96587656910763
6238,-0.003622236207413402,0.01195872979841701,3.756783996283966,42.81052554422745
6239,0.009601716445459912,0.011054217303245559,3.7663857127294262,43.22355981713686
6240,0.02285080612498344,0.01238705136451448,3.7892365188544095,44.22262424412338
6241,0.012877351573845725,0.008597082500349063,3.802113870428255,44.79577694818229
6242,-0.010199154054251008,0.008418096928298842,3.7919147163740043,44.34121990710118
6243,-0.003949670243319557,0.009754225503577399,3.787965046130685,44.16643211457567
6244,0.0022824618362328342,0.009709105806603946,3.7902475079669173,44.26735544332843
6245,-0.011358534402695046,0.009539833118987876,3.7788889735642224,43.76738798769942
6246,-0.0036080021494781962,0.008356572603481282,3.775280971414744,43.60975969037672
6247,-0.008660523449312372,0.008112891194655377,3.766620447965432,43.23370710056743
6248,0.009887169845720639,0.0077442330768832226,3.7765076178111525,43.66328626732891
6249,0.002895816403911385,0.008064687490662395,3.779403434215064,43.789910379554655
6250,0.005983270442378284,0.007735727966313933,3.785386704657442,44.052702650630955
6251,0.012119773969049332,0.008304936462583467,3.7975064786264916,44.58985998704489
6252,-0.0005774530053504755,0.00970737606135205,3.796929025621141,44.564118871244844
6253,-0.010975116237034593,0.00970378632070772,3.7859539093841064,44.07769663948095
6254,-0.008588291432842506,0.009417992767444936,3.777365617951264,43.70076544933647
6255,0.009348693367741643,0.008214581478735512,3.7867143113190056,44.11122615162887
6256,-0.007469885629043551,0.008142481683925198,3.7792444256899618,43.78294796404722
6257,0.0221625856547161,0.008554868345777815,3.8014070113446783,44.7641238348039
6258,0.009462417010095302,0.008316233794772731,3.8108694283547733,45.189711007782385
6259,0.0020917068209278297,0.01064542425512518,3.8129611351757013,45.28433356135382
6260,0.022005623083317227,0.010915494457346157,3.8349667582590183,46.291888819395886
6261,-0.004192023466889798,0.012650180729541225,3.8307747347921284,46.098238312458975
6262,-0.011192709122806493,0.011992464001686262,3.8195820256693223,45.585150915430326
6263,0.0043185284970960166,0.011050778027323791,3.823900554166418,45.782437375692574
6264,0.011116676510361058,0.01041472813656447,3.835017230676779,46.29422534191179
6265,0.0045512875089310035,0.014240708226112652,3.83956851818571,46.50540387402069
6266,0.0031523792715610318,0.012694870871730131,3.842720897457271,46.652237861821654
6267,0.00023931729932368453,0.010394104943235503,3.842960214756595,46.663403885452176
6268,-0.008275364754155013,0.009862091058041495,3.8346848500024397,46.27884059301287
6269,0.004553636271831997,0.010581773736284572,3.839238486274272,46.49005813911834
6270,-0.01359425354855521,0.011650939119610132,3.8256442327257165,45.86233686941007
6271,0.0006537087968781644,0.010754088946781523,3.826297941522595,45.89232728389789
6272,-0.006151727241756468,0.01131995548660415,3.8201462142808382,45.61087679487275
6273,-0.011423181118055266,0.01110202101972133,3.8087230331627833,45.092820049689315
6274,-0.0044456798465084164,0.0118074423462439,3.804277353316275,44.89279675757089
6275,-0.0009409988240087478,0.011845718370560473,3.8033363544922656,44.850572558192226
6276,-0.0018861113034424075,0.01333403823938843,3.8014502431888233,44.76605911226132
6277,-0.008589531498040226,0.011928736238966977,3.7928607116907833,44.38318634036855
6278,0.0008044112979838789,0.01158772990620829,3.793665122988767,44.41890304043384
6279,0.004218680446832088,0.01313216620764322,3.797883803435599,44.60668802207053
6280,-0.023721819840251242,0.013152845287726766,3.7741619835953477,43.56098819292121
6281,0.013544342893867212,0.011102343564708867,3.7877063264892152,44.15500686912543
6282,0.0033350653777789977,0.01150275711434175,3.791041391866994,44.302512537592925
6283,-0.0061906054901166825,0.014147454315675765,3.7848507863768774,44.029100326995454
6284,-0.010935931648991115,0.01577589086265836,3.7739148547278862,43.55022434532711
6285,-0.008395417902495726,0.014727922708698516,3.7655194368253904,43.18613250231167
6286,-0.0015032562835446235,0.01324811311111159,3.764016180541846,43.1212614483915
6287,-0.0000892093940298051,0.010895979775138271,3.763926971147816,43.11741479836909
6288,-0.003468635569806239,0.009963962422654404,3.7604583355780097,42.968115282218065
6289,-0.006183463614488984,0.00921081438460404,3.754274871963521,42.70324326198995
6290,0.0083341732863164,0.009336900540478739,3.762609045249837,43.06062667024454
6291,-0.0022839491058448645,0.011471725651119327,3.7603250961439922,42.962390616241166
6292,0.0011747220810858227,0.00975918935413636,3.7614998182250785,43.01288914021269
6293,0.0007219475767110564,0.007608673291240573,3.7622217658017894,43.04395340333029
6294,-0.0014999232004424207,0.006779505379020059,3.760721842601347,42.979439174271526
6295,-0.004446471115249802,0.006003525426146242,3.756275371486097,42.788756585911166
6296,0.0034683215795209563,0.006327534103244791,3.759743693065618,42.93741940995409
6297,0.0005815750677280308,0.0074142019157014925,3.760325268133346,42.962398005315606
6298,-0.012024865370986007,0.007512020289517464,3.74830040276236,42.44887466562877
6299,-0.0053191061696421385,0.009590853361199582,3.742981296592718,42.223684031886016
6300,-0.020025241940142723,0.009894301454268254,3.7229560546525753,41.386554380064986
6301,0.0094935469133275,0.01135386904936137,3.7324496015659028,41.78133052356348
6302,0.00031515020475802297,0.011589725390732789,3.732764751770661,41.79449999350462
6303,-0.021261176990411034,0.013060765431834497,3.7115035747802496,40.915279483173556
6304,0.0023002626523435468,0.012543437822268516,3.713803837432593,41.00950370115702
6305,-0.018154528134102163,0.019800314860377838,3.6956493092984912,40.27171289813094
6306,0.024558521540273447,0.020722492659192987,3.7202078308387643,41.27297101349128
6307,-0.024005349848536573,0.01846684578781146,3.696202480990228,40.29399623237057
6308,0.0030650936725564247,0.017890949181908557,3.6992675746627843,40.41769057579882
6309,0.009159911783865635,0.014921206629186154,3.70842748644665,40.78961384767772
6310,0.010908336143287196,0.014961283972738368,3.7193358225899376,41.23699632970403
6311,0.006975315446784555,0.01578971700009941,3.726311138036722,41.525642917340996
6312,0.01705125449101403,0.013681091663654141,3.743362392527736,42.23977837278122
6313,0.01069015125029621,0.010987243307688146,3.754052543778032,42.693750182729666
6314,0.00016466414061810212,0.01114636425008907,3.75421720791865,42.70078089125016
6315,-0.007326838576805341,0.010262940295531858,3.7468903693418447,42.38906251216449
6316,0.015766502725872468,0.01102438890710494,3.7626568720677174,43.062686172243424
6317,-0.004321122690008783,0.011677688021257585,3.7583357493777085,42.87700847889466
6318,0.005734370367816355,0.011692480972304803,3.764070119745525,43.12358743762609
6319,-0.0042521049709869805,0.010377974382487259,3.759818014774538,42.94061071093125
6320,0.001870313304582933,0.01024779232896375,3.7616883280791207,43.02099825796673
6321,-0.0020451612140400914,0.012223204958934893,3.759643166865081,42.93310329126508
6322,-0.007516315643202439,0.011821770365120967,3.7521268512218784,42.61161425546236
6323,-0.010792432868096212,0.00966704902588678,3.741334418353782,42.1542039937713
6324,-0.007018182131266865,0.010415643036320019,3.7343162362225155,41.85939383829601
6325,0.005893627322523837,0.010758681516001787,3.740209863545039,42.10682592557154
6326,-0.008249092716199422,0.010909936151754498,3.73196077082884,41.76091151609401
6327,0.0033876839228072,0.011015307014830411,3.735348454751647,41.90262418797969
6328,0.006262416601517498,0.011098375007723272,3.7416108713531644,42.1658592608945
6329,-0.005653290203598649,0.013138265665245993,3.7359575811495658,41.928155957762705
6330,0.008516788286269842,0.011737771441468007,3.744474369435836,42.28677415520494
6331,-0.0005011367215705071,0.011460034500348203,3.743973232714265,42.26558800886034
6332,-0.017512990898372684,0.011211428459398655,3.7264602418158925,41.53183500925314
6333,0.002757574217906597,0.013201682560118241,3.729217816033799,41.646520180458424
6334,0.017231968767167188,0.014938917615465013,3.7464497848009666,42.370390660086045
6335,-0.006742573615342387,0.014083979536434909,3.7397072111856238,42.08566614862398
6336,-0.0009321170877939855,0.013068512063826273,3.73877509409783,42.04645565727914
6337,0.0017018622279488668,0.00804919633208478,3.7404769563257787,42.11807385684987
6338,0.003979712799727043,0.010193920177746243,3.744456669125506,42.286025672803746
6339,0.015264981423956308,0.008958894897120944,3.759721650549462,42.93647297162403
6340,0.0035894397629244626,0.008696460731895539,3.7633110903123868,43.09086778465913
6341,0.010239538032123498,0.007755556135096607,3.7735506283445104,43.53436509297299
6342,0.0018354474534376475,0.008025481486895374,3.775386075797948,43.6143435081561
6343,0.013150635147881238,0.009603613195668876,3.788536710945829,44.191687728011026
6344,-0.001557815873751258,0.009211846676811774,3.786978895072078,44.122898809526426
6345,0.0077065541859485,0.010818379274138614,3.7946854492580266,44.46424794342162
6346,-0.004633330072629247,0.010940270943434995,3.7900521191853973,44.25870694362467
6347,-0.022247854799998374,0.011024257707626061,3.767804264385399,43.28491817920632
6348,-0.004280715547774572,0.01152331991549197,3.7635235488376244,43.10002377948001
6349,-0.0037045873491609246,0.011274096251376774,3.759818961488463,42.94065136342461
6350,-0.02580548194238252,0.011029535686045408,3.734013479546081,41.84672254559599
6351,0.012354574300108336,0.009811155186448975,3.746368053846189,42.36692782911527
6352,-0.011971897780051257,0.009203637800031002,3.734396156066138,41.86273936819103
6353,0.0013010524327839621,0.00784180939939511,3.735697208498922,41.917240433773
6354,-0.010494817661391907,0.0085953926726184,3.72520239083753,41.479626991790056
6355,0.00885279682709,0.007960792844160925,3.73405518766462,41.848467930058476
6356,-0.001574569776046455,0.007981264777274873,3.7324806178885734,41.78262644688989
6357,-0.003576030029884211,0.008030238399839235,3.7289045878586893,41.633477359738734
6358,0.0007929215204616036,0.0074612486462057636,3.729697509379151,41.66650253136327
6359,0.0015787711086066517,0.007163401223599155,3.7312762804877577,41.73233635635257
6360,0.003475306135159484,0.007591472280519878,3.734751586622917,41.877621309544644
6361,0.013902598502775544,0.008742139444034609,3.7486541851256927,42.46389498563428
6362,0.008972037010196188,0.010109775166849312,3.757626222135889,42.84659686354178
6363,-0.012900720272506215,0.010665131973882767,3.7447255018633827,42.297395069023764
6364,-0.012057940136776777,0.010029342360948146,3.732667561726606,41.79043818159603
6365,0.013738061806653835,0.010164535663197354,3.74640562353326,42.3685195712364
6366,0.004393165790262396,0.00966065474241208,3.750798789323522,42.55506095559576
6367,0.0010698287747786758,0.010866061132382643,3.7518686180983005,42.600611945854006
6368,0.011168715746027935,0.013071883046245769,3.763037333844329,43.07907299541244
6369,0.005505675022266716,0.007623438133626427,3.7685430088665957,43.31690648776869
6370,-0.0016663592094308907,0.007167956154492978,3.7668766496571644,43.24478506850293
6371,0.007257881970263544,0.006142569133134543,3.774134531627428,43.559792374484644
6372,0.0036054811669419965,0.005838663092136902,3.77774001279437,43.71712985374365
6373,-0.00039240828092349374,0.0056533991766252924,3.7773476045134466,43.69997825540553
6374,0.001431091424514726,0.005499346342953551,3.7787786959379615,43.762561690165704
6375,-0.004677771822033263,0.005343798718880989,3.774100924115928,43.558328462860835
6376,0.0013840805323507694,0.005176402301635029,3.775485004648279,43.618658438449316
6377,0.0041006433834510836,0.006154102749172136,3.77958564803173,43.797890233254094
6378,0.003355740117924256,0.005887511155560197,3.7829413881496543,43.94511145050802
6379,-0.0027872041386069954,0.00616298572969768,3.7801541840110473,43.822797989476754
6380,-0.0028485817161842475,0.006047096900650269,3.777305602294863,43.69814279791366
6381,-0.004843632463097981,0.005469506911073069,3.772461969831765,43.486996824430264
6382,-0.0006004928647628714,0.005899046843794696,3.7718614769670022,43.46089103208271
6383,0.003787428304667468,0.006494997001235405,3.7756489052716695,43.625808149663904
6384,0.014259381288281128,0.007483771496435293,3.7899082865599505,44.252341555392306
6385,0.0055100670826487615,0.0074255426420582055,3.7954183536425994,44.49684793057359
6386,-0.01623168832608493,0.008647238635736475,3.7791866653165145,43.78041911765645
6387,-0.014219690751408418,0.010650771317848032,3.764966974565106,43.16228038324099
6388,-0.007531539413247747,0.01018156349670466,3.7574354351518586,42.838423070301694
6389,-0.0036368505884214926,0.009967553081495105,3.753798584563437,42.68290908812134
6390,-0.005487114575358596,0.009953580051148221,3.7483114699880784,42.449344459505845
6391,-0.005289179729115094,0.010878534059872151,3.7430222902589634,42.22541497097541
6392,0.004640154934302609,0.011416858578267559,3.747662445193266,42.42180272103046
6393,0.028491877752148925,0.01443227190394762,3.776154322945415,43.64786297711447
6394,0.04156752335283475,0.012439244795403715,3.8177218462982494,45.50043317759318
6395,-0.007995000150704031,0.013023786261323732,3.8097268461475453,45.138107534254466
6396,0.005145690484372979,0.013023878698832352,3.8148725366319187,45.37097287734646
6397,-0.015929494778318665,0.012083237971866907,3.7989430418536,44.653962172601425
6398,0.00454281933321965,0.010749399531879091,3.8034858611868194,44.857278520324876
6399,0.007177554453723289,0.008714854592764141,3.810663415640543,45.180402311650184
6400,-0.011918909310140856,0.009101065231125029,3.7987445063304017,44.645097654848556
6401,-0.0011565501609808928,0.00967221713512481,3.797587956169421,44.593493207287125
6402,-0.0014790886146945673,0.00851960804505266,3.7961088675547265,44.527584233816675
6403,0.008775810576421161,0.010332309641456473,3.8048846781311476,44.9200695479337
6404,0.010696486032508256,0.010890830691722418,3.815581164163656,45.40313539214491
6405,-0.006913643239960934,0.0115098418036736,3.808667520923695,45.09031691575949
6406,-0.004752091938335681,0.013469837217195847,3.803915428985359,44.87655190202304
6407,0.004232667200380773,0.010518550780057605,3.80814809618574,45.06690197138832
6408,-0.01163894945771839,0.010478142549637682,3.7965091467280216,44.545411266079455
6409,-0.025718487383554697,0.013726502037536253,3.770790659344467,43.41437725240654
6410,0.02397042040771428,0.013788513968882088,3.794761079752181,44.46761092363611
6411,0.013275690666400082,0.014053804596272954,3.8080367704185814,45.0618851432092
6412,0.0050681335138777935,0.012197789727448045,3.813104903932459,45.290844501714226
6413,0.0003813839676131493,0.012011919364558234,3.8134862879000724,45.308120997966775
6414,-0.004444611914808714,0.011275961226123723,3.8090416759852634,45.10719084259695
6415,0.016731338122312908,0.01065423868397116,3.8257730141075763,45.86824346484903
6416,-0.0009905682093137584,0.009984447451135418,3.8247824458982627,45.82283033716935
6417,0.007432018670615261,0.010058202157251029,3.832214464568878,46.164655118467245
6418,-0.009840739343546158,0.011394156347628888,3.822373725225332,45.71258876232539
6419,-0.004097817590838548,0.010615221722310775,3.818275907634493,45.52565019364093
6420,-0.013990430021929678,0.010436003731262257,3.8042854776125634,44.89316148143453
6421,0.0052947005436640784,0.014232236848430679,3.8095801781562275,45.13148770416099
6422,0.0073053636129826885,0.01463231679519181,3.8168855417692105,45.462396866440066
6423,-0.01564886395990476,0.01444186898198027,3.801236677809306,44.75649965267865
6424,-0.019516550183222608,0.01609340766806145,3.781720127626083,43.891475778920125
6425,0.008665287681557273,0.015218585273388985,3.7903854153076404,44.273460657565714
6426,-0.01458855425464236,0.016010306988198532,3.775796861052998,43.63226331772271
6427,0.015040472346305836,0.014741019508273851,3.7908373333993035,44.293473157082104
6428,0.0027227305585423565,0.013758928894441946,3.793560063957846,44.41423667865185
6429,-0.0071860252700304324,0.010685629718295885,3.7863740386878155,44.09621886207099
6430,-0.017322630760771653,0.010306601937021835,3.769051407927044,43.338934361329244
6431,0.004243300793851726,0.011847216435198675,3.7732947087208957,43.52322522016092
6432,-0.01364352143632693,0.012911531530905232,3.7596511872845686,42.933447634144265
6433,-0.003763778127758645,0.0106794941693376,3.75588740915681,42.77215937999232
6434,-0.016523658323677574,0.010749187485756448,3.7393637508331325,42.07121387292767
6435,0.00926993770079591,0.009926423254150118,3.7486336885339284,42.46302462943374
6436,-0.006963073362149265,0.01012710687668638,3.7416706151717793,42.16837848559523
6437,0.011258012517167834,0.012088954316324264,3.752928627688947,42.64579294499969
6438,0.017136835915485288,0.01331363399977135,3.7700654636044324,43.382904744210585
6439,-0.020998044076677276,0.012961186099482921,3.749067419527755,42.48144615401144
6440,0.00023769154145403658,0.013095175110984117,3.749305111069209,42.49154483456891
6441,0.021218803068740907,0.0145158756089896,3.77052391413795,43.40279821977493
6442,-0.014662026065751491,0.01536674756556082,3.7558618880721983,42.771067802022934
6443,0.013156618203236676,0.01513188164278071,3.769018506275435,43.337508462267124
6444,0.0030777158963181043,0.013654102532724628,3.7720962221717533,43.47109446540337
6445,0.01838163532139375,0.013529295140066943,3.790477857493147,44.277553582205364
6446,-0.010882894512359886,0.013697969832503237,3.779594962980787,43.79829821027056
6447,0.007728960341838269,0.013383246015098858,3.7873239233226252,44.13812508270789
6448,-0.011720654191567549,0.012159787666931059,3.7756032691310577,43.62381728157699
6449,-0.0012258283338454498,0.011623201821292065,3.7743774407972124,43.570374732710206
6450,-0.013640070719092784,0.009981170416928168,3.7607373700781195,42.980106541696244
6451,0.010449643171228462,0.010923468014570628,3.7711870132493477,43.43158812093066
6452,-0.0075638269547558335,0.01151029699897502,3.763623186294592,43.104318370192146
6453,-0.010993932464356055,0.01497814714896733,3.7526292538302357,42.633027820275615
6454,0.02052722262252066,0.013787936713451744,3.7731564764527565,43.517209321827224
6455,0.007586081982854256,0.014209922287120837,3.7807425584356107,43.84858978990038
6456,0.00770371382424252,0.011377673438174753,3.7884462722598533,44.18769127056176
6457,-0.0020541987384466243,0.0101278428592516,3.786392073521407,44.09701413721148
6458,0.00794019937708781,0.01120972942162219,3.7943322728984947,44.448546994968744
6459,0.016149765810346297,0.009428478917734658,3.810482038708841,45.17220837202412
6460,0.006755356751329423,0.009837970560368208,3.8172373954601704,45.47839579305304
6461,0.003843328654540599,0.00975471239278157,3.821080724114711,45.65352053016069
6462,-0.009468786748773397,0.010102203864372616,3.811611937365938,45.223277235488716
6463,0.007418250238234981,0.010193836579582206,3.819030187604173,45.560002233587774
6464,0.002485375075938417,0.009625380837095233,3.821515562680111,45.6733767583475
6465,0.007543996376025213,0.009135970413053541,3.829059559056136,46.01923950042298
6466,0.0017295850128675543,0.009180875911019815,3.8307891440690036,46.09890255952393
6467,0.00634888634191892,0.010624577497373524,3.8371380304109226,46.39251030723469
6468,0.0015845171656368126,0.00986904279183601,3.8387225475765594,46.46607830565942
6469,-0.005040420576295509,0.010110189700471235,3.833682127000264,46.232458992871116
6470,-0.001272118191406813,0.00973554146679604,3.832410008808857,46.17368323353546
6471,0.01285318865205989,0.010013946858715312,3.845263197460917,46.77099273760618
6472,-0.0010206951361625984,0.009692892968959485,3.844242502324754,46.72327816796246
6473,0.01048669856814969,0.012029693433842095,3.854729200892904,47.21582920550951
6474,0.0023838833196535574,0.010660875440747022,3.8571130842125574,47.32852050125846
6475,-0.0064451992254697206,0.012032132566474127,3.8506678849870877,47.02445967644892
6476,-0.009202664571882194,0.010945390312970696,3.8414652204152056,46.59369448125929
6477,-0.02091755345909934,0.011400995791373164,3.8205476669561063,45.629191079296646
6478,0.005930581636257795,0.013487652571114362,3.8264782485923643,45.90060274099464
6479,-0.005536800648220444,0.010343392139676492,3.8209414479441435,45.64716252541787
6480,-0.0032673709543668294,0.010472350045986907,3.8176740769897766,45.498259705278116
6481,0.011883365630933387,0.013378618841229588,3.82955744262071,46.0421574281808
6482,-0.012708856611164863,0.0140650434987265,3.816848586009545,45.460716800071914
6483,-0.011269488507413635,0.015447544882690909,3.8055790975021315,44.95127374752012
6484,-0.009198101831063484,0.01584107300130677,3.7963809956710683,44.53970309030548
6485,0.008284554157159226,0.016987125858423026,3.8046655498282274,44.91022736771611
6486,0.029375409579448772,0.017197652629510698,3.8340409594076763,46.249051674249976
6487,-0.022176068430395733,0.014665326839788512,3.8118648909772803,45.234718073721844
6488,0.011050300855595831,0.01279488783066552,3.8229151918328763,45.73734730504176
6489,0.012819022342214255,0.01156337069310632,3.8357342141750905,46.32742943952166
6490,0.007159209429452869,0.011371141616564379,3.8428934236045436,46.66028728702979
6491,0.007022137572019453,0.008728267289268461,3.8499155611765628,46.98909536013385
6492,-0.00941226475109657,0.011172868392210406,3.8405032964254664,46.548896438377554
6493,0.003995434862248458,0.009397570497858094,3.8444987312877146,46.73525155897283
6494,-0.00018099006052883567,0.00936053911969593,3.8443177412271856,46.72679370838086
6495,-0.012686458569180124,0.011119696538856425,3.8316312826580057,46.137740575480606
6496,-0.003662030370379297,0.010442824447906281,3.8279692522876263,45.969091755294805
6497,0.004721684555301303,0.010090177216621764,3.8326909368429276,46.18665653778917
6498,-0.0031504219904822683,0.010244010520559427,3.8295405148524453,46.04137804380608
6499,-0.004667488544440081,0.010058207425023065,3.8248730263080053,45.82698117590636
6500,-0.006683589825957362,0.009761953384210036,3.818189436482048,45.521713708401535
6501,0.015801298624984413,0.013645977960105388,3.833990735107032,46.24672890630437
6502,-0.03414209356436194,0.015324908747995702,3.7998486415426704,44.69441910298755
6503,-0.027171126424617095,0.018181826466914127,3.7726775151180534,43.49637125188114
6504,-0.02070879367159217,0.016990297483795085,3.751968721446461,42.60487662319415
6505,0.004108504532116411,0.01767263002907414,3.7560772259785775,42.78027902594427
6506,0.011573236296357639,0.018814741376939177,3.7676504622749354,43.27826137936717
6507,0.011141928715854886,0.01683078318327144,3.77879239099079,43.76316102486392
6508,0.007560826294729409,0.01818485650821946,3.7863532172855194,44.09530072651679
6509,0.010580781673218272,0.01673211439575957,3.7969339989587376,44.564340504203805
6510,-0.01097698297845867,0.014379592759916758,3.785957015980279,44.077833571297326
6511,-0.0017355693810617151,0.015273284394624026,3.7842214465992177,44.00139978022735
6512,-0.0084452971638159,0.013126418942984623,3.7757761494354014,43.631359632328426
6513,0.016785875711777518,0.010018026457260562,3.7925620251471788,44.36993165944235
6514,0.004383772445878256,0.011368406112071317,3.7969457975930574,44.56486630566298
6515,-0.01972242096433034,0.015604490481829804,3.777223376628727,43.694549836732044
6516,-0.0018643933109874463,0.015058053647469396,3.7753589833177394,43.613161903424164
6517,0.0018054682401780408,0.014276978004444836,3.7771644515579177,43.69197520814476
6518,0.0022039916974086185,0.013397113610189313,3.779368443255326,43.788378155370786
6519,0.012214148558101007,0.01382967347205682,3.791582591813427,44.3264955442207
6520,-0.0038400917890253324,0.014100329236440492,3.787742500024402,44.15660414070939
6521,-0.031106908559143536,0.016465084240319946,3.7566355914652583,42.80417272735126
6522,0.009022593341935795,0.016006482029491842,3.765658184807194,43.192124906745676
6523,0.0008768452908641119,0.019528777510186286,3.766535030098058,43.23001432722489
6524,-0.017200412772051123,0.0166851256014012,3.749334617326007,42.492798619499695
6525,0.006799836818012498,0.015857758901810588,3.7561344541440196,42.782727332885415
6526,-0.015107823981536143,0.017827494153831846,3.7410266301624837,42.14123142407273
6527,-0.001702762210975339,0.016521408690706358,3.739323867951508,42.069535985144704
6528,-0.00650343399807297,0.015998698496025553,3.732820433953435,41.796827267285465
6529,0.0164177978674262,0.01719878056715242,3.7492382318208612,42.48870312701593
6530,0.021857833870303052,0.0189417230309189,3.7710960656911645,43.42763830365888
6531,0.010451429825466301,0.018923688028232088,3.781547495516631,43.8838993548553
6532,-0.009993458858737493,0.019358285280670275,3.7715540366578932,43.44753145605098
6533,-0.022857965037598682,0.022204506295538464,3.7486960716202944,42.46567368659388
6534,-0.012449370396774156,0.026247881126371744,3.7362467012235205,41.940279981878916
6535,-0.01938651709980097,0.02462076110624123,3.7168601841237194,41.13503469750337
6536,-0.026546855846373594,0.024492752405780797,3.690313328277346,40.057396106099354
6537,0.04925231729505401,0.019389342161533814,3.7395656455724,42.0797086871835
6538,-0.016299314252470526,0.022292374233643948,3.7232663313199295,41.39939765461248
6539,0.005000340866709671,0.019076148190706615,3.728266672186639,41.60692718133681
6540,0.011578381626446081,0.016890165169080734,3.739845053813085,42.09146774726897
6541,-0.011381341233924522,0.01984915460186946,3.7284637125791606,41.61512623434603
6542,-0.015279575648533312,0.01909396286402206,3.713184136930627,40.98409796391513
6543,-0.005643150589734787,0.017414158893130575,3.7075409863408924,40.75346987387332
6544,0.009404359113317561,0.01701770343370344,3.71694534545421,41.13853796095716
6545,0.0005830302768573849,0.012556589395176754,3.7175283757310673,41.16252996748752
6546,-0.0036983095390278257,0.013453949154396955,3.7138300661920396,41.01057934367094
6547,-0.006724136278499434,0.014672666034274945,3.7071059299135403,40.73574367109661
6548,-0.00803331691045474,0.013419461551571503,3.6990726130030853,40.40981144385224
6549,-0.002139461519675678,0.013118774622829529,3.6969331514834094,40.323448625156765
6550,0.0055853434054860445,0.011916929945993996,3.7025184948888956,40.54929907203708
6551,0.02014743617086142,0.012233437364227322,3.722665931059757,41.37454890583374
6552,0.0044143721544709835,0.013010715991882752,3.727080303214228,41.55759528259462
6553,-0.017285216940213715,0.01607253464221868,3.7097950862740143,40.845435878933756
6554,0.03794282184867368,0.016715523060663068,3.747737908122688,42.425004115326935
6555,-0.001167071428293227,0.015787566799440926,3.746570836694395,42.375519986551815
6556,0.004197919289799624,0.015127196335098611,3.7507687559841942,42.55378290420214
6557,-0.0069175194263414895,0.01735157897181665,3.743851236557853,42.26043208408266
6558,-0.0017185946340954256,0.01690986315832731,3.7421326419237575,42.18786590605124
6559,0.013825017128252699,0.01510107195077278,3.7559576590520103,42.775164225250045
6560,-0.023138380913096557,0.016291674166197742,3.732819278138914,41.796778957933476
6561,0.004438521658225324,0.010328733664939267,3.7372577997971392,41.982707184573314
6562,0.00013762528130749948,0.009121647585093443,3.7373954250784465,41.98848546406918
6563,-0.0006836568991571577,0.007301238118439418,3.7367117681792896,41.95978955649179
6564,0.012481972143749976,0.007688949154700966,3.7491937403230393,42.48681278302573
6565,-0.0030183282686145423,0.010101025108513292,3.746175412054425,42.3587669743128
6566,0.001665669787342512,0.008144357244827614,3.7478410818417673,42.42938148659442
6567,0.002169099557224059,0.008628508681959345,3.7500101813989914,42.52151492636807
6568,-0.010868240551524074,0.00841405491897906,3.7391419408474675,42.06188309245
6569,0.003559514022722489,0.007913284236934284,3.74270145487019,42.21186973655853
6570,0.011034655356860209,0.008578553974084519,3.75373611022705,42.680242584995874
6571,0.001599544929069504,0.0074651340658843275,3.7553356551561197,42.7485661793562
6572,0.0008536008981298281,0.006902477893186344,3.7561892560542494,42.78507197231287
6573,-0.002670743733098242,0.007992783725241329,3.7535185123211514,42.67095646394302
6574,-0.008530591580336113,0.008413685754682534,3.744987920740815,42.30849616046037
6575,-0.009124143268314013,0.007296099569853115,3.735863777472501,41.9242231270212
6576,-0.008620933368507425,0.00774055837794652,3.7272428441039938,41.564350640104415
6577,-0.006015105090283234,0.007195086942485404,3.7212277390137105,41.315087127666025
6578,-0.011522193246539383,0.00702064340748911,3.709705545767171,40.84177872163722
6579,0.004957744256084536,0.00784972489123312,3.7146632900232555,41.04476457570927
6580,0.0016239929697118947,0.007274458952236041,3.7162872829929676,41.11147513890492
6581,-0.005574978872033723,0.008633928894068518,3.710712304120934,40.8829172283407
6582,-0.0002699621308202853,0.008733461322387451,3.7104423419901136,40.87188187852189
6583,-0.010534429625254397,0.007097012417906171,3.699907912364859,40.443579834955024
6584,0.012931677871758144,0.007982391952541494,3.712839590236617,40.96997946083615
6585,-0.013415801704966113,0.009092815325581616,3.699423788531651,40.42400487279186
6586,0.016727126220782918,0.009278716212353115,3.716150914752434,41.105869221617716
6587,0.0014359161286845719,0.009058979790759576,3.7175868308811184,41.1649361996809
6588,0.001801963186109787,0.009657070476193635,3.7193887940672283,41.239180772174706
6589,-0.0046558948264230696,0.008629671258963403,3.714732899240805,41.04762176909824
6590,-0.0025504530675861717,0.009027987273356136,3.712182446173219,40.94306512632205
6591,0.009359517500886481,0.007936276929211962,3.7215419636741056,41.32807138676828
6592,-0.003443344875305801,0.006821626411691671,3.7180986187987997,41.186009308681335
6593,-0.009841655417973173,0.00659634759725674,3.7082569633808267,40.78265887067952
6594,-0.005133959839349411,0.0076342300413627,3.703123003541477,40.57381888465499
6595,-0.003316005203653027,0.008948531903003471,3.699806998337824,40.4394987163707
6596,-0.0010913372618161458,0.00802198121760722,3.698715661076008,40.395389657879804
6597,0.010310426970009945,0.0074643341662217165,3.709026088046018,40.8140378851692
6598,-0.0026144835363460187,0.006767438765586333,3.7064116045096718,40.707469626249974
6599,0.0012985642991591244,0.007377708548735707,3.707710168808831,40.76036522975386
6600,0.005338605683752142,0.007607637993131217,3.713048774492583,40.97855063195237
6601,0.013119226353587626,0.007360196801273373,3.7261680008461706,41.51969947885166
6602,0.010350482390055843,0.007907614536845462,3.736518483236227,41.95168014469528
6603,-0.0034234604344429917,0.008145339394603282,3.7330950228017836,41.80830578581388
6604,-0.009244749655365633,0.008483368851671426,3.723850273146418,41.42357955421861
6605,-0.007888556900223448,0.009433355355986122,3.715961716246195,41.09809278823131
6606,0.006319316264294414,0.01053017662915131,3.722281032510489,41.35862696634555
6607,-0.0035977102383526333,0.011722314968012836,3.7186833222721365,41.21009795304774
6608,-0.0006125276599965572,0.011444309386507702,3.7180707946121396,41.18486335741321
6609,0.01556259581846909,0.01311275694852729,3.733633390430609,41.83082008420591
6610,0.011089303540802098,0.011775748790779002,3.744722693971411,42.29727630267446
6611,-0.03295758153003086,0.012178709381142657,3.7117651124413804,40.92598176913852
6612,0.020089024969373485,0.012998415785921659,3.7318541374107537,41.756458644773325
6613,0.008701109094879079,0.01305080711149702,3.740555246505633,42.12137141750886
6614,-0.002216346166816221,0.012168655813837139,3.7383389003388166,42.02811925513562
6615,-0.010809257015792592,0.011390405452610235,3.727529643323024,41.57627297298365
6616,0.0025166200679153064,0.011103147697950278,3.730046263390939,41.68103642550789
6617,0.0005963066236342374,0.007925763186446316,3.7306425700145733,41.70589851558615
6618,-0.0006940751055563176,0.008405029216610403,3.729948494909017,41.6769615330529
6619,0.003611256669115975,0.008579788307669573,3.733559751578133,41.827739824031596
6620,-0.006193296215013042,0.008805544511386603,3.72736645536312,41.569488779381196
6621,0.00727832671901324,0.009534633962084989,3.7346447820821336,41.87314882827648
6622,0.01588833117837162,0.009673468922272832,3.750533113260505,42.54375659625496
6623,-0.002605289557401888,0.0072523478394209235,3.747927823703103,42.43306204974702
6624,0.007641041994435923,0.007513838994748034,3.755568865697539,42.758536758196634
6625,0.00286662791618311,0.008283549975073039,3.758435493613722,42.88128542664482
6626,-0.0029424549443123347,0.008822790186520444,3.75549303866941,42.75529462834921
6627,0.0006825200630252235,0.011546347815857205,3.7561755587324352,42.7844859354268
6628,-0.017141770883237966,0.011815996219957972,3.739033787849197,42.0573342196722
6629,0.01320446243766723,0.013669297024484925,3.7522382502868643,42.616361413857554
6630,-0.002225589596980684,0.013776579402242813,3.7500126606898836,42.52162034970343
6631,0.007622046789879164,0.013916633953518998,3.7576347074797627,42.846960433192486
6632,0.0028157274729518258,0.01319926660523599,3.7604504349527144,42.967775808580605
6633,-0.00661572221363898,0.012446778486784708,3.7538347127390757,42.68445117161381
6634,-0.013394174267933203,0.0123283491187076,3.7404405384711423,42.11654003488801
6635,0.018176563383615407,0.011372623306506976,3.7586171018547576,42.88907372865302
6636,-0.01076587553535345,0.010734146856091344,3.7478512263194044,42.42981191268929
6637,0.009522499019614708,0.012342016175983565,3.757373725339019,42.83577960079652
6638,0.00856197059887238,0.012507452629950207,3.7659356959378916,43.20411286548483
6639,0.0024400271145051063,0.011660657106272766,3.7683757230523964,43.30966078986642
6640,0.016743505229223406,0.010557238135013153,3.78511922828162,44.04092116908504
6641,-0.009106518495434115,0.008293208293197813,3.776012709786186,43.64168230298742
6642,0.0014696958722037693,0.008084241794723017,3.7774824056583896,43.70586945956995
6643,-0.012009750687203651,0.007363946117779019,3.765472654971186,43.1841122222139
6644,-0.008674524386134483,0.00738384412101676,3.7567981305850515,42.81113064536145
6645,0.0005495426300333026,0.009328589203491893,3.757347673215085,42.83466365229402
6646,-0.0012672784213669836,0.007610326440186562,3.7560803947937176,42.78041458895493
6647,-0.0032469479048171834,0.006607626033846934,3.752833446888901,42.64173407747479
6648,-0.0019085809743353205,0.005927142145124265,3.7509248659145653,42.56042649083977
6649,-0.0033920618437584386,0.00547507166121396,3.747532804070807,42.41630346738138
6650,0.0008466485057166501,0.0067650437063197615,3.7483794525765237,42.452230373914865
6651,0.006317278240218076,0.006212564611189481,3.754696730816742,42.721261803594686
6652,0.005977850634547601,0.005827327147446797,3.760674581451289,42.97740796454634
6653,-0.005372118539503732,0.005017728069609813,3.7553024629117857,42.747147282050975
6654,0.0008044685597020281,0.006800685221109863,3.7561069314714874,42.781549854094756
6655,0.0003127243653058365,0.006789403004315973,3.7564196558367935,42.7949307792813
6656,0.005248728301115216,0.006931809011401438,3.761668384137909,43.02014025826258
6657,0.007012128037993228,0.011159343418111676,3.768680512175902,43.32286311527828
6658,-0.0005553661721136543,0.011368753074243197,3.768125146003788,43.29880974245797
6659,-0.006755567351075704,0.010032467207435064,3.7613695786527126,43.007287524708765
6660,-0.0007061499957130244,0.010111085294132039,3.7606634286569998,42.97692864902907
6661,-0.011852690888820773,0.013170878460111371,3.7488107377681787,42.47054334099976
6662,0.0160052033370892,0.013584706444710638,3.764815941105268,43.15576192696509
6663,-0.011656935813505865,0.013241327792886148,3.753159005291762,42.65561871232341
6664,0.006479347949072194,0.014612251882117408,3.759638353240834,42.932896627935484
6665,0.034502027220976804,0.013146202000264092,3.794140380461811,44.440018473284404
6666,0.01290558243933752,0.012120078628193252,3.8070459629011486,45.01725959997221
6667,0.00555686899943747,0.011413175837289794,3.812602831900586,45.26811094280959
6668,-0.011175372289173077,0.012412938227638915,3.801427459611413,44.76503919290692
6669,-0.004449361176252117,0.010866188969456275,3.7969780984351607,44.566305811621376
6670,-0.008456233949219195,0.011251048572185328,3.7885218644859417,44.191031642762105
6671,0.016997243409219393,0.010598964912899708,3.8055191078951607,44.94857721915781
6672,0.01164500326360422,0.010530567267049335,3.817164111158765,45.4750630627082
6673,0.017385340646272462,0.008437913672740065,3.834549451805038,46.272574945606976
6674,-0.00517575255319167,0.007858187378538516,3.829373699251846,46.03369826424662
6675,-0.00838690688658083,0.008995486460030684,3.820986792365265,45.649232416507076
6676,0.027888647481671316,0.009701323799276214,3.8488754398469363,46.94024640861207
6677,-0.00467844513289444,0.0104285407023954,3.844196994714042,46.72115195158828
6678,0.002152924265834475,0.010876027208882689,3.846349918979876,46.82184740930546
6679,0.0079481987358127,0.011297535667927622,3.854298117715689,47.195479642333076
6680,-0.006294570544292377,0.011600594365114328,3.8480035471713965,46.899337388309526
6681,0.006799087731880288,0.012888716317888096,3.854802634903277,47.21929658051122
6682,0.028433685172477415,0.01126364518764659,3.8832363200757545,48.581185196511214
6683,0.001626584655564161,0.010648072595705212,3.884862904731319,48.660270909267474
6684,0.0018025871251098032,0.009428781994202962,3.8866654918564283,48.74806439104039
6685,0.007497555348653758,0.007747528188947233,3.8941630472050823,49.114929278294134
6686,-0.0036017435239146366,0.008449859188849074,3.8905613036811677,48.93834809080517
6687,-0.006402614949114125,0.008357318992307817,3.8841586887320534,48.626015630937765
6688,0.0021535102505608667,0.008622572151331364,3.8863121989826146,48.730845089186246
6689,-0.0007019586819120223,0.009961720618858009,3.8856102403007022,48.69665005255451
6690,0.002759264139432141,0.010380751135930002,3.8883695044401345,48.83120252028619
6691,-0.0013366715857205838,0.01053820584261374,3.887032832854414,48.765974843083924
6692,0.019158204837516936,0.010196100870849281,3.906191037691931,49.70925025882171
6693,-0.0035817147708635815,0.011564795469593431,3.902609322921067,49.53152437463241
6694,0.012499854472756425,0.012523550970487308,3.915109177393824,50.15454695485898
6695,-0.003147025149154763,0.011057783458732361,3.9119621522446693,49.99695743340203
6696,-0.002521373535071191,0.01167552771119476,3.9094407787095977,49.87105521805234
6697,0.009551530873454612,0.012689761377612858,3.9189923095830523,50.34968231357276
6698,-0.013920798678222934,0.014070483257633116,3.9050715109048295,49.65363056127007
6699,-0.023323524480558955,0.014494801439214543,3.8817479864242705,48.50893396406178
6700,0.018584944955750922,0.013685176387877826,3.9003329313800217,49.418899469356546
6701,-0.02409201006096,0.017396762743427673,3.8762409213190616,48.24252634189264
6702,-0.01727663552603056,0.01621140434900526,3.858964285793031,47.41621627944939
6703,-0.017857952408015076,0.015403310220973786,3.841106333385016,46.576975608894024
6704,0.012434452665383358,0.01562991732900741,3.853540786050399,47.15975054223853
6705,-0.01659412703907854,0.014316947742122778,3.836946659011321,46.383632957068706
6706,0.008803940341984928,0.014865981651371919,3.8457505993533054,46.79379456435072
6707,-0.008698676888610405,0.013199084090367736,3.8370519224646955,46.38851571543733
6708,0.022895957334812145,0.01394626939026272,3.8599478797995075,47.46287752969279
6709,0.009118480663823621,0.011314599500316727,3.8690663604633313,47.89764606246689
6710,-0.010509368449859457,0.010486242943958791,3.8585569920134715,47.396907881870554
6711,0.004241223268609508,0.012170163852057726,3.8627982152820812,47.59835564093119
6712,0.003913662956034115,0.011320310470847073,3.866711878238115,47.78500456442209
6713,-0.001236027465284973,0.01284445589062001,3.8654758507728304,47.7259774734195
6714,0.025168136891385622,0.012059352106147052,3.890643987664216,48.94239467564069
6715,0.0013441671145608398,0.011087541931555972,3.891988154778777,49.008225667086585
6716,-0.00605398622153342,0.009291157746742463,3.8859341685572435,48.712426828639266
6717,0.001219905593726566,0.009250887570871395,3.88715407415097,48.77188765153276
6718,0.009366861350523989,0.010289789805556773,3.896520935501494,49.23087343318415
6719,-0.015027632437456393,0.012042256592609832,3.8814933030640377,48.496581118857335
6720,0.013288497486413448,0.013626705630248724,3.894781800550451,49.14532870899746
6721,-0.00543656592744797,0.011702494373643865,3.889345234623003,48.878871850871356
6722,-0.004842588389888775,0.011966052675848446,3.884502646233114,48.64274379048378
6723,0.005370681750202554,0.012808622715052703,3.8898733279833166,48.90469127548873
6724,0.0074773888721580565,0.013079977474323056,3.897350716855475,49.271741247329366
6725,-0.016521550127628907,0.014881907497435025,3.880829166727846,48.464383470152924
6726,-0.016107603986670445,0.015072762712770303,3.8647215627411753,47.689991913257096
6727,-0.006345162258848116,0.015220493962324909,3.858376400482327,47.38834917454295
6728,0.006829972731773612,0.01632137142106338,3.865206373214101,47.71311812625255
6729,0.0005090258330897017,0.013088370149606116,3.8657153990471906,47.73741151841361
6730,-0.009145124626884294,0.01472434527011212,3.8565702744203065,47.30283708811233
6731,-0.01929619383471485,0.012547032066281482,3.8372740805855914,46.39882244573935
6732,-0.0012950912843876115,0.010969963931287425,3.835978989301204,46.33877062986925
6733,-0.009835782067174548,0.011172159370723696,3.826143207234029,45.88522671664977
6734,0.0012415624790567033,0.011826539602626298,3.827384769713086,45.94223147264464
6735,-0.011093547958294219,0.011776993583097481,3.816291221754792,45.43538568151788
6736,0.01560242595024407,0.010834998401258773,3.831893647705036,46.14984709405077
6737,0.0013661573135836927,0.007148473552367722,3.8332598050186197,46.21293813150752
6738,-0.0010318880456734194,0.007817228130085258,3.832227916972946,46.165276148238725
6739,-0.002525362072960274,0.006768557371649893,3.8297025548999857,46.04883919537947
6740,-0.000543284045957433,0.0068874093366320995,3.8291592708540287,46.02382839031065
6741,-0.0005041376178102689,0.007656313295440215,3.828655133236218,46.00063189470774
6742,0.0005958682544312628,0.006955050011155339,3.8292510014906496,46.028050379028514
6743,0.004537412326956502,0.00708291794458218,3.833788413817606,46.23737315494606
6744,0.013318785224240485,0.008957648357709218,3.8471071990418464,46.857318089737554
6745,-0.009889653154235576,0.009227795881781999,3.8372175458876105,46.396199376473625
6746,-0.005008920381981337,0.00926339782086557,3.8322086255056296,46.16438556091315
6747,0.0011654037652171522,0.007809517372710133,3.8333740292708467,46.21821707129454
6748,0.004446786393429878,0.0074797171034558605,3.8378208156642764,46.42419724559462
6749,0.00892628822559173,0.007407519223136992,3.846747103889868,46.84044803425361
6750,-0.010018369808057905,0.006642954870411411,3.8367287340818104,46.37352590845503
6751,-0.016185495031217217,0.009393190466986227,3.820543239050593,45.62898903799721
6752,-0.007885336608779747,0.01025070686303507,3.8126579024418135,45.27060395082459
6753,0.003355180302181078,0.010946058371517357,3.816013082743994,45.42275008559674
6754,0.01028265423748886,0.01120885090495853,3.826295736981483,45.892226112487194
6755,-0.009147299796370323,0.011711754292860473,3.817148437185113,45.47435029335392
6756,0.009141648515119914,0.01016752866420255,3.826290085700233,45.89196676334306
6757,-0.018085034903289287,0.011153183076698162,3.8082050507969436,45.06946881236428
6758,0.0009967765230286625,0.00940693947783631,3.8092018273199724,45.11441539791101
6759,0.003239166820773978,0.010002890642259232,3.812440994140746,45.26078544592943
6760,0.010748895045115092,0.011272839186783802,3.823189889185861,45.749912959075935
6761,0.004650901069696379,0.012915623738306873,3.8278407902555576,45.96318685164165
6762,0.0034564145065285323,0.011183825795903943,3.831297204762086,46.122329550571386
6763,0.008986706120666857,0.011960240006326865,3.840283910882753,46.53868540358737
6764,-0.008990847128369067,0.012690669527692142,3.831293063754384,46.12213855804493
6765,-0.0006986737045296424,0.014500604249036354,3.8305943900498542,46.08992548716092
6766,0.006930839310878096,0.013082210482802874,3.8375252293607325,46.41047691660636
6767,-0.011262477329697576,0.013825149064595962,3.8262627520310346,45.89071238464816
6768,-0.002985081001920373,0.014149725530339758,3.8232776710291145,45.75392914703578
6769,0.0061905656953854275,0.01529778622547203,3.8294682367245,46.03805037945317
6770,0.0018179348215205634,0.013317977407622215,3.8312861715460205,46.12182067575127
6771,-0.025079522950102528,0.01268230485319974,3.806206648595918,44.97949182174306
6772,-0.016882531986268223,0.0125063028349348,3.7893241166096496,44.22649821641115
6773,-0.0168577416596379,0.012420433068325078,3.772466374950012,43.48718839021542
6774,0.020842090381872624,0.011882777134976662,3.7933084653318847,44.40306352336458
6775,0.023552630458358925,0.012924560490327539,3.8168610957902436,45.46128550722667
6776,-0.004161701330462069,0.013624910063284848,3.812699394459781,45.272482358506316
6777,-0.003018161031209245,0.012499259647607869,3.809681233428572,45.13604870939517
6778,0.0012885034397317888,0.01167275166658829,3.8109697368683038,45.19424414787292
6779,-0.017886487878807953,0.01204239206020436,3.793083248989496,44.39306435383745
6780,0.018355764691964163,0.012157513336065627,3.81143901368146,45.21545773587282
6781,-0.004586038774606336,0.010609542212428153,3.8068529749068536,45.008572647599074
6782,0.005067769947457499,0.010390470661510462,3.8119207448543113,45.23724467866235
6783,-0.015178249771902193,0.010058794366641683,3.796742495082409,44.55580707736946
6784,-0.005059715345979957,0.010701015636532309,3.791682779736429,44.33093674621691
6785,0.007775071108441531,0.007570629675894522,3.7994578508448704,44.67695635212106
6786,0.0020554231123659996,0.006756265149186975,3.8015132739572364,44.768880840292894
6787,0.0037360427673939632,0.006214398965817977,3.8052493167246304,44.93645212559132
6788,0.0005419894729427501,0.005832828906192168,3.805791306197573,44.96081381088692
6789,0.007952591483523749,0.006248410878355221,3.813743897681097,45.31979431661168
6790,-0.010831019142688008,0.006509070399229049,3.802912878538409,44.83158344019835
6791,-0.0033691671989601953,0.006528518418245038,3.7995437113394486,44.680792502374224
6792,0.007987480364068987,0.00613096887549222,3.807531191703518,45.03910857138028
6793,0.0019126528152245243,0.00734718285507807,3.8094438445187424,45.12533518368444
6794,-0.005898115107478916,0.007327303256009283,3.8035457294112636,44.859964126333715
6795,-0.004646647215315768,0.008504521214310135,3.7988990821959474,44.651999242856654
6796,-0.002131773681738361,0.008830244183250669,3.7967673085142093,44.556912673566444
6797,0.004230217962565664,0.01002309128871144,3.800997526476775,44.74579735593256
6798,-0.0028992016743122134,0.009382619406362437,3.7980983248024627,44.616258136216565
6799,-0.010180497971162642,0.009825083705351604,3.7879178268313,44.16434665583223
6800,0.004102201418797739,0.009601930112057313,3.7920200282500978,44.345889810051666
6801,0.00927861179941422,0.010374075989446563,3.801298640049512,44.75927295157994
6802,0.0047552095712494495,0.010895851439748711,3.8060538496207617,44.97261952654286
6803,-0.014325223156460775,0.00937285577439477,3.791728626464301,44.332969221201026
6804,-0.015183111150375366,0.009289769858924195,3.7765455153139253,43.66494102819674
6805,-0.008296307620796604,0.010444743745533445,3.7682492076931284,43.30418179916737
6806,-0.0002474954016457182,0.010400945794252488,3.768001712291483,43.293465539467256
6807,0.004483198775760706,0.010460517141523261,3.772484911067244,43.48799448130838
6808,0.005865936864109085,0.009143475792253162,3.778350847931353,43.743841970265464
6809,-0.005247278330489652,0.009027218035286643,3.7731035696008632,43.51490702418302
6810,-0.006651484637982277,0.0099190963737928,3.766452084962881,43.22642875654768
6811,0.00016251864626348926,0.010287464426297355,3.7666146036091446,43.23345442811787
6812,0.005388662920644381,0.010612294202588638,3.7720032665297887,43.467053769716074
6813,-0.0005171082368013945,0.009848030846097585,3.771486158292987,43.444582408745916
6814,0.008249668362092583,0.01133134916604191,3.77973582665508,43.804468234040144
6815,-0.005150493609440461,0.010760521859448268,3.7745853330456396,43.57943361748154
6816,-0.00358943164293769,0.01148485332490428,3.770995901402702,43.423288623013555
6817,0.012445194124002674,0.01419271138348245,3.7834410955267046,43.967076634510306
6818,-0.013498733546069565,0.016138511476761465,3.769942361980635,43.37756456689053
6819,-0.014571577551362425,0.014484471785398042,3.7553707844292727,42.750067931791996
6820,-0.0024487918561025067,0.016866068509143177,3.75292199257317,42.645509986164846
6821,-0.0003637818427810493,0.013214352285901078,3.752558210730389,42.62999914540792
6822,-0.004782768179406171,0.013410499022378872,3.747775442550983,42.426596543487065
6823,-0.021294028954661544,0.01409874466434021,3.7264814135963213,41.532714321453035
6824,-0.008643527672072058,0.01464616996770447,3.717837885924249,41.17527216190741
6825,0.001782123262377545,0.014072071490968494,3.7196200091866265,41.24871699669799
6826,-0.004687556653298094,0.012584459752199604,3.7149324525333287,41.05581377451617
6827,-0.0095762344901217,0.012484507658919551,3.7053562180432067,40.66453017656507
6828,0.006679948864319553,0.011627704190275074,3.7120361669075264,40.93707644284095
6829,-0.002068419472947604,0.010253372919835642,3.709967747434579,40.85248890817096
6830,-0.0050961629443420295,0.009663537160658663,3.704871584490237,40.64482755548701
6831,0.0039825207916435856,0.010177640318454067,3.7088541052818806,40.80701917768375
6832,-0.008444649177440837,0.010162703559792359,3.7004094561044396,40.46386914679084
6833,0.005554262669903279,0.010132190460303739,3.705963718774343,40.68924141366596
6834,-0.01675337156513096,0.010103622385657457,3.689210347209212,40.013237913857395
6835,-0.002633911374827034,0.009562856496051772,3.686576435834385,39.90798526529565
6836,0.004906536377287829,0.009658880636387982,3.6914829722116727,40.1042764077654
6837,0.003300494251838537,0.007992470673771322,3.6947834664635115,40.236859015235574
6838,-0.014596809340834372,0.008181311646993813,3.680186657122677,39.65379504511534
6839,0.004027767380489421,0.009444544618424719,3.6842144245031663,39.81383338956511
6840,0.0007825207888112564,0.008788511950937737,3.6849969452919775,39.8450007348321
6841,0.011294730173648626,0.009604133015651337,3.696291675465626,40.29759039451352
6842,0.008845311129260425,0.009406834890084183,3.7051369865948867,40.655616209865826
6843,0.010627512821341563,0.00996798274209606,3.7157644994162284,41.08998835184585
6844,-0.02123915792841039,0.01020992970786951,3.694525341487818,40.2264742173258
6845,-0.004434329958738126,0.012766916302524437,3.6900910115290797,40.048491665892804
6846,0.02058899082502939,0.01159253462415023,3.7106800023541093,40.88159665920976
6847,-0.008144267654824637,0.009659349454377875,3.7025357346992847,40.54999814029038
6848,0.011329022233264631,0.009562482077451835,3.713864756932549,41.012002055714426
6849,0.015226551727003112,0.015042877130975005,3.7290913086595525,41.641251921787706
6850,0.006769360305898048,0.012334726749221557,3.7358606689654503,41.92409280548056
6851,0.010195279710366587,0.01281279369756606,3.746055948675817,42.35370695514591
6852,-0.013512802600509546,0.0132915811321407,3.732543146075307,41.78523912044061
6853,-0.012758939960703349,0.012210024127145743,3.7197842061146043,41.25549046538803
6854,-0.0043477612454350225,0.01228814121122238,3.715436444869169,41.07651080513452
6855,0.0025811351649318295,0.010465019899477925,3.718017580034101,41.182671780600494
6856,0.015271431501326408,0.011607241829258425,3.7332890115354274,41.816416912817246
6857,0.0009629897866912538,0.010381482554014667,3.7342520013221185,41.85670509065877
6858,-0.0025946816168538425,0.010508156161642268,3.7316573197052647,41.7482410431048
6859,-0.01251918792729549,0.013299140349779009,3.719138131777969,41.228844960168445
6860,-0.01130832130025707,0.013056881634673261,3.7078298104777123,40.76524215961036
6861,-0.0014446756941799202,0.0134450799412509,3.7063851347835324,40.706392124937786
6862,0.01500262221366155,0.013299878143803732,3.721387756997194,41.32169881357584
6863,-0.012075778642208301,0.009692706886705439,3.7093119783549855,40.82570789116171
6864,-0.017697881004550928,0.009900406412346073,3.6916140973504348,40.109535431361884
6865,-0.018292368884383393,0.01168381582187371,3.673321728466051,39.382506823730125
6866,-0.005700469857099461,0.01087723372271427,3.6676212586089516,39.15864669085518
6867,-0.006430105101905956,0.009563190525450552,3.661191153507046,38.90766027627539
6868,-0.011839027162158282,0.009767016532595138,3.6493521263448874,38.449747399449606
6869,0.01074147035326373,0.010617593072659914,3.660093596698151,38.86498033493558
6870,0.006816644857944048,0.010992736441151237,3.6669102415560952,39.13081412117958
6871,-0.0072732927631302055,0.010076115132885557,3.659636948792965,38.84723677466867
6872,-0.0012623158154316824,0.009102248616515497,3.6583746329775337,38.7982302306774
6873,0.00014008040971087634,0.009311064464774445,3.6585147133872447,38.8036654833415
6874,0.005643047522414216,0.009815701590684386,3.6641577609096587,39.02325540717779
6875,-0.0018226672184431171,0.012768673867054983,3.6623350936912153,38.95219377931289
6876,-0.010642372043665305,0.0124375478733923,3.6516927216475503,38.539848101107
6877,0.007383510270491579,0.013497463803345265,3.659076231918042,38.82546057917567
6878,0.0063947924221599405,0.01173282102574423,3.6654710243402016,39.074536887120644
6879,-0.007756955802564184,0.011883528570739349,3.6577140685376373,38.77260996230682
6880,-0.0007837773320868864,0.014096147450221568,3.6569302912055504,38.74223277554279
6881,-0.004484285616240725,0.01594593891503592,3.6524460055893098,38.568890487007565
6882,0.0013315347014999357,0.014781082124044947,3.6537775402908097,38.620280509295554
6883,0.008542384489480803,0.01327125862758139,3.6623199247802907,38.95160292143648
6884,-0.019814578210791363,0.014222606989038001,3.642505346569499,38.18738962444861
6885,0.0015411271078534354,0.0146472425868501,3.644046473677353,38.24628661799663
6886,-0.002463211930350802,0.01458363576571064,3.6415832617470016,38.15219384130757
6887,0.0031574598366610946,0.01509100315557119,3.6447407215836627,38.27284824151421
6888,-0.0038076301545415794,0.01568117076513469,3.640933091429121,38.127396479437785
6889,-0.02056041989638433,0.015480748542035353,3.6203726715327367,37.35148506380139
6890,-0.013998193017236612,0.01859752401137648,3.6063744785155003,36.8322742512101
6891,0.00005216300850606638,0.02089233242623738,3.6064266415240063,36.83419558355597
6892,0.02607373424926904,0.0222409257881179,3.6325003757732754,37.8072308164928
6893,0.004905277288778437,0.014741139842877254,3.637405653062054,37.99314136578861
6894,-0.013236273361725023,0.015616220030862197,3.6241693797003287,37.49356730393945
6895,0.004704855471082873,0.015843938612632124,3.628874235171412,37.670384743284075
6896,0.004174379623237509,0.014239538427904912,3.6330486147946495,37.827963898539494
6897,0.010411748707469111,0.013800514598411329,3.6434603635021183,38.22387664824207
6898,-0.02047670000525946,0.014435826587330608,3.622983663496859,37.44913691977997
6899,0.01452421841097154,0.01299139888304647,3.6375078819078306,37.99702555931279
6900,0.004610654306494994,0.013953888571462368,3.6421185362143254,38.172621203178096
6901,0.015504009894834657,0.014351979934262066,3.65762254610916,38.769061561266284
6902,-0.007942439388468404,0.013391945164537756,3.649680106720692,38.46236023031871
6903,0.018088380873213752,0.014918460443350798,3.6677684875939054,39.1644124030892
6904,0.000908208899824092,0.014434828096949867,3.6686766964937294,39.1999980281347
6905,0.0035856594857203586,0.012584043369779285,3.67226235597945,39.34080817065034
6906,0.00007153814992620877,0.013408037050559339,3.672333894129376,39.34362263995323
6907,-0.007827937148339447,0.011763740670555951,3.6645059569810368,39.036845517277115
6908,0.0217143348263249,0.012768192083501887,3.6862202918073614,39.893774805348286
6909,0.010065409549286976,0.011274042037799402,3.696285701356649,40.29734965303609
6910,-0.00462081493616919,0.012098755503841341,3.6916648864204795,40.11157260909911
6911,-0.0177501655461755,0.012738143561026358,3.673914720874304,39.40586727689572
6912,0.008712004032246532,0.010140007083354717,3.6826267249065503,39.75067113696248
6913,0.007510720067444901,0.01183303308443112,3.6901374449739954,40.05035129849877
6914,-0.000340680250807177,0.011264889374442562,3.689796764723188,40.03670925869219
6915,-0.0063837308886365435,0.01167493062704946,3.683413033834552,39.78193973634989
6916,-0.005383494498984918,0.011079842140247754,3.678029539335567,39.56834932986588
6917,-0.010064589300181764,0.011454275875994928,3.667964950035385,39.17210749504255
6918,-0.000009161943811351561,0.01331743420767533,3.6679557880915734,39.17174860403877
6919,-0.002056236665666657,0.01108564996878479,3.665899551425907,39.091284972786056
6920,0.006554407499154277,0.01017628148133787,3.672453958925061,39.34834670755844
6921,-0.009774943010802098,0.010201840740653355,3.662679015914259,38.96559260833536
6922,-0.0016722784497962934,0.010794275896265441,3.661006737464463,38.9004857411111
6923,0.0066859330443660185,0.011876282638733637,3.6676926705088286,39.16144318406224
6924,-0.00112109406178619,0.010720387883994157,3.666571576447043,39.117564123530514
6925,0.00010702340096922995,0.007704530857508119,3.666678599848012,39.12175084231509
6926,-0.004573797374224633,0.008226568933324683,3.6621048024737872,38.943224464002874
6927,0.00191501464458278,0.008316794544435555,3.66401981711837,39.01787276263823
6928,-0.004351889828510069,0.007671334659676766,3.65966792728986,38.848440222312874
6929,0.01476234914279551,0.007806917842861654,3.6744302764326555,39.42618842869325
6930,0.007216607261976893,0.007570804974311588,3.6816468836946323,39.71174086703723
6931,0.003651853784564537,0.007981228092424415,3.6852987374791972,39.85702745944812
6932,-0.0039693424840558655,0.008938973456938072,3.6813293949951413,39.69913483931639
6933,0.008274804690228774,0.006024522912130756,3.6896041996853697,40.02900033051851
6934,0.012963633364666346,0.00592611477604652,3.7025678330500362,40.5512997492433
6935,0.002605994750677457,0.007948204769409791,3.7051738278007136,40.65711403938139
6936,0.006144811679576222,0.0071163341688986435,3.71131863948029,40.90771350331934
6937,0.002409140881440727,0.005822237103250504,3.713727780361731,41.006384757038376
6938,-0.008026999955328679,0.005539813988525704,3.705700780406402,40.67854405737023
6939,-0.013719621322129252,0.005526620615417056,3.691981159084273,40.12426080937683
6940,-0.0021892673377450988,0.004965642989964738,3.6897918917465278,40.03651416121777
6941,-0.0034381065498475722,0.008434447384225531,3.68635378519668,39.89910071603879
6942,-0.005783401066241681,0.008451441970051288,3.6805703841304385,39.66901419704745
6943,-0.009100217806125972,0.008055255193269679,3.671470166324313,39.30965513058007
6944,-0.0022756960800390824,0.0076185813031642785,3.6691944702442734,39.22030001359906
6945,0.01505332908896886,0.009835386426575735,3.6842477993332423,39.81516219166331
6946,0.0004086302095747369,0.010240454336841141,3.684656429542817,39.83143519432774
6947,0.01484011490893993,0.011029743456324966,3.699496544451757,40.42694606545404
6948,-0.0047736866120756975,0.010090595762119651,3.694722857839681,40.234420388485056
6949,-0.006900222081266375,0.01007211675673421,3.687822635758415,39.95774959521313
6950,-0.00022044701401574866,0.012030033814469343,3.687602188744399,39.94894199946782
6951,0.0074994234076908,0.009777640750282332,3.69510161215209,40.249662234989806
6952,0.006073876993515728,0.009865457963508163,3.7011754891456055,40.494877682795924
6953,-0.012617277466115734,0.01196956209524307,3.68855821167949,39.98715236633519
6954,0.023184810498798798,0.013094667584070739,3.7117430221782888,40.9250777134194
6955,0.007441151128308394,0.010181105800742246,3.719184173306597,41.230743242913555
6956,-0.006991602702687597,0.012398299482176583,3.7121925706039094,40.94347965364559
6957,0.003799927293059059,0.012003286568371924,3.7159924978969685,41.09935787484161
6958,0.004308041562016335,0.010904941776509946,3.720300539458985,41.27679755106012
6959,0.013209881038565375,0.009202195133670668,3.7335104204975504,41.82567646732197
6960,-0.00992704673921794,0.008234307248197643,3.7235833737583324,41.41252510146223
6961,-0.0014481929628681724,0.007973347779894616,3.722135180795464,41.352595179555344
6962,-0.00903316741998254,0.00800841656327548,3.7131020133754817,40.980732342286224
6963,-0.008998779115290761,0.007759200195084114,3.7041032342601907,40.61361008739476
6964,-0.011308653651999196,0.008330393995531931,3.692794580608192,40.15691202455079
6965,0.007578838610873477,0.008937315820339863,3.700373419219065,40.46241098125062
6966,-0.0016967359048997376,0.008268426626031299,3.6986766833141655,40.39381516668745
6967,0.001214578378517925,0.008198008413059584,3.6998912616926836,40.44290642777195
6968,0.006162571720293288,0.008124978297497283,3.7060538334129767,40.692908275168705
6969,-0.0005476999450538698,0.008058239578851208,3.7055061334679227,40.670626873860435
6970,-0.006699124518645049,0.007203350078840673,3.6988070089492777,40.39907985935841
6971,0.003396892349409562,0.007014576691738563,3.702203901298687,40.53654452881553
6972,0.007748244336768268,0.007391235575854128,3.7099521456354556,40.851851540817385
6973,-0.002569820778274113,0.007706823156004415,3.707382324857181,40.74700438080267
6974,-0.006870926441461557,0.008953734819970721,3.7005113984157196,40.46799433739716
6975,0.004210541032564568,0.010672190749716886,3.704721939448284,40.6387457136324
6976,0.01365094403480632,0.011301184386770592,3.7183728834830907,41.19730672569203
6977,-0.00002114597338047412,0.008179000333877124,3.7183517375097104,41.19643557775134
6978,-0.0023743043988837423,0.0069228297972135045,3.7159774331108264,41.098738726468326
6979,-0.00434183929313626,0.008605005806776573,3.7116355938176904,40.92068143555998
6980,-0.01757852504911161,0.009057094358449176,3.6940570687685783,40.20764166658763
6981,0.0026471053490126793,0.010208472798757029,3.696704174117591,40.314216525121175
6982,0.009276663474817735,0.00974523842228297,3.705980837592409,40.689937971349075
6983,-0.011652891853486001,0.008024946588817672,3.694327945738923,40.218534465984625
6984,0.00520001206399277,0.00819461926237297,3.699527957802916,40.42821603125392
6985,-0.012463794112597914,0.011423010693871706,3.6870641636903176,39.92745424878053
6986,0.009193590590917731,0.010129121712327369,3.696257754281236,40.29622347570315
6987,0.012179390253819637,0.009539190505098197,3.708437144535055,40.79000779927668
6988,0.005179978410382028,0.00862381522181292,3.713617122945437,41.00184734750326
6989,-0.00814198161578662,0.00959278896390827,3.7054751413296505,40.669366423700865
6990,-0.0030883454116522957,0.009029708492387557,3.7023867959179984,40.54395912271932
6991,-0.022441201465826278,0.010045924240055047,3.679945594452172,39.64423714745855
6992,0.00898857085163095,0.009678939627351722,3.6889341653038032,40.00218850746206
6993,0.0035790403050709936,0.01017073719582469,3.692513205608874,40.1456144629575
6994,-0.0024910443641690274,0.009919794340013,3.690022161244705,40.045734410772816
6995,0.014795305169215144,0.010057858012653765,3.70481746641392,40.64262799512601
6996,0.003965741344301735,0.00904466111330043,3.7087832077582217,40.804126163631125
6997,-0.023595125656868242,0.011056704318914567,3.6851880821013534,39.85261730902279
6998,-0.005211415028175589,0.010159595624528084,3.679976667073178,39.64546901695311
6999,0.007915682470254837,0.00981938664755988,3.687892349543433,39.960535298278046
7000,-0.0044327862747931225,0.010012186407499629,3.6834595632686398,39.78379081055713
7001,0.0015900723254701258,0.013532861132716375,3.68504963559411,39.84710023527046
7002,-0.00018163597215929312,0.013280331556118357,3.6848679996219507,39.83986322575202
7003,-0.007469277217434782,0.012329692239560848,3.677398722404516,39.543396816236346
7004,0.0034337510122094987,0.014025238832619212,3.6808324734167255,39.67941238323314
7005,0.007865792614039824,0.012678215386137117,3.688698266030765,39.99275313321593
7006,0.0076336484571032925,0.012297908644413921,3.6963319144878684,40.29921196277466
7007,-0.0022404648219448717,0.009628845355372031,3.694091449665924,40.209024065152185
7008,0.010983898993861983,0.009066334498638536,3.705075348659786,40.653110358860935
7009,0.018906337067232062,0.008952447545153475,3.7239816857270176,41.42902349139858
7010,0.007544657406263895,0.007266676503634586,3.7315263431332815,41.742773359683675
7011,-0.006564462614808839,0.007827166200621148,3.7249618805184728,41.469651913070656
7012,-0.011162496739122757,0.008683425529171647,3.7137993837793504,41.00932105945459
7013,0.0071740305191386675,0.008220659013206039,3.7209734142984887,41.304581015936485
7014,-0.0047098542028187985,0.008837563397581835,3.71626356009567,41.11049986717063
7015,-0.00816889287670352,0.00850791946613676,3.7080946672189663,40.77604053875381
7016,-0.0156660346276833,0.008144978278927854,3.692428632591283,40.14221937076795
7017,-0.007804026562283549,0.008258002284116234,3.6846246060289998,39.830167638268634
7018,0.011266628121187745,0.007287951261274073,3.6958912341501873,40.281456804900444
7019,0.004441376905719094,0.008335086067211448,3.7003326110559067,40.46075981827221
7020,0.001020071904384857,0.009494303927420296,3.7013526829602914,40.502053760407286
7021,0.015199120189084035,0.009108178705473697,3.7165518031493754,41.122351391169374
7022,-0.006026482365050404,0.008480770174319578,3.710525320784325,40.875273518712476
7023,0.013648846454843093,0.008227882832334367,3.724174167239168,41.436998579991055
7024,0.005527294264597603,0.007464706170182817,3.729701461503766,41.666667202898935
7025,0.009837158809964256,0.007401260201130145,3.7395386203137297,42.0785714875381
7026,-0.007375364043730999,0.0072544853257428266,3.732163256269999,41.76936834884942
7027,-0.0005322128522715999,0.008451930345411028,3.7316310434177273,41.74714406873124
7028,0.0019815824263393947,0.008874484345493878,3.7336126258440667,41.829951493540136
7029,-0.005064556383824376,0.00860713038125188,3.7285480694602424,41.618636904673494
7030,0.009994292233750314,0.00910868863013449,3.738542361693993,42.03667122320279
7031,0.0022740763936783116,0.009334105346926556,3.740816438087671,42.13237460205406
7032,-0.008672091525931642,0.009733794733831968,3.732144346561739,41.768578509747584
7033,-0.00922273343309478,0.009729015212815577,3.7229216131286447,41.38512898860837
7034,0.004829067346570487,0.01055876389323112,3.727750680475215,41.58546388968993
7035,0.0015002211659545634,0.009331420391022756,3.7292509016411697,41.64789810366806
7036,0.013598937613186745,0.008869778390297397,3.7428498392543563,42.21813378358579
7037,-0.0021744334146501644,0.008622220966577695,3.7406754058397063,42.1264329975406
7038,0.0014646375668535962,0.008762462862742904,3.74214004340656,42.188178159970796
7039,-0.005392615698870578,0.006910579332578888,3.736747427707689,41.961285849477505
7040,0.0031046341842307056,0.007474474095944814,3.73985206189192,42.091762728626854
7041,0.006636875037900298,0.008801571480759171,3.74648893692982,42.37204958355573
7042,0.00607918885368554,0.009342287429749527,3.752568125783506,42.63042182620926
7043,-0.0021786723494748193,0.010717230057232354,3.750389453434031,42.537645206555894
7044,-0.001878684146184964,0.009525734850532774,3.7485107692878463,42.4578054272367
7045,0.004840178469051131,0.008800407146460546,3.753350947756897,42.66380692273843
7046,0.0028162005144631653,0.008447760285313913,3.7561671482713606,42.78412609968643
7047,-0.009575226057085516,0.007395992384939959,3.746591922214275,42.37641350584106
7048,0.004362154786719317,0.006790408482160216,3.750954077000994,42.56166974529476
7049,0.007937185188576782,0.005697432352660251,3.758891262189571,42.90083382346841
7050,-0.009257642498886876,0.00580125449801359,3.7496336196906843,42.50550596643741
7051,-0.006949035149805025,0.005746166845081041,3.7426845845408794,42.21115761442215
7052,0.004285817961239863,0.005617151339207958,3.746970402502119,42.392455178559494
7053,0.0038417841330282802,0.00463719177311441,3.750812186635147,42.55563108282769
7054,-0.004035129425239426,0.004757690888534107,3.7467770572099077,42.38425958924029
7055,-0.0016097243001096794,0.004576099979880825,3.7451673329097983,42.31608750049196
7056,0.0008038708273791935,0.004389570901022836,3.7459712037371773,42.35011784493043
7057,-0.0042528876133690295,0.004704634125703197,3.7417183161238086,42.170390005369846
7058,-0.004252125229846282,0.0050217175264956684,3.737466190893962,41.99145691862277
7059,-0.0031973359880592424,0.005526087531465482,3.7342688549059027,41.85741053208953
7060,0.0019564929176601074,0.00536811491787031,3.736225347823563,41.93938442386777
7061,-0.0006162479487454482,0.004042719109753322,3.7356090998748175,41.91354732609183
7062,0.002530485460935859,0.003955322982725215,3.738139585335753,42.01974325517649
7063,-0.003749750656351208,0.004565883146923446,3.734389834679402,41.862474738462076
7064,-0.002386148500571116,0.004429404464808694,3.732003686178831,41.76270373868433
7065,0.0006789355396906283,0.0053252393745395876,3.7326826217185216,41.791067549996335
7066,-0.006224208944479337,0.0055654750385573425,3.7264584127740426,41.53175904585827
7067,0.007734929206843305,0.007137810040815824,3.7341933419808857,41.854249875923315
7068,-0.0010258232743951268,0.007652219692866481,3.7331675187064906,41.81133682663378
7069,-0.010237207491710984,0.007181863318349121,3.7229303112147796,41.38548896159055
7070,-0.009586095216652846,0.007146496405308839,3.7133442159981267,40.990659185242606
7071,-0.00008176965131415694,0.006195190549315954,3.7132624463468122,40.98730753036757
7072,-0.007204835438834525,0.008130214554243452,3.706057610907978,40.693061992716636
7073,-0.004938861888846754,0.008245560030819754,3.7011187490191313,40.49258006349887
7074,0.018994024848357598,0.008136207854914245,3.7201127738674886,41.269047916333015
7075,-0.00002427426958005559,0.007878535549724014,3.7200884995979084,41.26804615249716
7076,-0.011128554254948353,0.007915865797334233,3.7089599453429605,40.81133842365659
7077,0.002280329162313571,0.008320895406044486,3.7112402745052737,40.904507896977954
7078,0.008992228351555092,0.008435487619271287,3.720232502856829,41.27398931353941
7079,0.0069290814451344815,0.010827265311724765,3.7271615843019634,41.5609732664241
7080,0.01307060753927317,0.009115921423958853,3.7402321918412365,42.10776610974905
7081,0.0054322613191442465,0.008793360815471071,3.745664453160381,42.33712891413696
7082,-0.0030737012456302287,0.010202608722858813,3.7425907519147508,42.20719701647082
7083,-0.024385746156727096,0.012097457156371458,3.7182050057580236,41.19039119605796
7084,0.006101151968434695,0.011434227060096457,3.724306157726458,41.442468230588446
7085,0.0041668463872377645,0.007703840010777714,3.728473004113696,41.61551290452501
7086,-0.0035429653676517696,0.007337919851091988,3.7249300387460442,41.46833146687454
7087,0.0026806448519238577,0.006453834911554506,3.727610683597968,41.57964246210685
7088,-0.01701762667668,0.00645756694601818,3.710593056921288,40.8780423456117
7089,-0.009801735958196226,0.008468508095701913,3.700791320963092,40.47932382707495
7090,0.015595773929910742,0.008748087698919405,3.7163870948930025,41.115578758143386
7091,-0.008203848331806188,0.00917473249317922,3.7081832465611964,40.779652613578726
7092,0.012055539773272166,0.008440572155073356,3.7202387863344684,41.27424865854315
7093,0.0025122004981599634,0.008455486537044542,3.7227509868326285,41.378068199734145
7094,0.0074473221973352845,0.008547156931610522,3.7301983090299635,41.68737432713935
7095,-0.008371076073158514,0.00907257812975202,3.721827232956805,41.339862697817594
7096,-0.0011048600980571247,0.00903286545217858,3.7207223728587477,41.29421315588605
7097,0.01298500609326195,0.007218286330742723,3.73370737895201,41.83391519923302
7098,-0.00036710336950800863,0.005832521278978569,3.733340275582502,41.818560646530116
7099,0.001542326932097749,0.006295099259072587,3.7348826025146,41.883108302875875
7100,0.0034261516863107323,0.005469817837723131,3.7383087542009106,42.026852288753794
7101,0.0043414894897772565,0.005297137219258878,3.742650243690688,42.2097080722715
7102,-0.0016941643626436258,0.006506987269791915,3.7409560793280443,42.1382584299063
7103,0.005689955609470118,0.006541871980724373,3.7466460349375144,42.37870667102112
7104,0.004369936130195803,0.007041692066608915,3.75101597106771,42.564304141647426
7105,-0.009059493402547364,0.00888984302650194,3.7419564776651626,42.18043456651963
7106,0.0028034410194186393,0.00909400044026054,3.7447599186845815,42.29885083595832
7107,0.00853531729782471,0.009311169611789738,3.753295235982406,42.66143011255699
7108,0.001612204240718362,0.008630471131364082,3.7549074402231244,42.73026452375484
7109,0.01597589396406697,0.010037997402113183,3.7708833341871912,43.41840085943108
7110,-0.00022520020075478356,0.009447787944069886,3.7706581339864367,43.40862412774338
7111,0.009214371759600557,0.010502109547170653,3.779872505746037,43.81045579811632
7112,-0.0023986200812654668,0.008697290079373848,3.777473885664772,43.70549708742741
7113,-0.001776612141176731,0.008244785188343375,3.775697273523595,43.62791830477478
7114,-0.009283115383618036,0.00900939710354125,3.766414158139977,43.22478934652847
7115,-0.0019745259635269045,0.008600517695438325,3.76443963217645,43.13952508364821
7116,-0.011612148501440133,0.008622818685841997,3.75282748367501,42.64147979645198
7117,0.015606371831462669,0.008616405847758022,3.7684338555064727,43.31217855991471
7118,0.004734054075066523,0.007272178848833328,3.7731679095815394,43.517706862529884
7119,-0.002899689929399806,0.0075094003649019934,3.7702682196521393,43.39170178231077
7120,0.0035481488947766964,0.007958792613153293,3.773816368546916,43.54593546125232
7121,-0.007370865127729863,0.00778078118879267,3.7664455034191864,43.22614426085428
7122,0.0022478929904598773,0.008597427936930423,3.7686933964096463,43.32342130076902
7123,-0.003332335323827637,0.007936910019349678,3.7653610610858186,43.179293408224964
7124,-0.010964491059324535,0.007381998875088286,3.7543965700264943,42.70844048021689
7125,0.01053795268146703,0.008311708770993598,3.764934522707961,43.16087970981129
7126,0.010173218846454939,0.007947188103829416,3.7751077415544163,43.60220583209242
7127,-0.009172841393258278,0.009771857041753644,3.7659349001611577,43.20407848467068
7128,0.012832207820350139,0.00916189675727292,3.778767107981508,43.76205457444477
7129,-0.007872830051632099,0.008661596680922866,3.7708942779298757,43.41887602183788
7130,0.006175488999890913,0.007710695797747055,3.777069766929767,43.687838445566
7131,-0.007430149284461306,0.0071808964925646115,3.7696396176453053,43.36443424260344
7132,0.009694284233595658,0.008174923396834788,3.779333901878901,43.786865670639685
7133,0.009192233914925277,0.007653843034058433,3.7885261357938265,44.191220396667106
7134,-0.010568223399884858,0.008647493503100451,3.7779579123939415,43.72665683675839
7135,0.010844508638393376,0.00953548300068861,3.7888024210323348,44.20343146532571
7136,-0.0015907609211840363,0.010353200936915243,3.7872116601111507,44.13317027316426
7137,0.012386446140975506,0.00632268113662612,3.7995981062521267,44.68322297628289
7138,0.003589619104935274,0.006142300059621852,3.803187725357062,44.84390695174344
7139,-0.005750903176392555,0.005049339953746107,3.797436822180669,44.58675412405142
7140,-0.002985237297392013,0.004813633980499236,3.7944515848832774,44.45385055571431
7141,0.002279658181400393,0.004897999066841323,3.7967312430646776,44.55530573745874
7142,0.0017555360070094328,0.0057191352549236345,3.7984867790716867,44.63359287882579
7143,0.0022257796904837416,0.007254525587809054,3.8007125587621706,44.73304806497632
7144,0.0010090610376836818,0.0065720526703212795,3.8017216197998547,44.7782092222257
7145,0.005234202167683181,0.006752504670776625,3.806955821967538,45.01320188504913
7146,-0.009424585444457954,0.006124298607520103,3.7975312365230796,44.59096395185319
7147,0.004817280399254347,0.005829904292736633,3.802348516922334,44.806289353494016
7148,0.005819343753892575,0.006877125374792725,3.808167860676227,45.06779270454602
7149,-0.0031499650746970326,0.006749071302507029,3.8050178956015297,44.92605408458183
7150,-0.011660675782615334,0.0066338534585359404,3.7933572198189145,44.40522842472311
7151,-0.014850100295740777,0.007472096493044484,3.778507119523174,43.750678424240384
7152,0.0024141196129435936,0.006641628608255655,3.7809212391361173,43.85642538665438
7153,0.011725635711511823,0.00774462138187533,3.792646874847629,44.373696594577204
7154,-0.0053430756461214845,0.007038368540362445,3.7873037992015077,44.1372368506703
7155,0.006273270203696487,0.007802535116022195,3.7935770694052042,44.41499196903765
7156,-0.006098536101265217,0.007385513262685632,3.787478533303939,44.14494980497364
7157,0.010844403144903396,0.007616485315429211,3.7983229364488422,44.62628059294995
7158,-0.018844120833905027,0.008411931782823649,3.7794788156149375,43.793211448717436
7159,0.0025588211585414926,0.007555548527719665,3.7820376367734787,43.90541393660182
7160,-0.008673241029152885,0.00794803050095174,3.7733643957443257,43.52625832985955
7161,0.005339239392314087,0.006858166952577454,3.77870363513664,43.75927696049612
7162,0.0013549623512148787,0.007035921935790294,3.7800585974878547,43.818609320773696
7163,0.002727146435845379,0.006574208688153518,3.7827857439237,43.93827217991213
7164,0.0017251487052706834,0.00636520385189256,3.784510892628971,44.01413765407189
7165,-0.01341562294258654,0.008298157466316474,3.771095269686384,43.427603735064956
7166,-0.012155151893252716,0.008661175656725155,3.7589401177931316,42.90292982079829
7167,0.0015109621309329676,0.007800951039407992,3.7604510799240645,42.96780352157391
7168,-0.0019891842944143416,0.007509934096483209,3.75846189562965,42.88241759397136
7169,0.01616616990292562,0.011075496402412914,3.7746280655325757,43.5812959148493
7170,0.012666963456121292,0.012215691979349404,3.787295028988697,44.13684975940768
7171,0.027303785195092772,0.01251279532566798,3.81459881418379,45.358555523108315
7172,0.005403723530764109,0.01222149897897589,3.820002537714554,45.604324051458754
7173,0.010715082720041062,0.01015604843344497,3.830717620434595,46.09560551638029
7174,0.002815218761783485,0.011447864997780525,3.8335328391963785,46.22555756576211
7175,0.020042137547928853,0.014094398109565939,3.8535749767443073,47.16136299439937
7176,-0.014253642200691854,0.013579026390293927,3.8393213345436155,46.49390991953131
7177,0.02617306883502137,0.014633166696042981,3.865494403378637,47.726862922879974
7178,-0.016053285072006176,0.015214015911768835,3.849441118306631,46.966807006568985
7179,-0.01999890206579145,0.013090793574585454,3.8294422162408392,46.03685246270076
7180,0.003995404735120419,0.012785935057723425,3.8334376209759595,46.2211562599784
7181,-0.01008933553383326,0.009633353574196524,3.823348285442126,45.75716014796174
7182,0.009258856779642267,0.010240429393634487,3.8326071422217685,46.18278650654814
7183,-0.010795809907169635,0.011125765975813162,3.821811332314599,45.68688755424022
7184,0.01767004279239333,0.01069886938588988,3.8394813751069923,46.501351426524025
7185,-0.006076502390283164,0.012414251877199283,3.8334048727167094,46.21964262235499
7186,-0.015814182602467423,0.013288802084021799,3.817590690114242,45.49446590573777
7187,0.00012955968171185882,0.015234708420735786,3.8177202497959537,45.50036053610514
7188,-0.010287576130690068,0.014779866636737207,3.8074326736652635,45.034671625322304
7189,-0.020692833460514173,0.015879044808170418,3.786739840204749,44.112352276455596
7190,0.012764609347148017,0.015261779885390554,3.7995044495518973,44.67903828902838
7191,-0.012007190280469196,0.015933074527770187,3.7874972592714284,44.14577646960854
7192,-0.007327124093224228,0.014790623908143074,3.7801701351782038,43.82349701982791
7193,0.028807384612805294,0.015886810680149376,3.8089775197910094,45.104297029728
7194,-0.005947048608246933,0.016613325669115196,3.8030304711827623,44.83685561462401
7195,-0.0035114419897640794,0.017680372910537763,3.7995190291929983,44.679689698120015
7196,0.015329262298113766,0.01701558156453312,3.814848291491112,45.36987286505555
7197,0.034122139213927094,0.017540449777570466,3.848970430705039,46.94470551468179
7198,-0.02368392817402999,0.016526744281426625,3.825286502531009,45.845933460884225
7199,-0.0025049611394413846,0.017271906407482215,3.822781541391568,45.73123489686229
7200,0.004851209800894771,0.016446349355648624,3.8276327511924624,45.95362570789234
7201,0.006446319605492997,0.010684898707741195,3.8340790707979555,46.25081432349667
7202,-0.016681721714584003,0.010418100503188558,3.8173973490833717,45.4856708090546
7203,-0.023773242166024236,0.010208915954817911,3.7936241069173473,44.4170811888972
7204,0.0014111785962786106,0.009195025461326672,3.795035285513626,44.47980587063501
7205,0.0014600102465868005,0.011079737008370578,3.796495295760213,44.54479427329497
7206,-0.007747395003871935,0.011799146414137169,3.788747900756341,44.201021547737625
7207,0.011097000576627224,0.011475086286985573,3.799844901332968,44.69425193680019
7208,0.007323298282607098,0.012373668593464891,3.807168199615575,45.02276269821167
7209,-0.0005915885178975781,0.013880153778002665,3.8065766110976775,44.996135625667144
7210,0.0018581451690382618,0.013447964661486627,3.808434756266716,45.079822704997575
7211,-0.024955920183023818,0.012527397961171928,3.783478836083692,43.96873600778425
7212,-0.0033309122258619412,0.014361136395253856,3.78014792385783,43.82252365290563
7213,0.002226318948068356,0.012660672824083247,3.7823742428058984,43.92019525138905
7214,-0.00289885585796835,0.012295822030663824,3.7794753869479303,43.793061296635614
7215,0.005936972076654002,0.011904891933407557,3.7854123590245843,44.05383280933505
7216,0.014987995856331836,0.011613330138797152,3.800400354880916,44.719084413616585
7217,0.015221625304484124,0.011079860825377418,3.8156219801854,45.40498860532647
7218,0.008267707370357036,0.009931815959854942,3.823889687555757,45.78193987847356
7219,0.015536927057335356,0.009947087047708632,3.8394266146130924,46.4988050592737
7220,0.023386629997142146,0.012163514595335115,3.8628132446102343,47.59907101761347
7221,-0.010453761851795883,0.015242499693165672,3.8523594827584384,47.10407346590639
7222,0.028071899804600016,0.014505898558130097,3.8804313825630388,48.44510893965701
7223,0.005638146378178396,0.01254359034765472,3.886069528941217,48.71902100772431
7224,0.002624152960427265,0.01241492969874571,3.8886936819016444,48.84703506169958
7225,-0.008892950051711214,0.013727295303481386,3.879800731849933,48.41456662893503
7226,-0.007597858574388566,0.011966578618289266,3.8722028732755445,48.04811349117105
7227,0.022613263608166363,0.012161720612436502,3.894816136883711,49.1470162083533
7228,-0.018587045846799904,0.012076517175720025,3.876229091036911,48.241955622570245
7229,-0.014266624568143371,0.01056946436056017,3.8619624664687677,47.55859199021506
7230,-0.020412836535487856,0.012941568534484787,3.84154962993328,46.597627598549686
7231,0.016154699039730817,0.011728563033703064,3.8577043289730106,47.35651151497953
7232,-0.004278847356291104,0.011655874763424301,3.8534254816167195,47.15431312739482
7233,0.010514237495116322,0.011946542490038325,3.863939719111836,47.652720369054784
7234,0.009285826625232535,0.012735109220851037,3.8732255457370686,48.09727610800908
7235,0.006209628276902467,0.01164211281185696,3.8794351740139708,48.39687153921551
7236,-0.014421272932800617,0.009763441968261788,3.8650139010811704,47.70393556436
7237,-0.00010860076796699137,0.013803122234849828,3.864905300313203,47.69875516162559
7238,0.008074441155050115,0.012415910420531029,3.8729797414682534,48.08545504511673
7239,-0.010307581813405882,0.012244615314737915,3.8626721596548474,47.592355978509126
7240,-0.028077520915137544,0.012804805972303896,3.83459463873971,46.27466590866991
7241,-0.004895702766995044,0.013291702669273323,3.829698935972715,46.04867254828107
7242,0.021500484256730595,0.013268156238147543,3.8511994202294453,47.049461478100476
7243,-0.011800421023088519,0.012279727294825838,3.839398999206357,46.49752099358935
7244,-0.003051160709919545,0.013671912281144092,3.8363478384964376,46.35586580070038
7245,0.00593282151900116,0.013484022689605631,3.8422806600154384,46.63170432011817
7246,-0.012219798412080278,0.013522969583577842,3.830060861603358,46.0653417594588
7247,-0.02292155153380023,0.012898466284252747,3.807139310069558,45.021462029824825
7248,0.019951050555197036,0.012213069333212815,3.827090360624755,45.92870765302627
7249,0.012485118853661971,0.011510744217247177,3.839575479478417,46.50572761287632
7250,-0.000003590441900263528,0.011314663795541911,3.8395718890365167,46.505560637063056
7251,0.009969949641469605,0.008455651351777563,3.8495418386779865,46.971537759049646
7252,0.0039579477923346665,0.008060739364743488,3.853499786470321,47.15781705190613
7253,0.009644290391703962,0.008904406355956523,3.8631440768620253,47.61482093060732
7254,-0.008093196803057003,0.010046804196624154,3.8550508800589682,47.23101999722298
7255,-0.01808343032500471,0.01159955939331413,3.8369674497339634,46.3845973163415
7256,-0.007902783018383111,0.011306683459885235,3.8290646667155803,46.019474551626516
7257,0.01213573742202835,0.0122596568413337,3.8412004041376084,46.581357346136464
7258,-0.004599526910910557,0.011606894047578916,3.836600877226698,46.36759711429847
7259,-0.000759643144787292,0.013501616709067035,3.8358412340819106,46.33238766201301
7260,0.022875206394187397,0.013202851496651883,3.858716440476098,47.40446584850264
7261,-0.005340429965701704,0.014581309872961634,3.8533760105103965,47.15198040905806
7262,0.0030857020059083377,0.01214734126849268,3.856461712516305,47.297702080791495
7263,-0.01917679611397288,0.01416682013613947,3.837284916402332,46.39932521760032
7264,-0.020648789422154354,0.015323208375817084,3.8166361269801774,45.45105928625554
7265,0.0015909904716605412,0.01314402411060354,3.8182271174518383,45.523429043038114
7266,0.0030360774543930474,0.012814663883287218,3.8212631949062312,45.66185172426418
7267,-0.0014524477486941875,0.015463996802209784,3.819810747157537,45.59557841143895
7268,0.01825956898063142,0.015617991291430064,3.838070316138168,46.435781549892056
7269,0.02020279340225625,0.01293536961000352,3.858273109540425,47.38345464010641
7270,-0.018507697019531952,0.012637850293013309,3.839765412520893,46.51456142610435
7271,0.001286612541945815,0.011086261720384943,3.8410520250628384,46.574446160182276
7272,-0.014545269465499064,0.011143025524780218,3.8265067555973395,45.90191124835607
7273,0.0011550593638173798,0.01258260357676633,3.827661814961157,45.95496131284937
7274,0.018442991637383863,0.012774146641110094,3.846104806598541,46.810372201203684
7275,-0.0035355744164152466,0.015553297826025155,3.8425692321821256,46.64516287385875
7276,-0.00021137968178581857,0.015955480326165884,3.8423578525003395,46.63530407618508
7277,0.022790014764511198,0.01904464179011933,3.865147867264851,47.71032670664301
7278,0.0015414369786774832,0.01755695473964835,3.866689304243528,47.78392587816289
7279,-0.018724992075783455,0.017681114494565008,3.8479643121677447,46.897497328733444
7280,0.015168662514362692,0.019001065189218375,3.8631329746821077,47.61429230523306
7281,-0.004869932700302342,0.0200706919373371,3.858263041981805,47.3829776068005
7282,-0.02542094389750929,0.019977668669490287,3.8328420980842957,46.19363869782875
7283,0.00659111364091319,0.021554032467944247,3.839433211725209,46.49911181811582
7284,0.013480478128924644,0.022777415151148627,3.852913689854134,47.13018611289611
7285,-0.003618003629575533,0.022669860397795005,3.849295686224558,46.95997702269914
7286,-0.02444102623275757,0.020332385101716775,3.8248546599918005,45.82613951080854
7287,-0.016503095660755526,0.015227093989463028,3.808351564331045,45.07607258327915
7288,-0.0022481328362210784,0.015885014829501384,3.806103431494824,44.97484940858089
7289,-0.007083385569755146,0.01927720780260077,3.7990200459250687,44.65740084188999
7290,0.011041524535111468,0.021973398605513526,3.81006157046018,45.15321888519969
7291,0.010660057661224576,0.021348059910314035,3.820721628121405,45.637129477014874
7292,0.023532434132798916,0.023243796775276056,3.844254062254204,46.72381828888362
7293,0.009053154956772096,0.025435591587401694,3.853307217210976,47.14873678032275
7294,-0.009398491457974181,0.028772306988471705,3.8439087257530016,46.70768563471042
7295,-0.040216862542800755,0.028869518507557375,3.803691863210201,44.86652016232924
7296,-0.0006107153582981543,0.02689998297488139,3.803081147851903,44.83912785469559
7297,-0.03659054268380743,0.022537883067231812,3.7664906051680953,43.22809387952431
7298,0.030492217638730303,0.016208860545315402,3.7969828228068256,44.56651635991112
7299,-0.015998612746539617,0.018696662811870112,3.7809842100602857,43.85918715324628
7300,0.014507164672349762,0.018821423590229865,3.7954913747326358,44.50009725754592
7301,0.007374672385154963,0.013004885985191719,3.802866047117791,44.82948396261842
7302,0.0000348652133472624,0.01353471270440131,3.802900912331138,44.83104697938831
7303,-0.007967921439178714,0.014661339007709459,3.7949329908919593,44.4752560584363
7304,0.007062399302109965,0.01441553886944048,3.8019953901940693,44.79046984843835
7305,0.011515349332549834,0.011491663558054855,3.813510739526619,45.309228868765516
7306,0.0001303774495393647,0.012331381227986236,3.8136411169761586,45.31513655557223
7307,-0.0067326721398886956,0.01424383396075569,3.80690844483627,45.011069339191984
7308,-0.017492899202057578,0.014794291280758197,3.7894155456342125,44.23054198685909
7309,-0.024978158437463267,0.01282234719063301,3.764437387196749,43.13942823639878
7310,0.004465014516816338,0.014110894525327511,3.7689024017135653,43.33247707192393
7311,-0.006475882448418532,0.014009150015407843,3.762426519265147,43.05276770421475
7312,0.018007179857165653,0.015903376143394488,3.7804336991223124,43.83504883580131
7313,-0.009740739129034106,0.011704426687749372,3.770692959993278,43.41013590310863
7314,0.001750353960278152,0.011426222946806145,3.7724433139535565,43.486185543881454
7315,0.012301810381408936,0.012207850007697515,3.7847451243349655,44.024448368123416
7316,0.01591470694290139,0.012467182469128708,3.8006598312778666,44.73068946606865
7317,-0.007468042249507498,0.01745406739082869,3.7931917890283593,44.39788304027316
7318,-0.022423527503728023,0.018015102481969875,3.770768261524631,43.41340487589616
7319,-0.015037261593087646,0.016052937209976397,3.7557309999315436,42.7654699428392
7320,-0.015955451257280463,0.01580382939236485,3.739775548674263,42.088542275628825
7321,0.010466902038593831,0.01606087105477638,3.750242450712857,42.531392516550675
7322,0.005387250834711927,0.016517540016158284,3.755629701547569,42.76113808925265
7323,0.00597751792153702,0.01649384033858799,3.7616072194691057,43.017509026101855
7324,0.012258808642898768,0.01712430355729902,3.7738660281120047,43.5480979871633
7325,-0.00003156739132790507,0.01125647939461514,3.7738344607206766,43.54672330901016
7326,0.013327456148471601,0.012655405922741362,3.7871619168691484,44.130975000795466
7327,0.0072088033570387134,0.01448730397120283,3.794370720226187,44.45025595567278
7328,0.017993884713001406,0.013796760282997143,3.8123646049391886,45.257328142719345
7329,-0.00706894493835442,0.013119037651991494,3.805295660000834,44.93853467625953
7330,0.006325308702002714,0.012323352900816972,3.8116209687028366,45.22368566398542
7331,0.014560956137050813,0.011388414085889418,3.8261819248398874,45.88700331716514
7332,-0.006933115426588506,0.01148969220315299,3.819248809413299,45.569963732560666
7333,0.0029091362760264175,0.01299033031308428,3.8221579456893258,45.70272598526361
7334,-0.002043686014684338,0.011589697676432524,3.820114259674641,45.60941934055278
7335,0.01654856711972545,0.012900679443796543,3.8366628267943668,46.37046965586897
7336,0.007681970887857609,0.012564369937146887,3.8443447976822243,46.7280579868773
7337,0.004423221836286777,0.012675928021766368,3.848768019518511,46.93520434274153
7338,0.005849547541972645,0.016646558866959864,3.8546175670604836,47.21055861573793
7339,-0.007732780907271823,0.012521078293421762,3.846884786153212,46.84689757713866
7340,0.010875926331264028,0.012052851102913592,3.8577607124844757,47.35918171666645
7341,-0.0036891156349972607,0.012946875454867075,3.8540715968494785,47.184790092152056
7342,-0.002413424447253054,0.011382122731387343,3.8516581724022254,47.07105047240209
7343,0.002079160504502314,0.012528748123251422,3.8537373329067277,47.16902055391883
7344,0.01671641202290362,0.013013472890390915,3.8704537449296312,47.96414463146055
7345,-0.013355072407612712,0.013325520319673925,3.8570986725220187,47.3278384221823
7346,0.016366619229949815,0.014552917589174352,3.8734652917519687,48.10880862066527
7347,-0.006325274517431323,0.01260955462842071,3.8671400172345374,47.80546756851277
7348,-0.009141399856541076,0.014649928835977329,3.857998617377996,47.37045003809122
7349,0.008776544551514357,0.012978359438080232,3.8667751619295103,47.78802867159158
7350,0.007890704827070346,0.013753897019359229,3.874665866756581,48.166601539221844
7351,0.0048257212903347465,0.014119720013579997,3.879491588046916,48.39960187893497
7352,-0.019502552071315068,0.013385757187834501,3.859989035975601,47.4648309604359
7353,0.0018728526701931889,0.017459542346620442,3.8618618886457936,47.553808891109846
7354,-0.005891997795880055,0.01699861352944406,3.855969890849914,47.27444576558628
7355,0.0009621372717611808,0.01415919325548733,3.8569320281216752,47.319952160047855
7356,-0.005979423358253652,0.013883297619748798,3.8509526047634215,47.03785037629829
7357,-0.013523320393066321,0.013784063354800475,3.837429284370355,46.406024277452815
7358,-0.0014677894339084057,0.013605012319562036,3.8359614949364467,46.33795996960446
7359,0.004213400710851065,0.014235882310483422,3.840174895647298,46.533612254370624
7360,0.021055495857573655,0.012083531741146144,3.861230391504871,47.52378827671887
7361,-0.0003224331048829148,0.012064876659483978,3.8609079583999883,47.50846750420387
7362,0.016891102053963648,0.01282262710016366,3.877799060453952,48.317753502123416
7363,0.009673868381919458,0.009803112908011384,3.8874729288358716,48.78744127594317
7364,0.00005259806012317047,0.00992082119263843,3.8875255268959945,48.79000746820042
7365,-0.009776831369844599,0.009097083039226803,3.87774869552615,48.31532004323773
7366,-0.015716049655175413,0.008582358961221125,3.8620326458709746,47.56192974089003
7367,0.006319687089168479,0.0075937193688311805,3.8683523329601432,47.86345803288954
7368,0.015475430177799619,0.007525998707679489,3.8838277631379428,48.609926700092196
7369,-0.0014320100208634976,0.007708490162404906,3.882395753117079,48.54036661520049
7370,0.0008001655732808744,0.00677584613134614,3.88319591869036,48.579222488973485
7371,0.00022279693936195564,0.007869368177482936,3.8834187156297224,48.59004699684947
7372,-0.008932585839565495,0.01005268872042667,3.8744861297901565,48.15794499835172
7373,-0.016775438039530962,0.011379809850299209,3.8577106917506256,47.35681283488954
7374,-0.008514646774680052,0.012926700805875461,3.8491960449759457,46.95529810506425
7375,0.002785490457625372,0.010519182958072863,3.851981535433571,47.08627397119718
7376,-0.017950524331086567,0.009559806754200054,3.8340310111024847,46.2485915768577
7377,-0.001655471481903715,0.010828939977872877,3.832375539620581,46.17209169158443
7378,0.024933147186728934,0.012331603766122285,3.8573086868073094,47.33777898813679
7379,-0.0005403486942196847,0.013239520565182262,3.85676833811309,47.31220699059325
7380,-0.029629277721907262,0.012493260060345767,3.8271390603911826,45.93094442482598
7381,-0.009624542977155974,0.013380756549787001,3.817514517414027,45.49100060140736
7382,-0.014522459559223285,0.011377054570313436,3.8029920578548033,44.83513331486448
7383,0.02802509603225793,0.011543744193842563,3.8310171538870614,46.10941476030614
7384,-0.0009877821416714786,0.011768779701180905,3.8300293717453897,46.06389119122875
7385,0.009163340823485019,0.012498100654239671,3.8391927125688747,46.48793016559617
7386,0.005689581448854988,0.013850806164676972,3.84488229401773,46.75318089794202
7387,0.027368411956895895,0.012173824474388188,3.8722507059746256,48.050411817092225
7388,-0.018901994025805162,0.013066559920930991,3.8533487119488203,47.15069324538637
7389,-0.004456779876084007,0.014248380595255834,3.8488919320727364,46.94102056413871
7390,0.009164990073871664,0.01457801337492303,3.8580569221466083,47.37321204173796
7391,0.008354296152667025,0.01644768877464139,3.866411218299275,47.770639687452
7392,-0.0056919199115344965,0.019293035452216337,3.8607192983877407,47.49950540156444
7393,0.00424736208742318,0.024318152611916877,3.864966660475164,47.701682054764035
7394,-0.011898869692338374,0.019507124812159566,3.8530677907828252,47.13744947797679
7395,0.013527457610327328,0.017747246147874558,3.866595248393153,47.779431731733844
7396,0.010609398018644954,0.016841447300569648,3.8772046464117977,48.289041285274244
7397,0.03891542685173876,0.013814638315742086,3.9161200732635364,50.20527361458851
7398,0.004251752687470298,0.014326681886121618,3.9203718259510065,50.4191884558532
7399,-0.011227111820638864,0.012418557747214823,3.9091447141303677,49.85629235056236
7400,0.007951164529817764,0.013878343807606362,3.9170958786601857,50.254288101933234
7401,-0.007638078803241105,0.009895782323857582,3.909457799856945,49.87190408785592
7402,-0.005337507681386322,0.009853242631684694,3.9041202921755582,49.60642155450921
7403,-0.00753513012877212,0.010540677875468207,3.896585162046786,49.234035463648546
7404,-0.014773574850985438,0.011060420433931932,3.8818115871958008,48.51201926780081
7405,-0.01944189248739341,0.01094481088043392,3.8623696947084074,47.577963135882044
7406,0.008153212274799825,0.011787168862575238,3.870522906983207,47.96746204491951
7407,0.002442843003863804,0.011568985359519687,3.872965749987071,48.08478226308394
7408,0.005817714288089942,0.010340708548144466,3.878783464275161,48.365341102167896
7409,-0.011865716021309753,0.011351600686839571,3.8669177482538513,47.79484307675631
7410,0.005534774781019089,0.011224254471035207,3.8724525230348705,48.060110188564195
7411,0.013208661172187008,0.010762923458601756,3.8856611842070574,48.69913091332643
7412,0.005112014102557387,0.011208840311727319,3.8907731983096148,48.948718962617896
7413,-0.0003291996160994718,0.011153916529352867,3.8904439986935153,48.93260771518057
7414,-0.0022621988211933954,0.010478709350439439,3.8881817998723216,48.82203754070251
7415,-0.011674496262690888,0.009918318323008674,3.876507303609631,48.25537900834781
7416,-0.0019588569616106077,0.010772602617778168,3.8745484466480202,48.16094614367519
7417,-0.002700581522731113,0.010709842977404372,3.8718478651252894,48.03105904668982
7418,-0.00021346894531842802,0.011095771274311961,3.871634396179971,48.02080700145816
7419,0.009713182822632673,0.01394156898318072,3.8813475790026035,48.48951451499063
7420,0.014603641419682255,0.013601086851890733,3.895951220422286,49.2028338502717
7421,-0.004495979312303902,0.013360869319400137,3.891455241109982,48.98211547160317
7422,0.0024240199095862023,0.014661358554115789,3.893879261019568,49.10099311740093
7423,-0.021335598808758204,0.011410916789091534,3.87254366221081,48.06449054701044
7424,0.013796116819775803,0.0111476537574559,3.8863397790305854,48.73218910676541
7425,0.004577084852653731,0.013471269101612624,3.8909168638832394,48.95575171357586
7426,0.0046747258113573565,0.012922259181739629,3.8955915896945967,49.185142180754426
7427,-0.01082370365759794,0.012705653376857078,3.8847678860369985,48.655647493519346
7428,0.006048019474601027,0.012961953116936025,3.8908159055116,48.95080947008508
7429,0.005746442801430665,0.01843252833535076,3.8965623483130303,49.23291226428399
7430,0.01959801684540597,0.01681162470210244,3.9161603651584365,50.20729652094952
7431,0.010587616343280074,0.018258146009674014,3.926747981501716,50.74169613110205
7432,-0.012275050811966783,0.0195528076203439,3.9144729306897497,50.122646439039784
7433,-0.014340146959183018,0.019655771416741154,3.9001327837305664,49.40900938256091
7434,-0.020486250778856196,0.017718093226019558,3.8796465329517105,48.40710173165718
7435,-0.00086695236728209,0.01975161680363938,3.8787795805844283,48.36515326650563
7436,-0.050379516059184566,0.02502029151472413,3.8284000645252436,45.98890006910077
7437,0.015192937542859362,0.01697429234879058,3.843593002068103,46.69294123978857
7438,0.024057684030681866,0.01675806199895243,3.8676506860987847,47.829886566821195
7439,0.008624683583320492,0.017111345278092185,3.876275369682105,48.244188246578986
7440,0.01728152128176575,0.017623992571924908,3.893556890963871,49.08516697858859
7441,-0.007851872212479665,0.016697325392414274,3.8857050187513913,48.701265664327046
7442,-0.017131892374023037,0.018974808820173744,3.8685731263773686,47.87402713610012
7443,-0.0012647634817426678,0.018511067000523983,3.867308362895626,47.813516089001986
7444,0.017351041023720943,0.02149954458826082,3.884659403919347,48.650369512132016
7445,0.029707192239841425,0.024498373421577038,3.914366596159188,50.11731695431933
7446,-0.0250525254619426,0.024927582401170094,3.8893140706972456,48.87734861707299
7447,-0.002832811793629591,0.023863467423147555,3.8864812589036157,48.739084218440986
7448,0.016841446398870925,0.020382725952575852,3.903322705302487,49.56687189809729
7449,-0.003596882142762803,0.015192502791170093,3.899725823159724,49.3889059548265
7450,-0.008634146223055878,0.01574313468730979,3.8910916769366684,48.96431056609359
7451,-0.01344615115827052,0.017354292890382157,3.877645525778398,48.310335620981526
7452,-0.03471040480334552,0.016726315063803624,3.842935120975052,46.66223293888083
7453,-0.022256341293986362,0.016535454025213097,3.820678779681066,45.63517403908927
7454,0.004615635958592402,0.015192476795186162,3.825294415639658,45.84629624617221
7455,-0.011756933107744507,0.015271550624001722,3.8135374825319137,45.31044058991551
7456,-0.02690868013506608,0.015146695669300169,3.7866288023968475,44.10745440948667
7457,-0.027190394492363445,0.017308458972041977,3.7594384079044842,42.924313253610165
7458,-0.005037587578692883,0.019334633734562824,3.7544008203257913,42.7086220042572
7459,0.01964434009365762,0.018723416065437155,3.774045160419449,43.5558995571763
7460,-0.006025079407356268,0.01822609597975688,3.7680200810120925,43.294260792343835
7461,0.0029799904217136753,0.018388175507847458,3.7710000714338063,43.42346969985532
7462,-0.013381781250354517,0.02058758789313697,3.757618290183452,42.84625700772123
7463,-0.0036933686040293468,0.026866865880697727,3.7539249215794226,42.68830186013531
7464,-0.0004406121751676641,0.0273015494916821,3.753484309404255,42.66949701772399
7465,-0.027466072299907284,0.027297766760612067,3.7260182371043475,41.513481798901466
7466,0.02129091840908295,0.028459443544802007,3.7473091555134306,42.40681818302629
7467,0.0025347213426874337,0.017835705737199548,3.7498438768561178,42.51444399324639
7468,-0.005990771746302361,0.01591923295097009,3.7438531051098156,42.26051104996974
7469,0.00004006038171837207,0.014403552572361668,3.7438931654915337,42.26220405608502
7470,-0.01321090112440014,0.013814791313727806,3.730682264367134,41.707554037082886
7471,-0.013106646144684212,0.014865139047229022,3.7175756182224493,41.16447463388985
7472,-0.005566855650650334,0.013887857082556194,3.712008762571799,40.935954604826094
7473,0.0014199888659664362,0.01098943560058508,3.7134287514377657,40.994124495106604
7474,0.017705624187738696,0.009720165871270212,3.731134375625504,41.72641475507234
7475,-0.002007157701028653,0.010847369344124889,3.7291272179244754,41.642747255382695
7476,0.0004943437432656754,0.012160771143982833,3.729621561667741,41.663338176017845
7477,0.0010742860980403539,0.012018076892361108,3.7306958477657814,41.70812057126371
7478,0.006433301656994383,0.012799380252201373,3.737129149422776,41.97730644098852
7479,-0.001156597740866246,0.014438542459346823,3.73597255168191,41.92878364927602
7480,-0.0075845771036656615,0.012804395556936693,3.728387974578244,41.6119745072314
7481,-0.00010167114705750244,0.016514645529868022,3.7282863034311866,41.60774398511659
7482,0.0013544569852065968,0.016136169071742378,3.7296407604163933,41.66413806765394
7483,-0.0011115536241729127,0.01659819951106169,3.72852920679222,41.617851873545945
7484,0.018845719725217223,0.014611425361667983,3.7473749265174376,42.409607413759176
7485,-0.013433466731247836,0.013238928055363646,3.7339414597861897,41.843708863209656
7486,-0.005279291642972557,0.013271398330313976,3.728662168143217,41.623385807248134
7487,-0.023101306062019746,0.015887876456053735,3.7055608620811973,40.67285278178012
7488,0.018519966384962814,0.01632696202983744,3.72408082846616,41.43313108188303
7489,0.01004065365922695,0.016120789750917026,3.7341214821253867,41.851242343636926
7490,0.00884824089086527,0.013722950770248946,3.742969723016252,42.22319535567809
7491,0.016061695164022668,0.013800033793679745,3.7590314181802746,42.90684705372022
7492,0.006323106949244472,0.011862861547772894,3.7653545251295193,43.17901119117249
7493,0.012188667189130552,0.010996259780235513,3.77754319231865,43.70852627415681
7494,0.002763420235852059,0.011362116962430537,3.7803066125545017,43.8294783438698
7495,-0.005073768903163124,0.011503532119545821,3.775232843651339,43.607660900685616
7496,0.00006957812886748285,0.010770627800841781,3.7753024217802063,43.61069514569269
7497,-0.0019388147078778838,0.01059097183041422,3.773363607072328,43.526224001931986
7498,0.002044305863443515,0.010511817995642825,3.775407912935772,43.61529593098543
7499,0.01012135689409808,0.008949659508994843,3.78552926982987,44.05898347948334
7500,-0.012107131902924789,0.010322380937490015,3.773422137926945,43.52877170357991
7501,0.0016185806934523555,0.009424953556715158,3.7750407186203976,43.59928358225784
7502,-0.007309500578957868,0.008567867409573875,3.7677312180414395,43.281756489661085
7503,-0.01294300324445721,0.009266158202404074,3.7547882147969824,42.72517029344476
7504,0.0011829198480618154,0.00853488287180947,3.755971134645044,42.77574064983892
7505,0.003255951108483258,0.01196267470178252,3.7592270857535275,42.915243353774194
7506,0.00825304690978256,0.01423358575086428,3.76748013266331,43.270890437677245
7507,-0.004517796022910548,0.014401760929033043,3.7629623366403995,43.075842306537744
7508,-0.008411651431562245,0.012581915872837203,3.7545506852088373,42.71502300652968
7509,0.007973878089779321,0.011188565686615113,3.7625245632986166,43.05698897814448
7510,0.004074150385858989,0.011522779909491243,3.7665987136844756,43.2327674572418
7511,0.01098383330626893,0.010359292379655681,3.777582546990745,43.71024644272419
7512,-0.006512065228018578,0.010006511763108485,3.771070481762726,43.42652726828066
7513,0.007651351139098317,0.010288554218784891,3.7787218329018244,43.76007328878857
7514,0.001419198801004062,0.011935846866112682,3.7801410317028283,43.82222162232087
7515,-0.0022542947955406256,0.011611964855464734,3.7778867369072877,43.72354468143419
7516,-0.0033191537165285973,0.011656247244929632,3.774567583190759,43.57866009572402
7517,0.017541031194394242,0.013651062612583401,3.7921086143851532,44.34981841504293
7518,-0.01574156914594441,0.012724930596310094,3.7763670452392093,43.65714883826602
7519,0.008985060538259777,0.018527570903793204,3.785352105777469,44.05117850282652
7520,0.01614260899545446,0.016888989621969545,3.8014947147729234,44.76804997409202
7521,-0.001464084169935525,0.019714374644361033,3.800030630602988,44.70255373850643
7522,-0.018293404293851484,0.020984064134367743,3.7817372263091364,43.89222627176942
7523,-0.0061334354244991915,0.020687709264440402,3.775603790884637,43.623840042465744
7524,0.010876885113702075,0.02261995193201919,3.786480675998339,44.10092141498404
7525,0.019741000329031966,0.024309246291438963,3.8062216763273713,44.98016776654602
7526,-0.021854010973300822,0.024607963065765157,3.78436766535407,44.0078340805112
7527,0.005882200361229268,0.020879446762585855,3.7902498657152996,44.26745981473716
7528,-0.010259100729104641,0.02084292143999492,3.779990764986195,43.81563709569209
7529,-0.000625857224624122,0.017062282528840157,3.779364907761571,43.78822334210694
7530,0.038860480151551836,0.016696363955685502,3.8182253879131225,45.52335030857319
7531,0.00453824532632972,0.01849605502520217,3.822763633239452,45.73041594228431
7532,0.0050054161354610854,0.018920805912940153,3.8277690493749135,45.959889530417485
7533,0.0070442893910724015,0.015136273417918449,3.834813338765986,46.284787286052456
7534,-0.0024415060883515942,0.013716514996123301,3.832371832677634,46.171920534592026
7535,0.0029459198963349216,0.014174047284582474,3.8353177525739692,46.30813986104461
7536,-0.003728099427982702,0.012544947014955656,3.8315896531459863,46.13581992383295
7537,-0.0002442591598811125,0.012705226158522043,3.8313453939861053,46.124552203395915
7538,0.014516600622623489,0.013427924114655458,3.845861994608729,46.79900746138906
7539,-0.005586305143672893,0.01332415587451668,3.840275689465056,46.5383027911884
7540,-0.006502202888026724,0.016009103726400083,3.833773486577029,46.23668296370467
7541,0.014213336131835895,0.020714381036161033,3.847986822708865,46.89855302865765
7542,-0.008263760527440185,0.01886575987723829,3.839723062181425,46.512591560350295
7543,-0.01954914353814183,0.016914988154878043,3.8201739186432833,45.612140432638974
7544,0.02044687227016599,0.017843013332796313,3.840620790913449,46.554365998446016
7545,0.009840731312642728,0.018560442262101615,3.850461522226092,47.014756580329035
7546,-0.041225585761941054,0.021667867969935202,3.809235936464151,45.11595423825446
7547,-0.0022079999426838663,0.016956378849250397,3.807027936521467,45.01644810907259
7548,0.0021812465912934885,0.0198083937999476,3.8092091831127606,45.11474725142296
7549,0.004158343529282592,0.02279939828871373,3.8133675266420433,45.3027404680237
7550,-0.010275330093136067,0.021667177072170134,3.803092196548907,44.83962327137003
7551,0.024763229639684733,0.01884921436869851,3.8278554261885915,45.96385957068936
7552,-0.001533349977543139,0.021398681096897184,3.8263220762110484,45.89343489428516
7553,0.008992302033059537,0.013305060230417363,3.835314378244108,46.307983602369085
7554,0.00845312803122826,0.012590259029179334,3.843767506275336,46.701090065464506
7555,0.0016812575093822035,0.011267099804252294,3.8454487637847183,46.77967266411515
7556,0.0036116340851179885,0.011732061121820472,3.8490603978698363,46.94892918673224
7557,-0.026632999547604185,0.012675416947869415,3.8224273983222323,45.71504236437722
7558,0.015268592176657663,0.013089204530915444,3.83769599049889,46.41840269915565
7559,-0.0018786453469009784,0.011818225515545957,3.835817345151989,46.33128084407144
7560,-0.017138777411891418,0.012356919454972285,3.8186785677400974,45.54398524790531
7561,0.0167481217130259,0.017205454054275662,3.8354266894531235,46.31318480006548
7562,0.00347018987369759,0.01718950630757045,3.838896879326821,46.474179524547566
7563,0.020634254284860945,0.01716402535583448,3.859531133611682,47.44310167746081
7564,0.018280925241407005,0.017307317323317143,3.877812058853089,48.31838155965071
7565,-0.005762251283034182,0.014513837684635328,3.872049807570055,48.04075953561564
7566,0.01400353111796333,0.013684453496449804,3.886053338688018,48.718232240823774
7567,0.004922416384900949,0.012594732696333568,3.890975755072919,48.95863486093108
7568,0.011168223224601708,0.012625667180764855,3.902143978297521,49.50848050815415
7569,-0.016685039440670915,0.014487402089030106,3.88545893885685,48.68928273644762
7570,0.03499118072699142,0.01605600675981999,3.9204501195838413,50.42313611181814
7571,-0.006086059188840357,0.01872363655370235,3.914364060395001,50.11718986878297
7572,-0.005160796799738109,0.019652225150928914,3.909203263595263,49.859211495257505
7573,0.007232360562425644,0.022098576284091516,3.9164356241576885,50.221118433360644
7574,-0.007144403210182503,0.020520291611320234,3.909291220947506,49.863597172359
7575,0.00889160772766793,0.021470606922521927,3.918182828675174,50.30894169862181
7576,0.0009051071363865768,0.025136214666775937,3.919087935811561,50.35449729401455
7577,-0.020519944195570863,0.018662932562417456,3.8985679916159897,49.33175501356733
7578,-0.02319766908824138,0.01651210743263294,3.8753703225277483,48.20054473398967
7579,0.0048892302206859075,0.014492477578234608,3.8802595527484343,48.436785340711126
7580,-0.006346674003876083,0.014741093791730855,3.8739128787445583,48.13034631726972
7581,-0.008916712034336763,0.01398698338925418,3.8649961667102213,47.70308957257256
7582,0.012394490343445207,0.013982915531146948,3.8773906570536667,48.29802439629018
7583,0.0059888191897538206,0.012606986408284624,3.8833794762434204,48.588140390632205
7584,-0.0037532676091686272,0.011599980336890206,3.8796262086342517,48.40611790035221
7585,-0.006682141394145268,0.012903663807366657,3.8729440672401063,48.08373966422052
7586,-0.004079691118469545,0.0132809047627908,3.8688643761216372,47.88797246494877
7587,-0.014366038219871338,0.01277077781463628,3.8544983379017657,47.20493007610126
7588,0.002367865871779254,0.012249900248645381,3.856866203773545,47.31683745755611
7589,-0.020080971418222123,0.013633375356896278,3.836785232355323,46.37614600662036
7590,-0.0029066750046463988,0.013238669026998145,3.8338785573506766,46.24154134298693
7591,-0.004388116109112127,0.012308978174660173,3.8294904412415645,46.03907264347784
7592,-0.008713912793708128,0.0120254342479829,3.820776528447856,45.63963503909892
7593,0.016116301154819938,0.010864022049492784,3.836892829602676,46.38113622073536
7594,0.00027362014975640126,0.01078069876653707,3.8371664497524325,46.39382877056345
7595,0.010333250136271468,0.01060402715721769,3.8474996998887043,46.87571323658847
7596,0.0003982285246904614,0.009041331899918756,3.8478979284133947,46.894384200122865
7597,0.012569437787834118,0.011914603235607099,3.8604673662012288,47.487540254576494
7598,-0.011531168482639166,0.013101136568005184,3.8489361977185896,46.943098484720906
7599,-0.007354331181279926,0.012971604651559963,3.8415818665373096,46.59912977203166
7600,-0.0008341647508302635,0.011840248177821191,3.8407477017864795,46.56027462860504
7601,0.0015880526342647939,0.015545215881010111,3.842335754420744,46.63427353691015
7602,-0.020497330297380392,0.01533197115673479,3.8218384241233636,45.68812531142736
7603,0.0035935932429067173,0.017476257685788994,3.8254320173662704,45.852605209746635
7604,-0.00493929481727894,0.017181974225663893,3.8204927225489915,45.62668407931911
7605,-0.011965316143772966,0.014994337957511124,3.8085274064052186,45.083999550304526
7606,0.03128068200196049,0.01658217930230131,3.839808088407179,46.51654651859591
7607,0.0066037575918142764,0.017842378882704367,3.8464118459989933,46.82474703652678
7608,-0.014868801870520285,0.013656182290458646,3.8315430441284732,46.133669628706095
7609,0.0018887878588894167,0.013217710322911887,3.8334318319873626,46.22088868700636
7610,0.0004970462628110571,0.014901796244557407,3.8339288782501737,46.24386831748867
7611,0.02107136701194632,0.01390108284552258,3.85500024526212,47.22862852466686
7612,0.0154121083239107,0.015365526613139195,3.8704123535860306,47.96215937215616
7613,-0.0046389235554523105,0.014223714798143655,3.865773430030578,47.740181847730085
7614,0.017606869256002168,0.013795768847149075,3.8833802992865807,48.58818038078528
7615,0.00830663069615572,0.013194479145815532,3.891686929982736,48.993465397496905
7616,0.025416036668608005,0.015938188972032242,3.917102966651344,50.254644305145355
7617,0.01022763901332363,0.010979845837338603,3.927330605664668,50.7712680831676
7618,-0.005680670696503026,0.011743124010403849,3.921649934968165,50.48367087425864
7619,-0.012869599196923036,0.012732415536635443,3.908780335771242,49.838129105911186
7620,-0.011366733815506841,0.012454069868163622,3.8974136019557353,49.27483980314319
7621,-0.0030323210392842526,0.010529960249774333,3.894381280916451,49.12564898125189
7622,0.0051497865371464766,0.011193928395432597,3.8995310674535975,49.37928812016694
7623,0.008833861546154894,0.010461381554338048,3.9083649289997524,49.817430309110044
7624,-0.011817777950143334,0.010448394034113857,3.896547151049609,49.23216406443261
7625,0.00098767454434463,0.00948668905012773,3.8975348255939535,49.280813440562454
7626,-0.010901328870296722,0.00969610008059495,3.8866334967236567,48.74650471519899
7627,0.007131691751713317,0.010166245771668731,3.89376518847537,49.0953923616457
7628,0.00806613079120405,0.009116942359016365,3.901831319266574,49.49300365422997
7629,0.004982273116085169,0.00900725633137042,3.906813592382659,49.74020662075725
7630,-0.008022281557697937,0.00992485272193106,3.8987913108249614,49.342772972289275
7631,0.007479447879955237,0.012577409658486912,3.906270758704917,49.71321328857338
7632,0.0027107908116921434,0.01238254076781978,3.908981549516609,49.84815823149579
7633,-0.0061233768653714375,0.010740007157414865,3.9028581726512375,49.543851814884434
7634,-0.013508566225967212,0.010800435017004343,3.88934960642527,48.87908554010124
7635,0.012513608330215855,0.009505873953710036,3.901863214755486,49.494582282954674
7636,0.005448024279899876,0.009202355386611811,3.9073112390353857,49.764965828245394
7637,0.005173598370411689,0.010386406924802917,3.9124848374057972,50.02309693192291
7638,0.013993018505214838,0.009411073944332304,3.9264778559110125,50.72799135155051
7639,0.0077559798861261756,0.00955583398502072,3.9342338357971385,51.12296636126996
7640,-0.004790531353366138,0.009978576073282099,3.9294433044437724,50.87864586777768
7641,-0.0060768953228627215,0.009471798787996984,3.9233664091209097,50.5703992026231
7642,0.009641986158691841,0.008856610447235073,3.9330083952796016,51.0603565770325
7643,0.005240243818454093,0.01049762044241756,3.9382486390980556,51.32862758379911
7644,0.0007082523592788032,0.010078360130053492,3.9389568914573343,51.36499408219284
7645,-0.0066029212727519515,0.012434848797082702,3.9323539701845824,51.02695232980887
7646,-0.004857073952808421,0.011818333885359768,3.927496896231774,50.77971156814631
7647,0.006784242938306289,0.012504426554338572,3.9342811391700803,51.12538470721115
7648,-0.003005397541438545,0.013077141628705942,3.9312757416286415,50.971963263402486
7649,0.014693648176560437,0.01667542024266094,3.945969389805202,51.726456915847
7650,-0.0131675761582598,0.019498090253648744,3.9328018136469423,51.049809534656774
7651,0.010804328531545374,0.01716795441075612,3.9436061421784876,51.604358820145585
7652,0.003661122527931165,0.014958872487240716,3.9472672647064186,51.793634970932736
7653,-0.010880982881492765,0.01469270934779844,3.9363862818249262,51.23312429912052
7654,0.008343836916185732,0.017493637285637884,3.944730118741112,51.66239351869946
7655,-0.009102450557526202,0.016611119293887897,3.9356276681835856,51.19427289060618
7656,0.0008315442316094824,0.016094834959051844,3.936459212415195,51.236860897371464
7657,-0.0009202660943678305,0.013450337701580486,3.9355389463208272,51.189731040836435
7658,0.007954486225772392,0.014945041053821509,3.9434934325465996,51.59854283962382
7659,-0.01535822575945468,0.014670372607191427,3.928135206787145,50.8121351410925
7660,-0.02837108283438982,0.013355693259265857,3.8997641239527554,49.39079762531753
7661,-0.01689989625897866,0.009368845292640334,3.8828642276937764,48.563111870274156
7662,0.0028776954132011937,0.010593032511367935,3.885741923106978,48.703062986316944
7663,-0.003907674102911715,0.012964801654593393,3.881834249004066,48.513118650336956
7664,-0.006251552478642724,0.013394383642840037,3.875582696525423,48.21078236342961
7665,-0.0037613195615142972,0.013976685212374537,3.871821376963909,48.029786809096215
7666,-0.0008771947553682332,0.013338569814364886,3.870944182208541,47.98767380535922
7667,-0.00446330948489077,0.013098423517929747,3.86648087272365,47.773967239749474
7668,-0.00013614837320670138,0.011459313288825778,3.8663447243504434,47.76746333458626
7669,0.02205551153403578,0.01047495484664859,3.888400235884479,48.83270319672757
7670,0.0029288301820882615,0.012000555052927277,3.891329066066567,48.975935540941705
7671,0.005521573428908583,0.012573337235352715,3.896850639495476,49.24710772489064
7672,-0.009570541252987489,0.012774445802589478,3.8872800982424884,48.77803447168126
7673,-0.014728912864406458,0.017582551689980616,3.872551185378082,48.06485214557284
7674,-0.0055674776403417175,0.016829872720194504,3.8669837077377403,47.7979957039099
7675,0.014734833354955465,0.015674511796520973,3.8817185410926958,48.50750562344595
7676,0.007210167514182399,0.017013572455127076,3.888928708606878,48.85851676861159
7677,0.012572210357837382,0.011862035763394457,3.9015009189647154,49.47665385202125
7678,-0.0065732873275490345,0.013951566039625793,3.8949276316371666,49.15249614829512
7679,-0.014665809705297017,0.012945846415025004,3.880261821931869,48.43689525278677
7680,0.001694714422852302,0.013011290370941746,3.8819565363547217,48.519051553840896
7681,-0.015497129516172234,0.008108158423668889,3.8664594068385494,47.77294174026458
7682,0.005560724262904294,0.007588309947293387,3.8720201311014537,48.03933387667807
7683,0.012726273125261126,0.007438852737403706,3.884746404226715,48.65460229335711
7684,0.005597115363923238,0.006772255490268693,3.890343519590638,48.927691257660676
7685,0.0054207348938221985,0.006445250241613885,3.8957642544844604,49.193635456217194
7686,0.004990728353260263,0.00703775047268762,3.9007549828377206,49.43976118996559
7687,0.008846317992833424,0.00819323612810661,3.909601300830554,49.87906126816716
7688,0.00043681618701118857,0.007521328417198157,3.9100381170175655,49.90085400888646
7689,-0.006550149063799817,0.008326197793855896,3.9034879679537653,49.5750641276789
7690,-0.011579527464031398,0.009234520799437184,3.8919084404897344,49.00431916692431
7691,-0.0051900414224089935,0.007276685721236371,3.886718399067325,48.750643583392275
7692,-0.0001404695484628195,0.008481783141099389,3.8865779295188623,48.743796083444714
7693,0.008728540594157449,0.009799546745307868,3.89530647011302,49.17112053261426
7694,-0.005646242317864803,0.00792636465659809,3.889660227795155,48.8942707869194
7695,0.008542175261930327,0.007594640326025119,3.8982024030570854,49.313723184659715
7696,0.013507073896614223,0.007908821245106728,3.9117094769536997,49.98432603352348
7697,-0.0034185609143179566,0.005468120623116954,3.9082909160393817,49.813743310059344
7698,-0.0007930748471356738,0.006257424324738279,3.907497841192246,49.77425294467605
7699,0.014044942953272651,0.008642212233093412,3.921542784145519,50.47826179719297
7700,0.00647364224636972,0.008654350466189977,3.9280164263918884,50.806100014031095
7701,0.008907216996886267,0.008631603838602921,3.9369236433887744,51.260662409213026
7702,0.000792088437456754,0.00921452453127697,3.9377157318262315,51.30128147202503
7703,0.010419492495498665,0.007779973676191231,3.94813522432173,51.838609269531666
7704,0.0034020172306239395,0.007428904423955493,3.9515372415523538,52.01526543475645
7705,-0.0024174205869608285,0.009612204604398798,3.949119820965393,51.88967452544505
7706,-0.011441042043684286,0.008533004726568073,3.937678778921709,51.29938577569487
7707,-0.00339199336784131,0.0071943414970271355,3.9342867855538675,51.125673381569456
7708,-0.0003738134008521831,0.007474624972751661,3.9339129721530153,51.106565491347055
7709,0.002775811804622735,0.0076543277409079685,3.936688783957638,51.24862477283148
7710,0.0031369181339074553,0.007998876087332648,3.9398257020915457,51.40963992686162
7711,0.0008587674923643653,0.00787888584070157,3.9406844695839096,51.45380781668452
7712,0.0029972788872776653,0.007839976719441442,3.9436817484711875,51.60826058190014
7713,-0.009208759947006715,0.008330609723738967,3.9344729885241807,51.13519402017045
7714,0.0014914119400906546,0.009639841158653618,3.9359644004642713,51.211514557624696
7715,0.005096808462385948,0.009796421902449432,3.9410612089266572,51.473196142366454
7716,-0.005905634922602443,0.00954879707048743,3.935155574004055,51.170110076359975
7717,0.0020425253071993644,0.009505292733253772,3.9371980993112543,51.27473313240981
7718,0.0027314866236838827,0.009872161987527682,3.939929585934938,51.414980835256884
7719,-0.011264972835074018,0.008989758006757552,3.928664613099864,50.83904252804074
7720,-0.009438791231337172,0.00924911006933398,3.919225821868527,50.361440955803
7721,0.0000876824352919635,0.010622012141443565,3.919313504303819,50.36585696319113
7722,0.0037639379291557703,0.01112670877141178,3.923077442232975,50.55578814290179
7723,0.00272783933999208,0.008894391190450384,3.9258052815729667,50.693884477336724
7724,-0.013821405235655296,0.010504626587941766,3.9119838763373114,49.99804358373491
7725,0.010273514129050787,0.008221287833723273,3.922257390466362,50.51434677387903
7726,0.001821980997042514,0.008126261500099373,3.924079371463405,50.60646684880846
7727,0.008986581380169695,0.0069886998807622705,3.9330659528435743,51.06329557135252
7728,-0.003045555323735937,0.006604461728030157,3.9300203975198382,50.90801605587856
7729,0.01567702456668972,0.004767499331710132,3.9456974220865284,51.712390902202046
7730,0.001015055482278381,0.004389350925326877,3.9467124775688065,51.76490849771641
7731,0.0036765695967539602,0.004400259920786931,3.9503890471655607,51.9555760730094
7732,-0.0008538419287520797,0.00437747490266559,3.9495352052368085,51.91123315734011
7733,0.004728320008956942,0.005264551201845855,3.9542635252457656,52.15726728543085
7734,-0.004654267315313303,0.005779802757583459,3.9496092579304523,51.91507746632474
7735,-0.0031248435782236347,0.006130806046624096,3.946484414352229,51.753104172295956
7736,0.0033880634660648852,0.006377699139935956,3.9498724778182934,51.928744345811026
7737,-0.006125958616711957,0.005348571330343379,3.9437465192015817,51.61160339488946
7738,-0.0018678715994785433,0.0050577568243571885,3.941878647602103,51.515289525677865
7739,-0.009002332743022005,0.005131665190390762,3.9328763148590813,51.053612949024306
7740,-0.0024269694404924894,0.005334866123942953,3.9304493454185887,50.9298576265083
7741,-0.006556084504675004,0.005438516879388283,3.9238932609139137,50.59704932783261
7742,0.007056891644696793,0.0064289421072878765,3.9309501525586104,50.95537005071682
7743,-0.003273943071993958,0.004907317344330761,3.9276762094866164,50.788817859922574
7744,0.0035366978234470286,0.005291008211877591,3.9312129073100635,50.968760575444655
7745,-0.004279212429082377,0.006201854904867066,3.926933694880981,50.751120418041204
7746,0.0069579310399886015,0.006382592621271248,3.9338916259209697,51.105474570384594
7747,-0.003952550803831669,0.005661492210714844,3.929939075117138,50.90387626202747
7748,0.004958557830165747,0.006037244675896488,3.9348976329473038,51.156912906211986
7749,0.006449928105114083,0.0059429382726100275,3.941347561052418,51.48793771204069
7750,0.0068899985364862335,0.005912648693259615,3.948237559588904,51.84391445891055
7751,-0.009703162933365312,0.006914765533668971,3.938534396655539,51.34329722292673
7752,0.0020781101980192483,0.006000910974309694,3.940612506853558,51.45010519341408
7753,0.0013430792421698665,0.008202285875815967,3.941955586095728,51.51925318692973
7754,-0.004125323107470624,0.0067240816193605045,3.9378302629882573,51.30715740388767
7755,-0.00976192225618042,0.006948628472279465,3.928068340732077,50.80873764765579
7756,0.004194659053717443,0.008340922008378517,3.9322629997857943,51.02231059873975
7757,0.007698724322995789,0.00786743583083307,3.93996172410879,51.416633245402146
7758,0.009074425269043273,0.00899799050483483,3.949036149377833,51.88533301563259
7759,0.006573661419251138,0.007192027944286956,3.9556098107970845,52.22753314911903
7760,0.004390627547392361,0.0071303459150961635,3.960000438344477,52.457348943483204
7761,-0.007777403948813601,0.007464916994431855,3.9522230343956632,52.05094936602825
7762,0.0005956293935923049,0.007148831996097047,3.9528186637892553,52.08196167643998
7763,0.0025186058363031306,0.007640929827438342,3.9553372696255584,52.213300935568824
7764,0.0036354812455190637,0.006744186771270063,3.9589727508710775,52.40346687479201
7765,0.00034463873310346815,0.006713188391094729,3.9593173896041813,52.42153025171687
7766,0.0020773785402387994,0.007106848430804577,3.96139476814442,52.530542804673665
7767,0.003435135373082463,0.007224638786214943,3.9648299035175025,52.71130261989743
7768,-0.005337841204983632,0.007761297063947446,3.9594920623125187,52.43068766213268
7769,-0.004008096652758616,0.007397957738683842,3.9554839656597602,52.220960981584106
7770,0.0014020878151980015,0.006955198915455492,3.956886053474958,52.2942307079665
7771,0.00259915241174301,0.007702033432966245,3.9594852058867014,52.430328176244565
7772,0.007859893878940564,0.007678031079792063,3.967345099765642,52.84404876179888
7773,0.003027030527080055,0.007774331063889909,3.9703721302927217,53.00425165777658
7774,0.010939973105036424,0.008343736040955188,3.9813121033977583,53.587300197967394
7775,-0.009546404450626543,0.0076645498323960875,3.9717656989471317,53.07816821337241
7776,-0.001696108211181757,0.005952247847519013,3.9700695907359504,52.98821820047287
7777,0.005830361672867158,0.005845045171221219,3.9758999524088177,53.29806104720167
7778,-0.001919847018808948,0.005726379477043681,3.9739801053900083,53.19583508409595
7779,-0.006407056505081822,0.007579445662903142,3.9675730488849266,52.85609588918745
7780,-0.009997219389715794,0.008714307651440614,3.957575829495211,52.330314457728385
7781,0.007945204660202449,0.00691426432417294,3.9655210341554135,52.74774560808445
7782,0.01281019371020283,0.0068879334241499415,3.978331227865616,53.42780096775417
7783,0.016986100293388297,0.005647117771629644,3.9953173281590044,54.34308247832269
7784,-0.008287887346047098,0.006130755585174994,3.9870294408129574,53.89455437531222
7785,-0.0007907015639004204,0.006105038816742234,3.986238739249057,53.85195671012155
7786,0.0014881964379400239,0.0064775473550813005,3.987726935686997,53.93215866360228
7787,0.004718572964301491,0.007296305373513378,3.9924455086512984,54.18724283272501
7788,-0.013379025664178786,0.007994158953730688,3.9790664829871196,53.46709847712355
7789,-0.0035975964492655044,0.006902065953918803,3.975468886537854,53.27509102324806
7790,0.0005342313225198421,0.0066615974034560385,3.9760031178603743,53.30355984937503
7791,0.0006281982930115157,0.005163756289215483,3.9766313161533855,53.33705557456097
7792,0.005934254908201235,0.00528224283779127,3.9825655710615866,53.65451226123117
7793,0.0017695739396462317,0.006629616675879456,3.984335145001233,53.7495419441003
7794,0.006293643019635969,0.008581185733024433,3.990628788020869,54.08888911842679
7795,-0.0014585371835612307,0.008641317188994614,3.989170250837308,54.010055966946766
7796,0.013919953769444576,0.00842692348158199,4.003090204606752,54.767130445449816
7797,-0.0027645756880654046,0.008473765406291807,4.000325628918687,54.61593166465144
7798,0.005265092072325565,0.009341478592418408,4.005590720991012,54.90424791324012
7799,-0.004975437948712543,0.009913505635233735,4.0006152830423,54.63175368581927
7800,0.006536511978187365,0.01031091666212665,4.007151795020487,54.990024443102435
7801,-0.0071732712619223,0.009011255790213175,3.999978523758565,54.59697748268326
7802,0.009007868098752831,0.008376842150237991,4.008986391857318,55.09100156583606
7803,-0.000627401261583386,0.00612904194077132,4.008358990595735,55.05644824248452
7804,-0.007103889728532754,0.0067261990308357675,4.001255100867202,54.666719240232815
7805,0.0017813442572981687,0.008010634155100671,4.0030364451245,54.76418627201194
7806,-0.0024487830821855973,0.008340198873705592,4.000587662042315,54.63024472299116
7807,0.006850911101247508,0.00867856360187192,4.0074385731435616,55.00579664055254
7808,-0.002754028101948984,0.00799423627786319,4.004684545041613,54.85451753989844
7809,0.0029430468356839196,0.005567813918408654,4.007627591877297,55.016194749269346
7810,-0.0015836456936979056,0.005295174824863717,4.006043946183599,54.92913754145164
7811,-0.010556086105130277,0.0066894404522047195,3.9954878600784687,54.352350498711516
7812,-0.003327624837048773,0.006684282514043985,3.99216023524142,54.17178685788434
7813,-0.0010223816349260275,0.004877135225012755,3.9911378536064936,54.11643092013857
7814,-0.00042971607270534355,0.00492226005513585,3.9907081375337885,54.09318121571835
7815,-0.006560542320396141,0.005394382630225176,3.9841475952133925,53.73946217417106
7816,-0.0017065350278809039,0.005666538741749866,3.9824410601855114,53.647832106788705
7817,0.007610030733399025,0.009877468933339347,3.9900510909189104,54.057651147846215
7818,-0.00023171619548962978,0.010072668178184458,3.989819374723421,54.04512656571544
7819,-0.0004273271130439463,0.007084288083300905,3.9893920476103766,54.02203655165189
7820,-0.010205798021273447,0.007596139586860448,3.9791862495891035,53.473502433308475
7821,-0.0076399158597386645,0.010363247931094851,3.9715463337293646,53.06652598644011
7822,-0.006738754375576886,0.0103684331845257,3.9648075793537876,52.710125897282836
7823,0.009090100395074156,0.009468880588589699,3.973897679748862,53.19145056398376
7824,-0.004753660977566645,0.01002973841739987,3.969144018771295,52.93919648131361
7825,0.0004981869646128559,0.007064530593328544,3.969642205735908,52.96557666950502
7826,0.0037138088997295694,0.007719197195777893,3.973356014635638,53.162646412697654
7827,0.008679817505583177,0.008783521419665142,3.982035832141221,53.62609690485777
7828,-0.003831184339337884,0.007539954777906098,3.978204647801883,53.42103850130831
7829,-0.004242599757317567,0.006539321036946371,3.9739620480445654,53.19487451719838
7830,0.0009372218263323336,0.005658221308660094,3.974899269870898,53.244753284728645
7831,0.0011600476704123446,0.006560304696573888,3.9760593175413104,53.30655557660998
7832,-0.014338878793292854,0.006706428259250704,3.961720438748017,52.54765324428852
7833,-0.008165910503324865,0.006919062156942386,3.9535545282446924,52.12030104536648
7834,-0.00002506679773783397,0.007269414392672636,3.953529461446955,52.11899457269677
7835,0.000011347841501162656,0.006227647374845602,3.953540809288456,52.119586014142165
7836,0.001224132003643819,0.006374421364132679,3.9547649412920998,52.18342633391596
7837,-0.0046205570472156,0.005438366147965276,3.950144384244884,51.942866024924065
7838,0.007903767609405811,0.005531801622225306,3.95804815185429,52.35503707336685
7839,0.0073683316785765505,0.005876537742512006,3.9654164835328665,52.742231086721524
7840,0.0023029329621885573,0.006971071499158904,3.967719416495055,52.86383287583178
7841,0.00006125385564443938,0.007776656059360066,3.9677806703506993,52.867071088595054
7842,-0.0015863308867478216,0.0076992554889525585,3.9661943394639514,52.78327290423217
7843,-0.00014715700436916665,0.00691759983617875,3.966047182459582,52.77550604739849
7844,-0.001353488723309527,0.0066554304710153105,3.964693693736273,52.70412331385619
7845,0.005686249285101165,0.005761789558219755,3.970379943021374,53.004665767229866
7846,-0.005445598828654079,0.006010988243810777,3.96493434419272,52.71680811142827
7847,0.013530352598265514,0.006940218963151441,3.9784646967909856,53.43493239483556
7848,0.00446959685329417,0.006376652050406556,3.9829342936442798,53.674299539349235
7849,-0.005775636578311788,0.005472770816694508,3.977158657065968,53.36518980363516
7850,0.006212475268912026,0.005486948962978598,3.98337113233488,53.697751672105426
7851,0.0009031836201606331,0.00623402031290662,3.9842743159550404,53.74627251016984
7852,0.005321528481823359,0.0065740224832649165,3.989595844436864,54.03304719319029
7853,-0.005420313846276341,0.0075877086821185095,3.9841755305905875,53.74096342728609
7854,-0.002864859165680439,0.007372396292067186,3.981310671424907,53.58722346246327
7855,-0.010874922914467849,0.007838392610387804,3.970435748510439,53.00762380106222
7856,-0.0042580468431618786,0.008146161507042528,3.9661777016672772,52.78239471417539
7857,-0.0015244985275724373,0.007089286872237643,3.964653203139705,52.70198933566493
7858,0.005930620541164028,0.007616039044209027,3.970583823680869,53.0154734951487
7859,-0.0018087009946512122,0.007445146212316531,3.9687751226862176,52.91967102063892
7860,-0.00008753269991755973,0.007411848924055522,3.9686875899863,52.91503902168438
7861,-0.0056592999937924915,0.006884502523299388,3.9630282899925073,52.61642271829781
7862,0.009818960555696194,0.007568819405943617,3.9728472505482038,53.13560604657677
7863,0.0005221994791583158,0.006593405469406195,3.973369450027362,53.163360678475506
7864,0.010514869934304553,0.008645482672117972,3.9838843199616667,53.72531576602084
7865,0.007765546268770023,0.006888592802617258,3.9916498662304365,54.14414631064184
7866,-0.0018997677620162814,0.006740821003347562,3.98975009846842,54.04138265142959
7867,0.0007644481906307914,0.006223989553279478,3.990514546659051,54.08271028302068
7868,0.0027183070915549378,0.006570946615788047,3.993232853750606,54.229923692892534
7869,-0.003995958589425843,0.006686226694994904,3.9892368951611803,54.013655550553565
7870,-0.004483541243963482,0.006742195536027987,3.984753353917217,53.77202518278912
7871,-0.007022404883980068,0.007510845138337841,3.9777309490332367,53.39573901379155
7872,-0.002338605617752589,0.007440958534796122,3.975392343415484,53.271013337497976
7873,0.008159372954005147,0.006344757395385725,3.9835517163694893,53.70744950436231
7874,-0.017588363980938538,0.0068509511670382444,3.9659633523885507,52.771082058412055
7875,-0.002448142556145291,0.008032340927041146,3.9635152098324054,52.64204893687462
7876,-0.005163739752427387,0.00832636396316906,3.958351470079978,52.37091971894395
7877,0.00009907848461858956,0.00829072659421121,3.9584505485645964,52.376108807367046
7878,0.0004338364487237889,0.008633871898084214,3.95888438501332,52.39883640208302
7879,0.0017988903849809345,0.0074622068188399965,3.960683275398301,52.49318099742198
7880,-0.0010475322195281547,0.007566230058259681,3.959635743178773,52.43822148997479
7881,0.007477006569499799,0.006327380939673636,3.967112749748273,52.83177187247419
7882,0.0017039513410732606,0.005613305672946907,3.968816701089346,52.92187138179748
7883,-0.008214751052200603,0.005942162652319567,3.9606019500371454,52.48891214410453
7884,-0.0016419932279084653,0.006057514407642461,3.9589599568092373,52.402796425885064
7885,0.0002450816184523636,0.005738779848926766,3.9592050384276893,52.41564096196009
7886,0.004769612984366522,0.007022978324071406,3.963974651412056,52.66624043985987
7887,0.0021725531946561274,0.006716673045429685,3.9661472046067123,52.780785030832455
7888,-0.0003623789832208782,0.006746485040714836,3.965784825623491,52.761661848748275
7889,-0.007190184974080374,0.00579415694454394,3.9585946406494106,52.3836563338359
7890,0.006266760136347455,0.005507499146530973,3.9648614007857583,52.71296290808329
7891,0.006854022129489493,0.0046918675461966,3.971715422915248,53.07549972077614
7892,-0.0023290702780827256,0.004670721216033269,3.969386352637165,52.95202699602429
7893,0.0007046928986641219,0.005282697104356649,3.9700910455358294,52.98935506428585
7894,-0.00048619404403588574,0.004819245593384635,3.969604851491793,52.96359821737642
7895,0.0018104883311685475,0.00426330493605192,3.9714153398229617,53.059575050177
7896,0.0042874411528603966,0.004053478252134242,3.9757027809758223,53.287553228084036
7897,0.005017122204825388,0.00451989004037545,3.9807199031806477,53.55557518186366
7898,-0.001248780175001408,0.004337388959818022,3.9794711230056463,53.48873778261113
7899,0.00481913034285662,0.0035606737388680513,3.9842902533485027,53.74712909248779
7900,-0.0012508092222846708,0.0033491904096263265,3.9830394441262182,53.67994371455218
7901,0.00731471274210869,0.004005581367083774,3.9903541568683267,54.07403666403515
7902,-0.0002559343861332388,0.004254621937994106,3.9900982224821937,54.060199029494584
7903,0.0025905767344123,0.004092838551492525,3.992688799216606,54.200427681475865
7904,0.004104087870156863,0.004501329585044218,3.996792887086763,54.423328087838534
7905,0.0009763118374848014,0.005257918979248613,3.9977691989242476,54.47648817347384
7906,-0.0045963574986868675,0.005183135867520085,3.9931728414255607,54.226669326736705
7907,0.0033175881630646206,0.005223500114305552,3.996490429588625,54.406869833271486
7908,-0.003820682814801166,0.006299189425770678,3.992669746773824,54.19939504076589
7909,0.011940813264043563,0.007956125775116606,4.004610560037868,54.85045927833993
7910,-0.002180983890702249,0.007504651544919699,4.002429576147166,54.730961668804696
7911,0.004729365416992585,0.007012193543043866,4.007158941564158,54.99041743311782
7912,-0.0006207369111587793,0.006413858037660179,4.006538204652999,54.95629344336278
7913,-0.0030624405073759187,0.005650369075818861,4.003475764145623,54.78825050626846
7914,-0.00797715181470956,0.005482337036889683,3.9954986123309135,54.352934912046926
7915,0.0013066758298448252,0.005967470059043845,3.9968052881607585,54.42400299974205
7916,0.007160788386154776,0.005758617728789802,4.003966076546913,54.81512045173209
7917,0.0011382197556799223,0.006127387072635072,4.005104296302593,54.87754762592197
7918,0.010726382870900124,0.0058449910118462105,4.015830679173494,55.469353506816674
7919,-0.0024052693927243494,0.006099062021772664,4.013425409780769,55.33609509402853
7920,-0.006898639595010087,0.0065987223506427314,4.006526770185759,54.955665051018414
7921,0.004021940040659509,0.005752471148606595,4.010548710226418,55.1771385187058
7922,0.005152945132544938,0.005310814953687602,4.0157016553589635,55.462197100921024
7923,0.011568031950751931,0.006513768624298949,4.027269687309715,56.10751087796508
7924,0.010664253597287662,0.006872200980495203,4.037933940907003,56.70905742417861
7925,-0.0023561195298881614,0.00725364175414447,4.035577821377115,56.57560138738516
7926,0.0028627348846326137,0.007455169376222985,4.038440556261747,56.737794382100226
7927,-0.006779420092899051,0.007748587102720749,4.031661136168848,56.35444594712131
7928,-0.022582543923531748,0.008150832570105787,4.0090785922453165,55.0960812117247
7929,-0.01355333789953686,0.00995599355161826,3.9955252543457798,54.35438300303682
7930,0.0025942930063169024,0.008713798610319958,3.9981195473520965,54.49557726918223
7931,-0.00010228453249241698,0.00834547290346286,3.9980172628196042,54.490003499598416
7932,-0.012082747289961714,0.00916382000131918,3.9859345155296424,53.83557615935583
7933,0.0024414643232934844,0.006666033407145377,3.988375979852936,53.96717437868296
7934,-0.004904716642633855,0.007845712173218932,3.983471263210302,53.703128744189534
7935,0.015003320851704057,0.008916507828069076,3.998474584062006,54.514928634659796
7936,0.009551826326477542,0.008649791100131896,4.008026410388483,55.03814060206568
7937,-0.0080868286444128,0.016653080661067708,3.999939581744071,54.594851407791886
7938,-0.02019070792756563,0.01740942331730146,3.979748873816505,53.50359638630116
7939,-0.017278805234813205,0.015232811896702532,3.962470068581692,52.58705930098257
7940,0.011977661782760085,0.015180086575901473,3.974447730364452,53.2207166022739
7941,-0.0019004058759057986,0.014124271542674514,3.9725473244885463,53.11967168331255
7942,0.015733537507112007,0.01451806921676525,3.9882808619956585,53.96204138081648
7943,0.0014817768602809198,0.013732597945922312,3.9897626388559395,54.04206035555946
7944,-0.0020132863653885896,0.012031267958677145,3.987749352490551,53.933367663759185
7945,-0.010203436269532077,0.01096557185738901,3.9775459162210187,53.38585996404374
7946,0.007600448128864713,0.010349269028607899,3.9851463643498835,53.793162302953874
7947,0.01970108260083388,0.011535632962662775,4.004847446950717,54.86345417340625
7948,0.006731613007440949,0.011875336731847534,4.011579059958159,55.23401956723113
7949,-0.008252356132734666,0.011449245018310955,4.003326703825424,54.78008436074411
7950,0.001904402392330016,0.010069323680713293,4.005231106217754,54.884507084335475
7951,-0.00047183223680358357,0.010925830548921166,4.00475927398095,54.858616912981034
7952,-0.008903606852368589,0.012683534619021077,3.9958556671285814,54.372345353313975
7953,0.003113802915573006,0.012121994659544008,3.9989694700441545,54.54191398544407
7954,0.01628784319114488,0.012161472543356599,4.015257313235299,55.4375583848932
7955,-0.003517938947684874,0.010626260191445374,4.011739374287615,55.24287508185519
7956,0.0005105821983172499,0.012227608172982936,4.012249956485932,55.271088312429576
7957,0.011477951250758673,0.011978460987378307,4.02372790773669,55.90914193893728
7958,-0.0004306119539787347,0.013440684751617102,4.023297295782712,55.88507197686032
7959,0.012948525148112552,0.014624318063423711,4.036245820930824,56.613406489352585
7960,0.01748450936287024,0.013649977728560522,4.0537303302936945,57.61196836853708
7961,0.006780992890208834,0.0171386076331049,4.060511323183904,58.003962268309046
7962,0.013976140989304895,0.016564913289269814,4.074487464173208,58.82032533710537
7963,-0.007279648908839394,0.017586740485699796,4.067207815264369,58.393688786169946
7964,0.004758206292596531,0.01756133982340059,4.071966021556966,58.672200085238124
7965,0.007971615920652908,0.017205105976267874,4.079937637477618,59.14178150420344
7966,0.0119853627814169,0.016024972915581526,4.091923000259035,59.85488205917273
7967,-0.014014224957077642,0.014525490981907311,4.077908775301958,59.02191262054826
7968,-0.0030652962394676175,0.013453382922241387,4.07484347906249,58.84126997679836
7969,0.003853752909496484,0.0128421946845681,4.0786972319719865,59.068467191951186
7970,-0.006804568852722691,0.0129129936855758,4.071892663119264,58.66789614217052
7971,0.01967405412335909,0.012043087392176424,4.091566717242623,59.833560579711744
7972,-0.0042356620044088095,0.010556551760827435,4.087331055238214,59.58066181552007
7973,0.007613004274985826,0.009731321443748399,4.0949440595132,60.035980621530896
7974,0.0040164246675733015,0.009574310573600166,4.098960484180773,60.27759550422446
7975,0.017374948453365468,0.00889778431683252,4.116335432634139,61.334067110909444
7976,-0.0034620832142640764,0.009396400745457688,4.112873349419875,61.12209061855973
7977,0.0036356980621814953,0.012768772023671694,4.116509047482056,61.34471654006584
7978,0.008719491565663675,0.011512353467842157,4.125228539047719,61.881950076382346
7979,0.0214224667898844,0.012919997683755617,4.1466510058376045,63.221915534968694
7980,0.019493038299286322,0.013537632366841749,4.166144044136891,64.46639267010725
7981,-0.00007130646528576635,0.013237391046487593,4.1660727376716045,64.4617959634056
7982,-0.006457413838610592,0.014739796624060851,4.159615323832994,64.04688055211676
7983,0.00818681008470159,0.015771235949478546,4.167802133917696,64.57337240349065
7984,-0.00631861779975473,0.01951351558410195,4.161483516117941,64.16664427623915
7985,0.019011675628091775,0.015068749574626785,4.180495191746033,65.39822986065639
7986,0.015339377942528347,0.013981312678573296,4.195834569688561,66.40913150472672
7987,0.0005581755153150006,0.014257204703413765,4.196392745203876,66.44620980306246
7988,0.017952616109057504,0.014004611529138815,4.214345361312933,67.649865153128
7989,0.01078805029155443,0.013087022045369285,4.225133411604488,68.3836261092968
7990,-0.005641329427861548,0.012499217309934769,4.219492082176626,67.99893764433394
7991,0.005446398949596759,0.011948304559211326,4.224938481126223,68.37029735548622
7992,0.014027641931029476,0.01217680816195134,4.238966123057253,69.33612974339248
7993,-0.010161237802753732,0.010176306020037282,4.228804885254499,68.63515625124725
7994,-0.0064928731870604285,0.00916073978799557,4.222312012067438,68.1909604993878
7995,0.004309379054617932,0.01276730946249511,4.226621391122056,68.48545528536043
7996,-0.0062764739854124845,0.013162514740781265,4.220344917136644,68.05695425138003
7997,-0.006319342742722772,0.011291069240133882,4.214025574393921,67.62823506987229
7998,-0.006629553987898375,0.011087738271739233,4.207396020406023,67.18137291941423
7999,-0.011614401386956177,0.009053346503238456,4.195781619019066,66.40561518984944
8000,-0.011949169245000765,0.00990397198656647,4.183832449774066,65.6168452132998
8001,0.0008304843592977948,0.010481822430546161,4.184662934133364,65.67136161133052
8002,0.010414055305263018,0.010136794621764863,4.195076989438626,66.35884031049648
8003,0.006651788247125865,0.009399552140902642,4.201728777685752,66.80171659121822
8004,-0.0010542847914178938,0.007478493808171015,4.2006744928943345,66.73132566993444
8005,0.0032965747071082153,0.006829155659084896,4.203971067601443,66.95167346724675
8006,0.004433752152627918,0.007926713410128164,4.208404819754071,67.24917964055389
8007,0.0017904270547029234,0.006461234310290026,4.210195246808773,67.36969224350804
8008,0.003935624334434665,0.0073153275464371646,4.214130871143208,67.63535647810914
8009,-0.0010334347499765422,0.006040361005324413,4.213097436393232,67.56549585481305
8010,-0.007972748970450926,0.005925092197035655,4.205124687422781,67.02895481290564
8011,0.003064787094566067,0.00488243242389407,4.208189474517347,67.23469940922512
8012,-0.010603675310399456,0.005178883656313257,4.197585799206948,66.52553102750046
8013,-0.002612399223245746,0.005650230389265989,4.194973399983701,66.35196659042786
8014,-0.0033595319407466774,0.0050751652434396725,4.191613868042955,66.12942905961233
8015,0.007296608930394715,0.007181515818364751,4.198910476973349,66.6137143136748
8016,0.003526706974636726,0.007678811164739905,4.202437183947986,66.84905611140597
8017,-0.0022882233118578705,0.007572712158942837,4.200148960636128,66.69626541911535
8018,0.01988782058616424,0.008379786200533361,4.2200367812222925,68.03598669014906
8019,0.022468919845051446,0.009300488856736898,4.242505701067344,69.58198523920471
8020,0.007277455870675612,0.010007834762961972,4.24978315693802,70.09021212250435
8021,-0.0043167707878167955,0.010630419482715463,4.245466386150203,69.7883008520091
8022,0.013702369794937554,0.010142014911728205,4.259168755945141,70.75114753339807
8023,-0.0205535027046277,0.012280053150059454,4.238615253240513,69.31180605572945
8024,-0.008570740824370631,0.01156909384824654,4.230044512416143,68.72029101195879
8025,-0.00575365196699365,0.010103398564693217,4.224290860449148,68.32603367180651
8026,-0.017406357593649596,0.009498728181331531,4.206884502855499,67.14701725560927
8027,0.008558402702209518,0.008996689181512666,4.215442905557708,67.72415463382518
8028,0.00365432870187966,0.007448904827923746,4.219097234259588,67.97209370542971
8029,0.00033299253294506487,0.007821058550524325,4.219430226792533,67.99473167401032
8030,0.011330141408037524,0.008526494144435156,4.2307603682005706,68.7695024418291
8031,0.004907768254724167,0.007543288515462705,4.235668136455295,69.10783677696254
8032,0.01165930788257226,0.008516444308031227,4.247327444337867,69.91830187292315
8033,0.006873164928855091,0.008967141310613193,4.254200609266722,70.40051716753146
8034,0.003626848704545857,0.008698157085018646,4.257827457971268,70.65631277761315
8035,0.013387872273837795,0.007515543295353415,4.271215330245106,71.60861086728606
8036,0.006143559732772054,0.00848206482121066,4.277358889977878,72.04989679077948
8037,-0.008067903827159783,0.009839029872361012,4.269290986150718,71.47094376177996
8038,0.01381253339247729,0.010056435767498699,4.283103519543196,72.46498788883251
8039,-0.02185007026990585,0.008249399418128526,4.26125344927329,70.89879582585228
8040,-0.007440334695339072,0.008462165802862813,4.253813114577951,70.37324262575359
8041,-0.011684649802249827,0.010037280130955442,4.242128464775701,69.55574133951481
8042,-0.00039302682640392423,0.00977311691944634,4.241735437949297,69.52840943867491
8043,-0.004800695114273838,0.008659628592417427,4.2369347428350235,69.19542466189071
8044,0.007143853373794814,0.008388453343727871,4.2440785962088174,69.6915165237525
8045,0.010104244209979043,0.012214693500234238,4.254182840418797,70.39926624256182
8046,0.00006208995776122135,0.013405666412540086,4.254244930376558,70.40363746573236
8047,-0.0009426578687431154,0.013283376284393906,4.253302272507815,70.33730219353248
8048,0.0007701591593831233,0.011799989097636953,4.254072431667198,70.39149397653348
8049,-0.012542725255539134,0.013902586102058271,4.241529706411659,69.51410672340184
8050,0.01916286619040022,0.013975850441490946,4.260692572602059,70.85904149493575
8051,0.01804792296935834,0.014989854335370974,4.278740495571418,72.14951012852649
8052,-0.01172523637524781,0.015389957418541156,4.26701525919617,71.30848033990404
8053,0.0038812624525730055,0.013234754310459881,4.2708965216487424,71.58578506529223
8054,0.005765230819225041,0.014357440677995647,4.276661752467968,71.9996856092241
8055,0.001058555925163608,0.014165784156441413,4.277720308393132,72.0759416565604
8056,-0.002679033762014881,0.012474431268240094,4.275041274631117,71.88310619712185
8057,0.013925017240807153,0.015453039351047713,4.288966291871923,72.89108143888933
8058,-0.018180959608610325,0.013499977833241101,4.270785332263314,71.57782592833935
8059,0.015593822286335048,0.012961932043825562,4.286379154549649,72.70274593159634
8060,-0.0031391779082069566,0.013313732677337185,4.2832399766414415,72.47487692550352
8061,-0.020597045569028725,0.016885345289843444,4.2626429310724125,70.99737688466496
8062,0.011008062390075377,0.01643339521249015,4.273650993462488,71.78323790682127
8063,-0.006674272710379006,0.013370387473164984,4.266976720752109,71.3057322749768
8064,0.0018410532048208515,0.01305269172435256,4.26881777395693,71.43713084066461
8065,0.002812186500495086,0.01616754514635599,4.2716299604574255,71.63830811707693
8066,0.009263297150305771,0.014914542340151679,4.2808932576077305,72.30499815918523
8067,-0.01139935583361618,0.016958215552313385,4.269493901774115,71.48544780438678
8068,-0.015497848261578502,0.017145984371747795,4.2539960535125365,70.38611780943317
8069,0.008462091144338928,0.014522977932033974,4.2624581446568754,70.98425874594216
8070,-0.002316727432639993,0.014020751300080491,4.260141417224235,70.81999791367662
8071,0.016195640371264593,0.014368780140984635,4.2763370575955,71.97631147542353
8072,-0.016133608213846552,0.015642174021032546,4.260203449381653,70.82439116719567
8073,0.00022910757936477714,0.010542856172344822,4.2604325569610175,70.84061943095406
8074,-0.0022842314941571417,0.008924354296501697,4.258148325466861,70.6789877293749
8075,-0.009168145092271339,0.009563781751230876,4.2489801803745895,70.03395391487804
8076,-0.005110661076709805,0.01071087709536184,4.2438695192978795,69.67694715987099
8077,0.006661765792569419,0.009154821817564508,4.2505312850904495,70.1426682028916
8078,0.0009078090041586995,0.009904400937320734,4.251439094094608,70.20637326029922
8079,0.011449405464336121,0.01369475118356408,4.262888499558944,71.01481374393816
8080,0.008080368965181115,0.014053433508393649,4.270968868524125,71.59096426051056
8081,-0.006037263831405092,0.021905436587731805,4.26493160469272,71.16005279327385
8082,0.009829227347197166,0.01909612700345978,4.274760832039917,71.86294993902514
8083,-0.009235747213750305,0.01564010289263518,4.265525084826167,71.20229740533077
8084,-0.0019156471369391928,0.013647607058098808,4.263609437689228,71.06602949045516
8085,-0.01721726798284186,0.012220609587222313,4.246392169706386,69.8529396294938
8086,-0.014316271931617504,0.010996136887474224,4.232075897774768,68.8600302890686
8087,-0.003366981427746173,0.012104194354541922,4.228708916347022,68.62856972634317
8088,-0.005331312830276774,0.013850773490993085,4.223377603516745,68.26366293248212
8089,0.024006382556275956,0.021793333324692493,4.247383986073022,69.92225528679549
8090,0.007791019177185095,0.023157085082967495,4.255175005250206,70.46914858035102
8091,0.008458477190248276,0.020424981718333176,4.263633482440454,71.0677382759985
8092,-0.0060896535727685734,0.02240439671619126,4.257543828867686,70.63627543267904
8093,-0.0064680878205426,0.01722826264255995,4.251075741047144,70.18086819457596
8094,0.011875098402135208,0.01754514834471913,4.262950839449279,71.01924093763309
8095,-0.003435650985454038,0.016330322150209187,4.2595151884638245,70.77566227774494
8096,0.011551257502948836,0.017325532075051348,4.271066445966773,71.59795026455245
8097,0.01180466011555631,0.01392487468807546,4.28287110608233,72.44814800718905
8098,0.0023502243350115217,0.011942523528725563,4.285221330417341,72.61861765014719
8099,0.02313815582318684,0.009578739669745658,4.308359486240528,74.31846840952288
8100,-0.000692668511867355,0.00914630765312486,4.307666817728661,74.2670081711063
8101,0.0010681670676584666,0.012649803492672447,4.3087349847963194,74.34638012715615
8102,0.021293398334386912,0.011899663179429162,4.330028383130706,75.94644213639015
8103,-0.006767652475521705,0.00962234137747173,4.323260730655185,75.43419830847404
8104,-0.010628981997404764,0.010076413135406704,4.31263174865778,74.6366556146671
8105,-0.01037128040799634,0.009064813865474476,4.302260468249783,73.86657817775959
8106,-0.00522380797095856,0.00919086857461715,4.297036660278825,73.4817194471134
8107,0.004272136601746471,0.009738358549589758,4.301308796880571,73.7963149092396
8108,-0.002907976875133724,0.010184859178157556,4.298400820005438,73.58202865275898
8109,-0.000684281364993522,0.009613702932055143,4.297716538640444,73.53169506488557
8110,0.0005722835483823353,0.008912083547515649,4.298288822188827,73.57378808767932
8111,-0.005033728724571218,0.00914678460145824,4.293255093464255,73.20436815710775
8112,-0.005305141506765418,0.009298049089219265,4.28794995195749,72.81703695697163
8113,0.008359479675552346,0.011622499871498186,4.296309431633042,73.42830086190703
8114,-0.0072897589836877115,0.012021126730275512,4.289019672649355,72.89497252533802
8115,-0.0004599143747319041,0.013809132519342723,4.288559758274623,72.8614547878634
8116,-0.0023309029448051895,0.011876504200761926,4.286228855329817,72.69181958673433
8117,-0.019776651708213903,0.014198430109139463,4.266452203621603,71.26834100393366
8118,-0.022677186369255177,0.01590686525270313,4.243775017252348,69.67036285695796
8119,-0.032072367237807854,0.015239108442167559,4.211702650014541,67.4713221129188
8120,-0.015548409947732916,0.015482560855597573,4.196154240066807,66.43036393042182
8121,-0.006509793237424239,0.015814754039093985,4.189644446829383,65.99932052049287
8122,-0.0030292907042937956,0.014810356317946931,4.1866151561250895,65.79969191155449
8123,0.0013847053293966384,0.016100567992167695,4.187999861454486,65.8908682071998
8124,0.011201004765786369,0.01803587899608557,4.199200866220273,66.6330610289122
8125,-0.011234368722948094,0.02496126294831212,4.1879664974973245,65.88866986376853
8126,0.02558104850424391,0.024455670301123132,4.2135475460015686,67.59591457905579
8127,-0.020857957545629437,0.017092310077505012,4.192689588455939,66.20060411171544
8128,0.009597896703192213,0.018834511334161624,4.202287485159131,66.83904963766713
8129,-0.02166050903207195,0.01805421298836245,4.180626976127059,65.40684889381329
8130,0.009795663036346002,0.019757803978840912,4.190422639163405,66.05070067500084
8131,0.00046079593044933597,0.018939241703923596,4.190883435093855,66.08114358252053
8132,-0.024032521106773917,0.016506856832426146,4.166850913987081,64.51197812903142
8133,0.0018517583196283952,0.02165344956736133,4.168702672306709,64.63154939562378
8134,-0.003623160607206115,0.020379952265362804,4.165079511699503,64.39780261863324
8135,0.02424613730577281,0.02030692962528168,4.1893256490052755,65.97828343418522
8136,0.029997639176616266,0.019879168591557674,4.219323288181892,67.98746080064966
8137,0.025294505610828275,0.018352229374445507,4.24461779379272,69.7291041537496
8138,-0.03419871641987888,0.016858949038771824,4.210419077372841,67.38477332746481
8139,-0.005500623138591467,0.01608961142411027,4.2049184542342495,67.01513264317472
8140,0.00996227290623026,0.01708567884381766,4.21488072714048,67.68609227568561
8141,0.00046340649029809095,0.015887330376337293,4.215344133630778,67.71746571891624
8142,0.008105490787392939,0.01624717001035328,4.223449624418171,68.26857952006756
8143,0.024149001833418546,0.016862346423173996,4.247598626251589,69.93726502294469
8144,-0.03327448450847327,0.01800602431368559,4.214324141743116,67.64842966732154
8145,-0.01804567722692771,0.013885910544095246,4.196278464516189,66.43861671839169
8146,-0.028904253075148413,0.013554537240242474,4.16737421144104,64.5457459174645
8147,-0.027603761641174514,0.014224646631207462,4.139770449799865,62.78840670348616
8148,-0.014954028611984364,0.014407221885665086,4.124816421187881,61.85645267388261
8149,-0.0005005189834196626,0.013684590017250994,4.1243159022044615,61.82550009189596
8150,-0.004366059715006356,0.013297723345229339,4.119949842489455,61.55615468351884
8151,0.03064643413575515,0.012940655500564417,4.15059627662521,63.471835788833
8152,-0.026427710904275245,0.012281566359562037,4.124168565720935,61.81639161114239
8153,0.006707651876239693,0.011784459032680071,4.130876217597175,62.232428200741374
8154,0.005381225736819926,0.013436317496729593,4.136257443333995,62.568217614052585
8155,0.0067427584002173755,0.012252595725125399,4.143000201734212,62.99152551661508
8156,-0.01575190583719562,0.013575568755598786,4.127248295897017,62.00706287508079
8157,-0.004916179668819535,0.01662632586396014,4.122332116228197,61.70297310567938
8158,-0.009471710546308451,0.016842039175625784,4.1128604056818885,61.12129947535377
8159,0.021071708561363853,0.018835917832904937,4.133932114243253,62.42289494447615
8160,-0.006594214363625836,0.01729175177113431,4.127337899879627,62.012619203795204
8161,-0.020367449893072542,0.015831529220128447,4.106970449986554,60.762355848126234
8162,-0.03817325814715679,0.02052908889106341,4.068797191839397,58.486572141017504
8163,-0.004037873451108276,0.017508567960070064,4.064759318388289,58.25088691790145
8164,-0.0020562622350857383,0.016476545674760458,4.062703056153203,58.13123088322551
8165,-0.001058211485675155,0.014785668669278287,4.061644844667528,58.069748283562454
8166,-0.007684961375916843,0.012633270541456985,4.053959883291611,57.62519488662733
8167,0.019779324173108605,0.013106066239138035,4.07373920746472,58.776329096370326
8168,0.008812716168426396,0.013374549469368963,4.082551923633146,59.29659732305509
8169,0.03316337967380555,0.014109968343196177,4.115715303306952,61.29604384802706
8170,0.010604614940816028,0.015100332259509804,4.126319918247767,61.9495236170252
8171,-0.03945430329415946,0.015183254393189044,4.0868656149536084,59.552937027944694
8172,0.0069745630015809,0.01594852341426803,4.093840177955189,59.969744574806974
8173,0.001205238216152313,0.014550565705148084,4.095045416171342,60.04206597628537
8174,-0.001702132830615218,0.015021592400223207,4.093343283340726,59.93995333386356
8175,-0.00035909388750639574,0.014993743074200082,4.09298418945322,59.91843312712256
8176,-0.02804355638320551,0.013144512170786977,4.064940633070014,58.26144961648043
8177,-0.009731472364912013,0.016652670643421012,4.055209160705102,57.6972297274283
8178,0.009498199562891522,0.017547630098264332,4.0647073602679935,58.2478603899387
8179,0.00965951606007472,0.01986984167021799,4.074366876328068,58.81323274847115
8180,0.0011323811410112181,0.01960587194311202,4.07549925746908,58.879869466037945
8181,-0.008735576962528267,0.01751639614979077,4.0667636805065515,58.367759877733796
8182,0.030665896721855164,0.016238785857709964,4.097429577228406,60.18538671374328
8183,-0.006115086498120357,0.017759221560464288,4.091314490730286,59.81847087249815
8184,-0.008052418290506444,0.01798772975456552,4.08326207243978,59.33872168639439
8185,-0.00202372131140434,0.01628415364301125,4.081238351128375,59.21875807812351
8186,0.02976187428780008,0.01486013632704581,4.111000225416175,61.00770852283371
8187,0.006254198898811682,0.015149222856497332,4.117254424314988,61.390458515984314
8188,0.020709131055829735,0.015388399712870168,4.137963555370817,62.675057117411896
8189,-0.005341013553632156,0.012124121432787367,4.1326225418171845,62.3412011461496
8190,-0.015551849456044228,0.01274114974114319,4.117070692361141,61.37918016322225
8191,0.007944770284605916,0.012869085799777458,4.125015462645747,61.86876589778159
8192,0.008258174659627403,0.011998074517475829,4.133273637305374,62.381804437819774
